coin,source_dataset,source_row_number,tweet_id,tweet_url,text,is_tweet_related_to_coin,signal,impact_strength,confidence,reason,ticker,username,influencer_name,created_at_utc
BTC,data/BTC influencer tweets.csv,1,9.382254013015818e+17,https://x.com/jack/status/938225401301581824,Turning on Bitcoin for a lot more cash app folks right now  https://t.co/LrozU7fXps,True,BUY,4,0.7,The tweet is directly related to BTC as it mentions 'Bitcoin' and has a link that may contain market relevant information.,BTC,jack,Jack Dorsey,2017-12-06T01:55:41Z
BTC,data/BTC influencer tweets.csv,2,9.587432385123288e+17,https://x.com/jack/status/958743238512328704,"Instant buying (and selling, if you don’t want to hodl) of Bitcoin is now available to most Cash App customers. We support Bitcoin because we see it as a long-term path towards greater financial access for all. This is a small step.  We also made this!  https://t.co/z3u0liDNk4",True,BUY,4,0.8,"The tweet directly mentions Bitcoin and is from a major financial institution, Cash App, which may increase adoption and demand for BTC.",BTC,jack,Jack Dorsey,2018-01-31T16:46:15Z
BTC,data/BTC influencer tweets.csv,3,9.715146227118162e+17,https://x.com/jack/status/971514622711816192,"Really excited this is out!   Direct deposit your paycheck right into the Cash App!   Today with one download: store your money, send or receive it digitally, direct deposit your paycheck, create a personalized Visa card to use at any store or ATM, and buy/sell Bitcoin. 🏦📲  https://t.co/t3c0resYqn",True,NEUTRAL,2,0.5,"The tweet mentions BTC and Cash App, but it does not contain clear bullish or bearish information for the short-term market direction of BTC.",BTC,jack,Jack Dorsey,2018-03-07T22:35:10Z
BTC,data/BTC influencer tweets.csv,4,1.0087422851593544e+18,https://x.com/jack/status/1008742285159354370,Buy and sell bitcoin right in Cash App...now in New York!  https://t.co/sIvlVoSXun,True,BUY,4,0.8,"The tweet directly promotes BTC trading services in New York, which may increase demand and access for users.",BTC,jack,Jack Dorsey,2018-06-18T16:04:36Z
BTC,data/BTC influencer tweets.csv,5,1.0929201680600884e+18,https://x.com/jack/status/1092920168060088320,@edsilva90 Bitcoin is resilient. Bitcoin is principled. Bitcoin is native to internet ideals. And it’s a great brand.,True,BUY,4,0.8,"The tweet is directly related to BTC and describes it as resilient, principled, native to internet ideals, and a great brand, which are all clear bullish factors.",BTC,jack,Jack Dorsey,2019-02-05T22:57:28Z
BTC,data/BTC influencer tweets.csv,6,1.0929630531576054e+18,https://x.com/jack/status/1092963053157605376,@ltc_angel Every 29.5 days,False,NEUTRAL,0,1.0,"The tweet mentions 'Every 29.5 days', but it does not clearly refer to the BTC coin or its ecosystem.",BTC,jack,Jack Dorsey,2019-02-06T01:47:52Z
BTC,data/BTC influencer tweets.csv,7,1.0930116766585242e+18,https://x.com/jack/status/1093011676658524160,@_Kevin_Pham It’s just getting started! Exciting. And all for more experiments to test resiliency! Makes BTC stronger.,True,BUY,4,0.8,"The tweet is directly related to BTC and mentions that it's 'getting started' and becoming stronger, which are clear bullish factors.",BTC,jack,Jack Dorsey,2019-02-06T05:01:05Z
BTC,data/BTC influencer tweets.csv,8,1.0930178005520794e+18,https://x.com/jack/status/1093017800552079360,@SuchayVora @Bitcoin Currency,False,NEUTRAL,0,1.0,"The tweet mentions 'Bitcoin Currency', but it's unclear and lacks enough context to determine a short-term BTC price direction.",BTC,jack,Jack Dorsey,2019-02-06T05:25:25Z
BTC,data/BTC influencer tweets.csv,9,1.0930288331779604e+18,https://x.com/jack/status/1093028833177960450,@AlexSaundersAU @Bitcoin Aren’t the bitcoin cash folks behind it?,False,NEUTRAL,0,0.9,"The tweet mentions BTC, but it lacks enough visible context to determine a short-term BTC price direction.",BTC,jack,Jack Dorsey,2019-02-06T06:09:15Z
BTC,data/BTC influencer tweets.csv,10,1.1031114840982692e+18,https://x.com/jack/status/1103111484098269185,@arjunblj @sassal0x @mdudas @CashApp Both. I’m excited about helping bitcoin to be a fast and efficient currency and excited by Elizabeth and the Lightning Labs team.,True,BUY,4,0.8,The tweet is directly related to BTC and the mention of helping Bitcoin to be a fast and efficient currency indicates bullish sentiment from a key player in the ecosystem.,BTC,jack,Jack Dorsey,2019-03-06T01:54:07Z
BTC,data/BTC influencer tweets.csv,11,1.103797027022893e+18,https://x.com/jack/status/1103797027022893057,Just bought a ⁦@Trezor⁩ hardware wallet with bitcoin through @CashApp⁩  https://t.co/TBYn1q5XzI,True,BUY,4,0.8,"The tweet is directly related to BTC as it mentions buying Bitcoin, which is a clear bullish factor.",BTC,jack,Jack Dorsey,2019-03-07T23:18:13Z
BTC,data/BTC influencer tweets.csv,12,1.104301421145387e+18,https://x.com/jack/status/1104301421145387008,@BJTortorich @binarydreaming @MaximusBitcoin @btcprodreview @luvarado @Stan_Cherry @jdaxiom @StackinSats @PsychedelicBart @MrBobbyMercer @tmsbtc @ockeghem7 @mdotbit @BTC_Spot @btcale @cryptofun69 @CypherPony @decentralistdan @RyanHurley2 @BitcoinBingBong @duck1123 @MF_HODL @matt_odell @patrick_ulrich @________jeremy @MartyBent @lindybtc @awayslice @AdamPaulMoore @zimbtc @seth586 @JustinFilson @100MSatoshi @girevik_ @TheOmz1 @TR401 @RedMane11 @UncleZachh @DarthBitMex @figsOS @FiatPoor @figgy_san @natefriedman @CashApp #stackingsats  https://t.co/zBaAdqlPu1,False,NEUTRAL,0,1.0,"The tweet mentions many usernames and a link, but it does not provide any market-relevant information for BTC.",BTC,jack,Jack Dorsey,2019-03-09T08:42:30Z
BTC,data/BTC influencer tweets.csv,13,1.1055847138323702e+18,https://x.com/jack/status/1105584713832370176,This is cool. Buy 24k gold or platinum jewelry from @mene and current value versus price purchased is tracked in real-time. I bought with bitcoin via @CashApp withdrawal. h/t @WahWhoWah  https://t.co/wCOQ2tkeFY,True,NEUTRAL,2,0.6,"The tweet mentions Bitcoin (BTC) and its use in purchasing jewelry, but it does not provide clear short-term price direction or market-relevant information.",BTC,jack,Jack Dorsey,2019-03-12T21:41:51Z
BTC,data/BTC influencer tweets.csv,14,1.108487911802966e+18,https://x.com/jack/status/1108487911802966017,"#BitcoinTwitter and #CryptoTwitter! Square is hiring 3-4 crypto engineers and 1 designer to work full-time on open source contributions to the bitcoin/crypto ecosystem. Work from anywhere, report directly to me, and we can even pay you in bitcoin! Introducing @SqCrypto. Why?",True,BUY,4,0.8,"The tweet is directly related to BTC and mentions Square hiring crypto engineers and designers, which may indicate increased development and interest in the Bitcoin ecosystem.",BTC,jack,Jack Dorsey,2019-03-20T21:58:07Z
BTC,data/BTC influencer tweets.csv,15,1.1084879145208628e+18,https://x.com/jack/status/1108487914520862720,"Last week I was considering my hack week project, and asked @brockm: “what is the most impactful thing we could do for the bitcoin community?” His answer was simple: “pay people to make the broader crypto ecosystem better.” This resonated with me immediately, so we’re doing it.",True,BUY,4,0.8,The tweet is directly related to BTC and the discussion about paying people to improve the broader crypto ecosystem may create a positive short-term market reaction.,BTC,jack,Jack Dorsey,2019-03-20T21:58:08Z
BTC,data/BTC influencer tweets.csv,16,1.1084879270786744e+18,https://x.com/jack/status/1108487927078674432,"Are you currently contributing to bitcoin-core or other crypto ecosystem projects for free in your off-time? We’d like to pay you to do it full-time. If interested, DM @SqCrypto, and follow for updates on our progress. Thank you!",True,BUY,3,0.6,"The tweet is directly related to BTC and offers a potential incentive for developers to work on the project, which may be seen as bullish.",BTC,jack,Jack Dorsey,2019-03-20T21:58:11Z
BTC,data/BTC influencer tweets.csv,17,1.110088030419714e+18,https://x.com/jack/status/1110088030419714049,Bought these Minecraft Legos with bitcoin and @cashapp here in Tokyo for Biz’s son Jake  https://t.co/0qDqvq5Czh,True,NEUTRAL,1,0.4,"The tweet mentions using Bitcoin to buy Minecraft Legos, but it's a personal transaction and doesn't provide clear information about the short-term price direction.",BTC,jack,Jack Dorsey,2019-03-25T07:56:25Z
BTC,data/BTC influencer tweets.csv,18,1.1439367304138998e+18,https://x.com/jack/status/1143936730413899776,Now your can withdrawal AND deposit bitcoin through @cashapp,True,BUY,3,0.7,"The tweet is directly related to BTC and allows for easier buying and selling, which may increase demand.",BTC,jack,Jack Dorsey,2019-06-26T17:39:04Z
BTC,data/BTC influencer tweets.csv,19,1.1932037977970196e+18,https://x.com/jack/status/1193203797797019648,Bitcoin meetup Nigeria  https://t.co/YYqzk7denp,False,NEUTRAL,0,0.8,"The tweet is unrelated to the Coin's market direction, it only mentions a Bitcoin meetup in Nigeria and provides a link.",BTC,jack,Jack Dorsey,2019-11-09T16:28:48Z
BTC,data/BTC influencer tweets.csv,20,1.1939374605536338e+18,https://x.com/jack/status/1193937460553633792,Mini bitcoin Ghana meetup with @atsudavoh @sy_boahen  https://t.co/vJ5a0P2q8e,True,NEUTRAL,1,0.4,"The tweet mentions a meetup for Bitcoin in Ghana, but it lacks enough visible context to determine a short-term BTC price direction.",BTC,jack,Jack Dorsey,2019-11-11T17:04:07Z
BTC,data/BTC influencer tweets.csv,21,1.1941875095022387e+18,https://x.com/jack/status/1194187509502238720,Bitcoin Africa list. Thanks to @atsudavoh for this!  https://t.co/2DkLHFzyac,True,NEUTRAL,2,0.4,"The tweet mentions Bitcoin Africa and provides a link, but the visible text does not contain any market-relevant information for BTC within a short-term reaction window.",BTC,jack,Jack Dorsey,2019-11-12T09:37:43Z
BTC,data/BTC influencer tweets.csv,22,1.1997622101862482e+18,https://x.com/jack/status/1199762210186248194,Bitcoin and blockchain meetup in #Ethiopia!  https://t.co/MDalQKnp1F,True,NEUTRAL,1,0.5,"The tweet mentions a Bitcoin and blockchain meetup in Ethiopia, but it lacks clear short-term market direction.",BTC,jack,Jack Dorsey,2019-11-27T18:49:36Z
BTC,data/BTC influencer tweets.csv,23,1.19977479291793e+18,https://x.com/jack/status/1199774792917929984,"Sad to be leaving the continent…for now. Africa will define the future (especially the bitcoin one!). Not sure where yet, but I’ll be living here for 3-6 months mid 2020. Grateful I was able to experience a small part. 🌍  https://t.co/9VqgbhCXWd",True,NEUTRAL,2,0.6,"The tweet mentions Bitcoin and Africa, but it does not provide clear market-relevant information for a short-term price direction.",BTC,jack,Jack Dorsey,2019-11-27T19:39:36Z
BTC,data/BTC influencer tweets.csv,24,1.20476608935313e+18,https://x.com/jack/status/1204766089353129984,"Square is doing exactly this for bitcoin with @SqCrypto. For social media, we’d like this team to either find an existing decentralized standard they can help move forward, or failing that, create one from scratch. That’s the only direction we at Twitter, Inc. will provide.",True,NEUTRAL,2,0.5,"The tweet mentions Bitcoin and a direction from Twitter, Inc., but it does not clearly provide a short-term price direction for BTC.",BTC,jack,Jack Dorsey,2019-12-11T14:13:13Z
BTC,data/BTC influencer tweets.csv,25,1.223841364711854e+18,https://x.com/jack/status/1223841364711854080,#bitcoin cc:@unicode,False,NEUTRAL,0,1.0,"The tweet mentions Bitcoin with a cc:@unicode reference, but it is too vague and lacks context to determine a short-term BTC price direction.",BTC,jack,Jack Dorsey,2020-02-02T05:31:33Z
BTC,data/BTC influencer tweets.csv,26,1.2306809054647296e+18,https://x.com/jack/status/1230680905464729600,"Talked #bitcoin Africa with #NiiQuaynor, @PindarWong, and @moneyball! 🌍  https://t.co/MmfpEu4Ayz",True,NEUTRAL,2,0.5,The tweet mentions Bitcoin but it is not clear if the conversation was about the Coin or just a mention.,BTC,jack,Jack Dorsey,2020-02-21T02:29:27Z
BTC,data/BTC influencer tweets.csv,27,1.231424810783109e+18,https://x.com/jack/status/1231424810783109120,Excellent interview with @bitcoinzay on his book #Bitcoin And Black America.  https://t.co/4gGL8MAP5G,True,NEUTRAL,1,0.5,"The tweet mentions Bitcoinzay's book, which is about the relationship between #Bitcoin and Black America. However, it doesn't provide clear short-term market direction or relevant information.",BTC,jack,Jack Dorsey,2020-02-23T03:45:28Z
BTC,data/BTC influencer tweets.csv,28,1.25991732951885e+18,https://x.com/jack/status/1259917329518850052,"Lots more topics to follow now including COVID-19, #bitcoin, local news, and astrology.  https://t.co/cd1A7BmMrk",False,NEUTRAL,0,0.9,"The tweet mentions #bitcoin, but it is unrelated to BTC market direction and seems to be part of a larger announcement.",BTC,jack,Jack Dorsey,2020-05-11T18:44:34Z
BTC,data/BTC influencer tweets.csv,29,1.2624664430077665e+18,https://x.com/jack/status/1262466443007766528,"You can now do automatic recurring purchases of #bitcoin in @CashApp. Daily, weekly, or every 2 weeks. And change the display to sats. #stackingsats  https://t.co/kOlxQtkuwd",True,BUY,4,0.8,"The tweet is directly related to BTC and mentions automatic recurring purchases in @CashApp, which increases demand and utility for the coin.",BTC,jack,Jack Dorsey,2020-05-18T19:33:50Z
BTC,data/BTC influencer tweets.csv,30,1.2831698592332145e+18,https://x.com/jack/status/1283169859233214465,#bitcoin @BubbaWallace  https://t.co/tNSio3qnTz,True,BUY,4,0.7,"The tweet mentions Bitcoin and @BubbaWallace, a NASCAR driver who may have a significant following.",BTC,jack,Jack Dorsey,2020-07-14T22:41:49Z
BTC,data/BTC influencer tweets.csv,31,1.2931418567007685e+18,https://x.com/michael_saylor/status/1293141856700768257,MicroStrategy Adopts #Bitcoin as Primary Treasury Reserve Asset.   https://t.co/JH69p2mEKY,True,BUY,4,0.8,The tweet is directly related to BTC and the announcement that MicroStrategy has adopted Bitcoin as its primary treasury reserve asset may be bullish for the short-term price.,BTC,michael_saylor,Saylor,2020-08-11T11:06:58Z
BTC,data/BTC influencer tweets.csv,32,1.3040990792118108e+18,https://x.com/jack/status/1304099079211810817,"Square is putting all of our crypto patents into a new non-profit org we’re calling the Crypto Open Patent Alliance, which will maintain a shared patent library to help the crypto community defend against patent aggressors and trolls. Join us! #bitcoin   https://t.co/I9VopgtMz9",True,NEUTRAL,3,0.5,"The tweet mentions Bitcoin and a new non-profit org, but the context is more about patent law and community defense rather than short-term price direction.",BTC,jack,Jack Dorsey,2020-09-10T16:47:04Z
BTC,data/BTC influencer tweets.csv,33,1.30663604694861e+18,https://x.com/michael_saylor/status/1306636046948610049,"We acquired 21,454 BTC via 78,388 off-chain transactions, then secured it in cold storage with 18 on-chain transactions.  #Bitcoin scales just fine as a store of value.",True,BUY,5,0.9,"The tweet is directly related to BTC and describes a significant increase in BTC holdings, which may boost investor confidence and demand.",BTC,michael_saylor,Saylor,2020-09-17T16:48:04Z
BTC,data/BTC influencer tweets.csv,34,1.3066921960416625e+18,https://x.com/michael_saylor/status/1306692196041662466,"For clarity, I was referring to the 21,454 BTC that MicroStrategy acquired, as publicly disclosed on 8/11/20.",True,NEUTRAL,3,0.6,"The tweet is related to BTC, but it does not provide clear bullish or bearish information for the short-term market reaction window.",BTC,michael_saylor,Saylor,2020-09-17T20:31:11Z
BTC,data/BTC influencer tweets.csv,35,1.3066977527143834e+18,https://x.com/michael_saylor/status/1306697752714383363,"If #Bitcoin is treated as a treasury reserve asset, based on our model, 99.98% of all transactions will be off-chain, and assets-at-risk will be in cold storage 99.92% of the time.",True,BUY,4,0.8,"The tweet is directly related to BTC and describes a potential increase in off-chain transactions, which may create short-term bullish sentiment.",BTC,michael_saylor,Saylor,2020-09-17T20:53:16Z
BTC,data/BTC influencer tweets.csv,36,1.306940165160657e+18,https://x.com/michael_saylor/status/1306940165160656897,"To acquire 16,796 BTC (disclosed  9/14/20), we traded continuously 74 hours, executing 88,617 trades ~0.19 BTC each 3 seconds. ~$39,414 in BTC per minute, but at all times we were ready to purchase $30-50 million in a few seconds if we got lucky with a 1-2% downward spike.",True,NEUTRAL,2,0.6,"The tweet mentions Bitcoin's trading history and strategy, but it lacks clear bullish or bearish information for the short-term market reaction.",BTC,michael_saylor,Saylor,2020-09-18T12:56:31Z
BTC,data/BTC influencer tweets.csv,37,1.307029562321232e+18,https://x.com/michael_saylor/status/1307029562321231873,"#Bitcoin is a swarm of cyber hornets serving the goddess of wisdom, feeding on the fire of truth, exponentially growing ever smarter, faster, and stronger behind a wall of encrypted energy.",True,BUY,5,0.9,"The tweet is directly related to BTC and describes it in a highly positive light, comparing it to a 'swarm of cyber hornets' that is 'exponentially growing ever smarter, faster, and stronger'. This language is typical of Michael Saylor's enthusiastic descriptions of Bitcoin.",BTC,michael_saylor,Saylor,2020-09-18T18:51:45Z
BTC,data/BTC influencer tweets.csv,38,1.3070381473904353e+18,https://x.com/michael_saylor/status/1307038147390435329,"@RaoulGMI This session is focused upon investment strategy, technology philosophy, macroeconomics, #Bitcoin vs Gold, &amp; adopting the #Bitcoin Standard.  I get a bit intense. 🔥",True,BUY,5,0.8,"The tweet is directly related to BTC and comes from a highly influential source, Michael Saylor, who is known for his Bitcoin advocacy.",BTC,michael_saylor,Saylor,2020-09-18T19:25:52Z
BTC,data/BTC influencer tweets.csv,39,1.308586866241831e+18,https://x.com/michael_saylor/status/1308586866241830912,@BitcoinTina The headline is a misrepresentation of what I said.  I merely indicated that #Bitcoin is to be preferred as a treasury asset because it is so liquid.   I never suggested an intent to trade it for other assets on short notice.,True,NEUTRAL,2,0.5,"The tweet mentions BTC as a treasury asset and clarifies that it did not suggest trading it for other assets on short notice, but it does not provide clear bullish or bearish information within a short-term market reaction window.",BTC,michael_saylor,Saylor,2020-09-23T01:59:55Z
BTC,data/BTC influencer tweets.csv,40,1.3087591642195436e+18,https://x.com/michael_saylor/status/1308759164219543552,"There is no truth to the stories currently circulating that speculate ""he would not hesitate to dump MicroStrategy’s 38,250 Bitcoin (BTC) at a moment’s notice if an alternative asset’s yields were to jump.""   This is creative journalism.",True,NEUTRAL,2,0.6,"The tweet is related to BTC, but it only denies speculation and does not provide clear short-term market direction.",BTC,michael_saylor,Saylor,2020-09-23T13:24:34Z
BTC,data/BTC influencer tweets.csv,41,1.3087662686741873e+18,https://x.com/michael_saylor/status/1308766268674187264,"#Bitcoin is 19.3 trillion times more secure than it was 10 years ago, 50x more secure than the next best thing.   Gold is still as secure as it was in 1934.   https://t.co/ny1OKca7Ru",True,BUY,5,0.9,The tweet is directly related to BTC and the statement about Bitcoin's security is clear bullish information that may increase investor interest.,BTC,michael_saylor,Saylor,2020-09-23T13:52:48Z
BTC,data/BTC influencer tweets.csv,42,1.308935471448445e+18,https://x.com/michael_saylor/status/1308935471448444928,@Excellion You have me thinking really hard about #Bitcoin mining now...I have a feeling this is going to interfere with my recreational reading for some time...,True,NEUTRAL,1,0.4,"The tweet mentions Bitcoin mining and may impact the Coin's ecosystem, but it lacks clear short-term price direction information.",BTC,michael_saylor,Saylor,2020-09-24T01:05:09Z
BTC,data/BTC influencer tweets.csv,43,1.3091101511070188e+18,https://x.com/michael_saylor/status/1309110151107018756,"No one can buy a pizza with their stock, bonds, real estate, gold, or derivatives.  No one cares.  #Bitcoin does not need to be a medium of exchange.",True,BUY,4,0.8,"The tweet is directly related to BTC and comes from a highly influential account, Michael Saylor, who is known for his pro-Bitcoin stance.",BTC,michael_saylor,Saylor,2020-09-24T12:39:16Z
BTC,data/BTC influencer tweets.csv,44,1.3102142485435105e+18,https://x.com/michael_saylor/status/1310214248543510528,"The success of #Bitcoin will be a function of Adoption (as Hodlers invest their assets in BTC as a SoV), Utility (as technology makes it harder, smarter, faster, &amp; stronger money), Productivity (as Hodlers invest their free cash flows), &amp; Inflation (of competing assets for SoV).",True,BUY,4,0.8,"The tweet is directly related to BTC and the context provided by Michael Saylor, a prominent Bitcoin advocate, suggests that adoption, utility, productivity, and inflation factors will contribute to its success.",BTC,michael_saylor,Saylor,2020-09-27T13:46:34Z
BTC,data/BTC influencer tweets.csv,45,1.3110289096731525e+18,https://x.com/michael_saylor/status/1311028909673152512,"If #Bitcoin is the steel of cyber-architecture, then #Domains are the real estate holdings underneath, anchoring the virtual age in the bedrock of language and providing portals to the digital networks critical to life now &amp; yet to come.   https://t.co/DAHhFxnCKH",True,NEUTRAL,2,0.5,"The tweet mentions Bitcoin as a metaphor, but it lacks enough visible context to determine a short-term BTC price direction.",BTC,michael_saylor,Saylor,2020-09-29T19:43:44Z
BTC,data/BTC influencer tweets.csv,46,1.3113082979794698e+18,https://x.com/michael_saylor/status/1311308297979469824,"#Bitcoin is digital gold - growing harder, smarter, faster, &amp; stronger due to the relentless progression of technology.",True,BUY,4,0.8,"The tweet is directly related to BTC and describes it as 'digital gold' growing stronger due to technological progress, which are clear bullish factors.",BTC,michael_saylor,Saylor,2020-09-30T14:13:55Z
BTC,data/BTC influencer tweets.csv,47,1.311474659485868e+18,https://x.com/jack/status/1311474659485868037,"@Theophite I should stop mindfulness in order to stay “dumb”? I’m a big fan of Bitcoin, and will help it in every way I can, and rely of folks telling me if I’m hurting it. I’m also not a big fan of me having as much money as I do!",True,BUY,4,0.7,"The tweet is directly related to BTC and the author mentions being a fan of Bitcoin, which may create short-term buying interest.",BTC,jack,Jack Dorsey,2020-10-01T01:14:59Z
BTC,data/BTC influencer tweets.csv,48,1.31154064159624e+18,https://x.com/jack/status/1311540641596239872,@udiWertheimer I didn’t. And I don’t. Only Bitcoin.,True,NEUTRAL,2,0.5,"The tweet mentions BTC and states a personal position on it, but the context is limited to a short statement without clear market direction implications.",BTC,jack,Jack Dorsey,2020-10-01T05:37:10Z
BTC,data/BTC influencer tweets.csv,49,1.3116610513233388e+18,https://x.com/michael_saylor/status/1311661051323338752,#Bitcoin is the most efficient system in the history of mankind for channeling energy through time and space.,True,BUY,4,0.8,"The tweet is directly related to BTC and praises its efficiency, which may create short-term buying interest because it comes from an influential account.",BTC,michael_saylor,Saylor,2020-10-01T13:35:38Z
BTC,data/BTC influencer tweets.csv,50,1.312011788708393e+18,https://x.com/michael_saylor/status/1312011788708392966,"The magic of #Bitcoin isn’t the transfer of money to someone 10,000 miles away – it is the transfer of money to someone 10,000 days away.",True,BUY,4,0.8,"The tweet is directly related to BTC and describes the 'magic' of Bitcoin as a long-term store of value, which may increase demand and price in the short term.",BTC,michael_saylor,Saylor,2020-10-02T12:49:21Z
BTC,data/BTC influencer tweets.csv,51,1.3120974589236795e+18,https://x.com/michael_saylor/status/1312097458923679745,"In this interview I explain why I believe that #Bitcoin is digital gold - the ideal treasury reserve asset.  We discuss inflation, the limitations of physical #gold, &amp; why #Bitcoin has advantages similar to @Apple, @Google, &amp; @Facebook.    https://t.co/7Uyzn8qFR7 via @YouTube",True,BUY,5,0.9,"The tweet is directly related to BTC and describes it as digital gold, which is a clear bullish factor.",BTC,michael_saylor,Saylor,2020-10-02T18:29:46Z
BTC,data/BTC influencer tweets.csv,52,1.312102934147068e+18,https://x.com/michael_saylor/status/1312102934147067906,"In this interview I explain why I believe that #Bitcoin is digital gold – the ideal treasury reserve asset.   We discuss inflation, the limitations of physical #gold, &amp; why #Bitcoin has advantages similar to @Apple, @Google, &amp; @Facebook.",True,BUY,5,0.9,"The tweet is directly related to BTC and compares it favorably to established companies like @Apple, @Google, and @Facebook, implying potential long-term growth.",BTC,michael_saylor,Saylor,2020-10-02T18:51:31Z
BTC,data/BTC influencer tweets.csv,53,1.3127581158305546e+18,https://x.com/michael_saylor/status/1312758115830554624,Positive inflation drains the energy from your life.  Negative interest is an attempt to stop the flow of time.  Channel your energy into #Bitcoin and move forward toward the future you deserve.,True,BUY,4,0.8,"The tweet is directly related to BTC and the mention of positive inflation draining energy and negative interest rates attempts to stop time, followed by an encouragement to channel energy into #Bitcoin, are clear bullish factors.",BTC,michael_saylor,Saylor,2020-10-04T14:14:59Z
BTC,data/BTC influencer tweets.csv,54,1.3130858256814449e+18,https://x.com/michael_saylor/status/1313085825681444872,21st century investors lost trillions clinging to 20th century ideas.  #Gold peaked in the 19th century.  Buy #Bitcoin.,True,BUY,4,0.8,"The tweet is directly related to BTC and Michael Saylor, a well-known influencer in the Bitcoin space, encourages investors to buy BTC, citing outdated ideas about gold.",BTC,michael_saylor,Saylor,2020-10-05T11:57:11Z
BTC,data/BTC influencer tweets.csv,55,1.3134941505543086e+18,https://x.com/michael_saylor/status/1313494150554308615,"Using #Bitcoin as a MoE for small transactions is challenging because accounting costs, transaction fees, &amp; taxes all skyrocket. It’s heroic but often unnecessary. Better to leave your working capital in a fiat account and use your favorite mobile app for routine money transfers.",True,SELL,5,0.8,"The tweet is directly related to BTC and describes a challenging use case for small transactions, which may deter investors and lead to short-term bearish price action.",BTC,michael_saylor,Saylor,2020-10-06T14:59:43Z
BTC,data/BTC influencer tweets.csv,56,1.3134949271086449e+18,https://x.com/michael_saylor/status/1313494927108644866,"The critical transaction you need to do on the blockchain is the one where you move all your #Bitcoin off the exchange into a cold storage wallet.  Subsequently, a swarm of cyber hornets will protect your assets every second ~ 31,536,000 times per year, for all of eternity.",True,BUY,5,0.9,"The tweet is directly related to BTC and describes a critical transaction that may increase security and confidence in holding BTC, which are clear bullish factors.",BTC,michael_saylor,Saylor,2020-10-06T15:02:48Z
BTC,data/BTC influencer tweets.csv,57,1.313848767217578e+18,https://x.com/michael_saylor/status/1313848767217577984,"I considered investing our treasury in fiat, bonds, stocks, swaps, index funds, options, real estate, commodities, precious metals, art, &amp; intangibles before settling on #Bitcoin. It seems like the ideal long duration asset – I don’t understand why anyone would want to trade it.",True,BUY,4,0.8,"The tweet is directly related to BTC and the statement 'It seems like the ideal long duration asset – I don’t understand why anyone would want to trade it.' indicates a positive sentiment towards Bitcoin, implying that Michael Saylor's investment in BTC might have a strong impact on its market direction.",BTC,michael_saylor,Saylor,2020-10-07T14:28:50Z
BTC,data/BTC influencer tweets.csv,58,1.3138663288565064e+18,https://x.com/michael_saylor/status/1313866328856506368,"For 953 million people in 20 countries with weakening currencies, #Bitcoin represents something greater than a treasury asset.  For them, it's more like an ark of encrypted energy to escape the flood.",True,BUY,4,0.8,"The tweet is directly related to BTC and mentions it as a potential solution for people with weakening currencies, which implies a positive view of its value.",BTC,michael_saylor,Saylor,2020-10-07T15:38:37Z
BTC,data/BTC influencer tweets.csv,59,1.3141929845068022e+18,https://x.com/michael_saylor/status/1314192984506802178,#Bitcoin makes a fine treasury reserve asset.   My admiration goes out to @jack and the @Square team for leading the way.,True,BUY,4,0.8,"The tweet is directly related to BTC and the statement that #Bitcoin makes a fine treasury reserve asset, along with the admiration for @Square's leadership, suggests a positive sentiment from a highly influential figure in the Bitcoin community.",BTC,michael_saylor,Saylor,2020-10-08T13:16:38Z
BTC,data/BTC influencer tweets.csv,60,1.3142394215043932e+18,https://x.com/jack/status/1314239421504393221,More important than Square investing $50mm in #Bitcoin is sharing how we did it (so others can do the same):  https://t.co/35ABYHuz4f,True,NEUTRAL,2,0.5,"The tweet mentions #Bitcoin and a Square investment, but it's more about sharing the experience rather than directly impacting the market price.",BTC,jack,Jack Dorsey,2020-10-08T16:21:10Z
BTC,data/BTC influencer tweets.csv,61,1.3142394227920486e+18,https://x.com/jack/status/1314239422792048640,"And FAR more important than that is us investing directly in open source development with @sqcrypto, opening access to patents with COPA ( https://t.co/aBqaURKruq), and making #bitcoin more accessible and useful to millions of people with @CashApp.",True,BUY,4,0.8,"The tweet is directly related to BTC and mentions investing in open source development, opening access to patents, and making Bitcoin more accessible and useful to millions of people with @CashApp.",BTC,jack,Jack Dorsey,2020-10-08T16:21:10Z
BTC,data/BTC influencer tweets.csv,62,1.314545782410875e+18,https://x.com/michael_saylor/status/1314545782410874881,"For any company or investor considering #Bitcoin as a treasury reserve asset, @MicroStrategy has published a curated set of resources including some of the reference materials we relied upon to make our decision.   https://t.co/u3aFjNaAI3",True,NEUTRAL,2,0.5,"The tweet is directly related to BTC, but it doesn't provide clear information about the coin's short-term price direction.",BTC,michael_saylor,Saylor,2020-10-09T12:38:32Z
BTC,data/BTC influencer tweets.csv,63,1.3149143497948938e+18,https://x.com/michael_saylor/status/1314914349794893825,"If your investment time horizon is one year, anything might work.   If your investment time horizon is one century, one thing might work.  #Bitcoin",True,BUY,4,0.8,"The tweet is directly related to BTC and it comes from Michael Saylor, a well-known Bitcoin proponent, which may create short-term buying interest.",BTC,michael_saylor,Saylor,2020-10-10T13:03:05Z
BTC,data/BTC influencer tweets.csv,64,1.3152847847472947e+18,https://x.com/michael_saylor/status/1315284784747294721,"99.9% of the money in the world is invested in assets like cash, stocks, bonds, gold, &amp; real estate.   #Bitcoin is competing with alt assets, not alt coins.  Educating the majority should be more constructive than debating the minority.",True,NEUTRAL,1,0.6,"The tweet mentions Bitcoin and alt assets, but it does not provide clear information about the short-term price direction of BTC.",BTC,michael_saylor,Saylor,2020-10-11T13:35:04Z
BTC,data/BTC influencer tweets.csv,65,1.3160064964094484e+18,https://x.com/michael_saylor/status/1316006496409448450,"As the trillions of dollars on the balance sheets of banks, asset managers, insurance firms, endowments, &amp; family offices begin their migration to the #Bitcoin universe, they will need firms like NYDIG to guide them.  $1 billion down, more to go.   https://t.co/YObDOGTX7Y",True,BUY,4,0.8,"The tweet is directly related to BTC and the context suggests a growing demand for Bitcoin, which may positively impact its short-term price.",BTC,michael_saylor,Saylor,2020-10-13T13:22:53Z
BTC,data/BTC influencer tweets.csv,66,1.316006894297899e+18,https://x.com/michael_saylor/status/1316006894297899008,"NYDIG parent Stone Ridge holds 10,000+ BTC in its own treasury while managing $10+ billion in other assets for some of the largest corporations, banks &amp; insurers in the world. Firms that sell #Bitcoin should hold #Bitcoin.   #Skininthegame   https://t.co/YObDOGTX7Y",True,NEUTRAL,2,0.6,The tweet is related to BTC but the context lacks clear short-term price direction information.,BTC,michael_saylor,Saylor,2020-10-13T13:24:28Z
BTC,data/BTC influencer tweets.csv,67,1.3160112141667983e+18,https://x.com/michael_saylor/status/1316011214166798336,"""As the Fed's balance sheet has increased $3 trillion since the beginning of 2019, the U.S. dollar has depreciated 70% against #BTC."" - Ross Stevens - Executive Chairman of NYDIG   https://t.co/iWHXlu43Fl",True,BUY,4,0.8,"The tweet is directly related to BTC and states that the US dollar has depreciated against #BTC, which can be interpreted as a positive factor for Bitcoin.",BTC,michael_saylor,Saylor,2020-10-13T13:41:38Z
BTC,data/BTC influencer tweets.csv,68,1.31605448578193e+18,https://x.com/michael_saylor/status/1316054485781929984,"#Bitcoin is the first digital monetary system capable of storing all the money in the world for every individual, corporation, and government in a fair &amp; equitable manner, without losing any of it.  If that's not intrinsically valuable, what is?",True,BUY,5,0.9,The tweet is directly related to BTC and the statement from a highly influential source (Michael Saylor) about Bitcoin's value may increase short-term buying interest.,BTC,michael_saylor,Saylor,2020-10-13T16:33:35Z
BTC,data/BTC influencer tweets.csv,69,1.3163488857245327e+18,https://x.com/michael_saylor/status/1316348885724532736,"Apple is a mobile network, Google is a search network, Facebook is a social network, #Bitcoin is a monetary network.   All benefit from advances in software &amp; hardware technology, as well as Metcalfe’s law.  Many understand the former, few understand the later.",True,NEUTRAL,3,0.5,"The tweet is related to Bitcoin and mentions it as a monetary network, but the context is somewhat vague and may not directly affect the short-term price.",BTC,michael_saylor,Saylor,2020-10-14T12:03:25Z
BTC,data/BTC influencer tweets.csv,70,1.3163687767540818e+18,https://x.com/michael_saylor/status/1316368776754081792,"Institutional support for #Bitcoin continues to build, with @Grayscale leading the way.",True,BUY,4,0.8,"The tweet is directly related to BTC and mentions institutional support for Bitcoin from a major influencer, which may increase short-term demand.",BTC,michael_saylor,Saylor,2020-10-14T13:22:27Z
BTC,data/BTC influencer tweets.csv,71,1.3164069543911096e+18,https://x.com/michael_saylor/status/1316406954391109632,"#Bitcoin will be the dominant monetary network because of the Maximalists.   ""If you don't believe me or don't get it, I don't have time to try to convince you, sorry.""",True,BUY,5,0.9,"The tweet is directly related to BTC and made by Michael Saylor, a well-known Bitcoin maximalist. The statement about the 'Maximalists' and the dominance of Bitcoin has strong bullish implications for the short-term market direction.",BTC,michael_saylor,Saylor,2020-10-14T15:54:10Z
BTC,data/BTC influencer tweets.csv,72,1.3167166558049198e+18,https://x.com/michael_saylor/status/1316716655804919810,"#Bitcoin &amp; Economic Empowerment, Perils of Trading, Safe Havens, Argentina, Paradigm Shifts, Inflation Vectors, Gold Defects, Software Risks, Faith &amp; Immortality, Corporate Adoption, Treasury Reserves, Tax Code, Ode to Maximalists, Surviving the Flood   https://t.co/Jw4PV1G5GY",True,NEUTRAL,0,0.2,The tweet mentions Bitcoin but lacks enough visible context to determine a short-term BTC price direction.,BTC,michael_saylor,Saylor,2020-10-15T12:24:48Z
BTC,data/BTC influencer tweets.csv,73,1.3167234629169766e+18,https://x.com/michael_saylor/status/1316723462916976640,"#Bitcoin as Digital Gold, Technology Investment, Volatility, Market Segments, Attracting Assets, Immortal Sovereignty, Crypto Theory &amp; Dysfunction, Wealth Management, Tax &amp; Accounting Challenges to Crypto Payments, Politics, Priorities, &amp; Path to Success   https://t.co/rh4lX4DIJF",True,BUY,4,0.9,"The tweet is directly related to BTC and mentions 'Bitcoin as Digital Gold', a bullish characteristic of the coin.",BTC,michael_saylor,Saylor,2020-10-15T12:51:51Z
BTC,data/BTC influencer tweets.csv,74,1.3167324980392632e+18,https://x.com/michael_saylor/status/1316732498039263233,"A designer knows he has achieved perfection not when there is nothing left to add, but when there is nothing left to take away. -Saint-Exupéry  #Bitcoin has no Country, Capitol, Company, Complication, Caveat, or Competitor.",True,BUY,5,0.9,"The tweet is directly related to BTC and emphasizes its unique characteristics in a positive light, suggesting it may have a moderate to strong bullish effect on the market.",BTC,michael_saylor,Saylor,2020-10-15T13:27:45Z
BTC,data/BTC influencer tweets.csv,75,1.316882990551675e+18,https://x.com/michael_saylor/status/1316882990551674880,"#Bitcoin Heroes, Inflation Confusion, Gold &amp; Equity, Energy Efficiency, Quantum Skeptics, Robert Breedlove, Community like MIT, Good Economists, “Because Math”, Square &amp; Economic Empowerment, Argentina, Hope, Mission, Natural Beauty, Cyber Hornets.   https://t.co/ZzFIckS4E7",False,NEUTRAL,0,0.8,"The tweet mentions a variety of topics, but it does not provide clear market-relevant information about BTC or its ecosystem.",BTC,michael_saylor,Saylor,2020-10-15T23:25:46Z
BTC,data/BTC influencer tweets.csv,76,1.317074966945407e+18,https://x.com/michael_saylor/status/1317074966945406979,"#Bitcoin is the first software network capable of storing all the monetary energy in the world with no loss of power over time and negligible transmission loss.  Assuming broad adoption, that would make it the most valuable invention of the modern era.   Few understand this.",True,BUY,4,0.8,"The tweet is directly related to BTC and states that it's the first software network capable of storing all monetary energy with no loss of power over time, which can be seen as a bullish statement.",BTC,michael_saylor,Saylor,2020-10-16T12:08:36Z
BTC,data/BTC influencer tweets.csv,77,1.317092462364676e+18,https://x.com/michael_saylor/status/1317092462364676096,"The crypto analysts &amp; exchanges should stop comparing #Bitcoin to Altcoins and start comparing Bitcoin to Fiat, Gold, Equity, &amp; Bonds since those assets hold 99.9% of the monetary energy in the world.   https://t.co/HQbC8RK9dZ",True,NEUTRAL,3,0.7,"The tweet is related to BTC and makes a comparison between Bitcoin, Fiat, Gold, Equity, & Bonds, which may provide context for investors but does not clearly indicate a short-term price direction.",BTC,michael_saylor,Saylor,2020-10-16T13:18:08Z
BTC,data/BTC influencer tweets.csv,78,1.3174417841092037e+18,https://x.com/michael_saylor/status/1317441784109203457,"In these challenging times, #Bitcoin represents hope to billions of people in need of an instrument of economic empowerment. Accordingly, we have redirected the hope domain to the #Bitcoin Education section of our website. Spread the word - #Bitcoin is  https://t.co/kZl3k7Tm4h",True,BUY,5,0.9,"The tweet is directly related to BTC and comes from a highly influential account, Michael Saylor, who has been promoting Bitcoin. The text explicitly states that #Bitcoin represents hope to billions of people in need of an instrument of economic empowerment.",BTC,michael_saylor,Saylor,2020-10-17T12:26:12Z
BTC,data/BTC influencer tweets.csv,79,1.3178175379508756e+18,https://x.com/michael_saylor/status/1317817537950875651,#Bitcoin investors understand that preserving energy in a world where everyone else is dissipating it is a winning strategy.,True,BUY,4,0.8,"The tweet is directly related to BTC and the text emphasizes a 'winning strategy' for Bitcoin investors, implying a positive market impact.",BTC,michael_saylor,Saylor,2020-10-18T13:19:19Z
BTC,data/BTC influencer tweets.csv,80,1.3181572897533338e+18,https://x.com/michael_saylor/status/1318157289753333762,"#Bitcoin is like Facebook, except no one ever brought a billion friends to #Facebook.",True,BUY,4,0.7,"The tweet is directly related to BTC and the comparison to Facebook, a successful company, may imply that Bitcoin has potential for growth.",BTC,michael_saylor,Saylor,2020-10-19T11:49:22Z
BTC,data/BTC influencer tweets.csv,81,1.3182907040624353e+18,https://x.com/michael_saylor/status/1318290704062435331,Tomorrow I am going to try to convince @KeithMcCullough to change his opinion of #Bitcoin and join the cyber hornets.,True,NEUTRAL,2,0.4,"The tweet mentions @Bitcoin and #Bitcoin, but it's a personal opinion attempt to change Keith McCullough's view, lacking clear short-term price direction.",BTC,michael_saylor,Saylor,2020-10-19T20:39:31Z
BTC,data/BTC influencer tweets.csv,82,1.3183622876532165e+18,https://x.com/michael_saylor/status/1318362287653216257,#Bitcoin is an ark of encrypted energy to escape the currency flood.,True,BUY,5,0.8,"The tweet is directly related to BTC and describes it as an 'ark of encrypted energy', which is a clear bullish statement from a highly influential account, Michael Saylor.",BTC,michael_saylor,Saylor,2020-10-20T01:23:58Z
BTC,data/BTC influencer tweets.csv,83,1.3185441205588705e+18,https://x.com/michael_saylor/status/1318544120558870529,"My message for @KeithMcCullough : #Bitcoin is an asset, not a commodity.   Commodities are abundant and should be traded.   Assets are scarce and should be owned.  Pure monetary energy is the ideal treasury reserve asset, and for the first time in history, we can now own some.",True,BUY,4,0.9,"The tweet is directly related to BTC and Michael Saylor's message emphasizes the scarcity and value of Bitcoin, which are clear bullish factors.",BTC,michael_saylor,Saylor,2020-10-20T13:26:30Z
BTC,data/BTC influencer tweets.csv,84,1.3186172602698957e+18,https://x.com/michael_saylor/status/1318617260269895683,"Everyone in the crypto industry would benefit if analysts segmented the market into crypto-assets (e.g. #Bitcoin), crypto-applications (e.g. Ethereum), &amp; crypto-currencies (e.g. Tether), and calculated three different dominance metrics.   https://t.co/rnySXljPKN",True,NEUTRAL,2,0.6,"The tweet mentions Bitcoin as an example of a crypto-asset, but it does not provide any clear information about its short-term price direction or market effect.",BTC,michael_saylor,Saylor,2020-10-20T18:17:08Z
BTC,data/BTC influencer tweets.csv,85,1.3188835913638994e+18,https://x.com/michael_saylor/status/1318883591363899392,"Another publicly company is investing in #Bitcoin in order to  ""protect investors' assets from currency debasement.""   https://t.co/eM0fik0Age",True,BUY,4,0.8,"The tweet is directly related to BTC and mentions a publicly traded company investing in Bitcoin, which may increase demand and prices.",BTC,michael_saylor,Saylor,2020-10-21T11:55:26Z
BTC,data/BTC influencer tweets.csv,86,1.3188947388382945e+18,https://x.com/michael_saylor/status/1318894738838294528,Paypal will allow anyone to store all of their personal treasury assets in #Bitcoin and make payments quickly &amp; easily in fiat from their mobile device.  The future is here.   https://t.co/gRH2BzqYKN,True,BUY,5,0.9,"The tweet is directly related to BTC and describes a major development from an influential source (Paypal) that may increase adoption, demand, and price.",BTC,michael_saylor,Saylor,2020-10-21T12:39:44Z
BTC,data/BTC influencer tweets.csv,87,1.3189409418273833e+18,https://x.com/michael_saylor/status/1318940941827383297,#Facebook is what happens when we pool social energy on a software network.  Everyone understands this.  #Bitcoin is what happens when we pool monetary energy on a software network.  Few understand this.,True,BUY,4,0.8,"The tweet is directly related to BTC and the comparison with Facebook highlights the unique value proposition of Bitcoin, which may create short-term bullish sentiment.",BTC,michael_saylor,Saylor,2020-10-21T15:43:19Z
BTC,data/BTC influencer tweets.csv,88,1.3192418497946788e+18,https://x.com/michael_saylor/status/1319241849794678784,"A designer knows he has achieved perfection when there is nothing left to take away.  #Bitcoin has no Country, Company, or Competitor.",True,BUY,5,0.9,"The tweet is directly related to BTC and describes a situation where there are no competitors or substitutes, which can be seen as bullish for the long-term price of BTC.",BTC,michael_saylor,Saylor,2020-10-22T11:39:01Z
BTC,data/BTC influencer tweets.csv,89,1.3192504589601055e+18,https://x.com/michael_saylor/status/1319250458960105476,"@thibm_ You are correct.   On our to do list - Austrian Economics, Bitcoin Economics, &amp; more.",True,NEUTRAL,1,0.5,"The tweet mentions Bitcoin Economics and Austrian Economics, which are related to BTC, but the context is vague and doesn't provide a clear short-term price direction.",BTC,michael_saylor,Saylor,2020-10-22T12:13:14Z
BTC,data/BTC influencer tweets.csv,90,1.3192683722537124e+18,https://x.com/michael_saylor/status/1319268372253712386,"Growing MicroStrategy, Domains, Stoicism, Technology, Discovering Inflation, Acquisitions, Treasury, Virtual Transformation, Currency War, Defects of Gold &amp; Fiat, Bitcoin as Monetary Network &amp; Critical Element, Cyber Hornets, Corporate Adoption, Perils of Hedging, Conviction",True,BUY,5,0.8,"The tweet is directly related to BTC and mentions it as a 'Monetary Network & Critical Element', which is a clear bullish factor.",BTC,michael_saylor,Saylor,2020-10-22T13:24:25Z
BTC,data/BTC influencer tweets.csv,91,1.319270064026169e+18,https://x.com/michael_saylor/status/1319270064026169344,"My first meeting with my idol @RaoulGMI , who was instrumental in drawing me into the world of #Bitcoin, in which I emphatically (with my characteristic humility 😉) noted that now he must sell all his gold.",True,NEUTRAL,3,0.7,"The tweet mentions Bitcoin and implies a shift from gold to BTC, but it is not clear how significant this change will be in the short term.",BTC,michael_saylor,Saylor,2020-10-22T13:31:08Z
BTC,data/BTC influencer tweets.csv,92,1.319410148247556e+18,https://x.com/michael_saylor/status/1319410148247556098,"Embracing #Bitcoin Late, Tech Dominance, Owning vs. Trading, Volatility Myths, Stampede to SoV, Big Tech &amp; Gold Defects, Bitcoin is Hope, Commodities vs. Assets, Crypto Wars, S Curve, Generational Wealth, Monetary Energy, Perils of Models    https://t.co/Y4AcpErFQb via @YouTube",True,BUY,5,0.9,"The tweet is directly related to BTC and mentions 'Embracing #Bitcoin', which suggests a strong bullish sentiment from an influential account.",BTC,michael_saylor,Saylor,2020-10-22T22:47:47Z
BTC,data/BTC influencer tweets.csv,93,1.3197575463795098e+18,https://x.com/michael_saylor/status/1319757546379509763,#Bitcoin is the Savings &amp; Loan at the End of the Universe.,True,BUY,4,0.9,"The tweet is directly related to BTC and describes it as 'the Savings & Loan at the End of the Universe', which is a positive and influential statement.",BTC,michael_saylor,Saylor,2020-10-23T21:48:13Z
BTC,data/BTC influencer tweets.csv,94,1.3199769276005294e+18,https://x.com/michael_saylor/status/1319976927600529409,Imagine a world where everyone used something fair &amp; equitable to settle their economic differences.  #Bitcoin,True,BUY,5,0.9,"The tweet is directly related to BTC and comes from Michael Saylor, a well-known Bitcoin advocate and CEO of MicroStrategy, who mentions the potential for fair and equitable economic settlements using Bitcoin.",BTC,michael_saylor,Saylor,2020-10-24T12:19:58Z
BTC,data/BTC influencer tweets.csv,95,1.3199875293582008e+18,https://x.com/michael_saylor/status/1319987529358200833,"In theory, the cash flows of a risk-free equity asset would need to grow faster than the rate of monetary expansion for it to serve as a good store of value.  Absent that, the fix would be to either short USD (by leveraging up with debt) or go long #BTC.   https://t.co/P1LJSOaCfm",True,BUY,4,0.8,"The tweet is directly related to BTC and suggests going long BTC as a good store of value, which are clear bullish factors.",BTC,michael_saylor,Saylor,2020-10-24T13:02:05Z
BTC,data/BTC influencer tweets.csv,96,1.320058141686616e+18,https://x.com/michael_saylor/status/1320058141686616064,#Google is what happens when we pool information energy on a software network.   Everyone understands this.   #Bitcoin is what happens when we pool monetary energy on a software network.  Few understand this.,True,BUY,4,0.8,"The tweet is directly related to BTC and describes it as 'what happens when we pool monetary energy on a software network', which is a clear bullish factor.",BTC,michael_saylor,Saylor,2020-10-24T17:42:41Z
BTC,data/BTC influencer tweets.csv,97,1.3203251109732024e+18,https://x.com/michael_saylor/status/1320325110973202436,"Satoshi started a fire in cyberspace.  While the fearful run from it and fools dance around it, the faithful feed the flame, and dream of a world bathed in the warm glow of cyberlight.  #Bitcoin",True,BUY,5,0.9,"The tweet is directly related to BTC and mentions Michael Saylor, a well-known Bitcoin supporter.",BTC,michael_saylor,Saylor,2020-10-25T11:23:31Z
BTC,data/BTC influencer tweets.csv,98,1.320731524715733e+18,https://x.com/michael_saylor/status/1320731524715732992,"As investors rotate out of Bonds in search of a Store of Value, they are forced to choose between Gold and Big Tech.   #Bitcoin offers a compelling alternative since it is a digital monetary network designed to host a safe haven asset.    https://t.co/7T3nVf1Cq2 via @YouTube",True,BUY,4,0.9,"The tweet is from a highly influential source, Michael Saylor, and describes Bitcoin as a compelling alternative to Gold and Big Tech, which are clear bullish factors.",BTC,michael_saylor,Saylor,2020-10-26T14:18:28Z
BTC,data/BTC influencer tweets.csv,99,1.321221111699415e+18,https://x.com/michael_saylor/status/1321221111699415044,"For the first time in history, we have a software network capable of storing &amp; channeling monetary energy without power loss. #Bitcoin is the first digital monetary network.   As investors &amp; enterprises come to realize this, the consequences will be profound.",True,BUY,4,0.9,"The tweet is directly related to BTC and describes its capabilities as a digital monetary network, which may increase interest and demand.",BTC,michael_saylor,Saylor,2020-10-27T22:43:54Z
BTC,data/BTC influencer tweets.csv,100,1.321422012380754e+18,https://x.com/michael_saylor/status/1321422012380753921,"Some have asked how much #BTC I own. I personally #hodl 17,732 BTC which I bought at $9,882 each on average. I informed MicroStrategy of these holdings before the company decided to buy #bitcoin for itself.",True,BUY,5,0.9,"The tweet is directly related to BTC and Michael Saylor, the CEO of MicroStrategy, personally holds a significant amount of BTC which he bought at a lower price, indicating strong support for the asset.",BTC,michael_saylor,Saylor,2020-10-28T12:02:13Z
BTC,data/BTC influencer tweets.csv,101,1.3218023924600218e+18,https://x.com/michael_saylor/status/1321802392460021761,"@lopp Once you understand #Bitcoin, you go to bed each night with anxiety, feeling chronically short.",True,BUY,4,0.8,"The tweet is directly related to BTC and comes from Michael Saylor, a prominent BTC supporter. The statement about understanding Bitcoin and feeling chronically short may create anxiety among investors, potentially leading to buying pressure.",BTC,michael_saylor,Saylor,2020-10-29T13:13:42Z
BTC,data/BTC influencer tweets.csv,102,1.3219092039639572e+18,https://x.com/michael_saylor/status/1321909203963957250,MicroStrategy has been running a full node of Bitcoin Core version 0.20.1 for over a month now.  We are thrilled to do our part to support the growth of the #Bitcoin Network.,True,BUY,4,0.8,"The tweet is directly related to BTC and the fact that a major company like MicroStrategy has been running a full node of Bitcoin Core version 0.20.1 for over a month now, supporting the growth of the #Bitcoin Network, is a clear bullish factor.",BTC,michael_saylor,Saylor,2020-10-29T20:18:08Z
BTC,data/BTC influencer tweets.csv,103,1.3221581770021028e+18,https://x.com/michael_saylor/status/1322158177002102785,A designer has achieved perfection when there is nothing left to take away.   #Bitcoin has no Competitor.,True,BUY,5,0.9,"The tweet is directly related to BTC and mentions that it has no competitors, which may increase demand and price.",BTC,michael_saylor,Saylor,2020-10-30T12:47:28Z
BTC,data/BTC influencer tweets.csv,104,1.322676465440297e+18,https://x.com/michael_saylor/status/1322676465440296960,"Satoshi started a fire in cyberspace.  What began as a camp fire, grew into a bonfire, now a raging forest fire, promises to become a planet fire.  #Bitcoin is the first true monetary network, spreading thru humanity like a cyberfire.   https://t.co/hehtuuwfjq",True,BUY,5,0.9,"The tweet is directly related to BTC and comes from a highly influential source, Michael Saylor, who uses strong and market-relevant language about the 'planet fire' of #Bitcoin, which may create short-term buying interest.",BTC,michael_saylor,Saylor,2020-10-31T23:06:58Z
BTC,data/BTC influencer tweets.csv,105,1.3228876401196933e+18,https://x.com/michael_saylor/status/1322887640119693327,"#Bitcoin provides Integrity to the digital monetary system.   Liquidity, Scalability, Security, Functionality, Performance, Compatibility, Accessibility, Compliance, &amp; Popularity will be delivered by those individuals, enterprises &amp; agencies that support the Bitcoin Standard.",True,BUY,4,0.9,"The tweet is directly related to BTC and describes its importance in the digital monetary system, which may increase its value and adoption.",BTC,michael_saylor,Saylor,2020-11-01T13:06:06Z
BTC,data/BTC influencer tweets.csv,106,1.322918099365073e+18,https://x.com/michael_saylor/status/1322918099365072897,"Paradigm Shift, Adiabatic Lapse, Buffet &amp; Apple, K Shape Recovery, Crypto Scuba, Courage &amp; Commitment, Finance vs. Engineering, CeFI vs. DeFI, Cyber Economics, Astrophysics &amp; Network Dynamics, #Bitcoin Opportunities, Stoicism &amp; Humility, Hodling Hornets    https://t.co/sCCfZN3wtE",False,NEUTRAL,0,0.9,"The tweet mentions Bitcoin as a hashtag, but it lacks enough visible context to determine a short-term BTC price direction and is mostly about philosophical concepts.",BTC,michael_saylor,Saylor,2020-11-01T15:07:08Z
BTC,data/BTC influencer tweets.csv,107,1.3229230512819814e+18,https://x.com/michael_saylor/status/1322923051281981441,"In 1981, Buckminster Fuller predicted a global monetary system based upon uniform energy valuations to solve the problems of economic empowerment we faced then &amp; now from fiat currency.   #Bitcoin is the first true monetary network, based on encrypted energy.",True,BUY,5,0.8,"The tweet is directly related to BTC and describes it as the first true monetary network, based on encrypted energy, which is a clear bullish factor.",BTC,michael_saylor,Saylor,2020-11-01T15:26:48Z
BTC,data/BTC influencer tweets.csv,108,1.3229990640913367e+18,https://x.com/michael_saylor/status/1322999064091336707,"The Wall Street Journal is beginning to notice #Bitcoin and explore its relationship to the wider capital markets, where U.S. stocks alone are worth nearly $52 trillion.   https://t.co/OR0rkHgEve",True,BUY,5,0.9,"The tweet is directly related to BTC and its relationship with the wider capital markets, where a major publication like The Wall Street Journal is exploring it.",BTC,michael_saylor,Saylor,2020-11-01T20:28:51Z
BTC,data/BTC influencer tweets.csv,109,1.3232622782302495e+18,https://x.com/michael_saylor/status/1323262278230249472,"#Bitcoin is a monetary operating system allowing investors to benefit from a wide variety of #BTC monetary applications from firms like Square, PayPal, Coinbase, Kraken, Binance, Grayscale, NYDIG, Fidelity, Casa, Swan, et al.  The #Bitcoin ecosystem grows stronger by the day.",True,BUY,4,0.8,"The tweet is directly related to BTC and the text from Michael Saylor, a well-known Bitcoin supporter and CEO of MicroStrategy, highlights its potential as a monetary operating system with various applications, which is a bullish sentiment.",BTC,michael_saylor,Saylor,2020-11-02T13:54:46Z
BTC,data/BTC influencer tweets.csv,110,1.3236605198578852e+18,https://x.com/michael_saylor/status/1323660519857885185,"When I look at this chart I see energy flowing one way, into a monetary network, like a battery charging up to power the world.  Every day $BTC trades above the 200WMA #Bitcoin gets stronger, like spinning up a fly wheel.   Does anyone else see what I see?",True,BUY,4,0.8,"The tweet directly mentions $BTC and describes it as 'stronger, like spinning up a fly wheel', indicating bullish sentiment and market analysis from an influential account.",BTC,michael_saylor,Saylor,2020-11-03T16:17:15Z
BTC,data/BTC influencer tweets.csv,111,1.3239951967706565e+18,https://x.com/michael_saylor/status/1323995196770656257,"Equity investors have lots of choices, concerns, &amp; catalysts causing them to trade in &amp; out of their positions.  Once you understand #Bitcoin, you realize it offers a simple solution to the investment challenge - buy &amp; #hodl.    https://t.co/qXbjxWEeNA",True,BUY,4,0.8,The tweet is directly related to BTC and the recommendation to buy and #hodl may increase demand.,BTC,michael_saylor,Saylor,2020-11-04T14:27:08Z
BTC,data/BTC influencer tweets.csv,112,1.3240331401266135e+18,https://x.com/michael_saylor/status/1324033140126613506,"My interview with Block Journal covering MicroStrategy, The Mobile Wave, The Virtual Wave, Investment Philosophy, Macroeconomics, Treasury Strategy, #Bitcoin, &amp; the Future of Crypto.  Available for download from @blockjournal at  https://t.co/dDXh5YElDQ  https://t.co/XRDuixi5Do",True,NEUTRAL,2,0.6,"The tweet mentions Bitcoin as part of a list of topics discussed in an interview, but it lacks enough visible context to determine a short-term BTC price direction.",BTC,michael_saylor,Saylor,2020-11-04T16:57:54Z
BTC,data/BTC influencer tweets.csv,113,1.3240599484945572e+18,https://x.com/michael_saylor/status/1324059948494557190,"When I look at #Bitcoin, I don’t see a call option on the future, or apocalypse insurance, or a non-correlated asset class.   I see a new invention – pure monetary energy, and it reminds me of oil, antibiotics, &amp; electricity.  It’s like giving freezing investors the gift of fire.",True,BUY,5,0.9,"The tweet is directly related to BTC and describes it as a new invention, similar to oil, antibiotics, and electricity, which are clear bullish factors.",BTC,michael_saylor,Saylor,2020-11-04T18:44:26Z
BTC,data/BTC influencer tweets.csv,114,1.3247180810217185e+18,https://x.com/michael_saylor/status/1324718081021718530,Politicians destroyed the Savings Account.  The Bank of #Bitcoin is bringing it back.,True,BUY,4,0.9,"The tweet is directly related to BTC and mentions the Bank of Bitcoin, which may be interpreted as a positive development for BTC.",BTC,michael_saylor,Saylor,2020-11-06T14:19:37Z
BTC,data/BTC influencer tweets.csv,115,1.3247698019155026e+18,https://x.com/michael_saylor/status/1324769801915502594,"Technology drives #Bitcoin Adoption.  Cash App generated $1.63 billion of bitcoin revenue during Q3 up approximately 11x year over year.   No one will be building #Gold into their mobile payments app.  It's a pretty, shiny, dumb rock.   https://t.co/8tNhSXBhR2",True,BUY,5,0.9,"The tweet is directly related to BTC and mentions $1.63 billion of bitcoin revenue generated by Cash App, which is a clear bullish factor.",BTC,michael_saylor,Saylor,2020-11-06T17:45:08Z
BTC,data/BTC influencer tweets.csv,116,1.3252057181490504e+18,https://x.com/michael_saylor/status/1325205718149050374,"Bitcoin Evangelism, Incorruptible Substance, Engineers &amp; Money, Trading Comedy, Treasury Strategy, Beautiful Assets, Bitcoin is Hope, Moral Hazard, Monetary Virtues, Bitcoin Economy, The Terachad, Stoicism, Stop-Loss on Love, Compelling Ideas, $100k Party",True,BUY,5,1.0,"The tweet is directly related to BTC and contains clear bullish information from a highly influential source, Michael Saylor.",BTC,michael_saylor,Saylor,2020-11-07T22:37:18Z
BTC,data/BTC influencer tweets.csv,117,1.3254522051225313e+18,https://x.com/michael_saylor/status/1325452205122531334,"#Bitcoin is the greatest monetary athlete of our time.   Superstar athletes are exceptional, enigmatic, &amp; erratic in their first decade as they learn &amp; master their craft.   In their second decade, they crush everyone and everything in their path.",True,BUY,5,0.9,"The tweet is directly related to BTC and praises Bitcoin as a 'monetary athlete', which may create short-term buying interest due to the influential account of Michael Saylor.",BTC,michael_saylor,Saylor,2020-11-08T14:56:46Z
BTC,data/BTC influencer tweets.csv,118,1.325650239999578e+18,https://x.com/michael_saylor/status/1325650239999578112,#Bitcoin is the dominant crypto network - engineered to host the ideal safe haven asset &amp; preserve monetary energy over long periods of time without power loss.  That makes #BTC the solution to every investor’s store of value problem. Few understand this.   https://t.co/QcK8z5UHS0,True,BUY,5,0.9,"The tweet is directly related to BTC and Michael Saylor, a highly influential figure in the Bitcoin community, describes it as the 'dominant crypto network' with properties that make it an ideal safe haven asset.",BTC,michael_saylor,Saylor,2020-11-09T04:03:41Z
BTC,data/BTC influencer tweets.csv,119,1.3258651464686674e+18,https://x.com/michael_saylor/status/1325865146468667394,"At the present time, given the state of the digital &amp; macro economy, the #Bitcoin value proposition of ""Store of Value"" is $250 trillion or more, while the value proposition of ""Medium of Exchange"" is ... Nothing.  Less than zero.",True,SELL,5,0.9,"The tweet directly criticizes Bitcoin's 'Medium of Exchange' value proposition, indicating a strong bearish sentiment.",BTC,michael_saylor,Saylor,2020-11-09T18:17:38Z
BTC,data/BTC influencer tweets.csv,120,1.325947820134855e+18,https://x.com/michael_saylor/status/1325947820134854659,"Today, #BTC was less volatile than NASDAQ, S&amp;P 500, Dow Jones, Russell 2000, 10 &amp; 30 Year Treasuries, Gold, Silver, Apple, Amazon, Microsoft, &amp; Facebook.   #Bitcoin advocates should stop apologizing for volatility.",True,BUY,4,0.8,"The tweet is directly related to BTC and compares its volatility to other major assets, implying that #Bitcoin advocates should stop apologizing for it. This suggests a positive sentiment towards BTC.",BTC,michael_saylor,Saylor,2020-11-09T23:46:09Z
BTC,data/BTC influencer tweets.csv,121,1.3261775904916234e+18,https://x.com/michael_saylor/status/1326177590491623426,"I agree with @APompliano that it is dangerous to think that Gold &amp; Bitcoin are similar &amp; complementary investments.   When the #Bitcoin Dragon emerges from its lair, the first thing it will eat is the Kingdom of #Gold.  @APompliano  https://t.co/9TmJ834OXH",True,BUY,4,0.8,"The tweet is directly related to BTC and the comparison between Gold and Bitcoin, as well as the metaphorical description of Bitcoin's growth, suggest a bullish outlook.",BTC,michael_saylor,Saylor,2020-11-10T14:59:11Z
BTC,data/BTC influencer tweets.csv,122,1.3262710604137144e+18,https://x.com/michael_saylor/status/1326271060413714432,"Today, #BTC was less volatile than NASDAQ, Dow Jones, Russell 2000, 10 &amp; 30 Year Treasuries, Gold, Silver, Apple, Amazon, Microsoft, Alphabet &amp; Facebook &amp; similar to S&amp;P 500.   #Bitcoin advocates can stop apologizing for volatility.",True,BUY,4,0.9,"The tweet is directly related to BTC and compares its volatility to other major assets, which may increase investor confidence in the asset's stability.",BTC,michael_saylor,Saylor,2020-11-10T21:10:36Z
BTC,data/BTC influencer tweets.csv,123,1.3262725741422264e+18,https://x.com/michael_saylor/status/1326272574142226432,@johnkvallis @mtcbtc @3beneteau @APompliano This is why I try to avoid talking about #Bitcoin when operating a vehicle.,True,NEUTRAL,1,0.5,"The tweet mentions BTC but only in the context of avoiding talking about it while operating a vehicle, which is not market-relevant.",BTC,michael_saylor,Saylor,2020-11-10T21:16:37Z
BTC,data/BTC influencer tweets.csv,124,1.3265148357319803e+18,https://x.com/michael_saylor/status/1326514835731980290,"Augmented by great technology partners, #Bitcoin is capable of collecting all the monetary energy in the world, storing it securely &amp; perpetually without power loss, and channeling it efficiently to anyone or anything at the speed of light.  Few understand this.",True,BUY,5,0.9,"The tweet is directly related to BTC and describes its capabilities, which may increase adoption and demand.",BTC,michael_saylor,Saylor,2020-11-11T13:19:16Z
BTC,data/BTC influencer tweets.csv,125,1.326549149584511e+18,https://x.com/michael_saylor/status/1326549149584510977,"What happens to all those Quad 4 trader models when 10 billionaires say ""I bought it.  I am not ashamed of it.  I intend to buy more.""    #Bitcoin is not an information network (GOOG), or a social network (FB).  It's a monetary network. Let that sink in...",True,BUY,5,0.9,"The tweet is directly related to BTC and the quote from Michael Saylor, a well-known Bitcoin advocate, promotes buying and accumulating Bitcoin.",BTC,michael_saylor,Saylor,2020-11-11T15:35:38Z
BTC,data/BTC influencer tweets.csv,126,1.3265916508361892e+18,https://x.com/michael_saylor/status/1326591650836189186,"#Apple could generate $100 billion or more in shareholder value if they integrated #Bitcoin into Apple Pay, built a secure crypto wallet into the iPhone, and began buying #BTC with their Treasury Reserves.   h/t @ETFProfessor    https://t.co/zqDNuFskeY",True,BUY,5,0.8,"The tweet is directly related to BTC and suggests that integrating Bitcoin into Apple Pay could generate significant shareholder value for Apple, which may positively impact the price of BTC.",BTC,michael_saylor,Saylor,2020-11-11T18:24:31Z
BTC,data/BTC influencer tweets.csv,127,1.3268938233441772e+18,https://x.com/michael_saylor/status/1326893823344177152,"#Bitcoin is not a currency, nor is it a payment network.   It is a bank in cyberspace, run by incorruptible software, offering a global, affordable, simple, &amp; secure savings account to billions of people that don’t have the option or desire to run their own hedge fund.",True,BUY,5,0.9,"The tweet is directly related to BTC and describes it as a bank in cyberspace, run by incorruptible software, which may increase adoption and demand.",BTC,michael_saylor,Saylor,2020-11-12T14:25:14Z
BTC,data/BTC influencer tweets.csv,128,1.326897092225282e+18,https://x.com/michael_saylor/status/1326897092225282054,"@LynAldenContact  addresses concerns about the mythical “#Bitcoin Bubble”, Intrinsic Value, Scalability, Energy Usage, Volatility, Regulation, &amp; Exchange Access in a thoughtful, responsible, articulate fashion.  Serious investors will find her analysis concise &amp; compelling.",True,BUY,4,0.8,"The tweet is directly related to BTC and the mention of 'Intrinsic Value, Scalability, Energy Usage, Volatility, Regulation, & Exchange Access' by Michael Saylor is a strong positive sentiment towards BTC.",BTC,michael_saylor,Saylor,2020-11-12T14:38:13Z
BTC,data/BTC influencer tweets.csv,129,1.3279787137875436e+18,https://x.com/michael_saylor/status/1327978713787543552,"Searching for everlasting value &amp; escape from the sinking Swamp of Fiat, I crossed a Desert of Bonds, wandered the Forest of Stocks, climbed a Mountain of Real Estate &amp; passed the Mirage of Gold, before finally ascending to cyberspace &amp; finding refuge within the Bank of #Bitcoin.",True,BUY,5,0.9,"The tweet is directly related to BTC and contains a clear endorsement from a highly influential account, Michael Saylor.",BTC,michael_saylor,Saylor,2020-11-15T14:16:12Z
BTC,data/BTC influencer tweets.csv,130,1.3283570604766208e+18,https://x.com/michael_saylor/status/1328357060476620802,"With @princey1976  I discuss the deeper implications of the Virtual Wave, why the world needs free &amp; better Education for billions of people, and how #Bitcoin is a fundamental engineering advance critical to the progression of the human race.    https://t.co/jeRkEiZOia",True,NEUTRAL,4,0.8,"The tweet is related to BTC and mentions its importance in the progression of the human race, but lacks a clear short-term price direction.",BTC,michael_saylor,Saylor,2020-11-16T15:19:37Z
BTC,data/BTC influencer tweets.csv,131,1.3286939245301678e+18,https://x.com/michael_saylor/status/1328693924530167812,"Three things I see:  @Maisie_Williams is wiser than most professional investors, 45.6% of her fans know the answer, &amp; only .1% of the money has figured this out and moved onto the #Bitcoin monetary network.   #Bitcoin is a risk worth taking.  #Bitcoin is  https://t.co/kZl3k7Tm4h",True,BUY,4,0.8,"The tweet is directly related to BTC and states that #Bitcoin is a risk worth taking, which is a bullish sentiment.",BTC,michael_saylor,Saylor,2020-11-17T13:38:12Z
BTC,data/BTC influencer tweets.csv,132,1.3287722193722532e+18,https://x.com/michael_saylor/status/1328772219372253184,"#Bitcoin isn’t a train leaving the station, it’s an ark to avoid drowning in the currency flood.   Missing the train means an opportunity lost.   Missing the ark means everything lost.",True,BUY,4,0.9,"The tweet is directly related to BTC and the comparison of Bitcoin to an ark suggests a need for protection from currency devaluation, implying a bullish sentiment.",BTC,michael_saylor,Saylor,2020-11-17T18:49:19Z
BTC,data/BTC influencer tweets.csv,133,1.328883409431769e+18,https://x.com/michael_saylor/status/1328883409431769088,#Bitcoin is a monetary network that gets stronger as more individuals &amp; corporations adopt it to protect their treasury reserves. The fire in cyberspace is spreading...,True,BUY,4,0.8,"The tweet is directly related to BTC and mentions that #Bitcoin is getting stronger as more individuals & corporations adopt it, which are clear bullish factors.",BTC,michael_saylor,Saylor,2020-11-18T02:11:08Z
BTC,data/BTC influencer tweets.csv,134,1.3290516731851776e+18,https://x.com/michael_saylor/status/1329051673185177605,"In a world where #Bitcoin is .01% of the investment options, with .1% of the invested capital, understood by less than 1% of the investors, familiar to less than 10% of the people, a 47% yes vote is an overwhelming endorsement.   Those who remain short $BTC should be terrified.",True,BUY,4,0.9,"The tweet is directly related to BTC and the comment from a prominent figure, Michael Saylor, may create short-term buying interest because it comes with a clear endorsement.",BTC,michael_saylor,Saylor,2020-11-18T13:19:46Z
BTC,data/BTC influencer tweets.csv,135,1.3290960029602406e+18,https://x.com/michael_saylor/status/1329096002960240641,"Given the challenge of how to invest $600 million in treasury reserves, after a lifetime of experience &amp; months of analysis, I decided on an allocation of 100% #Bitcoin, 0% Bonds, 0% Stocks, 0% Real Estate, 0% Gold.  Seems rational to me.   You may have a different opinion.",True,BUY,5,0.9,The tweet is directly related to BTC and the decision of a well-known influencer to allocate 100% to Bitcoin may create short-term buying interest.,BTC,michael_saylor,Saylor,2020-11-18T16:15:55Z
BTC,data/BTC influencer tweets.csv,136,1.3294412202009805e+18,https://x.com/michael_saylor/status/1329441220200980482,"For thousands of years, we crossed oceans in wooden ships &amp; stored value in golden coins.  With the invention of steel, wooden ships became ornamental yachts.  With the invention of #Bitcoin, golden coins will become ornamental jewelry.   https://t.co/OskseN3Rjf",True,BUY,4,0.7,"The tweet is directly related to BTC and compares it favorably to golden coins, indicating a shift in value perception.",BTC,michael_saylor,Saylor,2020-11-19T15:07:41Z
BTC,data/BTC influencer tweets.csv,137,1.3294464901174518e+18,https://x.com/michael_saylor/status/1329446490117451785,"This is why #Bitcoin should be neither a currency, nor a payment network.   The principles of humility &amp; harmony dictate that we should allow technology partners to provide for payments, &amp; defer to governments on matters of currency.  $BTC is a purely engineered Store of Value.",True,BUY,5,0.9,"The tweet is directly related to BTC and the statement from Michael Saylor, a well-known supporter of Bitcoin, highlights its value as a Store of Value, which may increase demand and price.",BTC,michael_saylor,Saylor,2020-11-19T15:28:37Z
BTC,data/BTC influencer tweets.csv,138,1.3297898020200407e+18,https://x.com/michael_saylor/status/1329789802020040706,"Banks once offered savings accounts yielding 5% annual interest, taxable.  Today, banks offer 0% interest, or you can choose the Bank of #Bitcoin, offering a savings account currently yielding more than 100% annual interest, tax deferred.",True,BUY,5,0.9,"The tweet is directly related to BTC and compares the yield of a traditional savings account with a Bitcoin savings account, highlighting the significantly higher return on investment in BTC.",BTC,michael_saylor,Saylor,2020-11-20T14:12:49Z
BTC,data/BTC influencer tweets.csv,139,1.3298367948007137e+18,https://x.com/michael_saylor/status/1329836794800713733,"When the #Bitcoin Dragon emerges from its lair, the first thing it will eat is the Kingdom of #Gold.",True,BUY,5,0.9,"The tweet is directly related to BTC and describes Bitcoin emerging from its lair, eating the Kingdom of Gold, which can be seen as a metaphor for dominance in the market.",BTC,michael_saylor,Saylor,2020-11-20T17:19:33Z
BTC,data/BTC influencer tweets.csv,140,1.330150691671847e+18,https://x.com/michael_saylor/status/1330150691671846919,"Money is energy.   #Bitcoin is the first crypto monetary energy network, capable of collecting all the world’s liquid energy, storing it over time without power loss, and channeling it across space with negligible impedance.",True,BUY,5,0.9,"The tweet is directly related to BTC and describes it as the first crypto monetary energy network, capable of collecting all the world's liquid energy, which are clear bullish factors.",BTC,michael_saylor,Saylor,2020-11-21T14:06:52Z
BTC,data/BTC influencer tweets.csv,141,1.330529293450023e+18,https://x.com/michael_saylor/status/1330529293450022915,"For the traditional investor, I explain why #Bitcoin is “The Monetary Network”, a juggernaut critical to billions of people &amp; a better Store of Value for $300 trillion currently trapped &amp; rapidly depreciating in Bonds, Stocks, Real Estate, Cash, &amp; Gold.   https://t.co/kSx4QoOcIc",True,BUY,4,0.8,"The tweet is directly related to BTC and describes it as a 'juggernaut critical to billions of people' and a better Store of Value, which are clear bullish factors.",BTC,michael_saylor,Saylor,2020-11-22T15:11:18Z
BTC,data/BTC influencer tweets.csv,142,1.3306396557803643e+18,https://x.com/michael_saylor/status/1330639655780364289,"@RayDalio  – If #Bitcoin is the solution to the great monetary inflation we all face, you have $ billions to gain.  If it’s not, I have $1 billion in $BTC to lose.   Given the stakes, could you invest an hour &amp; watch my interview below?   We will find the truth together.",True,NEUTRAL,2,0.5,"The tweet mentions @michael_saylor's $1 billion bet on #Bitcoin, but it does not clearly express a bullish or bearish sentiment towards BTC within the next hour.",BTC,michael_saylor,Saylor,2020-11-22T22:29:50Z
BTC,data/BTC influencer tweets.csv,143,1.3308794643734487e+18,https://x.com/michael_saylor/status/1330879464373448704,Investing in #Bitcoin &amp; #Gold because you are looking to store your value is like investing in Apple &amp; Kodak because you are looking to store your photos.,True,BUY,4,0.7,"The tweet is directly related to BTC and coming from a highly influential source, Michael Saylor. He mentions investing in Bitcoin and Gold as a store of value, which may create short-term buying interest.",BTC,michael_saylor,Saylor,2020-11-23T14:22:45Z
BTC,data/BTC influencer tweets.csv,144,1.3309397958922977e+18,https://x.com/michael_saylor/status/1330939795892297730,The beneficially marriage of Big Tech &amp; #Bitcoin - PayPal gets a reserve asset that has been appreciating more than 100% per year vs. USD for the past decade.   Bitcoin gets a mobile payment network &amp; currency compliance protocols.   https://t.co/rDva4LHtUo,True,BUY,4,0.9,"The tweet is directly related to BTC and mentions its appreciation rate, which may create short-term buying interest because it comes from a highly influential account.",BTC,michael_saylor,Saylor,2020-11-23T18:22:29Z
BTC,data/BTC influencer tweets.csv,145,1.3312331529840968e+18,https://x.com/michael_saylor/status/1331233152984096768,"#Gold delivers financial freedom via horse, buggy, &amp; stagecoach.   #Bitcoin is a crypto-powered warp drive.   When the monetary mass transit system of the modern state breaks down, we might go back to an economy powered by horses, donkeys &amp; mules, but I doubt it.",True,NEUTRAL,1,0.5,The tweet mentions Bitcoin but provides ambiguous and historical context that does not clearly indicate a short-term price direction.,BTC,michael_saylor,Saylor,2020-11-24T13:48:11Z
BTC,data/BTC influencer tweets.csv,146,1.3317352831890964e+18,https://x.com/michael_saylor/status/1331735283189096449,"#Bitcoin is the world's best treasury reserve asset, the emerging dominant monetary network, and the solution to the store of value problem faced by 7.5 billion people &amp; $300 trillion in capital.  At this point, it is all but unstoppable.",True,BUY,5,0.95,"The tweet is directly related to BTC and the statement from a highly influential source, Michael Saylor, describes Bitcoin as 'all but unstoppable', which are clear bullish factors.",BTC,michael_saylor,Saylor,2020-11-25T23:03:28Z
BTC,data/BTC influencer tweets.csv,147,1.3319971830848102e+18,https://x.com/michael_saylor/status/1331997183084810240,"All my best investments were in networks that everyone needed, no one could stop, and few understood.  #Bitcoin is the monetary network.",True,BUY,4,0.8,"The tweet is directly related to BTC and the quote from Michael Saylor, a well-known Bitcoin proponent, describes it as a monetary network that everyone needs.",BTC,michael_saylor,Saylor,2020-11-26T16:24:10Z
BTC,data/BTC influencer tweets.csv,148,1.332317650786128e+18,https://x.com/michael_saylor/status/1332317650786127880,The signal is monetary expansion everywhere.  The problem is people are going to lose half their wealth in a few years.  The solution is #Bitcoin.  The rest is noise.,True,BUY,5,0.9,"The tweet is directly related to BTC and mentions it as the solution to monetary expansion and wealth preservation, which are clear bullish factors.",BTC,michael_saylor,Saylor,2020-11-27T13:37:35Z
BTC,data/BTC influencer tweets.csv,149,1.3324266597572403e+18,https://x.com/michael_saylor/status/1332426659757240322,"@Nouriel #Bitcoin is not a currency, payment network, or exchange.  It is a store of value.  You don’t address the manipulation of interest rates &amp; sovereign debt, the threats of monetary inflation, nor offer a solution to the people, so these criticisms are irrelevant &amp; not constructive.",True,NEUTRAL,1,0.5,The tweet mentions Bitcoin as a store of value but does not provide clear bullish or bearish information for the short-term market direction.,BTC,michael_saylor,Saylor,2020-11-27T20:50:45Z
BTC,data/BTC influencer tweets.csv,150,1.3327101628644762e+18,https://x.com/michael_saylor/status/1332710162864476161,"First we put our communications, advertisements, inquiries, opinions, resumes, relationships, photos, music, &amp; movies on the network.  Now we are going to put our money on the network.  If you missed Microsoft, Apple, Amazon, Google &amp; Facebook, you might want to catch #Bitcoin.",True,BUY,4,0.9,"The tweet is directly related to BTC and comes from the CEO of MicroStrategy, an influential figure in the crypto space.",BTC,michael_saylor,Saylor,2020-11-28T15:37:18Z
BTC,data/BTC influencer tweets.csv,151,1.333040529005826e+18,https://x.com/michael_saylor/status/1333040529005826049,"You can struggle to comprehend complicated charts, analyze arbitrary assets, time terrible trades, &amp; prioritize puzzling portfolios, or you can buy #Bitcoin.",True,BUY,4,0.8,The tweet is directly related to BTC and the statement from a highly influential source (michael_saylor) may create short-term buying interest.,BTC,michael_saylor,Saylor,2020-11-29T13:30:03Z
BTC,data/BTC influencer tweets.csv,152,1.3330705474298225e+18,https://x.com/michael_saylor/status/1333070547429822464,"The same logic that compels engineers to prefer steel, aluminum, &amp; oxygen for building, flying, &amp; breathing leads me to prefer #Bitcoin for saving.",True,BUY,4,0.8,"The tweet is directly related to BTC and it praises the use of Bitcoin for saving, coming from a highly influential account.",BTC,michael_saylor,Saylor,2020-11-29T15:29:20Z
BTC,data/BTC influencer tweets.csv,153,1.3334167149781445e+18,https://x.com/michael_saylor/status/1333416714978144257,"Over the Thanksgiving holiday weekend, #Bitcoin operated uninterrupted for 113.5 hours vs. 3.5 hours for US capital markets.  Networks from Google, Apple, Facebook, &amp; Amazon also operated uninterrupted.  No one is going to settle for 3.1% availability from their monetary network.",True,BUY,5,0.9,"The tweet is directly related to BTC and highlights its uninterrupted operation during the Thanksgiving holiday weekend, comparing it favorably to US capital markets.",BTC,michael_saylor,Saylor,2020-11-30T14:24:53Z
BTC,data/BTC influencer tweets.csv,154,1.3334683516627968e+18,https://x.com/michael_saylor/status/1333468351662796801,"#Bitcoin is the world’s best treasury reserve asset &amp; the emerging dominant monetary network.  It is the solution to the store of value problem faced by every individual, corporation, &amp; government on earth.  As this news gets out, the world is going to change for the better.",True,BUY,5,0.9,"The tweet is directly related to BTC and describes it as the world's best treasury reserve asset, which is a clear bullish factor.",BTC,michael_saylor,Saylor,2020-11-30T17:50:04Z
BTC,data/BTC influencer tweets.csv,155,1.3337809277644268e+18,https://x.com/michael_saylor/status/1333780927764426753,Questioning the intrinsic value of #Bitcoin is about as silly as questioning the intrinsic value of New York City.,True,BUY,4,0.9,"The tweet is directly related to BTC and compares questioning its intrinsic value to questioning the value of New York City, implying that BTC has inherent worth.",BTC,michael_saylor,Saylor,2020-12-01T14:32:08Z
BTC,data/BTC influencer tweets.csv,156,1.3338259405735936e+18,https://x.com/michael_saylor/status/1333825940573593600,"You don't have to invest all your money in #Bitcoin, just the money you want to keep.   https://t.co/bQjYkvRa1S",True,BUY,4,0.7,"The tweet is from an influential source, Michael Saylor, and encourages users to keep some money in Bitcoin, which may increase demand and short-term price.",BTC,michael_saylor,Saylor,2020-12-01T17:31:00Z
BTC,data/BTC influencer tweets.csv,157,1.3338396568284774e+18,https://x.com/michael_saylor/status/1333839656828477446,"Should the currency lose pressure, #Bitcoin masks will drop from the overhead area. Please place the mask over your own mouth and nose before assisting others.   https://t.co/QLtXG0rRC5",True,BUY,4,0.8,"The tweet is directly related to BTC and mentions a potential drop in Bitcoin's price, which could be considered bullish for short-term buying interest.",BTC,michael_saylor,Saylor,2020-12-01T18:25:30Z
BTC,data/BTC influencer tweets.csv,158,1.3341373153761649e+18,https://x.com/michael_saylor/status/1334137315376164865,"In keeping with the spirit of #Bitcoin, I have decided to open source my cyber hornet twitter banner.  https://t.co/7jqktdrlSz",True,BUY,4,0.7,"The tweet is related to BTC and mentions Michael Saylor, a well-known advocate for Bitcoin.",BTC,michael_saylor,Saylor,2020-12-02T14:08:17Z
BTC,data/BTC influencer tweets.csv,159,1.3347533429128233e+18,https://x.com/jack/status/1334753342912823296,@EdwardY79636259 @CashApp Don’t need to buy 1 Bitcoin. Buy a fraction. #stacksats,True,NEUTRAL,1,0.5,"The tweet mentions BTC, but it's a general advice to buy a fraction of Bitcoin rather than a specific market direction or event.",BTC,jack,Jack Dorsey,2020-12-04T06:56:10Z
BTC,data/BTC influencer tweets.csv,160,1.3349241574532751e+18,https://x.com/michael_saylor/status/1334924157453275138,"For #Bitcoin to emerge as the world's monetary network &amp; empower billions of people, we will need to embrace a diverse set of evolving requirements from individuals, institutions, &amp; governments with optimism, patience, humility &amp; good cheer.",True,BUY,4,0.8,"The tweet is directly related to BTC and emphasizes a positive vision for its adoption as the world's monetary network, which may increase optimism and demand.",BTC,michael_saylor,Saylor,2020-12-04T18:14:55Z
BTC,data/BTC influencer tweets.csv,161,1.334958046355841e+18,https://x.com/michael_saylor/status/1334958046355841034,"Looking forward to my discussion with @cz_binance  next Tuesday as we explore ways to attract tens of trillions of new capital from investors &amp; spread the power of #Bitcoin to billions of users around the world.  Just my words, of course - he probably has greater ambitions 🔥 🚀",True,BUY,4,0.8,"The tweet is directly related to BTC and mentions a discussion with @cz_binance about attracting new capital, which may increase demand for BTC.",BTC,michael_saylor,Saylor,2020-12-04T20:29:35Z
BTC,data/BTC influencer tweets.csv,162,1.3349907914968842e+18,https://x.com/michael_saylor/status/1334990791496884224,"MicroStrategy has purchased approximately 2,574 bitcoins for $50.0 million in cash in accordance with its Treasury Reserve Policy, at an average price of approximately $19,427 per bitcoin. We now hold approximately 40,824 bitcoins.   https://t.co/nwZcM9zAXZ",True,BUY,5,0.9,"The tweet is directly related to BTC and describes a large purchase of approximately 2,574 bitcoins at an average price of $19,427 per bitcoin, which is a clear bullish factor.",BTC,michael_saylor,Saylor,2020-12-04T22:39:42Z
BTC,data/BTC influencer tweets.csv,163,1.3352173047124746e+18,https://x.com/michael_saylor/status/1335217304712474649,"If you don’t fantasize about flaunting it, floating in it, flying in it, frolicking with it, fortifying it, or fighting over it, you should probably play it safe and just buy #Bitcoin.",True,BUY,4,0.8,"The tweet is directly related to BTC and the quote from Michael Saylor, a well-known Bitcoin advocate, may create short-term buying interest.",BTC,michael_saylor,Saylor,2020-12-05T13:39:47Z
BTC,data/BTC influencer tweets.csv,164,1.337468263329108e+18,https://x.com/michael_saylor/status/1337468263329107968,"Every investor is in danger of losing their wealth due to the great monetary inflation.  We all need a Store of Value that is not based on fiat.  #Bitcoin is The Solution – an investment grade, safe haven, treasury reserve asset.  #BTC is our best  https://t.co/Rvf2JvyHMb.",True,BUY,4,0.9,"The tweet is directly related to BTC and describes it as a Store of Value, safe haven, and treasury reserve asset, which are clear bullish factors.",BTC,michael_saylor,Saylor,2020-12-11T18:44:17Z
BTC,data/BTC influencer tweets.csv,165,1.337556139018494e+18,https://x.com/michael_saylor/status/1337556139018493952,"#Bitcoin &amp; Superhero Theory, Indestructible trumps Deadly, Antifragile Aces, Death from Above, Sea, Air &amp; Space Power, Fighting against Gravity, History determined by Energy &amp; the Laws of Thermodynamics, Technology is Magic .     https://t.co/OImFK5M31c",True,NEUTRAL,1,0.4,The tweet mentions Bitcoin but lacks enough context to determine a short-term price direction.,BTC,michael_saylor,Saylor,2020-12-12T00:33:28Z
BTC,data/BTC influencer tweets.csv,166,1.337556620839166e+18,https://x.com/michael_saylor/status/1337556620839165952,"MicroStrategy is not an investment company (IC) per the 1940 Investment Co. Act.  An IC is a co. that invests ≥ 40% of assets (less cash &amp; govt securities) in “securities”.  Per the SEC, #BTC isn’t a security.   Ergo, holding BTC doesn’t cause MicroStrategy to become an IC.",True,NEUTRAL,2,0.6,"The tweet mentions BTC and clarifies its classification under the SEC, but it lacks clear bullish or bearish information for a short-term market reaction.",BTC,michael_saylor,Saylor,2020-12-12T00:35:23Z
BTC,data/BTC influencer tweets.csv,167,1.3375568907426245e+18,https://x.com/michael_saylor/status/1337556890742624259,"MicroStrategy is not an ETF/ETP.  ETFs &amp; ETPs exist to invest in stocks, bonds or commodities – they’re investment companies per ’40 Act. Like Apple &amp; Microsoft, MicroStrategy is an operating company traded on a stock exchange. We just happen to hold BTC in our treasury reserves.",True,NEUTRAL,2,0.6,"The tweet is directly related to BTC, but it does not provide clear short-term price direction information.",BTC,michael_saylor,Saylor,2020-12-12T00:36:28Z
BTC,data/BTC influencer tweets.csv,168,1.3377837080410276e+18,https://x.com/michael_saylor/status/1337783708041027585,"#Bitcoin is the first engineered monetary network, based on the same principles used to design planes, trains, &amp; automobiles, highways, bridges, &amp; railroads, ports, airports, &amp; cities, telephones, power grids, &amp; the internet. Fix the money, fix the world.   https://t.co/vWK3nJn2EM",True,BUY,4,0.8,"The tweet is directly related to BTC and describes it as an 'engineered monetary network', which may increase interest and demand in the short-term market reaction window.",BTC,michael_saylor,Saylor,2020-12-12T15:37:45Z
BTC,data/BTC influencer tweets.csv,169,1.3381434586163732e+18,https://x.com/michael_saylor/status/1338143458616373248,"Crypto exchanges would benefit if they segmented the market &amp; compared the liquidity, volatility, &amp; risk adjusted returns of #BTC to debt, equity, gold, &amp; real estate. To grow by 100x we need to channel money from the asset ocean into the crypto pond. 🚀    https://t.co/yjt5oFqtS7",True,BUY,5,0.9,"The tweet is directly related to BTC and a highly influential source, Michael Saylor, is comparing the market performance of BTC with traditional assets, which may increase demand and interest in BTC.",BTC,michael_saylor,Saylor,2020-12-13T15:27:16Z
BTC,data/BTC influencer tweets.csv,170,1.338488969781244e+18,https://x.com/michael_saylor/status/1338488969781243906,"Gradually then suddenly, thoughtful investors will realize that the riskiest decision they can make is to ignore or under-allocate to #Bitcoin.  A decision to invest 1% in #BTC is a decision to underperform, increase risk, or destroy wealth in the other 99% of the portfolio.",True,BUY,5,0.9,"The tweet is directly related to BTC and the statement from Michael Saylor, a well-known Bitcoin advocate, may increase confidence in the cryptocurrency and drive short-term buying interest.",BTC,michael_saylor,Saylor,2020-12-14T14:20:12Z
BTC,data/BTC influencer tweets.csv,171,1.3388448740875223e+18,https://x.com/michael_saylor/status/1338844874087522309,"Connect your phone to the mobile network, your computer to the data network, your home to the power network, &amp; your treasury to the monetary network.  #Bitcoin isn’t just an investment, it’s a way of life.",True,BUY,5,0.9,"The tweet is directly related to BTC and describes 'a way of life', which may increase demand and adoption, creating a bullish effect.",BTC,michael_saylor,Saylor,2020-12-15T13:54:27Z
BTC,data/BTC influencer tweets.csv,172,1.339244576314454e+18,https://x.com/michael_saylor/status/1339244576314454021,"#Bitcoin is the world’s best treasury reserve asset &amp; the emerging dominant monetary network.  It is the solution to the store of value problem faced by every individual, corporation, &amp; government on earth.",True,BUY,5,0.9,"The tweet is directly related to BTC and describes it as the world's best treasury reserve asset, which is a clear bullish factor.",BTC,michael_saylor,Saylor,2020-12-16T16:22:43Z
BTC,data/BTC influencer tweets.csv,173,1.3393558044496978e+18,https://x.com/jack/status/1339355804449697792,Boost #Bitcoin and #HODL  https://t.co/4HTiSLPoHu,True,BUY,4,0.8,"The tweet mentions boosting Bitcoin and HODLing, which are clear bullish factors for the short-term market direction.",BTC,jack,Jack Dorsey,2020-12-16T23:44:42Z
BTC,data/BTC influencer tweets.csv,174,1.3399373017161523e+18,https://x.com/michael_saylor/status/1339937301716152320,Investing 1% of your portfolio in #Bitcoin is like providing 1% of your citizens water &amp; electricity.,True,BUY,5,0.9,"The tweet is directly related to BTC and the quote from Michael Saylor, a prominent advocate for Bitcoin, implies that investing in Bitcoin has significant benefits, which may increase demand and price.",BTC,michael_saylor,Saylor,2020-12-18T14:15:22Z
BTC,data/BTC influencer tweets.csv,175,1.3399753257369518e+18,https://x.com/michael_saylor/status/1339975325736951811,Big Tech will need to integrate their products with #Bitcoin to stay competitive.  All companies will need to convert their treasuries to #BTC to stay solvent.   https://t.co/AFbGlNREuD,True,BUY,5,0.9,"The tweet is directly related to BTC and describes the need for Big Tech companies to integrate their products with #Bitcoin, which may lead to increased adoption and demand.",BTC,michael_saylor,Saylor,2020-12-18T16:46:27Z
BTC,data/BTC influencer tweets.csv,176,1.3403025686317588e+18,https://x.com/michael_saylor/status/1340302568631758856,"#Bitcoin is an engineered monetary network.  The first of its kind.  A paradigm shift in the history of money.  Everyone needs it, no one can stop it, few understand it.   We are still early.   https://t.co/ivN3iAOjtX",True,BUY,4,0.8,"The tweet is directly related to BTC and describes it as an 'engineered monetary network' with a 'paradigm shift in the history of money', which are clear bullish factors.",BTC,michael_saylor,Saylor,2020-12-19T14:26:48Z
BTC,data/BTC influencer tweets.csv,177,1.3406432559905587e+18,https://x.com/michael_saylor/status/1340643255990558722,Working harder to earn a currency made weaker to invest in assets growing riskier is a road to serfdom.   #Bitcoin is the path to prosperity.,True,BUY,5,0.9,The tweet is directly related to BTC and the quote from Michael Saylor emphasizes the value of Bitcoin as a path to prosperity.,BTC,michael_saylor,Saylor,2020-12-20T13:00:34Z
BTC,data/BTC influencer tweets.csv,178,1.3406650675709133e+18,https://x.com/michael_saylor/status/1340665067570913280,"@elonmusk If you want to do your shareholders a $100 billion favor, convert the $TSLA balance sheet from USD to #BTC.  Other firms on the S&amp;P 500 would follow your lead &amp; in time it would grow to become a $1 trillion favor.",True,BUY,5,0.9,"The tweet is directly related to BTC and comes from an influential source, suggesting that converting Tesla's balance sheet to Bitcoin would be a significant favor to shareholders, potentially leading to increased adoption and value.",BTC,michael_saylor,Saylor,2020-12-20T14:27:15Z
BTC,data/BTC influencer tweets.csv,179,1.3406793879985275e+18,https://x.com/michael_saylor/status/1340679387998527489,@elonmusk Yes.   I have purchased over $1.3 billion in #BTC in past months &amp; would be happy to share my playbook with you offline - from one rocket scientist to another.,True,BUY,5,0.9,"The tweet is directly related to BTC and comes from a highly influential source, Michael Saylor, who has purchased over $1.3 billion in #BTC in past months.",BTC,michael_saylor,Saylor,2020-12-20T15:24:09Z
BTC,data/BTC influencer tweets.csv,180,1.3410066914087526e+18,https://x.com/michael_saylor/status/1341006691408752640,"MicroStrategy has purchased an additional 29,646 bitcoins for $650 million at an average price of $21,925 per #bitcoin and now #hodl an aggregate of 70,470 bitcoins purchased for $1.125 billion at an average price of $15,964 per bitcoin.   https://t.co/j6wVLXIzoa",True,BUY,5,1.0,"The tweet is directly related to BTC and describes a significant purchase of 29,646 bitcoins by MicroStrategy at an average price of $21,925 per bitcoin, which may increase demand for BTC.",BTC,michael_saylor,Saylor,2020-12-21T13:04:44Z
BTC,data/BTC influencer tweets.csv,181,1.3410434320144343e+18,https://x.com/michael_saylor/status/1341043432014434307,"Humans prosper by channeling energy. Money is the highest form of energy. Civilization forms on energy networks. #Bitcoin is the most efficient energy network in history. The fallacy of fiat, equity, property, gold, &amp; commodities as stores of value.   https://t.co/UkUlRIV2Da",True,BUY,4,0.8,"The tweet is directly related to BTC and describes it as the most efficient energy network in history, which is a clear bullish factor.",BTC,michael_saylor,Saylor,2020-12-21T15:30:44Z
BTC,data/BTC influencer tweets.csv,182,1.3411058217998664e+18,https://x.com/michael_saylor/status/1341105821799866368,"#Bitcoin is like a battery charged with monetary energy.   Since a rational investment time horizon is ~4 years, as long as the price is trading above the 200 week moving average (200WMA), the network is powering up.  The more intensely it trades, the faster #BTC absorbs energy.",True,NEUTRAL,3,0.6,"The tweet is directly related to BTC and mentions the 200 week moving average, but it lacks enough context for a clear short-term price direction.",BTC,michael_saylor,Saylor,2020-12-21T19:38:39Z
BTC,data/BTC influencer tweets.csv,183,1.3414138419687547e+18,https://x.com/michael_saylor/status/1341413841968754695,"Money is flowing out of conventional assets into #Bitcoin due to the escalating risks of global currency devaluation, technology disruption, social dislocation &amp; political uncertainty.  This is not a “rally” or “bubble” – it’s a chain reaction spreading like a fire in cyberspace.",True,BUY,5,0.9,"The tweet is directly related to BTC and describes a shift in investor sentiment due to global risks, which may increase demand for Bitcoin.",BTC,michael_saylor,Saylor,2020-12-22T16:02:36Z
BTC,data/BTC influencer tweets.csv,184,1.3414937130387003e+18,https://x.com/michael_saylor/status/1341493713038700549,#BTC is an institutional grade safe haven asset &amp; solution to the store of value problem faced by everyone.  #Bitcoin is the first digital monetary network.  Corporations should convert the USD on their balance sheets to BTC to maximize shareholder value.  https://t.co/CoaVKCeu8a,True,BUY,5,0.9,"The tweet is directly related to BTC and describes it as an institutional grade safe haven asset, which is a clear bullish factor.",BTC,michael_saylor,Saylor,2020-12-22T21:19:59Z
BTC,data/BTC influencer tweets.csv,185,1.3416118268287304e+18,https://x.com/michael_saylor/status/1341611826828730369,"In depth views on inflation vectors, digital networks, mobile wave, big tech, deflation, cost of capital, valuing fiat assets, zombie economies, wealth disparity, road to serfdom, moral hazard, finance strategy, flavors of money, bitcoin strategy &amp; growth, decentralized banking.",True,NEUTRAL,2,0.4,"The tweet mentions various economic and financial concepts related to Bitcoin, but it lacks specific information about the short-term price direction of BTC.",BTC,michael_saylor,Saylor,2020-12-23T05:09:20Z
BTC,data/BTC influencer tweets.csv,186,1.3417492172079675e+18,https://x.com/michael_saylor/status/1341749217207967745,"Advanced Monetary Theory, Thermodynamics, Debt Fragility, Currency Toxicity, Virtues of Teamwork, Syndicated Energy, Store of Value vs. Medium of Exchange, Monetary Frequency, #Hodl Theory, Immortality, Bitcoin Value Drivers - Adoption, Technology, Inflation. Natural Laws &amp; Truth",True,NEUTRAL,2,0.5,"The tweet mentions Bitcoin and various economic concepts, but it lacks enough specific context to determine a clear short-term price direction.",BTC,michael_saylor,Saylor,2020-12-23T14:15:16Z
BTC,data/BTC influencer tweets.csv,187,1.3417576026996e+18,https://x.com/michael_saylor/status/1341757602699599874,"We all need an investment strategy in the face of unprecedented monetary expansion &amp; uncertainty. @MicroStrategy used HyperIntelligence® to track risk-adjusted returns of currencies, indexes, metals, stocks, &amp; bonds vs BTC.  It is hard to beat a #Bitcoin  https://t.co/uGbtzwJ4Pu.",True,BUY,4,0.9,"The tweet is directly related to BTC and mentions a successful investment strategy using HyperIntelligence to track risk-adjusted returns of various assets, including Bitcoin.",BTC,michael_saylor,Saylor,2020-12-23T14:48:35Z
BTC,data/BTC influencer tweets.csv,188,1.3418023944436408e+18,https://x.com/jack/status/1341802394443640832,This is very well done @bluewalletio #Bitcoin  https://t.co/b8Glsa6YHF,True,BUY,3,0.8,The tweet directly praises Bitcoin and may create short-term buying interest because it comes from a user @jack.,BTC,jack,Jack Dorsey,2020-12-23T17:46:34Z
BTC,data/BTC influencer tweets.csv,189,1.341869359552213e+18,https://x.com/michael_saylor/status/1341869359552212999,"#Bitcoin is the first engineered safe-haven asset running on the worlds's first digital monetary network.  As investors lose faith in Gold &amp; Bonds as safe haven assets, it makes sense for all firms to have a Bitcoin strategy.   https://t.co/kQ052tIeMG via @YouTube",True,BUY,5,0.9,"The tweet is directly related to BTC and the statement by Michael Saylor, a well-known Bitcoin advocate and CEO of MicroStrategy, highlights the potential for Bitcoin as a safe-haven asset, which may increase demand and price.",BTC,michael_saylor,Saylor,2020-12-23T22:12:40Z
BTC,data/BTC influencer tweets.csv,190,1.342103494698926e+18,https://x.com/michael_saylor/status/1342103494698926080,"Whenever someone questions our #Bitcoin Strategy, I always wonder what advice the critic would give to the 44 million people in Argentina.  https://t.co/q9kRV1rJNp",True,NEUTRAL,2,0.5,"The tweet mentions BTC and criticizes an unknown advice given to the people of Argentina, but it lacks enough visible context to determine a short-term BTC price direction.",BTC,michael_saylor,Saylor,2020-12-24T13:43:02Z
BTC,data/BTC influencer tweets.csv,191,1.3428277288783667e+18,https://x.com/michael_saylor/status/1342827728878366723,"Cash is a refuge from risk, but there is a price to pay.  Would you sacrifice 98% of your opportunity to avoid the uncertainty of tomorrow?  Volatility is Vitality.  #Bitcoin is Hope.  https://t.co/TA4hVzKkHw",True,BUY,5,0.8,"The tweet is directly related to BTC and describes volatility as vitality, which may create short-term buying interest because it comes from an influential account (Michael Saylor). The mention of Bitcoin being 'Hope' also supports a bullish interpretation.",BTC,michael_saylor,Saylor,2020-12-26T13:40:53Z
BTC,data/BTC influencer tweets.csv,192,1.3435693700150067e+18,https://x.com/michael_saylor/status/1343569370015006721,#Bitcoin is the world's first engineered safe-haven asset running on the world's first digital monetary network.,True,BUY,5,0.9,"The tweet is directly related to BTC and describes it as the world's first engineered safe-haven asset, which may increase demand and support its price.",BTC,michael_saylor,Saylor,2020-12-28T14:47:54Z
BTC,data/BTC influencer tweets.csv,193,1.3435752988189204e+18,https://x.com/michael_saylor/status/1343575298818920448,"#Bitcoin is Digital Gold - Harder, Smarter, Stronger, &amp; Faster, Cyber Hornet Theory, Active &amp; Organic Defenses, Fragility of Chinese Walls &amp; Gatekeepers, Darwinian Response &amp; Network Evolution, Smart Money, Monetary Force &amp; Acceleration, Fast BTC Energy.    https://t.co/LdxBHkwtJx",True,BUY,4,0.9,"The tweet is directly related to BTC and describes it as 'Digital Gold', which may increase demand and attract more investors.",BTC,michael_saylor,Saylor,2020-12-28T15:11:28Z
BTC,data/BTC influencer tweets.csv,194,1.344298061904937e+18,https://x.com/michael_saylor/status/1344298061904936960,The destiny of money is to be encrypted.   #Bitcoin,True,BUY,4,0.8,"The tweet is directly related to BTC and 'The destiny of money is to be encrypted' is a strong bullish statement from a highly influential account, Michael Saylor.",BTC,michael_saylor,Saylor,2020-12-30T15:03:28Z
BTC,data/BTC influencer tweets.csv,195,1.3443312946548165e+18,https://x.com/michael_saylor/status/1344331294654816256,@RussellOkung @VinceBiegel @PrestonPysh Congratulations on being a #Bitcoin pioneer.  I expect that others will follow your lead.,True,BUY,5,0.9,"The tweet is directly related to BTC and comes from Michael Saylor, a prominent BTC advocate. He praises others for being Bitcoin pioneers and expects others to follow their lead.",BTC,michael_saylor,Saylor,2020-12-30T17:15:31Z
BTC,data/BTC influencer tweets.csv,196,1.344659862370873e+18,https://x.com/michael_saylor/status/1344659862370873344,"Satoshi created a city in cyberspace, composed of 21 million city blocks, for the 21st century.  In 2021,  everyone will want a place there.  #Bitcoin",True,BUY,4,0.8,"The tweet is directly related to BTC and mentions that everyone will want a place in the city created by Satoshi, which can be interpreted as an increase in demand for Bitcoin.",BTC,michael_saylor,Saylor,2020-12-31T15:01:08Z
BTC,data/BTC influencer tweets.csv,197,1.344667819963777e+18,https://x.com/michael_saylor/status/1344667819963777032,#Bitcoin is the solution.   Everything else is just noise.,True,BUY,5,0.9,"The tweet is directly related to BTC and describes it as 'the solution', implying a positive sentiment.",BTC,michael_saylor,Saylor,2020-12-31T15:32:45Z
BTC,data/BTC influencer tweets.csv,198,1.3449994604730982e+18,https://x.com/michael_saylor/status/1344999460473098241,"If you wish to leave the world a better place, you need to leave the money to pay for it.  #Bitcoin   https://t.co/tjcxn9VjBD",True,NEUTRAL,2,0.5,"The tweet mentions Bitcoin and comes from a well-known influential account, but it is too vague to determine the short-term market direction.",BTC,michael_saylor,Saylor,2021-01-01T13:30:34Z
BTC,data/BTC influencer tweets.csv,199,1.3453570012080292e+18,https://x.com/michael_saylor/status/1345357001208029184,"In the 21st year of the 21st century, 21 million coins offer hope 2 every 1.   #Bitcoin",True,BUY,5,0.9,The tweet is directly related to BTC and 'hope' from a major figure like Michael Saylor may increase buying interest.,BTC,michael_saylor,Saylor,2021-01-02T13:11:19Z
BTC,data/BTC influencer tweets.csv,200,1.3454741367562732e+18,https://x.com/jack/status/1345474136756273152,Follow #bitcoin:  https://t.co/OfCW18tM4l,False,NEUTRAL,0,0.9,The tweet is unrelated to BTC or its market direction.,BTC,jack,Jack Dorsey,2021-01-02T20:56:46Z
BTC,data/BTC influencer tweets.csv,201,1.3455964246799565e+18,https://x.com/jack/status/1345596424679956481,#Bitcoin Security Guide  https://t.co/SscJNiO64E,True,NEUTRAL,2,0.5,The tweet mentions Bitcoin Security Guide but does not provide clear information about the content or its market impact.,BTC,jack,Jack Dorsey,2021-01-03T05:02:42Z
BTC,data/BTC influencer tweets.csv,202,1.345605607206736e+18,https://x.com/jack/status/1345605607206735873,Happy birthday #Bitcoin,True,NEUTRAL,1,0.3,"The tweet mentions BTC with a hashtag, but it is simply a birthday wish and lacks enough context to determine a short-term price direction.",BTC,jack,Jack Dorsey,2021-01-03T05:39:11Z
BTC,data/BTC influencer tweets.csv,203,1.345852632385155e+18,https://x.com/michael_saylor/status/1345852632385155078,"On the 1st business day of 2021, #Bitcoin takes its rightful place atop the Financial Times.   “No force on earth can stop an idea whose time has come”― Victor Hugo",True,BUY,4,0.8,"The tweet is directly related to BTC and mentions it taking its rightful place atop the Financial Times, which suggests a positive sentiment for BTC.",BTC,michael_saylor,Saylor,2021-01-03T22:00:46Z
BTC,data/BTC influencer tweets.csv,204,1.3461880922107249e+18,https://x.com/jack/status/1346188092210724864,"Our comments on FinCen’s rule proposal on #bitcoin and “cryptocurrency.”  We believe this rule will do the opposite of what it intends, will leave people out of participating fully in the economy, and that it being rushed prevents better solutions.   https://t.co/VRXYpLg8Mw",True,NEUTRAL,2,0.5,"The tweet mentions Bitcoin and comments on FinCen's rule proposal, but it does not provide clear bullish or bearish information for the short-term market direction.",BTC,jack,Jack Dorsey,2021-01-04T20:13:46Z
BTC,data/BTC influencer tweets.csv,205,1.3461964291744358e+18,https://x.com/michael_saylor/status/1346196429174435841,"Sound money is essential to human prosperity.  Whether you are interested in creating shareholder value, preserving wealth, leading an enterprise, securing human dignity, or elevating mankind, this letter should be required reading in 2021.  #Bitcoin    https://t.co/aFqnd8PAEN",True,BUY,4,0.8,"The tweet is directly related to BTC and it comes from a highly influential source, Michael Saylor, who is known for his support of Bitcoin.",BTC,michael_saylor,Saylor,2021-01-04T20:46:54Z
BTC,data/BTC influencer tweets.csv,206,1.3464757385311314e+18,https://x.com/michael_saylor/status/1346475738531131395,"#Bitcoin Theory, Medium of Exchange, Transactions &amp; Treasury, Tax, Optionality, Crypto Theory, Market Segments, SoV vs MoE vs UoM, Immortal Sovereignty, Morality, Endowments, Magic Power, Digital &amp; Crypto Integration, Rockefeller, Cyber Immortality   https://t.co/gCfKdIo63c",True,NEUTRAL,2,0.5,The tweet mentions #Bitcoin but lacks enough visible context to determine a short-term BTC price direction.,BTC,michael_saylor,Saylor,2021-01-05T15:16:47Z
BTC,data/BTC influencer tweets.csv,207,1.346596594314072e+18,https://x.com/michael_saylor/status/1346596594314072064,#Bitcoin is the first store of value in the world where supply is entirely unaffected by increased demand.  @Scaramucci   https://t.co/54MFBm3YEt,True,BUY,4,0.8,"The tweet is directly related to BTC and highlights its store of value features, which may increase investor interest and demand.",BTC,michael_saylor,Saylor,2021-01-05T23:17:01Z
BTC,data/BTC influencer tweets.csv,208,1.346618238214533e+18,https://x.com/michael_saylor/status/1346618238214533120,"""Warren Buffett famously called bitcoin “rat poison.” He may well be right. #Bitcoin could be rat poison, and the rat could be cash."" -Bill Miller, CFA   https://t.co/PC9OGp5mr2",True,SELL,5,0.9,"The tweet is directly related to BTC and compares it unfavorably to cash, which may decrease demand and influence the price negatively.",BTC,michael_saylor,Saylor,2021-01-06T00:43:01Z
BTC,data/BTC influencer tweets.csv,209,1.3468348736764273e+18,https://x.com/michael_saylor/status/1346834873676427264,"""Each U.S. citizen now has a choice. You can stay on the Fiat Standard, in which some people get to produce unlimited new units of money for free, just not you. Or opt in to the #Bitcoin Standard, in which no one gets to do that, including you.""  -Ross L. Stevens",True,BUY,5,0.8,"The tweet is directly related to BTC and mentions the choice between the Fiat Standard and the #Bitcoin Standard, which may increase demand for Bitcoin.",BTC,michael_saylor,Saylor,2021-01-06T15:03:51Z
BTC,data/BTC influencer tweets.csv,210,1.3471649709292872e+18,https://x.com/michael_saylor/status/1347164970929287168,"#Bitcoin is a swarm of cyber hornets serving the goddess of wisdom, feeding on the fire of truth, exponentially growing ever smarter, faster, and stronger behind a wall of encrypted energy.  https://t.co/6krl2ldyWd",True,BUY,5,0.9,The tweet is directly related to BTC and describes it as a 'swarm of cyber hornets serving the goddess of wisdom' which may create short-term buying interest due to its poetic and bullish tone.,BTC,michael_saylor,Saylor,2021-01-07T12:55:32Z
BTC,data/BTC influencer tweets.csv,211,1.347179362165076e+18,https://x.com/michael_saylor/status/1347179362165075968,Everyone needs a #Bitcoin Strategy.   https://t.co/6ET81G6XnB,True,BUY,4,0.9,"The tweet is directly related to BTC and comes from Michael Saylor, a well-known Bitcoin advocate and CEO of MicroStrategy, who likely has significant influence over the market.",BTC,michael_saylor,Saylor,2021-01-07T13:52:43Z
BTC,data/BTC influencer tweets.csv,212,1.3472270324014162e+18,https://x.com/michael_saylor/status/1347227032401416194,"#Bitcoin is Digital Gold - harder, smarter, faster, &amp; stronger.  https://t.co/b7IlNiFvEl",True,BUY,4,0.9,"The tweet is directly related to BTC and the quote from Michael Saylor, a well-known Bitcoin advocate, calls it 'Digital Gold' which may increase demand and drive price up.",BTC,michael_saylor,Saylor,2021-01-07T17:02:09Z
BTC,data/BTC influencer tweets.csv,213,1.347539067823673e+18,https://x.com/michael_saylor/status/1347539067823673345,#Bitcoin is the solution.  Everything else is noise.,True,BUY,4,0.8,"The tweet is directly related to BTC and declares #Bitcoin as the solution, implying its superiority over other assets.",BTC,michael_saylor,Saylor,2021-01-08T13:42:04Z
BTC,data/BTC influencer tweets.csv,214,1.3475815178962944e+18,https://x.com/michael_saylor/status/1347581517896294402,"""I shall be telling this with a sigh Somewhere ages and ages hence:  Two roads diverged in a wood, and I— I took the one less traveled by, And that has made all the difference.""  #Bitcoin, not Gold.",True,NEUTRAL,0,0.2,"The tweet mentions Bitcoin but only as a quote from Robert Frost's poem, and it doesn't provide any clear market direction or context.",BTC,michael_saylor,Saylor,2021-01-08T16:30:45Z
BTC,data/BTC influencer tweets.csv,215,1.3478928202213212e+18,https://x.com/michael_saylor/status/1347892820221321216,#Bitcoin is a masterpiece of monetary engineering.,True,BUY,5,0.9,The tweet is directly related to BTC and a positive comment from an influential account (michael_saylor) may create short-term buying interest.,BTC,michael_saylor,Saylor,2021-01-09T13:07:45Z
BTC,data/BTC influencer tweets.csv,216,1.3482742910753956e+18,https://x.com/michael_saylor/status/1348274291075395584,"My recent thoughts on #Bitcoin as money, the demise of Gold, de-monetizing defective assets, price discovery, hyperinflation, regulatory concerns &amp; criticisms, debt financing, crypto theory, &amp; Newtonian network dynamics shared with 200,000 cyber hornets.   https://t.co/p712F45kSR",True,BUY,4,0.8,"The tweet is directly related to BTC and contains clear bullish information from a highly influential source, Michael Saylor.",BTC,michael_saylor,Saylor,2021-01-10T14:23:35Z
BTC,data/BTC influencer tweets.csv,217,1.3487473382532792e+18,https://x.com/michael_saylor/status/1348747338253279232,"Looking forward to meeting up with @Scaramucci for Round 2 on Thursday.   I intend to tell him to sell his gold, mortgage his house, and buy more #Bitcoin.",True,BUY,5,0.9,"The tweet is directly related to BTC and a high-profile figure, Michael Saylor, recommends buying more Bitcoin.",BTC,michael_saylor,Saylor,2021-01-11T21:43:18Z
BTC,data/BTC influencer tweets.csv,218,1.348791518472135e+18,https://x.com/michael_saylor/status/1348791518472134658,Today confirms that #Bitcoin will probably not go up at the rate of 1500% per year for more than a month at a time.,True,SELL,5,0.9,"The tweet is directly related to BTC and describes a limit on its potential price growth, which is a clear bearish factor.",BTC,michael_saylor,Saylor,2021-01-12T00:38:51Z
BTC,data/BTC influencer tweets.csv,219,1.3489886805984133e+18,https://x.com/michael_saylor/status/1348988680598413312,"On Feb 3 &amp; 4, @MicroStrategy will host Bitcoin for Corporations. Join our officers, industry luminaries &amp; strategic vendors for a free, online, accelerated course in #Bitcoin strategy &amp; tactics to grow your company &amp; create shareholder value.   https://t.co/dHYPyWGxbo",True,BUY,5,0.8,"The tweet is directly related to BTC and mentions MicroStrategy hosting a free online course on Bitcoin strategy, which may increase adoption and interest in BTC.",BTC,michael_saylor,Saylor,2021-01-12T13:42:19Z
BTC,data/BTC influencer tweets.csv,220,1.3493419236272005e+18,https://x.com/michael_saylor/status/1349341923627200512,#Bitcoin is thermodynamically sound money for the economic winter that is coming.,True,BUY,4,0.8,"The tweet is directly related to BTC and the statement from Michael Saylor, the CEO of MicroStrategy, that Bitcoin is 'thermodynamically sound money for the economic winter that is coming' is a clear bullish factor.",BTC,michael_saylor,Saylor,2021-01-13T13:05:58Z
BTC,data/BTC influencer tweets.csv,221,1.3493726631233413e+18,https://x.com/michael_saylor/status/1349372663123341313,"#Bitcoin is an open, fair, &amp; equitable monetary network.  It improves as new members contribute their human &amp; financial capital, just like every country, state, city, agency, company, club, church, party, union, cooperative, association, school, institution, ideology, &amp; culture.",True,BUY,4,0.8,"The tweet is directly related to BTC and portrays it as an open, fair, and equitable monetary network which may be seen as bullish.",BTC,michael_saylor,Saylor,2021-01-13T15:08:07Z
BTC,data/BTC influencer tweets.csv,222,1.349510779033174e+18,https://x.com/jack/status/1349510779033174016,"The reason I have so much passion for #Bitcoin is largely because of the model it demonstrates: a foundational internet technology that is not controlled or influenced by any single individual or entity. This is what the internet wants to be, and over time, more of it will be.",True,BUY,4,0.8,"The tweet is directly related to BTC and praises the model it demonstrates, which may create short-term buying interest because it comes from an influential account.",BTC,jack,Jack Dorsey,2021-01-14T00:16:57Z
BTC,data/BTC influencer tweets.csv,223,1.3496962580557947e+18,https://x.com/michael_saylor/status/1349696258055794689,Powering your treasury with #Bitcoin is like powering your home with #Electricity.,True,BUY,4,0.8,"The tweet is directly related to BTC and compares using Bitcoin like powering a home with electricity, which is a clear bullish factor.",BTC,michael_saylor,Saylor,2021-01-14T12:33:58Z
BTC,data/BTC influencer tweets.csv,224,1.3497311080159273e+18,https://x.com/michael_saylor/status/1349731108015927302,"#Bitcoin is a feat of monetary engineering, and more closely described by the math, science, &amp; technique of aerospace engineering than the models of financial or software engineering.",True,BUY,5,0.9,"The tweet is directly related to BTC and describes it as a feat of monetary engineering, which may be perceived as bullish by the market.",BTC,michael_saylor,Saylor,2021-01-14T14:52:27Z
BTC,data/BTC influencer tweets.csv,225,1.3499304215266836e+18,https://x.com/michael_saylor/status/1349930421526683651,"Free Education, The Mobile Wave, The Virtual Wave, Converting to Bitcoin Standard, Debunking Crypto FUD - Tether, Quantum Attacks, Regulation, HFSP, #Bitcoin Monetary Network, Investment Time Horizon, Wealth Creation Strategy   https://t.co/D6GFROuZEq",True,NEUTRAL,2,0.4,"The tweet mentions Bitcoin Standard and the author is Michael Saylor, a well-known BTC advocate. However, the text lacks specific market-related information to confidently predict a short-term price direction.",BTC,michael_saylor,Saylor,2021-01-15T04:04:27Z
BTC,data/BTC influencer tweets.csv,226,1.34993940994952e+18,https://x.com/michael_saylor/status/1349939409949519872,"#Bitcoin is emerging in 2021 as the new, compelling institutional grade safe haven asset.  Excess cash is a drag on shareholder value in the current monetary environment, so we can expect more firms to adopt Bitcoin as a treasury reserve asset.   https://t.co/v3U697RpHv",True,BUY,4,0.9,"The tweet is directly related to BTC and describes it as a 'safe haven asset' with potential adoption in institutional settings, which are clear bullish factors.",BTC,michael_saylor,Saylor,2021-01-15T04:40:10Z
BTC,data/BTC influencer tweets.csv,227,1.3500878171379548e+18,https://x.com/michael_saylor/status/1350087817137954826,#Bitcoin is money.  Everything else is credit.,True,BUY,5,0.9,"The tweet is directly related to BTC and the statement 'Bitcoin is money. Everything else is credit' is a strong bullish factor, especially coming from Michael Saylor.",BTC,michael_saylor,Saylor,2021-01-15T14:29:53Z
BTC,data/BTC influencer tweets.csv,228,1.3504380161925489e+18,https://x.com/michael_saylor/status/1350438016192548865,"#Bitcoin is not a ponzi, fad, or bubble.  It is a bank in cyberspace, run by incorruptible software, offering a store of value to billions of people that have no better option.    https://t.co/ydhVNRukHp",True,BUY,4,0.8,"The tweet is directly related to BTC and describes it as a 'bank in cyberspace' with incorruptible software, which are clear bullish factors.",BTC,michael_saylor,Saylor,2021-01-16T13:41:27Z
BTC,data/BTC influencer tweets.csv,229,1.3508194301760922e+18,https://x.com/michael_saylor/status/1350819430176092160,#Bitcoin is thermal armor to replace your paper vest.  Winter is coming.,True,BUY,5,0.9,"The tweet is directly related to BTC and compares it to a 'paper vest', which may increase short-term demand due to the influence of the account.",BTC,michael_saylor,Saylor,2021-01-17T14:57:03Z
BTC,data/BTC influencer tweets.csv,230,1.350850142946132e+18,https://x.com/michael_saylor/status/1350850142946131970,"Rumor and speculation about stable coins, alt coins, exchanges, &amp; CBDCs are irrelevant to rational investors holding #Bitcoin as a store of value.",True,BUY,4,0.9,"The tweet is directly related to BTC and a message from @michael_saylor, the CEO of MicroStrategy, is considered influential and may create short-term buying interest.",BTC,michael_saylor,Saylor,2021-01-17T16:59:06Z
BTC,data/BTC influencer tweets.csv,231,1.3511682927660278e+18,https://x.com/michael_saylor/status/1351168292766027779,#Bitcoin is the dominant digital monetary network.  The next billion members will pay trillions to join.  You might want to join first.,True,BUY,5,0.9,"The tweet is directly related to BTC and mentions it as the dominant digital monetary network, implying its potential for growth and adoption.",BTC,michael_saylor,Saylor,2021-01-18T14:03:19Z
BTC,data/BTC influencer tweets.csv,232,1.3515427713755955e+18,https://x.com/michael_saylor/status/1351542771375595522,"Like #Bitcoin, living things are volatile.   Dead things, not so much.",True,NEUTRAL,1,0.4,"The tweet mentions BTC and uses a metaphor to compare its volatility, but the statement lacks clear context for short-term market direction.",BTC,michael_saylor,Saylor,2021-01-19T14:51:21Z
BTC,data/BTC influencer tweets.csv,233,1.351883460194009e+18,https://x.com/michael_saylor/status/1351883460194009089,"Humanity advances by engineering - civil, chemical, biomedical, metallurgical, mechanical, nautical, electrical, aeronautical, astronautical &amp; now monetary.  #Bitcoin",True,BUY,4,0.8,"The tweet is directly related to BTC and the mention of Bitcoin as a form of 'monetary engineering' by Michael Saylor, who is a well-known proponent of Bitcoin, may increase short-term buying interest.",BTC,michael_saylor,Saylor,2021-01-20T13:25:08Z
BTC,data/BTC influencer tweets.csv,234,1.351892112552452e+18,https://x.com/michael_saylor/status/1351892112552452101,"Corporations adopted oil, electricity, automobiles, and the internet.   #Bitcoin is next.   https://t.co/dHYPyWGxbo",True,BUY,4,0.8,"The tweet is directly related to BTC and a highly influential source (Michael Saylor) states that corporations adopted various technologies, implying that Bitcoin will be next, which is a clear bullish factor.",BTC,michael_saylor,Saylor,2021-01-20T13:59:31Z
BTC,data/BTC influencer tweets.csv,235,1.3523208778583163e+18,https://x.com/michael_saylor/status/1352320877858316290,Food -&gt; Fridge Content -&gt; Cloud  Bullion -&gt; #Bitcoin,True,BUY,5,0.9,The tweet is directly related to BTC and the mention of #Bitcoin by a prominent figure in the space may have a strong short-term bullish effect.,BTC,michael_saylor,Saylor,2021-01-21T18:23:16Z
BTC,data/BTC influencer tweets.csv,236,1.3523382018102477e+18,https://x.com/michael_saylor/status/1352338201810247681,Regulatory clarity will accelerate the adoption of #Bitcoin by corporations and institutional investors.   https://t.co/puesyEpMZ2,True,BUY,5,0.9,"The tweet is directly related to BTC and mentions regulatory clarity, which may increase adoption by corporations and institutional investors, resulting in a moderate to high impact on the short-term price.",BTC,michael_saylor,Saylor,2021-01-21T19:32:07Z
BTC,data/BTC influencer tweets.csv,237,1.3523487487315845e+18,https://x.com/michael_saylor/status/1352348748731584515,In support of the #Bitcoin community we are now hosting the Bitcoin White Paper on our website &amp;  https://t.co/kZl3k7Tm4h.,True,BUY,4,0.8,The tweet is directly related to BTC and making the Bitcoin White Paper available on their website may increase adoption and demand.,BTC,michael_saylor,Saylor,2021-01-21T20:14:01Z
BTC,data/BTC influencer tweets.csv,238,1.352390763083133e+18,https://x.com/michael_saylor/status/1352390763083132928,"I discuss the emergence of the #Bitcoin Standard, the risks of diversification, the non-threat of regulation, the inevitability of monetary technology, the arrival of corporations, &amp; the increase of Bitcoin's monetary force.",True,BUY,4,0.8,"The tweet is directly related to BTC and the language used by Michael Saylor, a well-known Bitcoin advocate, suggests that he is discussing the increasing influence of Bitcoin, which is a bullish factor.",BTC,michael_saylor,Saylor,2021-01-21T23:00:58Z
BTC,data/BTC influencer tweets.csv,239,1.3526147087974646e+18,https://x.com/michael_saylor/status/1352614708797464582,"MicroStrategy has purchased approximately 314 bitcoins for $10.0 million in cash in accordance with its Treasury Reserve Policy, at an average price of approximately $31,808 per bitcoin. We now hold approximately 70,784 bitcoins.   https://t.co/zMJSH29bmC",True,BUY,4,0.9,"The tweet is directly related to BTC and describes a significant purchase by MicroStrategy, a major company in the Bitcoin ecosystem.",BTC,michael_saylor,Saylor,2021-01-22T13:50:51Z
BTC,data/BTC influencer tweets.csv,240,1.3527084497175962e+18,https://x.com/michael_saylor/status/1352708449717596163,"Today, I had a good discussion with @MorganLBrennan &amp; @GuyAdami about the maturation of #Bitcoin as an asset class, the acceleration of #BTC adoption by institutions, &amp; the advantages corporations are gaining as they join the #Bitcoin monetary network.",True,BUY,4,0.8,"The tweet is directly related to BTC and describes the acceleration of adoption by institutions, which is a clear bullish factor.",BTC,michael_saylor,Saylor,2021-01-22T20:03:21Z
BTC,data/BTC influencer tweets.csv,241,1.3537046033685176e+18,https://x.com/michael_saylor/status/1353704603368517633,"Marathon Patent Group, Inc. (NASDAQ:MARA) (""Marathon"") today announced that it has purchased 4,812.66 BTC in an aggregate purchase price of $150 million via @NYDIG_BTC.   Another public company adopts #Bitcoin as a treasury reserve asset.    https://t.co/acwghygNxC",True,BUY,5,0.9,"The tweet is directly related to BTC and a public company, Marathon Patent Group, adopting Bitcoin as a treasury reserve asset is a clear bullish factor.",BTC,michael_saylor,Saylor,2021-01-25T14:01:42Z
BTC,data/BTC influencer tweets.csv,242,1.3537051856301056e+18,https://x.com/michael_saylor/status/1353705185630105601,"""We also believe that holding part of our Treasury reserves in #Bitcoin will be a better long-term strategy than holding US Dollars, similar to other forward-thinking companies like @MicroStrategy,” said Merrick Okamoto",True,BUY,5,0.9,"The tweet is directly related to BTC and Michael Saylor, MicroStrategy's CEO, stating that holding part of their Treasury reserves in #Bitcoin will be a better long-term strategy than holding US Dollars, indicating a bullish sentiment.",BTC,michael_saylor,Saylor,2021-01-25T14:04:01Z
BTC,data/BTC influencer tweets.csv,243,1.3541487669835858e+18,https://x.com/michael_saylor/status/1354148766983585793,"After Massive #Bitcoin Price Boom, Here’s Why February Could Be Very Big For Bitcoin  https://t.co/xrX4Cyo3Dv",True,BUY,4,0.8,"The tweet is directly related to BTC and the context suggests a bullish outlook for February, which may lead to short-term buying interest.",BTC,michael_saylor,Saylor,2021-01-26T19:26:39Z
BTC,data/BTC influencer tweets.csv,244,1.354505365145215e+18,https://x.com/michael_saylor/status/1354505365145214985,#Bitcoin wasn't built in a day.,True,NEUTRAL,2,0.5,"The tweet mentions Bitcoin and provides a general motivational message. However, it lacks specific market-relevant information to determine the short-term price direction.",BTC,michael_saylor,Saylor,2021-01-27T19:03:39Z
BTC,data/BTC influencer tweets.csv,245,1.354615123055358e+18,https://x.com/michael_saylor/status/1354615123055357962,"If you want the freedom to travel the world and live a nomadic lifestyle, you would do well to acquire some valuable property in cyberspace.   #Bitcoin   https://t.co/dtLZwMS8GU",True,BUY,4,0.8,"The tweet is directly related to BTC and encourages acquiring valuable property in cyberspace, which may be interpreted as a bullish signal for Bitcoin.",BTC,michael_saylor,Saylor,2021-01-28T02:19:47Z
BTC,data/BTC influencer tweets.csv,246,1.3547959987915612e+18,https://x.com/michael_saylor/status/1354795998791561221,"We are going to open source our #Bitcoin Corporate Playbook, an array of documents covering governance, legal, financial, technical &amp; accounting considerations.  Get the briefing &amp; early access at our Bitcoin for Corporations conference Feb 3/4.   https://t.co/jHAhAkIq76  https://t.co/VylvaYyyfJ",True,BUY,4,0.9,The tweet is directly related to BTC and the announcement of opening source corporate playbook may increase demand and adoption.,BTC,michael_saylor,Saylor,2021-01-28T14:18:31Z
BTC,data/BTC influencer tweets.csv,247,1.3548032134262497e+18,https://x.com/michael_saylor/status/1354803213426249729,#Bitcoin is a bank in cyberspace.   Deposit the amount of money you wish to keep.,True,BUY,4,0.8,"The tweet is directly related to BTC and the quote from Michael Saylor, a well-known Bitcoin advocate, compares BTC to a bank, which may increase its perceived value and demand.",BTC,michael_saylor,Saylor,2021-01-28T14:47:11Z
BTC,data/BTC influencer tweets.csv,248,1.354899983594619e+18,https://x.com/michael_saylor/status/1354899983594618889,"“Going forward, we continue to plan to hold our bitcoin and invest additional excess cash flows in bitcoin. Additionally, we will explore various approaches to acquire additional bitcoin as part of our overall corporate strategy.”   https://t.co/RNs8E0XF6J",True,BUY,5,0.9,"The tweet is directly related to BTC and Michael Saylor, the CEO of MicroStrategy, is a well-known advocate for Bitcoin. He announces plans to continue holding and increasing their Bitcoin holdings, which can be seen as a bullish signal.",BTC,michael_saylor,Saylor,2021-01-28T21:11:43Z
BTC,data/BTC influencer tweets.csv,249,1.3551437158248202e+18,https://x.com/michael_saylor/status/1355143715824820224,#Bitcoin is the signal and it's getting louder.,True,BUY,4,0.8,"The tweet is directly related to BTC and the phrase 'it's getting louder' implies increasing popularity, which can be a bullish factor for the Coin.",BTC,michael_saylor,Saylor,2021-01-29T13:20:13Z
BTC,data/BTC influencer tweets.csv,250,1.3555216235463557e+18,https://x.com/michael_saylor/status/1355521623546355713,"There are decades when nothing happens, and there are weeks when #bitcoin happens.",True,NEUTRAL,2,0.5,"The tweet mentions #bitcoin and comes from a well-known Bitcoin advocate, but it is a general statement about the pace of change rather than a specific market-relevant announcement or prediction.",BTC,michael_saylor,Saylor,2021-01-30T14:21:54Z
BTC,data/BTC influencer tweets.csv,251,1.3558771058259436e+18,https://x.com/michael_saylor/status/1355877105825943555,#Bitcoin is designed to transfer money from the Active to the Patient.,True,NEUTRAL,0,0.5,The tweet mentions Bitcoin but lacks enough context to determine a short-term price direction.,BTC,michael_saylor,Saylor,2021-01-31T13:54:27Z
BTC,data/BTC influencer tweets.csv,252,1.355905289359417e+18,https://x.com/michael_saylor/status/1355905289359417346,#Bitcoin is for Closers!  https://t.co/tir8mN94Ab,True,BUY,4,0.8,"The tweet is directly related to BTC and the phrase #Bitcoin is for Closers! suggests that Bitcoin has potential for growth, which may increase buying interest.",BTC,michael_saylor,Saylor,2021-01-31T15:46:27Z
BTC,data/BTC influencer tweets.csv,253,1.356233524630741e+18,https://x.com/michael_saylor/status/1356233524630740992,#Bitcoin is The Monetary Network.  People with money will join.  Then people with money will have to join.,True,BUY,4,0.8,"The tweet is directly related to BTC and the statement 'People with money will join' suggests increasing adoption, which is a bullish factor.",BTC,michael_saylor,Saylor,2021-02-01T13:30:44Z
BTC,data/BTC influencer tweets.csv,254,1.3563013774552023e+18,https://x.com/michael_saylor/status/1356301377455202305,"I have never seen so many CEOs sign up to attend one of our events.  Send yours, or come join our sessions &amp; report back to your team.  Every company can benefit from plugging into the #Bitcoin Monetary Network.",True,BUY,4,0.8,"The tweet is directly related to BTC and the message comes from Michael Saylor, a well-known Bitcoin advocate and CEO of MicroStrategy, suggesting that attending events can benefit companies by 'plugging into the #Bitcoin Monetary Network'. This implies a positive sentiment towards BTC.",BTC,michael_saylor,Saylor,2021-02-01T18:00:21Z
BTC,data/BTC influencer tweets.csv,255,1.3565731922157896e+18,https://x.com/michael_saylor/status/1356573192215789572,"My formula for success is rise early, work late, and buy #bitcoin.",True,BUY,4,0.9,"The tweet is directly related to BTC and contains a clear bullish statement from Michael Saylor, a well-known Bitcoin proponent.",BTC,michael_saylor,Saylor,2021-02-02T12:00:27Z
BTC,data/BTC influencer tweets.csv,256,1.3566001031931822e+18,https://x.com/michael_saylor/status/1356600103193182210,"MicroStrategy has purchased approximately 295 bitcoins for $10.0 million in cash, at an average price of ~ $33,808 per #bitcoin. We now #hodl ~ 71,079 bitcoins acquired for $1.145 billion at average price of ~ $16,109 per bitcoin.   https://t.co/lmj3QCgKbw",True,BUY,4,0.8,"The tweet is directly related to BTC as it describes MicroStrategy's recent purchase of approximately 295 bitcoins, which may be perceived as a bullish signal for the market.",BTC,michael_saylor,Saylor,2021-02-02T13:47:23Z
BTC,data/BTC influencer tweets.csv,257,1.356614053804839e+18,https://x.com/michael_saylor/status/1356614053804838919,Stop worrying about #Bitcoin.   The Bitcoin Standard will outlast all of us.,True,BUY,4,0.9,"The tweet is directly related to BTC and the statement by Michael Saylor, a prominent Bitcoin advocate, is likely to have a positive impact on the market.",BTC,michael_saylor,Saylor,2021-02-02T14:42:49Z
BTC,data/BTC influencer tweets.csv,258,1.3566432093934182e+18,https://x.com/michael_saylor/status/1356643209393418240,"With all due respect, #Bitcoin is not a currency and it is not replacing the dollar.  It is a monetary asset rapidly replacing Gold as a store of value.  It will coexist with fiat currencies as it attracts capital from weaker safe haven assets.  Let's discuss - @SteveForbesCEO",True,BUY,5,0.9,"The tweet is directly related to BTC and describes it as a monetary asset replacing Gold as a store of value, which are clear bullish factors coming from a highly influential account.",BTC,michael_saylor,Saylor,2021-02-02T16:38:40Z
BTC,data/BTC influencer tweets.csv,259,1.3567113517590897e+18,https://x.com/michael_saylor/status/1356711351759089668,"Check out this white paper &amp; join us tomorrow at #Bitcoin for Corporations to discuss ""Bitcoin Finance Considerations"" with Deloitte's Rob Massey (Partner &amp; Global Tax Leader) and Amy Park (Partner &amp; Blockchain / Digital Assets specialist).  https://t.co/UxxfyAaR6x",True,BUY,5,0.9,"The tweet is directly related to BTC and mentions a white paper and an event discussing 'Bitcoin Finance Considerations', which may increase interest and demand for BTC.",BTC,michael_saylor,Saylor,2021-02-02T21:09:27Z
BTC,data/BTC influencer tweets.csv,260,1.356712865827332e+18,https://x.com/michael_saylor/status/1356712865827332099,"If you are interested in the legal considerations firms face while integrating #Bitcoin into their corporate strategy, you are not alone.   We have professionals from more than 1400 firms joining us tomorrow for this discussion.  There is still time for your legal team to attend.",True,NEUTRAL,1,0.4,"The tweet mentions Bitcoin, but it lacks clear context about its market direction.",BTC,michael_saylor,Saylor,2021-02-02T21:15:28Z
BTC,data/BTC influencer tweets.csv,261,1.3569755732272087e+18,https://x.com/michael_saylor/status/1356975573227208704,"We are excited to host #Bitcoin for Corporations today.   Response has been overwhelming, all sessions are live, and we will be covering material never before presented online.  “Stuff I wish someone had told me a year ago.”  https://t.co/BKcZUGDMvi",True,BUY,4,0.8,"The tweet is directly related to BTC and its content suggests interest in Bitcoin, which may be bullish for the coin's price.",BTC,michael_saylor,Saylor,2021-02-03T14:39:22Z
BTC,data/BTC influencer tweets.csv,262,1.3573265350034104e+18,https://x.com/michael_saylor/status/1357326535003410437,"We had a surge of late registrations yesterday that maxed out our online event service provider for awhile. 20,653 official registered for #WorldNow with 5656 joining our #Bitcoin for Corporations track. If you missed it, session videos are uploaded now:   https://t.co/BKcZUGDMvi",True,NEUTRAL,2,0.6,"The tweet mentions Bitcoin as part of the event's registration statistics, but it is more about the event and its attendees rather than providing a clear short-term price direction for BTC.",BTC,michael_saylor,Saylor,2021-02-04T13:53:58Z
BTC,data/BTC influencer tweets.csv,263,1.3573313908582031e+18,https://x.com/michael_saylor/status/1357331390858203136,Today we will be interviewing 10 of the most influential leaders in the #Bitcoin marketplace live.  Yesterday I was shocked by @NYDIG Ross Stevens' estimate of $25 billion in institutional $BTC assets by year end.  Now I am wondering if anyone might beat that? Join us &amp; find out.,True,NEUTRAL,2,0.7,"The tweet mentions BTC and discusses its marketplace, but the context is more about the upcoming interview and Ross Stevens' estimate rather than a clear short-term price direction.",BTC,michael_saylor,Saylor,2021-02-04T14:13:16Z
BTC,data/BTC influencer tweets.csv,264,1.3573699388188303e+18,https://x.com/michael_saylor/status/1357369938818830337,The most important digital transformation is the digital transformation of your balance sheet.   #Bitcoin,True,BUY,4,0.8,"The tweet is directly related to BTC and mentions the 'digital transformation of your balance sheet', which may be interpreted as a positive sentiment towards Bitcoin.",BTC,michael_saylor,Saylor,2021-02-04T16:46:26Z
BTC,data/BTC influencer tweets.csv,265,1.3575887517576274e+18,https://x.com/jack/status/1357588751757627393,Running #bitcoin  https://t.co/W51ga3yrKb,True,NEUTRAL,1,0.5,"The tweet mentions the #bitcoin hashtag, but it lacks enough visible context to determine a short-term BTC price direction.",BTC,jack,Jack Dorsey,2021-02-05T07:15:55Z
BTC,data/BTC influencer tweets.csv,266,1.3577243995211735e+18,https://x.com/michael_saylor/status/1357724399521173508,24 hours. 360 degrees. 100 percent. 21 million #bitcoin.,True,NEUTRAL,1,0.5,"The tweet mentions Bitcoin and includes a phrase '100 percent', but it lacks enough visible context to determine a short-term BTC price direction.",BTC,michael_saylor,Saylor,2021-02-05T16:14:56Z
BTC,data/BTC influencer tweets.csv,267,1.3580638579489055e+18,https://x.com/michael_saylor/status/1358063857948905473,A fool and his #bitcoin are soon parted.,True,SELL,3,0.6,"The tweet is directly related to BTC and the phrase 'a fool and his #bitcoin are soon parted' has a bearish tone, implying that investors may sell their BTC.",BTC,michael_saylor,Saylor,2021-02-06T14:43:49Z
BTC,data/BTC influencer tweets.csv,268,1.3580951138058363e+18,https://x.com/michael_saylor/status/1358095113805836290,"For billions of people, #Bitcoin represents hope.",True,BUY,5,0.8,"The tweet is directly related to BTC and 'hope' may be a bullish factor for its market direction, especially coming from Michael Saylor who has been a strong advocate for Bitcoin.",BTC,michael_saylor,Saylor,2021-02-06T16:48:01Z
BTC,data/BTC influencer tweets.csv,269,1.3580981294894408e+18,https://x.com/michael_saylor/status/1358098129489440769,"Our @MicroStrategy World 2021 was a great success, with 22,031 registrants. The #Bitcoin for Corporations program attracted 8,197 attendees from 6,917 different enterprises. All sessions are free &amp; uploaded here, along with our Bitcoin Corporate Playbook.   https://t.co/8KKB7m0EvK",True,NEUTRAL,4,0.8,"The tweet is directly related to BTC and discusses the success of @MicroStrategy World 2021, including a Bitcoin for Corporations program with significant attendance numbers.",BTC,michael_saylor,Saylor,2021-02-06T17:00:00Z
BTC,data/BTC influencer tweets.csv,270,1.3581702161365115e+18,https://x.com/jack/status/1358170216136511489,@_jonasschnelli_ @gonzoucab # here's how I did it after git clone cd bitcoin/depends make cd .. ./autogen.sh ./configure --prefix=$PWD/depends/arm-apple-darwin20.3.0 make,False,NEUTRAL,0,0.9,"The tweet mentions 'bitcoin' in a technical and programming context, but it does not provide market-relevant information for the short-term price direction of BTC.",BTC,jack,Jack Dorsey,2021-02-06T21:46:27Z
BTC,data/BTC influencer tweets.csv,271,1.3584394890231316e+18,https://x.com/michael_saylor/status/1358439489023131652,I dream of cities in cyberspace built on blocks of #bitcoin.,True,BUY,4,0.8,"The tweet is directly related to BTC and the statement 'I dream of cities in cyberspace built on blocks of #bitcoin' suggests a positive view of Bitcoin's potential, which may create short-term buying interest because it comes from an influential account.",BTC,michael_saylor,Saylor,2021-02-07T15:36:27Z
BTC,data/BTC influencer tweets.csv,272,1.3587668454913516e+18,https://x.com/michael_saylor/status/1358766845491351554,Congratulations &amp; thank you to @elonmusk &amp; @Tesla on adding #Bitcoin  to their balance sheet.  The entire world will benefit from this leadership.   https://t.co/FVTepBqAI2,True,BUY,4,0.8,The tweet is directly related to BTC and the announcement of adding #Bitcoin to @Tesla's balance sheet by a highly influential figure may increase adoption and demand.,BTC,michael_saylor,Saylor,2021-02-08T13:17:15Z
BTC,data/BTC influencer tweets.csv,273,1.3588670272896492e+18,https://x.com/michael_saylor/status/1358867027289649152,Tesla $TSLA has de-risked the acquisition of #bitcoin by public companies and accelerated the digital transformation of corporate balance sheets.  Treasurers are now thinking about how to convert a non-performing asset into the best performing asset.,True,BUY,5,0.9,"The tweet is directly related to BTC and mentions a major company (Tesla) that has de-risked the acquisition of #bitcoin, which can increase demand and adoption.",BTC,michael_saylor,Saylor,2021-02-08T19:55:20Z
BTC,data/BTC influencer tweets.csv,274,1.359150911994626e+18,https://x.com/michael_saylor/status/1359150911994626054,Introducing Bitcoin for Everybody - a free course to educate the world on #bitcoin and assist anyone seeking to harness this digital monetary network to promote economic empowerment.     https://t.co/iqxv3vjHpg  https://t.co/VJz1kHiS8a,True,BUY,5,0.9,"The tweet is directly related to BTC and comes from Michael Saylor, a well-known Bitcoin advocate and entrepreneur, who introduces a free course to educate the world on #bitcoin.",BTC,michael_saylor,Saylor,2021-02-09T14:43:23Z
BTC,data/BTC influencer tweets.csv,275,1.359217537548976e+18,https://x.com/michael_saylor/status/1359217537548976145,"As corporations adopt #bitcoin as a treasury reserve asset on their balance sheets, they replace a non-performing asset with the best performing asset, choosing volatile appreciation over stable depreciation.  This Bitcoin Strategy benefits all shareholders over the long term.",True,BUY,5,0.9,"The tweet is directly related to BTC and describes a strategy adopted by corporations that benefits all shareholders, which implies long-term price appreciation.",BTC,michael_saylor,Saylor,2021-02-09T19:08:08Z
BTC,data/BTC influencer tweets.csv,276,1.3594996957484933e+18,https://x.com/michael_saylor/status/1359499695748493315,“Only buy something that you’d be perfectly happy to hold if the market shuts down for ten years.” - Warren Buffett on #Bitcoin,True,BUY,4,0.9,"The tweet is directly related to BTC and quotes Warren Buffett, a well-known investor, who emphasizes the importance of holding Bitcoin.",BTC,michael_saylor,Saylor,2021-02-10T13:49:20Z
BTC,data/BTC influencer tweets.csv,277,1.359515055369433e+18,https://x.com/michael_saylor/status/1359515055369433088,Companies that repurchase their stock with cash weaken their business.  Those that buyback stock with debt actually impoverish their business.  #Bitcoin on the balance sheet is a rational alternative that strengthens a capital structure to the benefit of all stakeholders.,True,BUY,5,0.9,"The tweet is directly related to BTC and describes Bitcoin on the balance sheet as a rational alternative that strengthens a capital structure, which is a clear bullish factor.",BTC,michael_saylor,Saylor,2021-02-10T14:50:22Z
BTC,data/BTC influencer tweets.csv,278,1.3595200131164078e+18,https://x.com/michael_saylor/status/1359520013116407809,"The coming decade will bring the digital transformation of corporate balance sheets.   #Bitcoin is digital gold &amp; the most scarce treasury asset, making it enormously accretive to shareholder value in the current monetary environment.   https://t.co/7et9ARvj8f",True,BUY,5,0.9,"The tweet is directly related to BTC and calls it 'digital gold' with a strong endorsement of its value in the current monetary environment, which are clear bullish factors from a highly influential source.",BTC,michael_saylor,Saylor,2021-02-10T15:10:04Z
BTC,data/BTC influencer tweets.csv,279,1.359523178582864e+18,https://x.com/michael_saylor/status/1359523178582863872,"I’m honored to be included in @Cointelegraph’s Top 100 notable people in blockchain, along with so many other amazing innovators. The discovery of #Bitcoin in 2020 was certainly the highlight of my year(s), and four (4) was always my favorite number.    https://t.co/cJ91IAYWC8",True,NEUTRAL,1,0.5,"The tweet mentions Bitcoin and the author is a notable figure in blockchain, but it does not provide clear short-term price direction.",BTC,michael_saylor,Saylor,2021-02-10T15:22:39Z
BTC,data/BTC influencer tweets.csv,280,1.3595908390901146e+18,https://x.com/michael_saylor/status/1359590839090114560,"My latest thoughts on monetary engineering, the #bitcoin network, longevity of protocols, folly of commodity money like gold, silver, &amp; glass beads, brand strength &amp; why Buffett should love Bitcoin, decentralized mining dynamics, macro investment strategy.  https://t.co/7IZ8GIChAt",True,BUY,5,0.9,"The tweet is directly related to BTC and comes from a highly influential source, Michael Saylor, who discusses the #bitcoin network, its longevity, and why Buffett should love Bitcoin.",BTC,michael_saylor,Saylor,2021-02-10T19:51:30Z
BTC,data/BTC influencer tweets.csv,281,1.3595946823560192e+18,https://x.com/michael_saylor/status/1359594682356019202,"#Bitcoin is engineered to convert your balance sheet from a liability to an asset. It’s a million times better than gold, it moves at the speed of light, more than 100 million people are using it now &amp; approaching 1 billion users in five years, with millennials leading the way.",True,BUY,5,0.9,"The tweet is directly related to BTC and mentions its engineering advantages over gold, increasing user base, and future growth prospects.",BTC,michael_saylor,Saylor,2021-02-10T20:06:46Z
BTC,data/BTC influencer tweets.csv,282,1.359853200279495e+18,https://x.com/michael_saylor/status/1359853200279494662,"#Bitcoin moves pretty fast.  If you don't stop and look around once in a while, you could miss it.",True,BUY,5,0.9,"The tweet is directly related to BTC and made by Michael Saylor, a prominent Bitcoin advocate, which suggests a clear bullish sentiment.",BTC,michael_saylor,Saylor,2021-02-11T13:14:02Z
BTC,data/BTC influencer tweets.csv,283,1.359918967587025e+18,https://x.com/michael_saylor/status/1359918967587024898,"If institutions want to move billion dollar blocks of money around the globe, gold is a million times more expensive than #bitcoin, and a thousand times slower.   We can’t build a modern economy on antiquated technology.",True,BUY,4,0.9,"The tweet directly compares BTC with gold and highlights the advantages of using BTC for modern economy, implying it is a bullish factor.",BTC,michael_saylor,Saylor,2021-02-11T17:35:22Z
BTC,data/BTC influencer tweets.csv,284,1.3599336671293112e+18,https://x.com/michael_saylor/status/1359933667129311234,"Last week at @MicroStrategy Bitcoin for Corporations conference, I presented my views on corporate #bitcoin strategies to preserve capital, generate income, and create shareholder value.   https://t.co/qSWSQ0f5cS",True,NEUTRAL,2,0.5,"The tweet is related to BTC, but it only mentions a conference about corporate #bitcoin strategies without providing any clear short-term price direction or market-relevant information.",BTC,michael_saylor,Saylor,2021-02-11T18:33:47Z
BTC,data/BTC influencer tweets.csv,285,1.3601148819789824e+18,https://x.com/jack/status/1360114881978982403,"JAY-Z/@S_C_ and I are giving 500 BTC to a new endowment named ₿trust to fund #Bitcoin development, initially focused on teams in Africa &amp; India. It‘ll be set up as a blind irrevocable trust, taking zero direction from us. We need 3 board members to start:  https://t.co/L4mRBryMJe",True,BUY,4,0.9,"The tweet is directly related to BTC and mentions a significant donation of 500 BTC to fund #Bitcoin development, which may increase interest and demand for the coin.",BTC,jack,Jack Dorsey,2021-02-12T06:33:52Z
BTC,data/BTC influencer tweets.csv,286,1.360201571351593e+18,https://x.com/michael_saylor/status/1360201571351592961,“The pessimist sees difficulty in every opportunity.  The optimist sees opportunity in every difficulty.” - Winston Churchill on #Bitcoin,True,NEUTRAL,1,0.5,The tweet mentions BTC but it's a quote from Winston Churchill and doesn't provide clear information about the coin's market direction.,BTC,michael_saylor,Saylor,2021-02-12T12:18:20Z
BTC,data/BTC influencer tweets.csv,287,1.36033220420377e+18,https://x.com/michael_saylor/status/1360332204203769861,“No force on earth can stop an idea whose time has come.” - Victor Hugo on #Bitcoin,True,BUY,4,0.8,"The tweet is directly related to BTC and quotes a famous quote about an idea whose time has come, which may create short-term buying interest because it comes from @michael_saylor.",BTC,michael_saylor,Saylor,2021-02-12T20:57:25Z
BTC,data/BTC influencer tweets.csv,288,1.360572922688123e+18,https://x.com/michael_saylor/status/1360572922688122885,“The secret to success is to know something nobody else knows.” - Aristotle Onassis on #Bitcoin,True,NEUTRAL,1,0.4,"The tweet mentions BTC and includes a quote from Aristotle Onassis, but it lacks enough visible context to determine a short-term BTC price direction.",BTC,michael_saylor,Saylor,2021-02-13T12:53:57Z
BTC,data/BTC influencer tweets.csv,289,1.3606016739332137e+18,https://x.com/michael_saylor/status/1360601673933213709,“Never f- with a winning streak.” - Crash Davis on #Bitcoin  https://t.co/laEG1pMw7F,True,NEUTRAL,1,0.6,"The tweet mentions #Bitcoin, but it lacks clear bullish or bearish information that could affect the short-term price direction.",BTC,michael_saylor,Saylor,2021-02-13T14:48:12Z
BTC,data/BTC influencer tweets.csv,290,1.3609556947579167e+18,https://x.com/michael_saylor/status/1360955694757916677,"""You are my heart, my life, my one and only thought."" - Arthur Conan Doyle on #Bitcoin",True,NEUTRAL,1,0.4,"The tweet is related to BTC, but the quote from Arthur Conan Doyle doesn't provide clear information about a short-term price direction.",BTC,michael_saylor,Saylor,2021-02-14T14:14:57Z
BTC,data/BTC influencer tweets.csv,291,1.3613109475209544e+18,https://x.com/michael_saylor/status/1361310947520954369,"“If life were predictable it would cease to be life, and be without flavor.” - Eleanor Roosevelt on #Bitcoin",True,NEUTRAL,2,0.5,"The tweet mentions #Bitcoin but only as a quote, it does not provide any clear information about the market direction of BTC.",BTC,michael_saylor,Saylor,2021-02-15T13:46:36Z
BTC,data/BTC influencer tweets.csv,292,1.3613146417381048e+18,https://x.com/michael_saylor/status/1361314641738104834,For the first time in history we can own property in cyberspace.  The greatest city of the 21st century will be built upon 21 million blocks of #bitcoin.,True,BUY,5,0.9,"The tweet is directly related to BTC and mentions Michael Saylor, a well-known Bitcoin advocate, who states that the greatest city of the 21st century will be built upon 21 million blocks of #bitcoin, implying a bullish sentiment towards BTC's long-term prospects.",BTC,michael_saylor,Saylor,2021-02-15T14:01:17Z
BTC,data/BTC influencer tweets.csv,293,1.3613465289174712e+18,https://x.com/michael_saylor/status/1361346528917471240,"February 8, 2021 was an inflection point for #Bitcoin and mainstream adoption is going to accelerate as the ever more compelling logic of a digital monetary network spreads around the globe.",True,BUY,4,0.9,"The tweet is directly related to BTC and mentions an inflection point for mainstream adoption, which is a clear bullish factor.",BTC,michael_saylor,Saylor,2021-02-15T16:07:59Z
BTC,data/BTC influencer tweets.csv,294,1.3613972511978537e+18,https://x.com/michael_saylor/status/1361397251197853699,You don't need to be a rocket scientist to understand #bitcoin.,True,NEUTRAL,2,0.5,"The tweet mentions Bitcoin and comes from a well-known influencer in the space, but it does not contain clear bullish or bearish information for the short-term market direction.",BTC,michael_saylor,Saylor,2021-02-15T19:29:32Z
BTC,data/BTC influencer tweets.csv,295,1.3620147608590336e+18,https://x.com/michael_saylor/status/1362014760859033609,"#Bitcoin never sleeps, pal.",True,BUY,5,0.9,"The tweet is directly related to BTC and comes from Michael Saylor, a well-known Bitcoin advocate.",BTC,michael_saylor,Saylor,2021-02-17T12:23:18Z
BTC,data/BTC influencer tweets.csv,296,1.3620296770203935e+18,https://x.com/michael_saylor/status/1362029677020393472,Gold peaked in August 2020 at the same time @MicroStrategy chose #Bitcoin as the superior asset.,True,BUY,5,0.9,"The tweet is directly related to BTC and compares it favorably to gold, which may boost investor confidence in BTC.",BTC,michael_saylor,Saylor,2021-02-17T13:22:34Z
BTC,data/BTC influencer tweets.csv,297,1.362785854758994e+18,https://x.com/michael_saylor/status/1362785854758993927,MicroStrategy Completes $1.05 Billion Offering of Convertible Notes at 0% Coupon and 50% Conversion Premium with #Bitcoin Use of Funds   https://t.co/KHIyrhR8Nz,True,BUY,4,0.9,"The tweet is directly related to BTC and the completion of a $1.05 billion offering of convertible notes by MicroStrategy, with plans to use funds for #Bitcoin, is a clear bullish factor.",BTC,michael_saylor,Saylor,2021-02-19T15:27:21Z
BTC,data/BTC influencer tweets.csv,298,1.3628476070480486e+18,https://x.com/michael_saylor/status/1362847607048048648,"“If you want to find the secrets of the universe, think in terms of energy, frequency and vibration.” ~ Nikola Tesla on #Bitcoin",True,NEUTRAL,2,0.5,"The tweet is directly related to BTC and mentions a famous quote from Nikola Tesla about energy, frequency, and vibration, but it doesn't provide clear short-term price direction or market-relevant information.",BTC,michael_saylor,Saylor,2021-02-19T19:32:44Z
BTC,data/BTC influencer tweets.csv,299,1.3631124864389202e+18,https://x.com/michael_saylor/status/1363112486438920195,"“The successful warrior is the average man, with laser-like focus.” - Bruce Lee on #Bitcoin",True,BUY,4,0.8,"The tweet is directly related to BTC and the quote by Bruce Lee on Bitcoin may be interpreted as bullish, especially considering it comes from Michael Saylor's account.",BTC,michael_saylor,Saylor,2021-02-20T13:05:16Z
BTC,data/BTC influencer tweets.csv,300,1.3631557925228503e+18,https://x.com/michael_saylor/status/1363155792522850313,"My latest discussion with @saifedean covering the Fiat Standard &amp; the migration of the store of value function from Gold to Bonds to Equity to Bitcoin.  Gold is antiquated &amp; elitist, #Bitcoin is egalitarian, progressive, &amp; the expanding molten crypto core of the monetary planet.",True,BUY,5,0.9,"The tweet is directly related to BTC and describes it as 'egalitarian, progressive, & the expanding molten crypto core of the monetary planet' which are clear bullish factors.",BTC,michael_saylor,Saylor,2021-02-20T15:57:21Z
BTC,data/BTC influencer tweets.csv,301,1.363270990634041e+18,https://x.com/michael_saylor/status/1363270990634041344,"“The first rule of Fight Club is: You do not talk about Fight Club.  The second rule of Fight Club is: You DO NOT talk about Fight Club.” - Tyler Durden (he meant #Bitcoin, but couldn’t talk about it)",True,NEUTRAL,1,0.4,"The tweet mentions Bitcoin, but it's a reference to the character Tyler Durden from Fight Club and doesn't provide clear information about BTC market direction.",BTC,michael_saylor,Saylor,2021-02-20T23:35:07Z
BTC,data/BTC influencer tweets.csv,302,1.3634827272873165e+18,https://x.com/michael_saylor/status/1363482727287316482,"“Give me a lever long enough and a fulcrum on which to place it, and I shall move the world.” - Archimedes on #Bitcoin",True,BUY,4,0.8,"The tweet is directly related to BTC and quotes Archimedes, a historical figure known for his innovative ideas, which may be interpreted as a positive sentiment towards Bitcoin.",BTC,michael_saylor,Saylor,2021-02-21T13:36:29Z
BTC,data/BTC influencer tweets.csv,303,1.3635064460763791e+18,https://x.com/michael_saylor/status/1363506446076379139,Air conditioners make our world livable.  Refrigerators make our food edible.  #Bitcoin makes our money durable.  Better living thru technology powered by clean electricity.,True,BUY,4,0.8,"The tweet is directly related to BTC and compares it favorably to other technological advancements, which may increase short-term demand and price.",BTC,michael_saylor,Saylor,2021-02-21T15:10:44Z
BTC,data/BTC influencer tweets.csv,304,1.36350863797769e+18,https://x.com/michael_saylor/status/1363508637977690113,"What happens when all the publicly traded Bitcoin miners stop selling #bitcoin and start buying it to #hodl using publicly issued equity &amp; debt to cover their expenses?  BTC stock to flow goes to infinity, then it goes negative…",True,BUY,4,0.9,"The tweet is directly related to BTC and describes a scenario where miners stop selling and start buying, which would lead to an increase in demand and potentially drive up the price.",BTC,michael_saylor,Saylor,2021-02-21T15:19:26Z
BTC,data/BTC influencer tweets.csv,305,1.3635133415960248e+18,https://x.com/michael_saylor/status/1363513341596024832,It is only speculation if you don’t understand the technology or why you need it.  #Bitcoin,True,BUY,5,0.9,"The tweet is directly related to BTC and describes the difference between speculation and understanding of technology, which may have a positive impact on investor sentiment.",BTC,michael_saylor,Saylor,2021-02-21T15:38:08Z
BTC,data/BTC influencer tweets.csv,306,1.3638375847833805e+18,https://x.com/michael_saylor/status/1363837584783380482,“Wide diversification is only required when investors do not understand what they are doing.” - Warren Buffett on #Bitcoin,True,NEUTRAL,1,0.5,The tweet mentions #Bitcoin but only quotes Warren Buffett without providing any specific information about the market direction or performance of Bitcoin.,BTC,michael_saylor,Saylor,2021-02-22T13:06:33Z
BTC,data/BTC influencer tweets.csv,307,1.3638875198892442e+18,https://x.com/michael_saylor/status/1363887519889244160,"If you focus on the networks that provide our modern world with hygienic water, clean electricity, &amp; clear communications it becomes obvious why we need a digital monetary network.   #Bitcoin",True,BUY,4,0.8,"The tweet is directly related to BTC and emphasizes the importance of a digital monetary network, which may create short-term buying interest because it comes from a highly influential source (Michael Saylor).",BTC,michael_saylor,Saylor,2021-02-22T16:24:59Z
BTC,data/BTC influencer tweets.csv,308,1.3641916936675e+18,https://x.com/michael_saylor/status/1364191693667500033,"""In investing, what is comfortable is rarely profitable."" - Robert Arnott on #Bitcoin",True,BUY,4,0.8,"The tweet is directly related to BTC and quotes Robert Arnott, a well-known investor, which may be perceived as positive for the market.",BTC,michael_saylor,Saylor,2021-02-23T12:33:39Z
BTC,data/BTC influencer tweets.csv,309,1.364212672166789e+18,https://x.com/michael_saylor/status/1364212672166789124,"#Bitcoin is for saving, not for spending.  @RussellOkung and I agree on this point &amp; would like to respectfully submit to @JanetYellen that the primary use case of bitcoin is to preserve the life savings of the people so they can achieve their hopes &amp; aspirations.",True,BUY,4,0.8,"The tweet directly references BTC and emphasizes its use for saving, which is a bullish sentiment.",BTC,michael_saylor,Saylor,2021-02-23T13:57:01Z
BTC,data/BTC influencer tweets.csv,310,1.364214629174571e+18,https://x.com/michael_saylor/status/1364214629174571013,"#Bitcoin is the dominant digital monetary network.  It reached a $1 trillion market cap faster than $AAPL, $AMZN, $GOOG, or $MSFT, and it is inevitable that billions of people will rely on it to store &amp; channel their monetary energy.",True,BUY,5,0.9,"The tweet is directly related to BTC and describes its market dominance, growth rate, and inevitability of adoption by billions of people as clear bullish factors.",BTC,michael_saylor,Saylor,2021-02-23T14:04:48Z
BTC,data/BTC influencer tweets.csv,311,1.3642746268603802e+18,https://x.com/michael_saylor/status/1364274626860380160,"I enjoyed my opportunity to have a constructive conversation this morning with @BeckyQuick, @andrewrsorkin, &amp; @JoeSquawk on #Bitcoin, different views on volatility, BTC's role in corporate treasuries, &amp; the evolution of bitcoin as an asset class.",True,BUY,4,0.8,"The tweet is directly related to BTC and comes from Michael Saylor, a well-known Bitcoin proponent. He discusses a constructive conversation about Bitcoin's role in corporate treasuries and its evolution as an asset class, which are clear bullish factors.",BTC,michael_saylor,Saylor,2021-02-23T18:03:12Z
BTC,data/BTC influencer tweets.csv,312,1.3643232126125466e+18,https://x.com/michael_saylor/status/1364323212612546563,"Square announced today that it has purchased ~3,318 bitcoins at an aggregate purchase price of $170 million. Combined with Square’s previous purchase of $50 million in #bitcoin, this represents ~five percent of total cash, cash equivalents &amp; marketable securities as of 12/31/2020",True,BUY,5,0.9,"The tweet is directly related to BTC and describes a significant purchase by Square, which may be bullish for the market.",BTC,michael_saylor,Saylor,2021-02-23T21:16:16Z
BTC,data/BTC influencer tweets.csv,313,1.3643340473008865e+18,https://x.com/michael_saylor/status/1364334047300886533,"In 2020, more than three million customers purchased or sold bitcoin on $SQ Cash App, and, in January 2021, more than one million customers purchased #bitcoin for the first time. Cash App generated $1.76 billion of bitcoin revenue during Q4 of 2020, up approximately 10x YoY.",True,BUY,4,0.8,"The tweet is directly related to BTC and shows significant growth in Bitcoin adoption and revenue, which are clear bullish factors.",BTC,michael_saylor,Saylor,2021-02-23T21:59:19Z
BTC,data/BTC influencer tweets.csv,314,1.364554800747135e+18,https://x.com/michael_saylor/status/1364554800747134979,"“Far more money has been lost by investors preparing for corrections, or trying to anticipate corrections, than has been lost in corrections themselves.” – Peter Lynch on #Bitcoin",True,NEUTRAL,2,0.5,The tweet mentions Bitcoin but is a quote from Peter Lynch and doesn't provide clear short-term market direction or context.,BTC,michael_saylor,Saylor,2021-02-24T12:36:31Z
BTC,data/BTC influencer tweets.csv,315,1.3645619733634908e+18,https://x.com/michael_saylor/status/1364561973363490817,"MicroStrategy has purchased an additional ~19,452 bitcoins for ~$1.026 billion in cash at an average price of ~$52,765 per #bitcoin. As of 2/24/2021, we #hodl ~90,531 bitcoins acquired for ~$2.171 billion at an average price of ~$23,985 per bitcoin. $MSTR   https://t.co/FbsRYhXEhn",True,BUY,5,0.9,"The tweet is directly related to BTC and describes a significant purchase of additional bitcoins by MicroStrategy, which may increase demand and drive up the price.",BTC,michael_saylor,Saylor,2021-02-24T13:05:01Z
BTC,data/BTC influencer tweets.csv,316,1.3649300331528438e+18,https://x.com/michael_saylor/status/1364930033152843779,“It is better to have a permanent income than to be fascinating.” - Oscar Wilde on #Bitcoin,True,NEUTRAL,1,0.5,The tweet mentions BTC but is a quote from Oscar Wilde and does not provide clear market direction or context.,BTC,michael_saylor,Saylor,2021-02-25T13:27:33Z
BTC,data/BTC influencer tweets.csv,317,1.36496874333662e+18,https://x.com/michael_saylor/status/1364968743336620035,I will speak with @TheStalwart at 11:20 am EST today on @BloombergLive about corporate adoption of #bitcoin as a treasury reserve asset &amp; how institutional investors can benefit from a bitcoin strategy.   https://t.co/c9WZxjYvTX,True,NEUTRAL,4,0.6,"The tweet is directly related to BTC and mentions a discussion about corporate adoption of Bitcoin as a treasury reserve asset, which may be market-relevant, but the lack of specific details makes it difficult to determine the short-term price direction.",BTC,michael_saylor,Saylor,2021-02-25T16:01:22Z
BTC,data/BTC influencer tweets.csv,318,1.365020410442621e+18,https://x.com/michael_saylor/status/1365020410442620932,Traditional treasury strategies no longer work to preserve shareholder value.  Corporations need new techniques to manage the dilutive impact of monetary inflation on their balance sheet.  The best idea is #Bitcoin.,True,BUY,4,0.8,"The tweet is directly related to BTC and the statement by Michael Saylor, a well-known advocate for Bitcoin, emphasizes its importance for corporate treasury management, which may increase demand and interest in BTC.",BTC,michael_saylor,Saylor,2021-02-25T19:26:41Z
BTC,data/BTC influencer tweets.csv,319,1.3650267650229166e+18,https://x.com/michael_saylor/status/1365026765022916608,"Civilization is based on clean energy, clean water, clean communication, &amp; clean money.   #Bitcoin provides corporations protection against currency devaluation as well as an option to participate in the explosive growth of the digital monetary network.",True,BUY,4,0.8,"The tweet is directly related to BTC and mentions its benefits as a clean money option, which may increase short-term demand and price.",BTC,michael_saylor,Saylor,2021-02-25T19:51:56Z
BTC,data/BTC influencer tweets.csv,320,1.3650348201879183e+18,https://x.com/michael_saylor/status/1365034820187918340,In five years a billion people will own #bitcoin.   https://t.co/mAxvMFwYQE,True,BUY,5,0.9,"The tweet is directly related to BTC and the statement from a highly influential source, Michael Saylor, about a billion people owning Bitcoin in five years is a clear bullish factor.",BTC,michael_saylor,Saylor,2021-02-25T20:23:56Z
BTC,data/BTC influencer tweets.csv,321,1.3650832964141138e+18,https://x.com/jack/status/1365083296414113792,"Bitcoin, Blockchain and the Black Community - CoinDesk  https://t.co/3KH6W7Rg0Q",True,NEUTRAL,1,0.5,"The tweet mentions BTC, but the link to CoinDesk is not enough to determine a short-term BTC price direction without reading the article.",BTC,jack,Jack Dorsey,2021-02-25T23:36:34Z
BTC,data/BTC influencer tweets.csv,322,1.3652941375416197e+18,https://x.com/michael_saylor/status/1365294137541619714,"""You can never cross the ocean unless you have the courage to lose sight of the shore."" - Christopher Columbus on #Bitcoin",True,BUY,4,0.8,The tweet is directly related to BTC and a famous quote from Christopher Columbus mentioning #Bitcoin may increase interest in the Coin.,BTC,michael_saylor,Saylor,2021-02-26T13:34:22Z
BTC,data/BTC influencer tweets.csv,323,1.3653055086394245e+18,https://x.com/michael_saylor/status/1365305508639424522,"As the use of #Bitcoin grows, and as it becomes more deeply embedded into our societies, the security of the network must grow and strengthen alongside it.  I support the @mitDCI Bitcoin Software &amp; Security Effort.   https://t.co/F2AWbPVWO9",True,BUY,4,0.8,"The tweet is directly related to BTC and supports the growth of the Bitcoin network, which may increase its value in the short-term.",BTC,michael_saylor,Saylor,2021-02-26T14:19:34Z
BTC,data/BTC influencer tweets.csv,324,1.3653633674105487e+18,https://x.com/michael_saylor/status/1365363367410548739,In the 20th century we plugged electricity into our homes.  In the 21st century we plugged electricity into our money.  #Bitcoin,True,BUY,5,0.9,"The tweet is directly related to BTC and the statement by Michael Saylor, a well-known Bitcoin proponent, may increase demand and confidence in the coin.",BTC,michael_saylor,Saylor,2021-02-26T18:09:28Z
BTC,data/BTC influencer tweets.csv,325,1.36567470651127e+18,https://x.com/michael_saylor/status/1365674706511269890,“Simplicity is the ultimate sophistication.” - Leonardo da Vinci on #Bitcoin,True,BUY,4,0.8,"The tweet is directly related to BTC and mentions a quote by Leonardo da Vinci, which may create a positive association with Bitcoin.",BTC,michael_saylor,Saylor,2021-02-27T14:46:37Z
BTC,data/BTC influencer tweets.csv,326,1.3657311455985787e+18,https://x.com/michael_saylor/status/1365731145598578691,"If we agree with @elerianm &amp; #WarrenBuffet that bonds are broken as a store of value, then corporate treasury reserve strategies employing bonds no longer work to preserve shareholder value.   #Bitcoin",True,BUY,4,0.8,"The tweet is directly related to BTC and the mention of @warrenbuffet, a well-known investor, alongside Michael Saylor, a prominent Bitcoin proponent, suggests that bonds are not considered a store of value, which may lead to increased interest in Bitcoin as an alternative.",BTC,michael_saylor,Saylor,2021-02-27T18:30:53Z
BTC,data/BTC influencer tweets.csv,327,,,You’re telling me we should buy more #BTC? https://t.co/jwvn0A1kTb,True,BUY,4,0.8,"The tweet mentions BTC directly and suggests purchasing more of it, indicating a bullish sentiment.",BTC,nayibbukele,Nayib Bukele,2022-06-14T19:59:36Z
BTC,data/BTC influencer tweets.csv,328,,,"I see that some people are worried or anxious about the #Bitcoin market price.

My advice: stop looking at the graph and enjoy life. If you invested in #BTC your investment is safe and its value will immensely grow after the bear market.

Patience is the key.",True,BUY,4,0.8,"The tweet is directly related to BTC and President Nayib Bukele's advice, stating that the value of Bitcoin will immensely grow after the bear market, provides a clear bullish signal.",BTC,nayibbukele,Nayib Bukele,2022-06-19T03:04:01Z
