influencer_group,influencer_name,handle,tweet_id,tweet_url,created_at_raw,created_at_utc,tweet,replies_count,retweets_count,likes_count,follower_count,source_dataset_coins,source_files
BTC,Jack Dorsey,jack,938225401301581824,https://x.com/jack/status/938225401301581824,2017-12-06 07:25:41 IST,2017-12-06T01:55:41Z,Turning on Bitcoin for a lot more cash app folks right now  https://t.co/LrozU7fXps,158,278,980,5493064,btc,data/CrypTop12-main/tweet/raw/btc/2017-12-06.json
BTC,Jack Dorsey,jack,958743238512328704,https://x.com/jack/status/958743238512328704,2018-01-31 22:16:15 IST,2018-01-31T16:46:15Z,"Instant buying (and selling, if you don’t want to hodl) of Bitcoin is now available to most Cash App customers. We support Bitcoin because we see it as a long-term path towards greater financial access for all. This is a small step.  We also made this!  https://t.co/z3u0liDNk4",543,2769,7297,5507125,btc,data/CrypTop12-main/tweet/raw/btc/2018-01-31.json
BTC,Jack Dorsey,jack,971514622711816192,https://x.com/jack/status/971514622711816192,2018-03-08 04:05:10 IST,2018-03-07T22:35:10Z,"Really excited this is out!   Direct deposit your paycheck right into the Cash App!   Today with one download: store your money, send or receive it digitally, direct deposit your paycheck, create a personalized Visa card to use at any store or ATM, and buy/sell Bitcoin. 🏦📲  https://t.co/t3c0resYqn",50,192,687,5513373,btc,data/CrypTop12-main/tweet/raw/btc/2018-03-08.json
BTC,Jack Dorsey,jack,1008742285159354370,https://x.com/jack/status/1008742285159354370,2018-06-18 21:34:36 IST,2018-06-18T16:04:36Z,Buy and sell bitcoin right in Cash App...now in New York!  https://t.co/sIvlVoSXun,96,472,1688,5514676,btc,data/CrypTop12-main/tweet/raw/btc/2018-06-18.json
BTC,Jack Dorsey,jack,1092920168060088320,https://x.com/jack/status/1092920168060088320,2019-02-06 04:27:28 IST,2019-02-05T22:57:28Z,@edsilva90 Bitcoin is resilient. Bitcoin is principled. Bitcoin is native to internet ideals. And it’s a great brand.,186,1697,4908,-1,btc,data/CrypTop12-main/tweet/raw/btc/2019-02-06.json
BTC,Jack Dorsey,jack,1092963053157605376,https://x.com/jack/status/1092963053157605376,2019-02-06 07:17:52 IST,2019-02-06T01:47:52Z,@ltc_angel Every 29.5 days,6,7,138,5428842,ltc,data/CrypTop12-main/tweet/raw/ltc/2019-02-06.json
BTC,Jack Dorsey,jack,1093011676658524160,https://x.com/jack/status/1093011676658524160,2019-02-06 10:31:05 IST,2019-02-06T05:01:05Z,@_Kevin_Pham It’s just getting started! Exciting. And all for more experiments to test resiliency! Makes BTC stronger.,5,6,72,5516605,btc,data/CrypTop12-main/tweet/raw/btc/2019-02-06.json
BTC,Jack Dorsey,jack,1093017800552079360,https://x.com/jack/status/1093017800552079360,2019-02-06 10:55:25 IST,2019-02-06T05:25:25Z,@SuchayVora @Bitcoin Currency,14,5,51,5516604,btc,data/CrypTop12-main/tweet/raw/btc/2019-02-06.json
BTC,Jack Dorsey,jack,1093028833177960450,https://x.com/jack/status/1093028833177960450,2019-02-06 11:39:15 IST,2019-02-06T06:09:15Z,@AlexSaundersAU @Bitcoin Aren’t the bitcoin cash folks behind it?,75,29,569,5516603,btc,data/CrypTop12-main/tweet/raw/btc/2019-02-06.json
BTC,Jack Dorsey,jack,1103111484098269185,https://x.com/jack/status/1103111484098269185,2019-03-06 07:24:07 IST,2019-03-06T01:54:07Z,@arjunblj @sassal0x @mdudas @CashApp Both. I’m excited about helping bitcoin to be a fast and efficient currency and excited by Elizabeth and the Lightning Labs team.,39,114,718,5518105,btc,data/CrypTop12-main/tweet/raw/btc/2019-03-06.json
BTC,Jack Dorsey,jack,1103797027022893057,https://x.com/jack/status/1103797027022893057,2019-03-08 04:48:13 IST,2019-03-07T23:18:13Z,Just bought a ⁦@Trezor⁩ hardware wallet with bitcoin through @CashApp⁩  https://t.co/TBYn1q5XzI,341,925,5124,5518106,btc,data/CrypTop12-main/tweet/raw/btc/2019-03-08.json
BTC,Jack Dorsey,jack,1104301421145387008,https://x.com/jack/status/1104301421145387008,2019-03-09 14:12:30 IST,2019-03-09T08:42:30Z,@BJTortorich @binarydreaming @MaximusBitcoin @btcprodreview @luvarado @Stan_Cherry @jdaxiom @StackinSats @PsychedelicBart @MrBobbyMercer @tmsbtc @ockeghem7 @mdotbit @BTC_Spot @btcale @cryptofun69 @CypherPony @decentralistdan @RyanHurley2 @BitcoinBingBong @duck1123 @MF_HODL @matt_odell @patrick_ulrich @________jeremy @MartyBent @lindybtc @awayslice @AdamPaulMoore @zimbtc @seth586 @JustinFilson @100MSatoshi @girevik_ @TheOmz1 @TR401 @RedMane11 @UncleZachh @DarthBitMex @figsOS @FiatPoor @figgy_san @natefriedman @CashApp #stackingsats  https://t.co/zBaAdqlPu1,18,34,220,5518106,btc,data/CrypTop12-main/tweet/raw/btc/2019-03-09.json
BTC,Jack Dorsey,jack,1105584713832370176,https://x.com/jack/status/1105584713832370176,2019-03-13 03:11:51 IST,2019-03-12T21:41:51Z,This is cool. Buy 24k gold or platinum jewelry from @mene and current value versus price purchased is tracked in real-time. I bought with bitcoin via @CashApp withdrawal. h/t @WahWhoWah  https://t.co/wCOQ2tkeFY,107,202,1053,5518109,btc,data/CrypTop12-main/tweet/raw/btc/2019-03-13.json
BTC,Jack Dorsey,jack,1108487911802966017,https://x.com/jack/status/1108487911802966017,2019-03-21 03:28:07 IST,2019-03-20T21:58:07Z,"#BitcoinTwitter and #CryptoTwitter! Square is hiring 3-4 crypto engineers and 1 designer to work full-time on open source contributions to the bitcoin/crypto ecosystem. Work from anywhere, report directly to me, and we can even pay you in bitcoin! Introducing @SqCrypto. Why?",713,3832,11850,5518136,btc,data/CrypTop12-main/tweet/raw/btc/2019-03-21.json
BTC,Jack Dorsey,jack,1108487914520862720,https://x.com/jack/status/1108487914520862720,2019-03-21 03:28:08 IST,2019-03-20T21:58:08Z,"Last week I was considering my hack week project, and asked @brockm: “what is the most impactful thing we could do for the bitcoin community?” His answer was simple: “pay people to make the broader crypto ecosystem better.” This resonated with me immediately, so we’re doing it.",43,195,1946,5518136,btc,data/CrypTop12-main/tweet/raw/btc/2019-03-21.json
BTC,Jack Dorsey,jack,1108487927078674432,https://x.com/jack/status/1108487927078674432,2019-03-21 03:28:11 IST,2019-03-20T21:58:11Z,"Are you currently contributing to bitcoin-core or other crypto ecosystem projects for free in your off-time? We’d like to pay you to do it full-time. If interested, DM @SqCrypto, and follow for updates on our progress. Thank you!",226,745,3472,5518136,btc,data/CrypTop12-main/tweet/raw/btc/2019-03-21.json
BTC,Jack Dorsey,jack,1110088030419714049,https://x.com/jack/status/1110088030419714049,2019-03-25 13:26:25 IST,2019-03-25T07:56:25Z,Bought these Minecraft Legos with bitcoin and @cashapp here in Tokyo for Biz’s son Jake  https://t.co/0qDqvq5Czh,61,181,1304,5518148,btc,data/CrypTop12-main/tweet/raw/btc/2019-03-25.json
BTC,Jack Dorsey,jack,1143936730413899776,https://x.com/jack/status/1143936730413899776,2019-06-26 23:09:04 IST,2019-06-26T17:39:04Z,Now your can withdrawal AND deposit bitcoin through @cashapp,333,973,4180,5518893,btc,data/CrypTop12-main/tweet/raw/btc/2019-06-26.json
BTC,Jack Dorsey,jack,1193203797797019648,https://x.com/jack/status/1193203797797019648,2019-11-09 21:58:48 IST,2019-11-09T16:28:48Z,Bitcoin meetup Nigeria  https://t.co/YYqzk7denp,233,829,4940,5520463,btc,data/CrypTop12-main/tweet/raw/btc/2019-11-09.json
BTC,Jack Dorsey,jack,1193937460553633792,https://x.com/jack/status/1193937460553633792,2019-11-11 22:34:07 IST,2019-11-11T17:04:07Z,Mini bitcoin Ghana meetup with @atsudavoh @sy_boahen  https://t.co/vJ5a0P2q8e,187,717,4406,5520473,btc,data/CrypTop12-main/tweet/raw/btc/2019-11-11.json
BTC,Jack Dorsey,jack,1194187509502238720,https://x.com/jack/status/1194187509502238720,2019-11-12 15:07:43 IST,2019-11-12T09:37:43Z,Bitcoin Africa list. Thanks to @atsudavoh for this!  https://t.co/2DkLHFzyac,61,125,747,5520482,btc,data/CrypTop12-main/tweet/raw/btc/2019-11-12.json
BTC,Jack Dorsey,jack,1199762210186248194,https://x.com/jack/status/1199762210186248194,2019-11-28 00:19:36 IST,2019-11-27T18:49:36Z,Bitcoin and blockchain meetup in #Ethiopia!  https://t.co/MDalQKnp1F,80,160,1281,5520570,btc,data/CrypTop12-main/tweet/raw/btc/2019-11-28.json
BTC,Jack Dorsey,jack,1199774792917929984,https://x.com/jack/status/1199774792917929984,2019-11-28 01:09:36 IST,2019-11-27T19:39:36Z,"Sad to be leaving the continent…for now. Africa will define the future (especially the bitcoin one!). Not sure where yet, but I’ll be living here for 3-6 months mid 2020. Grateful I was able to experience a small part. 🌍  https://t.co/9VqgbhCXWd",664,2713,11197,5520570,btc,data/CrypTop12-main/tweet/raw/btc/2019-11-28.json
BTC,Jack Dorsey,jack,1204766089353129984,https://x.com/jack/status/1204766089353129984,2019-12-11 19:43:13 IST,2019-12-11T14:13:13Z,"Square is doing exactly this for bitcoin with @SqCrypto. For social media, we’d like this team to either find an existing decentralized standard they can help move forward, or failing that, create one from scratch. That’s the only direction we at Twitter, Inc. will provide.",70,359,2518,5520659,btc,data/CrypTop12-main/tweet/raw/btc/2019-12-11.json
BTC,Jack Dorsey,jack,1223841364711854080,https://x.com/jack/status/1223841364711854080,2020-02-02 11:01:33 IST,2020-02-02T05:31:33Z,#bitcoin cc:@unicode,727,2279,8624,5521092,btc,data/CrypTop12-main/tweet/raw/btc/2020-02-02.json
BTC,Jack Dorsey,jack,1230680905464729600,https://x.com/jack/status/1230680905464729600,2020-02-21 07:59:27 IST,2020-02-21T02:29:27Z,"Talked #bitcoin Africa with #NiiQuaynor, @PindarWong, and @moneyball! 🌍  https://t.co/MmfpEu4Ayz",76,153,1049,-1,btc,data/CrypTop12-main/tweet/raw/btc/2020-02-21.json
BTC,Jack Dorsey,jack,1231424810783109120,https://x.com/jack/status/1231424810783109120,2020-02-23 09:15:28 IST,2020-02-23T03:45:28Z,Excellent interview with @bitcoinzay on his book #Bitcoin And Black America.  https://t.co/4gGL8MAP5G,63,243,1157,5521799,btc,data/CrypTop12-main/tweet/raw/btc/2020-02-23.json
BTC,Jack Dorsey,jack,1259917329518850052,https://x.com/jack/status/1259917329518850052,2020-05-12 00:14:34 IST,2020-05-11T18:44:34Z,"Lots more topics to follow now including COVID-19, #bitcoin, local news, and astrology.  https://t.co/cd1A7BmMrk",398,380,2499,5522228,btc,data/CrypTop12-main/tweet/raw/btc/2020-05-12.json
BTC,Jack Dorsey,jack,1262466443007766528,https://x.com/jack/status/1262466443007766528,2020-05-19 01:03:50 IST,2020-05-18T19:33:50Z,"You can now do automatic recurring purchases of #bitcoin in @CashApp. Daily, weekly, or every 2 weeks. And change the display to sats. #stackingsats  https://t.co/kOlxQtkuwd",766,1740,8554,5522263,btc,data/CrypTop12-main/tweet/raw/btc/2020-05-19.json
BTC,Jack Dorsey,jack,1283169859233214465,https://x.com/jack/status/1283169859233214465,2020-07-15 04:11:49 IST,2020-07-14T22:41:49Z,#bitcoin @BubbaWallace  https://t.co/tNSio3qnTz,459,955,7114,5523338,btc,data/CrypTop12-main/tweet/raw/btc/2020-07-15.json
BTC,Saylor,michael_saylor,1293141856700768257,https://x.com/michael_saylor/status/1293141856700768257,2020-08-11 16:36:58 IST,2020-08-11T11:06:58Z,MicroStrategy Adopts #Bitcoin as Primary Treasury Reserve Asset.   https://t.co/JH69p2mEKY,216,822,3069,1237607,btc,data/CrypTop12-main/tweet/raw/btc/2020-08-11.json
BTC,Jack Dorsey,jack,1304099079211810817,https://x.com/jack/status/1304099079211810817,2020-09-10 22:17:04 IST,2020-09-10T16:47:04Z,"Square is putting all of our crypto patents into a new non-profit org we’re calling the Crypto Open Patent Alliance, which will maintain a shared patent library to help the crypto community defend against patent aggressors and trolls. Join us! #bitcoin   https://t.co/I9VopgtMz9",438,1871,10454,5523801,btc,data/CrypTop12-main/tweet/raw/btc/2020-09-10.json
BTC,Saylor,michael_saylor,1306636046948610049,https://x.com/michael_saylor/status/1306636046948610049,2020-09-17 22:18:04 IST,2020-09-17T16:48:04Z,"We acquired 21,454 BTC via 78,388 off-chain transactions, then secured it in cold storage with 18 on-chain transactions.  #Bitcoin scales just fine as a store of value.",497,1743,9328,1238131,btc,data/CrypTop12-main/tweet/raw/btc/2020-09-17.json
BTC,Saylor,michael_saylor,1306692196041662466,https://x.com/michael_saylor/status/1306692196041662466,2020-09-18 02:01:11 IST,2020-09-17T20:31:11Z,"For clarity, I was referring to the 21,454 BTC that MicroStrategy acquired, as publicly disclosed on 8/11/20.",26,34,606,1238135,btc,data/CrypTop12-main/tweet/raw/btc/2020-09-18.json
BTC,Saylor,michael_saylor,1306697752714383363,https://x.com/michael_saylor/status/1306697752714383363,2020-09-18 02:23:16 IST,2020-09-17T20:53:16Z,"If #Bitcoin is treated as a treasury reserve asset, based on our model, 99.98% of all transactions will be off-chain, and assets-at-risk will be in cold storage 99.92% of the time.",76,238,1694,1238133,btc,data/CrypTop12-main/tweet/raw/btc/2020-09-18.json
BTC,Saylor,michael_saylor,1306940165160656897,https://x.com/michael_saylor/status/1306940165160656897,2020-09-18 18:26:31 IST,2020-09-18T12:56:31Z,"To acquire 16,796 BTC (disclosed  9/14/20), we traded continuously 74 hours, executing 88,617 trades ~0.19 BTC each 3 seconds. ~$39,414 in BTC per minute, but at all times we were ready to purchase $30-50 million in a few seconds if we got lucky with a 1-2% downward spike.",491,1400,7911,1238142,btc,data/CrypTop12-main/tweet/raw/btc/2020-09-18.json
BTC,Saylor,michael_saylor,1307029562321231873,https://x.com/michael_saylor/status/1307029562321231873,2020-09-19 00:21:45 IST,2020-09-18T18:51:45Z,"#Bitcoin is a swarm of cyber hornets serving the goddess of wisdom, feeding on the fire of truth, exponentially growing ever smarter, faster, and stronger behind a wall of encrypted energy.",2797,4061,20270,1238135,btc,data/CrypTop12-main/tweet/raw/btc/2020-09-19.json
BTC,Saylor,michael_saylor,1307038147390435329,https://x.com/michael_saylor/status/1307038147390435329,2020-09-19 00:55:52 IST,2020-09-18T19:25:52Z,"@RaoulGMI This session is focused upon investment strategy, technology philosophy, macroeconomics, #Bitcoin vs Gold, &amp; adopting the #Bitcoin Standard.  I get a bit intense. 🔥",32,46,618,1238135,btc,data/CrypTop12-main/tweet/raw/btc/2020-09-19.json
BTC,Saylor,michael_saylor,1308586866241830912,https://x.com/michael_saylor/status/1308586866241830912,2020-09-23 07:29:55 IST,2020-09-23T01:59:55Z,@BitcoinTina The headline is a misrepresentation of what I said.  I merely indicated that #Bitcoin is to be preferred as a treasury asset because it is so liquid.   I never suggested an intent to trade it for other assets on short notice.,56,70,850,1238193,btc,data/CrypTop12-main/tweet/raw/btc/2020-09-23.json
BTC,Saylor,michael_saylor,1308759164219543552,https://x.com/michael_saylor/status/1308759164219543552,2020-09-23 18:54:34 IST,2020-09-23T13:24:34Z,"There is no truth to the stories currently circulating that speculate ""he would not hesitate to dump MicroStrategy’s 38,250 Bitcoin (BTC) at a moment’s notice if an alternative asset’s yields were to jump.""   This is creative journalism.",181,364,3091,1238190,btc,data/CrypTop12-main/tweet/raw/btc/2020-09-23.json
BTC,Saylor,michael_saylor,1308766268674187264,https://x.com/michael_saylor/status/1308766268674187264,2020-09-23 19:22:48 IST,2020-09-23T13:52:48Z,"#Bitcoin is 19.3 trillion times more secure than it was 10 years ago, 50x more secure than the next best thing.   Gold is still as secure as it was in 1934.   https://t.co/ny1OKca7Ru",237,913,4585,1238189,btc,data/CrypTop12-main/tweet/raw/btc/2020-09-23.json
BTC,Saylor,michael_saylor,1308935471448444928,https://x.com/michael_saylor/status/1308935471448444928,2020-09-24 06:35:09 IST,2020-09-24T01:05:09Z,@Excellion You have me thinking really hard about #Bitcoin mining now...I have a feeling this is going to interfere with my recreational reading for some time...,17,56,788,1238204,btc,data/CrypTop12-main/tweet/raw/btc/2020-09-24.json
BTC,Saylor,michael_saylor,1309110151107018756,https://x.com/michael_saylor/status/1309110151107018756,2020-09-24 18:09:16 IST,2020-09-24T12:39:16Z,"No one can buy a pizza with their stock, bonds, real estate, gold, or derivatives.  No one cares.  #Bitcoin does not need to be a medium of exchange.",524,898,5988,1238198,btc,data/CrypTop12-main/tweet/raw/btc/2020-09-24.json
BTC,Saylor,michael_saylor,1310214248543510528,https://x.com/michael_saylor/status/1310214248543510528,2020-09-27 19:16:34 IST,2020-09-27T13:46:34Z,"The success of #Bitcoin will be a function of Adoption (as Hodlers invest their assets in BTC as a SoV), Utility (as technology makes it harder, smarter, faster, &amp; stronger money), Productivity (as Hodlers invest their free cash flows), &amp; Inflation (of competing assets for SoV).",115,478,2729,-1,btc,data/CrypTop12-main/tweet/raw/btc/2020-09-27.json
BTC,Saylor,michael_saylor,1311028909673152512,https://x.com/michael_saylor/status/1311028909673152512,2020-09-30 01:13:44 IST,2020-09-29T19:43:44Z,"If #Bitcoin is the steel of cyber-architecture, then #Domains are the real estate holdings underneath, anchoring the virtual age in the bedrock of language and providing portals to the digital networks critical to life now &amp; yet to come.   https://t.co/DAHhFxnCKH",46,128,664,1238248,btc,data/CrypTop12-main/tweet/raw/btc/2020-09-30.json
BTC,Saylor,michael_saylor,1311308297979469824,https://x.com/michael_saylor/status/1311308297979469824,2020-09-30 19:43:55 IST,2020-09-30T14:13:55Z,"#Bitcoin is digital gold - growing harder, smarter, faster, &amp; stronger due to the relentless progression of technology.",176,622,3479,1238257,btc,data/CrypTop12-main/tweet/raw/btc/2020-09-30.json
BTC,Jack Dorsey,jack,1311474659485868037,https://x.com/jack/status/1311474659485868037,2020-10-01 06:44:59 IST,2020-10-01T01:14:59Z,"@Theophite I should stop mindfulness in order to stay “dumb”? I’m a big fan of Bitcoin, and will help it in every way I can, and rely of folks telling me if I’m hurting it. I’m also not a big fan of me having as much money as I do!",31,12,94,5523892,btc,data/CrypTop12-main/tweet/raw/btc/2020-10-01.json
BTC,Jack Dorsey,jack,1311540641596239872,https://x.com/jack/status/1311540641596239872,2020-10-01 11:07:10 IST,2020-10-01T05:37:10Z,@udiWertheimer I didn’t. And I don’t. Only Bitcoin.,101,143,1313,5523893,btc,data/CrypTop12-main/tweet/raw/btc/2020-10-01.json
BTC,Saylor,michael_saylor,1311661051323338752,https://x.com/michael_saylor/status/1311661051323338752,2020-10-01 19:05:38 IST,2020-10-01T13:35:38Z,#Bitcoin is the most efficient system in the history of mankind for channeling energy through time and space.,236,597,3283,1238274,btc,data/CrypTop12-main/tweet/raw/btc/2020-10-01.json
BTC,Saylor,michael_saylor,1312011788708392966,https://x.com/michael_saylor/status/1312011788708392966,2020-10-02 18:19:21 IST,2020-10-02T12:49:21Z,"The magic of #Bitcoin isn’t the transfer of money to someone 10,000 miles away – it is the transfer of money to someone 10,000 days away.",306,804,4981,-1,btc,data/CrypTop12-main/tweet/raw/btc/2020-10-02.json
BTC,Saylor,michael_saylor,1312097458923679745,https://x.com/michael_saylor/status/1312097458923679745,2020-10-02 23:59:46 IST,2020-10-02T18:29:46Z,"In this interview I explain why I believe that #Bitcoin is digital gold - the ideal treasury reserve asset.  We discuss inflation, the limitations of physical #gold, &amp; why #Bitcoin has advantages similar to @Apple, @Google, &amp; @Facebook.    https://t.co/7Uyzn8qFR7 via @YouTube",38,182,881,1238284,btc,data/CrypTop12-main/tweet/raw/btc/2020-10-02.json
BTC,Saylor,michael_saylor,1312102934147067906,https://x.com/michael_saylor/status/1312102934147067906,2020-10-03 00:21:31 IST,2020-10-02T18:51:31Z,"In this interview I explain why I believe that #Bitcoin is digital gold – the ideal treasury reserve asset.   We discuss inflation, the limitations of physical #gold, &amp; why #Bitcoin has advantages similar to @Apple, @Google, &amp; @Facebook.",53,252,1230,1238284,btc,data/CrypTop12-main/tweet/raw/btc/2020-10-03.json
BTC,Saylor,michael_saylor,1312758115830554624,https://x.com/michael_saylor/status/1312758115830554624,2020-10-04 19:44:59 IST,2020-10-04T14:14:59Z,Positive inflation drains the energy from your life.  Negative interest is an attempt to stop the flow of time.  Channel your energy into #Bitcoin and move forward toward the future you deserve.,127,603,3304,1238300,btc,data/CrypTop12-main/tweet/raw/btc/2020-10-04.json
BTC,Saylor,michael_saylor,1313085825681444872,https://x.com/michael_saylor/status/1313085825681444872,2020-10-05 17:27:11 IST,2020-10-05T11:57:11Z,21st century investors lost trillions clinging to 20th century ideas.  #Gold peaked in the 19th century.  Buy #Bitcoin.,163,633,3628,1238310,btc,data/CrypTop12-main/tweet/raw/btc/2020-10-05.json
BTC,Saylor,michael_saylor,1313494150554308615,https://x.com/michael_saylor/status/1313494150554308615,2020-10-06 20:29:43 IST,2020-10-06T14:59:43Z,"Using #Bitcoin as a MoE for small transactions is challenging because accounting costs, transaction fees, &amp; taxes all skyrocket. It’s heroic but often unnecessary. Better to leave your working capital in a fiat account and use your favorite mobile app for routine money transfers.",104,126,1263,1238316,btc,data/CrypTop12-main/tweet/raw/btc/2020-10-06.json
BTC,Saylor,michael_saylor,1313494927108644866,https://x.com/michael_saylor/status/1313494927108644866,2020-10-06 20:32:48 IST,2020-10-06T15:02:48Z,"The critical transaction you need to do on the blockchain is the one where you move all your #Bitcoin off the exchange into a cold storage wallet.  Subsequently, a swarm of cyber hornets will protect your assets every second ~ 31,536,000 times per year, for all of eternity.",97,356,2296,1238316,btc,data/CrypTop12-main/tweet/raw/btc/2020-10-06.json
BTC,Saylor,michael_saylor,1313848767217577984,https://x.com/michael_saylor/status/1313848767217577984,2020-10-07 19:58:50 IST,2020-10-07T14:28:50Z,"I considered investing our treasury in fiat, bonds, stocks, swaps, index funds, options, real estate, commodities, precious metals, art, &amp; intangibles before settling on #Bitcoin. It seems like the ideal long duration asset – I don’t understand why anyone would want to trade it.",196,545,3231,-1,btc,data/CrypTop12-main/tweet/raw/btc/2020-10-07.json
BTC,Saylor,michael_saylor,1313866328856506368,https://x.com/michael_saylor/status/1313866328856506368,2020-10-07 21:08:37 IST,2020-10-07T15:38:37Z,"For 953 million people in 20 countries with weakening currencies, #Bitcoin represents something greater than a treasury asset.  For them, it's more like an ark of encrypted energy to escape the flood.",74,350,1901,-1,btc,data/CrypTop12-main/tweet/raw/btc/2020-10-07.json
BTC,Saylor,michael_saylor,1314192984506802178,https://x.com/michael_saylor/status/1314192984506802178,2020-10-08 18:46:38 IST,2020-10-08T13:16:38Z,#Bitcoin makes a fine treasury reserve asset.   My admiration goes out to @jack and the @Square team for leading the way.,144,677,4535,1238396,btc,data/CrypTop12-main/tweet/raw/btc/2020-10-08.json
BTC,Jack Dorsey,jack,1314239421504393221,https://x.com/jack/status/1314239421504393221,2020-10-08 21:51:10 IST,2020-10-08T16:21:10Z,More important than Square investing $50mm in #Bitcoin is sharing how we did it (so others can do the same):  https://t.co/35ABYHuz4f,758,3781,14672,5523933,btc,data/CrypTop12-main/tweet/raw/btc/2020-10-08.json
BTC,Jack Dorsey,jack,1314239422792048640,https://x.com/jack/status/1314239422792048640,2020-10-08 21:51:10 IST,2020-10-08T16:21:10Z,"And FAR more important than that is us investing directly in open source development with @sqcrypto, opening access to patents with COPA ( https://t.co/aBqaURKruq), and making #bitcoin more accessible and useful to millions of people with @CashApp.",169,485,3387,5523933,btc,data/CrypTop12-main/tweet/raw/btc/2020-10-08.json
BTC,Saylor,michael_saylor,1314545782410874881,https://x.com/michael_saylor/status/1314545782410874881,2020-10-09 18:08:32 IST,2020-10-09T12:38:32Z,"For any company or investor considering #Bitcoin as a treasury reserve asset, @MicroStrategy has published a curated set of resources including some of the reference materials we relied upon to make our decision.   https://t.co/u3aFjNaAI3",207,1362,5098,1238407,btc,data/CrypTop12-main/tweet/raw/btc/2020-10-09.json
BTC,Saylor,michael_saylor,1314914349794893825,https://x.com/michael_saylor/status/1314914349794893825,2020-10-10 18:33:05 IST,2020-10-10T13:03:05Z,"If your investment time horizon is one year, anything might work.   If your investment time horizon is one century, one thing might work.  #Bitcoin",198,653,4128,1238414,btc,data/CrypTop12-main/tweet/raw/btc/2020-10-10.json
BTC,Saylor,michael_saylor,1315284784747294721,https://x.com/michael_saylor/status/1315284784747294721,2020-10-11 19:05:04 IST,2020-10-11T13:35:04Z,"99.9% of the money in the world is invested in assets like cash, stocks, bonds, gold, &amp; real estate.   #Bitcoin is competing with alt assets, not alt coins.  Educating the majority should be more constructive than debating the minority.",297,1111,6044,-1,btc,data/CrypTop12-main/tweet/raw/btc/2020-10-11.json
BTC,Saylor,michael_saylor,1316006496409448450,https://x.com/michael_saylor/status/1316006496409448450,2020-10-13 18:52:53 IST,2020-10-13T13:22:53Z,"As the trillions of dollars on the balance sheets of banks, asset managers, insurance firms, endowments, &amp; family offices begin their migration to the #Bitcoin universe, they will need firms like NYDIG to guide them.  $1 billion down, more to go.   https://t.co/YObDOGTX7Y",69,474,2127,1238441,btc,data/CrypTop12-main/tweet/raw/btc/2020-10-13.json
BTC,Saylor,michael_saylor,1316006894297899008,https://x.com/michael_saylor/status/1316006894297899008,2020-10-13 18:54:28 IST,2020-10-13T13:24:28Z,"NYDIG parent Stone Ridge holds 10,000+ BTC in its own treasury while managing $10+ billion in other assets for some of the largest corporations, banks &amp; insurers in the world. Firms that sell #Bitcoin should hold #Bitcoin.   #Skininthegame   https://t.co/YObDOGTX7Y",39,294,1549,1238441,btc,data/CrypTop12-main/tweet/raw/btc/2020-10-13.json
BTC,Saylor,michael_saylor,1316011214166798336,https://x.com/michael_saylor/status/1316011214166798336,2020-10-13 19:11:38 IST,2020-10-13T13:41:38Z,"""As the Fed's balance sheet has increased $3 trillion since the beginning of 2019, the U.S. dollar has depreciated 70% against #BTC."" - Ross Stevens - Executive Chairman of NYDIG   https://t.co/iWHXlu43Fl",29,227,1089,1238441,btc,data/CrypTop12-main/tweet/raw/btc/2020-10-13.json
BTC,Saylor,michael_saylor,1316054485781929984,https://x.com/michael_saylor/status/1316054485781929984,2020-10-13 22:03:35 IST,2020-10-13T16:33:35Z,"#Bitcoin is the first digital monetary system capable of storing all the money in the world for every individual, corporation, and government in a fair &amp; equitable manner, without losing any of it.  If that's not intrinsically valuable, what is?",215,707,3302,1238436,btc,data/CrypTop12-main/tweet/raw/btc/2020-10-13.json
BTC,Saylor,michael_saylor,1316348885724532736,https://x.com/michael_saylor/status/1316348885724532736,2020-10-14 17:33:25 IST,2020-10-14T12:03:25Z,"Apple is a mobile network, Google is a search network, Facebook is a social network, #Bitcoin is a monetary network.   All benefit from advances in software &amp; hardware technology, as well as Metcalfe’s law.  Many understand the former, few understand the later.",234,1073,4866,-1,btc,data/CrypTop12-main/tweet/raw/btc/2020-10-14.json
BTC,Saylor,michael_saylor,1316368776754081792,https://x.com/michael_saylor/status/1316368776754081792,2020-10-14 18:52:27 IST,2020-10-14T13:22:27Z,"Institutional support for #Bitcoin continues to build, with @Grayscale leading the way.",32,182,1079,-1,btc,data/CrypTop12-main/tweet/raw/btc/2020-10-14.json
BTC,Saylor,michael_saylor,1316406954391109632,https://x.com/michael_saylor/status/1316406954391109632,2020-10-14 21:24:10 IST,2020-10-14T15:54:10Z,"#Bitcoin will be the dominant monetary network because of the Maximalists.   ""If you don't believe me or don't get it, I don't have time to try to convince you, sorry.""",139,381,2129,1238451,btc,data/CrypTop12-main/tweet/raw/btc/2020-10-14.json
BTC,Saylor,michael_saylor,1316716655804919810,https://x.com/michael_saylor/status/1316716655804919810,2020-10-15 17:54:48 IST,2020-10-15T12:24:48Z,"#Bitcoin &amp; Economic Empowerment, Perils of Trading, Safe Havens, Argentina, Paradigm Shifts, Inflation Vectors, Gold Defects, Software Risks, Faith &amp; Immortality, Corporate Adoption, Treasury Reserves, Tax Code, Ode to Maximalists, Surviving the Flood   https://t.co/Jw4PV1G5GY",54,162,955,1238459,btc,data/CrypTop12-main/tweet/raw/btc/2020-10-15.json
BTC,Saylor,michael_saylor,1316723462916976640,https://x.com/michael_saylor/status/1316723462916976640,2020-10-15 18:21:51 IST,2020-10-15T12:51:51Z,"#Bitcoin as Digital Gold, Technology Investment, Volatility, Market Segments, Attracting Assets, Immortal Sovereignty, Crypto Theory &amp; Dysfunction, Wealth Management, Tax &amp; Accounting Challenges to Crypto Payments, Politics, Priorities, &amp; Path to Success   https://t.co/rh4lX4DIJF",30,112,715,1238458,btc,data/CrypTop12-main/tweet/raw/btc/2020-10-15.json
BTC,Saylor,michael_saylor,1316732498039263233,https://x.com/michael_saylor/status/1316732498039263233,2020-10-15 18:57:45 IST,2020-10-15T13:27:45Z,"A designer knows he has achieved perfection not when there is nothing left to add, but when there is nothing left to take away. -Saint-Exupéry  #Bitcoin has no Country, Capitol, Company, Complication, Caveat, or Competitor.",130,494,2697,1238458,btc,data/CrypTop12-main/tweet/raw/btc/2020-10-15.json
BTC,Saylor,michael_saylor,1316882990551674880,https://x.com/michael_saylor/status/1316882990551674880,2020-10-16 04:55:46 IST,2020-10-15T23:25:46Z,"#Bitcoin Heroes, Inflation Confusion, Gold &amp; Equity, Energy Efficiency, Quantum Skeptics, Robert Breedlove, Community like MIT, Good Economists, “Because Math”, Square &amp; Economic Empowerment, Argentina, Hope, Mission, Natural Beauty, Cyber Hornets.   https://t.co/ZzFIckS4E7",22,99,696,-1,btc,data/CrypTop12-main/tweet/raw/btc/2020-10-16.json
BTC,Saylor,michael_saylor,1317074966945406979,https://x.com/michael_saylor/status/1317074966945406979,2020-10-16 17:38:36 IST,2020-10-16T12:08:36Z,"#Bitcoin is the first software network capable of storing all the monetary energy in the world with no loss of power over time and negligible transmission loss.  Assuming broad adoption, that would make it the most valuable invention of the modern era.   Few understand this.",258,1183,5248,1238466,btc,data/CrypTop12-main/tweet/raw/btc/2020-10-16.json
BTC,Saylor,michael_saylor,1317092462364676096,https://x.com/michael_saylor/status/1317092462364676096,2020-10-16 18:48:08 IST,2020-10-16T13:18:08Z,"The crypto analysts &amp; exchanges should stop comparing #Bitcoin to Altcoins and start comparing Bitcoin to Fiat, Gold, Equity, &amp; Bonds since those assets hold 99.9% of the monetary energy in the world.   https://t.co/HQbC8RK9dZ",89,312,1704,1238466,btc,data/CrypTop12-main/tweet/raw/btc/2020-10-16.json
BTC,Saylor,michael_saylor,1317441784109203457,https://x.com/michael_saylor/status/1317441784109203457,2020-10-17 17:56:12 IST,2020-10-17T12:26:12Z,"In these challenging times, #Bitcoin represents hope to billions of people in need of an instrument of economic empowerment. Accordingly, we have redirected the hope domain to the #Bitcoin Education section of our website. Spread the word - #Bitcoin is  https://t.co/kZl3k7Tm4h",255,914,3888,1238469,btc,data/CrypTop12-main/tweet/raw/btc/2020-10-17.json
BTC,Saylor,michael_saylor,1317817537950875651,https://x.com/michael_saylor/status/1317817537950875651,2020-10-18 18:49:19 IST,2020-10-18T13:19:19Z,#Bitcoin investors understand that preserving energy in a world where everyone else is dissipating it is a winning strategy.,105,349,2278,1238475,btc,data/CrypTop12-main/tweet/raw/btc/2020-10-18.json
BTC,Saylor,michael_saylor,1318157289753333762,https://x.com/michael_saylor/status/1318157289753333762,2020-10-19 17:19:22 IST,2020-10-19T11:49:22Z,"#Bitcoin is like Facebook, except no one ever brought a billion friends to #Facebook.",77,217,1709,-1,btc,data/CrypTop12-main/tweet/raw/btc/2020-10-19.json
BTC,Saylor,michael_saylor,1318290704062435331,https://x.com/michael_saylor/status/1318290704062435331,2020-10-20 02:09:31 IST,2020-10-19T20:39:31Z,Tomorrow I am going to try to convince @KeithMcCullough to change his opinion of #Bitcoin and join the cyber hornets.,135,219,2124,1238482,btc,data/CrypTop12-main/tweet/raw/btc/2020-10-20.json
BTC,Saylor,michael_saylor,1318362287653216257,https://x.com/michael_saylor/status/1318362287653216257,2020-10-20 06:53:58 IST,2020-10-20T01:23:58Z,#Bitcoin is an ark of encrypted energy to escape the currency flood.,60,219,1732,1238503,btc,data/CrypTop12-main/tweet/raw/btc/2020-10-20.json
BTC,Saylor,michael_saylor,1318544120558870529,https://x.com/michael_saylor/status/1318544120558870529,2020-10-20 18:56:30 IST,2020-10-20T13:26:30Z,"My message for @KeithMcCullough : #Bitcoin is an asset, not a commodity.   Commodities are abundant and should be traded.   Assets are scarce and should be owned.  Pure monetary energy is the ideal treasury reserve asset, and for the first time in history, we can now own some.",121,325,1857,1238499,btc,data/CrypTop12-main/tweet/raw/btc/2020-10-20.json
BTC,Saylor,michael_saylor,1318617260269895683,https://x.com/michael_saylor/status/1318617260269895683,2020-10-20 23:47:08 IST,2020-10-20T18:17:08Z,"Everyone in the crypto industry would benefit if analysts segmented the market into crypto-assets (e.g. #Bitcoin), crypto-applications (e.g. Ethereum), &amp; crypto-currencies (e.g. Tether), and calculated three different dominance metrics.   https://t.co/rnySXljPKN",125,309,1983,1238494,btc;eth,data/CrypTop12-main/tweet/raw/btc/2020-10-20.json;data/CrypTop12-main/tweet/raw/eth/2020-10-20.json
BTC,Saylor,michael_saylor,1318883591363899392,https://x.com/michael_saylor/status/1318883591363899392,2020-10-21 17:25:26 IST,2020-10-21T11:55:26Z,"Another publicly company is investing in #Bitcoin in order to  ""protect investors' assets from currency debasement.""   https://t.co/eM0fik0Age",65,398,2040,1238732,btc,data/CrypTop12-main/tweet/raw/btc/2020-10-21.json
BTC,Saylor,michael_saylor,1318894738838294528,https://x.com/michael_saylor/status/1318894738838294528,2020-10-21 18:09:44 IST,2020-10-21T12:39:44Z,Paypal will allow anyone to store all of their personal treasury assets in #Bitcoin and make payments quickly &amp; easily in fiat from their mobile device.  The future is here.   https://t.co/gRH2BzqYKN,144,636,2928,1238731,btc,data/CrypTop12-main/tweet/raw/btc/2020-10-21.json
BTC,Saylor,michael_saylor,1318940941827383297,https://x.com/michael_saylor/status/1318940941827383297,2020-10-21 21:13:19 IST,2020-10-21T15:43:19Z,#Facebook is what happens when we pool social energy on a software network.  Everyone understands this.  #Bitcoin is what happens when we pool monetary energy on a software network.  Few understand this.,143,749,3886,1238745,btc,data/CrypTop12-main/tweet/raw/btc/2020-10-21.json
BTC,Saylor,michael_saylor,1319241849794678784,https://x.com/michael_saylor/status/1319241849794678784,2020-10-22 17:09:01 IST,2020-10-22T11:39:01Z,"A designer knows he has achieved perfection when there is nothing left to take away.  #Bitcoin has no Country, Company, or Competitor.",49,168,1379,1238757,btc,data/CrypTop12-main/tweet/raw/btc/2020-10-22.json
BTC,Saylor,michael_saylor,1319250458960105476,https://x.com/michael_saylor/status/1319250458960105476,2020-10-22 17:43:14 IST,2020-10-22T12:13:14Z,"@thibm_ You are correct.   On our to do list - Austrian Economics, Bitcoin Economics, &amp; more.",29,19,456,1238757,btc,data/CrypTop12-main/tweet/raw/btc/2020-10-22.json
BTC,Saylor,michael_saylor,1319268372253712386,https://x.com/michael_saylor/status/1319268372253712386,2020-10-22 18:54:25 IST,2020-10-22T13:24:25Z,"Growing MicroStrategy, Domains, Stoicism, Technology, Discovering Inflation, Acquisitions, Treasury, Virtual Transformation, Currency War, Defects of Gold &amp; Fiat, Bitcoin as Monetary Network &amp; Critical Element, Cyber Hornets, Corporate Adoption, Perils of Hedging, Conviction",20,64,714,1238754,btc,data/CrypTop12-main/tweet/raw/btc/2020-10-22.json
BTC,Saylor,michael_saylor,1319270064026169344,https://x.com/michael_saylor/status/1319270064026169344,2020-10-22 19:01:08 IST,2020-10-22T13:31:08Z,"My first meeting with my idol @RaoulGMI , who was instrumental in drawing me into the world of #Bitcoin, in which I emphatically (with my characteristic humility 😉) noted that now he must sell all his gold.",25,24,606,1238754,btc,data/CrypTop12-main/tweet/raw/btc/2020-10-22.json
BTC,Saylor,michael_saylor,1319410148247556098,https://x.com/michael_saylor/status/1319410148247556098,2020-10-23 04:17:47 IST,2020-10-22T22:47:47Z,"Embracing #Bitcoin Late, Tech Dominance, Owning vs. Trading, Volatility Myths, Stampede to SoV, Big Tech &amp; Gold Defects, Bitcoin is Hope, Commodities vs. Assets, Crypto Wars, S Curve, Generational Wealth, Monetary Energy, Perils of Models    https://t.co/Y4AcpErFQb via @YouTube",44,111,761,-1,btc,data/CrypTop12-main/tweet/raw/btc/2020-10-23.json
BTC,Saylor,michael_saylor,1319757546379509763,https://x.com/michael_saylor/status/1319757546379509763,2020-10-24 03:18:13 IST,2020-10-23T21:48:13Z,#Bitcoin is the Savings &amp; Loan at the End of the Universe.,91,271,2482,1238765,btc,data/CrypTop12-main/tweet/raw/btc/2020-10-24.json
BTC,Saylor,michael_saylor,1319976927600529409,https://x.com/michael_saylor/status/1319976927600529409,2020-10-24 17:49:58 IST,2020-10-24T12:19:58Z,Imagine a world where everyone used something fair &amp; equitable to settle their economic differences.  #Bitcoin,103,296,2479,1238784,btc,data/CrypTop12-main/tweet/raw/btc/2020-10-24.json
BTC,Saylor,michael_saylor,1319987529358200833,https://x.com/michael_saylor/status/1319987529358200833,2020-10-24 18:32:05 IST,2020-10-24T13:02:05Z,"In theory, the cash flows of a risk-free equity asset would need to grow faster than the rate of monetary expansion for it to serve as a good store of value.  Absent that, the fix would be to either short USD (by leveraging up with debt) or go long #BTC.   https://t.co/P1LJSOaCfm",56,217,1271,1238783,btc,data/CrypTop12-main/tweet/raw/btc/2020-10-24.json
BTC,Saylor,michael_saylor,1320058141686616064,https://x.com/michael_saylor/status/1320058141686616064,2020-10-24 23:12:41 IST,2020-10-24T17:42:41Z,#Google is what happens when we pool information energy on a software network.   Everyone understands this.   #Bitcoin is what happens when we pool monetary energy on a software network.  Few understand this.,104,614,3407,1238778,btc,data/CrypTop12-main/tweet/raw/btc/2020-10-24.json
BTC,Saylor,michael_saylor,1320325110973202436,https://x.com/michael_saylor/status/1320325110973202436,2020-10-25 16:53:31 IST,2020-10-25T11:23:31Z,"Satoshi started a fire in cyberspace.  While the fearful run from it and fools dance around it, the faithful feed the flame, and dream of a world bathed in the warm glow of cyberlight.  #Bitcoin",218,533,3889,1238798,btc,data/CrypTop12-main/tweet/raw/btc/2020-10-25.json
BTC,Saylor,michael_saylor,1320731524715732992,https://x.com/michael_saylor/status/1320731524715732992,2020-10-26 19:48:28 IST,2020-10-26T14:18:28Z,"As investors rotate out of Bonds in search of a Store of Value, they are forced to choose between Gold and Big Tech.   #Bitcoin offers a compelling alternative since it is a digital monetary network designed to host a safe haven asset.    https://t.co/7T3nVf1Cq2 via @YouTube",62,215,1612,1238810,btc,data/CrypTop12-main/tweet/raw/btc/2020-10-26.json
BTC,Saylor,michael_saylor,1321221111699415044,https://x.com/michael_saylor/status/1321221111699415044,2020-10-28 04:13:54 IST,2020-10-27T22:43:54Z,"For the first time in history, we have a software network capable of storing &amp; channeling monetary energy without power loss. #Bitcoin is the first digital monetary network.   As investors &amp; enterprises come to realize this, the consequences will be profound.",91,441,2444,1238830,btc,data/CrypTop12-main/tweet/raw/btc/2020-10-28.json
BTC,Saylor,michael_saylor,1321422012380753921,https://x.com/michael_saylor/status/1321422012380753921,2020-10-28 17:32:13 IST,2020-10-28T12:02:13Z,"Some have asked how much #BTC I own. I personally #hodl 17,732 BTC which I bought at $9,882 each on average. I informed MicroStrategy of these holdings before the company decided to buy #bitcoin for itself.",990,1201,9484,1238886,btc,data/CrypTop12-main/tweet/raw/btc/2020-10-28.json
BTC,Saylor,michael_saylor,1321802392460021761,https://x.com/michael_saylor/status/1321802392460021761,2020-10-29 18:43:42 IST,2020-10-29T13:13:42Z,"@lopp Once you understand #Bitcoin, you go to bed each night with anxiety, feeling chronically short.",127,210,1964,1238902,btc,data/CrypTop12-main/tweet/raw/btc/2020-10-29.json
BTC,Saylor,michael_saylor,1321909203963957250,https://x.com/michael_saylor/status/1321909203963957250,2020-10-30 01:48:08 IST,2020-10-29T20:18:08Z,MicroStrategy has been running a full node of Bitcoin Core version 0.20.1 for over a month now.  We are thrilled to do our part to support the growth of the #Bitcoin Network.,263,588,6394,1238896,btc,data/CrypTop12-main/tweet/raw/btc/2020-10-30.json
BTC,Saylor,michael_saylor,1322158177002102785,https://x.com/michael_saylor/status/1322158177002102785,2020-10-30 18:17:28 IST,2020-10-30T12:47:28Z,A designer has achieved perfection when there is nothing left to take away.   #Bitcoin has no Competitor.,58,130,1424,1238915,btc,data/CrypTop12-main/tweet/raw/btc/2020-10-30.json
BTC,Saylor,michael_saylor,1322676465440296960,https://x.com/michael_saylor/status/1322676465440296960,2020-11-01 04:36:58 IST,2020-10-31T23:06:58Z,"Satoshi started a fire in cyberspace.  What began as a camp fire, grew into a bonfire, now a raging forest fire, promises to become a planet fire.  #Bitcoin is the first true monetary network, spreading thru humanity like a cyberfire.   https://t.co/hehtuuwfjq",98,324,2402,1238920,btc,data/CrypTop12-main/tweet/raw/btc/2020-11-01.json
BTC,Saylor,michael_saylor,1322887640119693327,https://x.com/michael_saylor/status/1322887640119693327,2020-11-01 18:36:06 IST,2020-11-01T13:06:06Z,"#Bitcoin provides Integrity to the digital monetary system.   Liquidity, Scalability, Security, Functionality, Performance, Compatibility, Accessibility, Compliance, &amp; Popularity will be delivered by those individuals, enterprises &amp; agencies that support the Bitcoin Standard.",76,350,2405,-1,btc,data/CrypTop12-main/tweet/raw/btc/2020-11-01.json
BTC,Saylor,michael_saylor,1322918099365072897,https://x.com/michael_saylor/status/1322918099365072897,2020-11-01 20:37:08 IST,2020-11-01T15:07:08Z,"Paradigm Shift, Adiabatic Lapse, Buffet &amp; Apple, K Shape Recovery, Crypto Scuba, Courage &amp; Commitment, Finance vs. Engineering, CeFI vs. DeFI, Cyber Economics, Astrophysics &amp; Network Dynamics, #Bitcoin Opportunities, Stoicism &amp; Humility, Hodling Hornets    https://t.co/sCCfZN3wtE",29,81,679,1238941,btc,data/CrypTop12-main/tweet/raw/btc/2020-11-01.json
BTC,Saylor,michael_saylor,1322923051281981441,https://x.com/michael_saylor/status/1322923051281981441,2020-11-01 20:56:48 IST,2020-11-01T15:26:48Z,"In 1981, Buckminster Fuller predicted a global monetary system based upon uniform energy valuations to solve the problems of economic empowerment we faced then &amp; now from fiat currency.   #Bitcoin is the first true monetary network, based on encrypted energy.",86,376,1890,1238941,btc,data/CrypTop12-main/tweet/raw/btc/2020-11-01.json
BTC,Saylor,michael_saylor,1322999064091336707,https://x.com/michael_saylor/status/1322999064091336707,2020-11-02 01:58:51 IST,2020-11-01T20:28:51Z,"The Wall Street Journal is beginning to notice #Bitcoin and explore its relationship to the wider capital markets, where U.S. stocks alone are worth nearly $52 trillion.   https://t.co/OR0rkHgEve",85,314,1963,1238939,btc,data/CrypTop12-main/tweet/raw/btc/2020-11-02.json
BTC,Saylor,michael_saylor,1323262278230249472,https://x.com/michael_saylor/status/1323262278230249472,2020-11-02 19:24:46 IST,2020-11-02T13:54:46Z,"#Bitcoin is a monetary operating system allowing investors to benefit from a wide variety of #BTC monetary applications from firms like Square, PayPal, Coinbase, Kraken, Binance, Grayscale, NYDIG, Fidelity, Casa, Swan, et al.  The #Bitcoin ecosystem grows stronger by the day.",97,339,2434,1238952,btc,data/CrypTop12-main/tweet/raw/btc/2020-11-02.json
BTC,Saylor,michael_saylor,1323660519857885185,https://x.com/michael_saylor/status/1323660519857885185,2020-11-03 21:47:15 IST,2020-11-03T16:17:15Z,"When I look at this chart I see energy flowing one way, into a monetary network, like a battery charging up to power the world.  Every day $BTC trades above the 200WMA #Bitcoin gets stronger, like spinning up a fly wheel.   Does anyone else see what I see?",155,346,2735,1238970,btc,data/CrypTop12-main/tweet/raw/btc/2020-11-03.json
BTC,Saylor,michael_saylor,1323995196770656257,https://x.com/michael_saylor/status/1323995196770656257,2020-11-04 19:57:08 IST,2020-11-04T14:27:08Z,"Equity investors have lots of choices, concerns, &amp; catalysts causing them to trade in &amp; out of their positions.  Once you understand #Bitcoin, you realize it offers a simple solution to the investment challenge - buy &amp; #hodl.    https://t.co/qXbjxWEeNA",44,146,1286,1238983,btc,data/CrypTop12-main/tweet/raw/btc/2020-11-04.json
BTC,Saylor,michael_saylor,1324033140126613506,https://x.com/michael_saylor/status/1324033140126613506,2020-11-04 22:27:54 IST,2020-11-04T16:57:54Z,"My interview with Block Journal covering MicroStrategy, The Mobile Wave, The Virtual Wave, Investment Philosophy, Macroeconomics, Treasury Strategy, #Bitcoin, &amp; the Future of Crypto.  Available for download from @blockjournal at  https://t.co/dDXh5YElDQ  https://t.co/XRDuixi5Do",21,71,523,1238984,btc,data/CrypTop12-main/tweet/raw/btc/2020-11-04.json
BTC,Saylor,michael_saylor,1324059948494557190,https://x.com/michael_saylor/status/1324059948494557190,2020-11-05 00:14:26 IST,2020-11-04T18:44:26Z,"When I look at #Bitcoin, I don’t see a call option on the future, or apocalypse insurance, or a non-correlated asset class.   I see a new invention – pure monetary energy, and it reminds me of oil, antibiotics, &amp; electricity.  It’s like giving freezing investors the gift of fire.",145,578,3977,1238981,btc,data/CrypTop12-main/tweet/raw/btc/2020-11-05.json
BTC,Saylor,michael_saylor,1324718081021718530,https://x.com/michael_saylor/status/1324718081021718530,2020-11-06 19:49:37 IST,2020-11-06T14:19:37Z,Politicians destroyed the Savings Account.  The Bank of #Bitcoin is bringing it back.,131,691,4634,-1,btc,data/CrypTop12-main/tweet/raw/btc/2020-11-06.json
BTC,Saylor,michael_saylor,1324769801915502594,https://x.com/michael_saylor/status/1324769801915502594,2020-11-06 23:15:08 IST,2020-11-06T17:45:08Z,"Technology drives #Bitcoin Adoption.  Cash App generated $1.63 billion of bitcoin revenue during Q3 up approximately 11x year over year.   No one will be building #Gold into their mobile payments app.  It's a pretty, shiny, dumb rock.   https://t.co/8tNhSXBhR2",78,315,2108,1239025,btc,data/CrypTop12-main/tweet/raw/btc/2020-11-06.json
BTC,Saylor,michael_saylor,1325205718149050374,https://x.com/michael_saylor/status/1325205718149050374,2020-11-08 04:07:18 IST,2020-11-07T22:37:18Z,"Bitcoin Evangelism, Incorruptible Substance, Engineers &amp; Money, Trading Comedy, Treasury Strategy, Beautiful Assets, Bitcoin is Hope, Moral Hazard, Monetary Virtues, Bitcoin Economy, The Terachad, Stoicism, Stop-Loss on Love, Compelling Ideas, $100k Party",72,137,1165,1239035,btc,data/CrypTop12-main/tweet/raw/btc/2020-11-08.json
BTC,Saylor,michael_saylor,1325452205122531334,https://x.com/michael_saylor/status/1325452205122531334,2020-11-08 20:26:46 IST,2020-11-08T14:56:46Z,"#Bitcoin is the greatest monetary athlete of our time.   Superstar athletes are exceptional, enigmatic, &amp; erratic in their first decade as they learn &amp; master their craft.   In their second decade, they crush everyone and everything in their path.",123,457,3508,1239056,btc,data/CrypTop12-main/tweet/raw/btc/2020-11-08.json
BTC,Saylor,michael_saylor,1325650239999578112,https://x.com/michael_saylor/status/1325650239999578112,2020-11-09 09:33:41 IST,2020-11-09T04:03:41Z,#Bitcoin is the dominant crypto network - engineered to host the ideal safe haven asset &amp; preserve monetary energy over long periods of time without power loss.  That makes #BTC the solution to every investor’s store of value problem. Few understand this.   https://t.co/QcK8z5UHS0,75,286,1920,1239124,btc,data/CrypTop12-main/tweet/raw/btc/2020-11-09.json
BTC,Saylor,michael_saylor,1325865146468667394,https://x.com/michael_saylor/status/1325865146468667394,2020-11-09 23:47:38 IST,2020-11-09T18:17:38Z,"At the present time, given the state of the digital &amp; macro economy, the #Bitcoin value proposition of ""Store of Value"" is $250 trillion or more, while the value proposition of ""Medium of Exchange"" is ... Nothing.  Less than zero.",75,180,1191,1239104,btc,data/CrypTop12-main/tweet/raw/btc/2020-11-09.json
BTC,Saylor,michael_saylor,1325947820134854659,https://x.com/michael_saylor/status/1325947820134854659,2020-11-10 05:16:09 IST,2020-11-09T23:46:09Z,"Today, #BTC was less volatile than NASDAQ, S&amp;P 500, Dow Jones, Russell 2000, 10 &amp; 30 Year Treasuries, Gold, Silver, Apple, Amazon, Microsoft, &amp; Facebook.   #Bitcoin advocates should stop apologizing for volatility.",103,484,3535,1239063,btc,data/CrypTop12-main/tweet/raw/btc/2020-11-10.json
BTC,Saylor,michael_saylor,1326177590491623426,https://x.com/michael_saylor/status/1326177590491623426,2020-11-10 20:29:11 IST,2020-11-10T14:59:11Z,"I agree with @APompliano that it is dangerous to think that Gold &amp; Bitcoin are similar &amp; complementary investments.   When the #Bitcoin Dragon emerges from its lair, the first thing it will eat is the Kingdom of #Gold.  @APompliano  https://t.co/9TmJ834OXH",214,522,3617,1239151,btc,data/CrypTop12-main/tweet/raw/btc/2020-11-10.json
BTC,Saylor,michael_saylor,1326271060413714432,https://x.com/michael_saylor/status/1326271060413714432,2020-11-11 02:40:36 IST,2020-11-10T21:10:36Z,"Today, #BTC was less volatile than NASDAQ, Dow Jones, Russell 2000, 10 &amp; 30 Year Treasuries, Gold, Silver, Apple, Amazon, Microsoft, Alphabet &amp; Facebook &amp; similar to S&amp;P 500.   #Bitcoin advocates can stop apologizing for volatility.",87,345,2607,1239143,btc,data/CrypTop12-main/tweet/raw/btc/2020-11-11.json
BTC,Saylor,michael_saylor,1326272574142226432,https://x.com/michael_saylor/status/1326272574142226432,2020-11-11 02:46:37 IST,2020-11-10T21:16:37Z,@johnkvallis @mtcbtc @3beneteau @APompliano This is why I try to avoid talking about #Bitcoin when operating a vehicle.,17,4,188,1239141,btc,data/CrypTop12-main/tweet/raw/btc/2020-11-11.json
BTC,Saylor,michael_saylor,1326514835731980290,https://x.com/michael_saylor/status/1326514835731980290,2020-11-11 18:49:16 IST,2020-11-11T13:19:16Z,"Augmented by great technology partners, #Bitcoin is capable of collecting all the monetary energy in the world, storing it securely &amp; perpetually without power loss, and channeling it efficiently to anyone or anything at the speed of light.  Few understand this.",144,417,2799,1239163,btc,data/CrypTop12-main/tweet/raw/btc/2020-11-11.json
BTC,Saylor,michael_saylor,1326549149584510977,https://x.com/michael_saylor/status/1326549149584510977,2020-11-11 21:05:38 IST,2020-11-11T15:35:38Z,"What happens to all those Quad 4 trader models when 10 billionaires say ""I bought it.  I am not ashamed of it.  I intend to buy more.""    #Bitcoin is not an information network (GOOG), or a social network (FB).  It's a monetary network. Let that sink in...",131,456,3105,1239162,btc,data/CrypTop12-main/tweet/raw/btc/2020-11-11.json
BTC,Saylor,michael_saylor,1326591650836189186,https://x.com/michael_saylor/status/1326591650836189186,2020-11-11 23:54:31 IST,2020-11-11T18:24:31Z,"#Apple could generate $100 billion or more in shareholder value if they integrated #Bitcoin into Apple Pay, built a secure crypto wallet into the iPhone, and began buying #BTC with their Treasury Reserves.   h/t @ETFProfessor    https://t.co/zqDNuFskeY",146,557,3269,1239158,btc,data/CrypTop12-main/tweet/raw/btc/2020-11-11.json
BTC,Saylor,michael_saylor,1326893823344177152,https://x.com/michael_saylor/status/1326893823344177152,2020-11-12 19:55:14 IST,2020-11-12T14:25:14Z,"#Bitcoin is not a currency, nor is it a payment network.   It is a bank in cyberspace, run by incorruptible software, offering a global, affordable, simple, &amp; secure savings account to billions of people that don’t have the option or desire to run their own hedge fund.",291,1280,6583,-1,btc,data/CrypTop12-main/tweet/raw/btc/2020-11-12.json
BTC,Saylor,michael_saylor,1326897092225282054,https://x.com/michael_saylor/status/1326897092225282054,2020-11-12 20:08:13 IST,2020-11-12T14:38:13Z,"@LynAldenContact  addresses concerns about the mythical “#Bitcoin Bubble”, Intrinsic Value, Scalability, Energy Usage, Volatility, Regulation, &amp; Exchange Access in a thoughtful, responsible, articulate fashion.  Serious investors will find her analysis concise &amp; compelling.",8,33,304,-1,btc,data/CrypTop12-main/tweet/raw/btc/2020-11-12.json
BTC,Saylor,michael_saylor,1327978713787543552,https://x.com/michael_saylor/status/1327978713787543552,2020-11-15 19:46:12 IST,2020-11-15T14:16:12Z,"Searching for everlasting value &amp; escape from the sinking Swamp of Fiat, I crossed a Desert of Bonds, wandered the Forest of Stocks, climbed a Mountain of Real Estate &amp; passed the Mirage of Gold, before finally ascending to cyberspace &amp; finding refuge within the Bank of #Bitcoin.",283,844,5706,1241062,btc,data/CrypTop12-main/tweet/raw/btc/2020-11-15.json
BTC,Saylor,michael_saylor,1328357060476620802,https://x.com/michael_saylor/status/1328357060476620802,2020-11-16 20:49:37 IST,2020-11-16T15:19:37Z,"With @princey1976  I discuss the deeper implications of the Virtual Wave, why the world needs free &amp; better Education for billions of people, and how #Bitcoin is a fundamental engineering advance critical to the progression of the human race.    https://t.co/jeRkEiZOia",40,144,975,-1,btc,data/CrypTop12-main/tweet/raw/btc/2020-11-16.json
BTC,Saylor,michael_saylor,1328693924530167812,https://x.com/michael_saylor/status/1328693924530167812,2020-11-17 19:08:12 IST,2020-11-17T13:38:12Z,"Three things I see:  @Maisie_Williams is wiser than most professional investors, 45.6% of her fans know the answer, &amp; only .1% of the money has figured this out and moved onto the #Bitcoin monetary network.   #Bitcoin is a risk worth taking.  #Bitcoin is  https://t.co/kZl3k7Tm4h",82,184,1947,1241106,btc,data/CrypTop12-main/tweet/raw/btc/2020-11-17.json
BTC,Saylor,michael_saylor,1328772219372253184,https://x.com/michael_saylor/status/1328772219372253184,2020-11-18 00:19:19 IST,2020-11-17T18:49:19Z,"#Bitcoin isn’t a train leaving the station, it’s an ark to avoid drowning in the currency flood.   Missing the train means an opportunity lost.   Missing the ark means everything lost.",275,1258,7267,1241091,btc,data/CrypTop12-main/tweet/raw/btc/2020-11-18.json
BTC,Saylor,michael_saylor,1328883409431769088,https://x.com/michael_saylor/status/1328883409431769088,2020-11-18 07:41:08 IST,2020-11-18T02:11:08Z,#Bitcoin is a monetary network that gets stronger as more individuals &amp; corporations adopt it to protect their treasury reserves. The fire in cyberspace is spreading...,61,330,2288,1241121,btc,data/CrypTop12-main/tweet/raw/btc/2020-11-18.json
BTC,Saylor,michael_saylor,1329051673185177605,https://x.com/michael_saylor/status/1329051673185177605,2020-11-18 18:49:46 IST,2020-11-18T13:19:46Z,"In a world where #Bitcoin is .01% of the investment options, with .1% of the invested capital, understood by less than 1% of the investors, familiar to less than 10% of the people, a 47% yes vote is an overwhelming endorsement.   Those who remain short $BTC should be terrified.",81,311,2578,-1,btc,data/CrypTop12-main/tweet/raw/btc/2020-11-18.json
BTC,Saylor,michael_saylor,1329096002960240641,https://x.com/michael_saylor/status/1329096002960240641,2020-11-18 21:45:55 IST,2020-11-18T16:15:55Z,"Given the challenge of how to invest $600 million in treasury reserves, after a lifetime of experience &amp; months of analysis, I decided on an allocation of 100% #Bitcoin, 0% Bonds, 0% Stocks, 0% Real Estate, 0% Gold.  Seems rational to me.   You may have a different opinion.",233,680,4169,-1,btc,data/CrypTop12-main/tweet/raw/btc/2020-11-18.json
BTC,Saylor,michael_saylor,1329441220200980482,https://x.com/michael_saylor/status/1329441220200980482,2020-11-19 20:37:41 IST,2020-11-19T15:07:41Z,"For thousands of years, we crossed oceans in wooden ships &amp; stored value in golden coins.  With the invention of steel, wooden ships became ornamental yachts.  With the invention of #Bitcoin, golden coins will become ornamental jewelry.   https://t.co/OskseN3Rjf",151,537,3075,1241129,btc,data/CrypTop12-main/tweet/raw/btc/2020-11-19.json
BTC,Saylor,michael_saylor,1329446490117451785,https://x.com/michael_saylor/status/1329446490117451785,2020-11-19 20:58:37 IST,2020-11-19T15:28:37Z,"This is why #Bitcoin should be neither a currency, nor a payment network.   The principles of humility &amp; harmony dictate that we should allow technology partners to provide for payments, &amp; defer to governments on matters of currency.  $BTC is a purely engineered Store of Value.",201,286,1744,1241128,btc,data/CrypTop12-main/tweet/raw/btc/2020-11-19.json
BTC,Saylor,michael_saylor,1329789802020040706,https://x.com/michael_saylor/status/1329789802020040706,2020-11-20 19:42:49 IST,2020-11-20T14:12:49Z,"Banks once offered savings accounts yielding 5% annual interest, taxable.  Today, banks offer 0% interest, or you can choose the Bank of #Bitcoin, offering a savings account currently yielding more than 100% annual interest, tax deferred.",172,655,4598,1241149,btc,data/CrypTop12-main/tweet/raw/btc/2020-11-20.json
BTC,Saylor,michael_saylor,1329836794800713733,https://x.com/michael_saylor/status/1329836794800713733,2020-11-20 22:49:33 IST,2020-11-20T17:19:33Z,"When the #Bitcoin Dragon emerges from its lair, the first thing it will eat is the Kingdom of #Gold.",198,409,3359,-1,btc,data/CrypTop12-main/tweet/raw/btc/2020-11-20.json
BTC,Saylor,michael_saylor,1330150691671846919,https://x.com/michael_saylor/status/1330150691671846919,2020-11-21 19:36:52 IST,2020-11-21T14:06:52Z,"Money is energy.   #Bitcoin is the first crypto monetary energy network, capable of collecting all the world’s liquid energy, storing it over time without power loss, and channeling it across space with negligible impedance.",171,531,3447,1241156,btc,data/CrypTop12-main/tweet/raw/btc/2020-11-21.json
BTC,Saylor,michael_saylor,1330529293450022915,https://x.com/michael_saylor/status/1330529293450022915,2020-11-22 20:41:18 IST,2020-11-22T15:11:18Z,"For the traditional investor, I explain why #Bitcoin is “The Monetary Network”, a juggernaut critical to billions of people &amp; a better Store of Value for $300 trillion currently trapped &amp; rapidly depreciating in Bonds, Stocks, Real Estate, Cash, &amp; Gold.   https://t.co/kSx4QoOcIc",93,340,1816,-1,btc,data/CrypTop12-main/tweet/raw/btc/2020-11-22.json
BTC,Saylor,michael_saylor,1330639655780364289,https://x.com/michael_saylor/status/1330639655780364289,2020-11-23 03:59:50 IST,2020-11-22T22:29:50Z,"@RayDalio  – If #Bitcoin is the solution to the great monetary inflation we all face, you have $ billions to gain.  If it’s not, I have $1 billion in $BTC to lose.   Given the stakes, could you invest an hour &amp; watch my interview below?   We will find the truth together.",88,207,1667,1241168,btc,data/CrypTop12-main/tweet/raw/btc/2020-11-23.json
BTC,Saylor,michael_saylor,1330879464373448704,https://x.com/michael_saylor/status/1330879464373448704,2020-11-23 19:52:45 IST,2020-11-23T14:22:45Z,Investing in #Bitcoin &amp; #Gold because you are looking to store your value is like investing in Apple &amp; Kodak because you are looking to store your photos.,157,400,3349,1241177,btc,data/CrypTop12-main/tweet/raw/btc/2020-11-23.json
BTC,Saylor,michael_saylor,1330939795892297730,https://x.com/michael_saylor/status/1330939795892297730,2020-11-23 23:52:29 IST,2020-11-23T18:22:29Z,The beneficially marriage of Big Tech &amp; #Bitcoin - PayPal gets a reserve asset that has been appreciating more than 100% per year vs. USD for the past decade.   Bitcoin gets a mobile payment network &amp; currency compliance protocols.   https://t.co/rDva4LHtUo,74,354,2173,1241173,btc,data/CrypTop12-main/tweet/raw/btc/2020-11-23.json
BTC,Saylor,michael_saylor,1331233152984096768,https://x.com/michael_saylor/status/1331233152984096768,2020-11-24 19:18:11 IST,2020-11-24T13:48:11Z,"#Gold delivers financial freedom via horse, buggy, &amp; stagecoach.   #Bitcoin is a crypto-powered warp drive.   When the monetary mass transit system of the modern state breaks down, we might go back to an economy powered by horses, donkeys &amp; mules, but I doubt it.",120,303,2587,-1,btc,data/CrypTop12-main/tweet/raw/btc/2020-11-24.json
BTC,Saylor,michael_saylor,1331735283189096449,https://x.com/michael_saylor/status/1331735283189096449,2020-11-26 04:33:28 IST,2020-11-25T23:03:28Z,"#Bitcoin is the world's best treasury reserve asset, the emerging dominant monetary network, and the solution to the store of value problem faced by 7.5 billion people &amp; $300 trillion in capital.  At this point, it is all but unstoppable.",348,895,4811,1241293,btc,data/CrypTop12-main/tweet/raw/btc/2020-11-26.json
BTC,Saylor,michael_saylor,1331997183084810240,https://x.com/michael_saylor/status/1331997183084810240,2020-11-26 21:54:10 IST,2020-11-26T16:24:10Z,"All my best investments were in networks that everyone needed, no one could stop, and few understood.  #Bitcoin is the monetary network.",230,670,6035,-1,btc,data/CrypTop12-main/tweet/raw/btc/2020-11-26.json
BTC,Saylor,michael_saylor,1332317650786127880,https://x.com/michael_saylor/status/1332317650786127880,2020-11-27 19:07:35 IST,2020-11-27T13:37:35Z,The signal is monetary expansion everywhere.  The problem is people are going to lose half their wealth in a few years.  The solution is #Bitcoin.  The rest is noise.,145,649,4453,1241374,btc,data/CrypTop12-main/tweet/raw/btc/2020-11-27.json
BTC,Saylor,michael_saylor,1332426659757240322,https://x.com/michael_saylor/status/1332426659757240322,2020-11-28 02:20:45 IST,2020-11-27T20:50:45Z,"@Nouriel #Bitcoin is not a currency, payment network, or exchange.  It is a store of value.  You don’t address the manipulation of interest rates &amp; sovereign debt, the threats of monetary inflation, nor offer a solution to the people, so these criticisms are irrelevant &amp; not constructive.",50,70,1094,1241362,btc,data/CrypTop12-main/tweet/raw/btc/2020-11-28.json
BTC,Saylor,michael_saylor,1332710162864476161,https://x.com/michael_saylor/status/1332710162864476161,2020-11-28 21:07:18 IST,2020-11-28T15:37:18Z,"First we put our communications, advertisements, inquiries, opinions, resumes, relationships, photos, music, &amp; movies on the network.  Now we are going to put our money on the network.  If you missed Microsoft, Apple, Amazon, Google &amp; Facebook, you might want to catch #Bitcoin.",195,869,5252,1241402,btc,data/CrypTop12-main/tweet/raw/btc/2020-11-28.json
BTC,Saylor,michael_saylor,1333040529005826049,https://x.com/michael_saylor/status/1333040529005826049,2020-11-29 19:00:03 IST,2020-11-29T13:30:03Z,"You can struggle to comprehend complicated charts, analyze arbitrary assets, time terrible trades, &amp; prioritize puzzling portfolios, or you can buy #Bitcoin.",173,399,3617,1241429,btc,data/CrypTop12-main/tweet/raw/btc/2020-11-29.json
BTC,Saylor,michael_saylor,1333070547429822464,https://x.com/michael_saylor/status/1333070547429822464,2020-11-29 20:59:20 IST,2020-11-29T15:29:20Z,"The same logic that compels engineers to prefer steel, aluminum, &amp; oxygen for building, flying, &amp; breathing leads me to prefer #Bitcoin for saving.",102,370,3308,1241426,btc,data/CrypTop12-main/tweet/raw/btc/2020-11-29.json
BTC,Saylor,michael_saylor,1333416714978144257,https://x.com/michael_saylor/status/1333416714978144257,2020-11-30 19:54:53 IST,2020-11-30T14:24:53Z,"Over the Thanksgiving holiday weekend, #Bitcoin operated uninterrupted for 113.5 hours vs. 3.5 hours for US capital markets.  Networks from Google, Apple, Facebook, &amp; Amazon also operated uninterrupted.  No one is going to settle for 3.1% availability from their monetary network.",99,521,4277,1241609,btc,data/CrypTop12-main/tweet/raw/btc/2020-11-30.json
BTC,Saylor,michael_saylor,1333468351662796801,https://x.com/michael_saylor/status/1333468351662796801,2020-11-30 23:20:04 IST,2020-11-30T17:50:04Z,"#Bitcoin is the world’s best treasury reserve asset &amp; the emerging dominant monetary network.  It is the solution to the store of value problem faced by every individual, corporation, &amp; government on earth.  As this news gets out, the world is going to change for the better.",90,377,2399,1241589,btc,data/CrypTop12-main/tweet/raw/btc/2020-11-30.json
BTC,Saylor,michael_saylor,1333780927764426753,https://x.com/michael_saylor/status/1333780927764426753,2020-12-01 20:02:08 IST,2020-12-01T14:32:08Z,Questioning the intrinsic value of #Bitcoin is about as silly as questioning the intrinsic value of New York City.,154,299,3040,1242559,btc,data/CrypTop12-main/tweet/raw/btc/2020-12-01.json
BTC,Saylor,michael_saylor,1333825940573593600,https://x.com/michael_saylor/status/1333825940573593600,2020-12-01 23:01:00 IST,2020-12-01T17:31:00Z,"You don't have to invest all your money in #Bitcoin, just the money you want to keep.   https://t.co/bQjYkvRa1S",170,715,4276,1242555,btc,data/CrypTop12-main/tweet/raw/btc/2020-12-01.json
BTC,Saylor,michael_saylor,1333839656828477446,https://x.com/michael_saylor/status/1333839656828477446,2020-12-01 23:55:30 IST,2020-12-01T18:25:30Z,"Should the currency lose pressure, #Bitcoin masks will drop from the overhead area. Please place the mask over your own mouth and nose before assisting others.   https://t.co/QLtXG0rRC5",43,172,1376,1242552,btc,data/CrypTop12-main/tweet/raw/btc/2020-12-01.json
BTC,Saylor,michael_saylor,1334137315376164865,https://x.com/michael_saylor/status/1334137315376164865,2020-12-02 19:38:17 IST,2020-12-02T14:08:17Z,"In keeping with the spirit of #Bitcoin, I have decided to open source my cyber hornet twitter banner.  https://t.co/7jqktdrlSz",290,306,4765,1242614,btc,data/CrypTop12-main/tweet/raw/btc/2020-12-02.json
BTC,Jack Dorsey,jack,1334753342912823296,https://x.com/jack/status/1334753342912823296,2020-12-04 12:26:10 IST,2020-12-04T06:56:10Z,@EdwardY79636259 @CashApp Don’t need to buy 1 Bitcoin. Buy a fraction. #stacksats,42,122,725,5525475,btc,data/CrypTop12-main/tweet/raw/btc/2020-12-04.json
BTC,Saylor,michael_saylor,1334924157453275138,https://x.com/michael_saylor/status/1334924157453275138,2020-12-04 23:44:55 IST,2020-12-04T18:14:55Z,"For #Bitcoin to emerge as the world's monetary network &amp; empower billions of people, we will need to embrace a diverse set of evolving requirements from individuals, institutions, &amp; governments with optimism, patience, humility &amp; good cheer.",259,153,1526,1242673,btc,data/CrypTop12-main/tweet/raw/btc/2020-12-04.json
BTC,Saylor,michael_saylor,1334958046355841034,https://x.com/michael_saylor/status/1334958046355841034,2020-12-05 01:59:35 IST,2020-12-04T20:29:35Z,"Looking forward to my discussion with @cz_binance  next Tuesday as we explore ways to attract tens of trillions of new capital from investors &amp; spread the power of #Bitcoin to billions of users around the world.  Just my words, of course - he probably has greater ambitions 🔥 🚀",184,261,2544,1242669,btc,data/CrypTop12-main/tweet/raw/btc/2020-12-05.json
BTC,Saylor,michael_saylor,1334990791496884224,https://x.com/michael_saylor/status/1334990791496884224,2020-12-05 04:09:42 IST,2020-12-04T22:39:42Z,"MicroStrategy has purchased approximately 2,574 bitcoins for $50.0 million in cash in accordance with its Treasury Reserve Policy, at an average price of approximately $19,427 per bitcoin. We now hold approximately 40,824 bitcoins.   https://t.co/nwZcM9zAXZ",1269,2183,15167,1242665,btc,data/CrypTop12-main/tweet/raw/btc/2020-12-05.json
BTC,Saylor,michael_saylor,1335217304712474649,https://x.com/michael_saylor/status/1335217304712474649,2020-12-05 19:09:47 IST,2020-12-05T13:39:47Z,"If you don’t fantasize about flaunting it, floating in it, flying in it, frolicking with it, fortifying it, or fighting over it, you should probably play it safe and just buy #Bitcoin.",191,305,3955,1242710,btc,data/CrypTop12-main/tweet/raw/btc/2020-12-05.json
BTC,Saylor,michael_saylor,1337468263329107968,https://x.com/michael_saylor/status/1337468263329107968,2020-12-12 00:14:17 IST,2020-12-11T18:44:17Z,"Every investor is in danger of losing their wealth due to the great monetary inflation.  We all need a Store of Value that is not based on fiat.  #Bitcoin is The Solution – an investment grade, safe haven, treasury reserve asset.  #BTC is our best  https://t.co/Rvf2JvyHMb.",252,856,5460,1242889,btc,data/CrypTop12-main/tweet/raw/btc/2020-12-12.json
BTC,Saylor,michael_saylor,1337556139018493952,https://x.com/michael_saylor/status/1337556139018493952,2020-12-12 06:03:28 IST,2020-12-12T00:33:28Z,"#Bitcoin &amp; Superhero Theory, Indestructible trumps Deadly, Antifragile Aces, Death from Above, Sea, Air &amp; Space Power, Fighting against Gravity, History determined by Energy &amp; the Laws of Thermodynamics, Technology is Magic .     https://t.co/OImFK5M31c",32,94,1020,1242932,btc,data/CrypTop12-main/tweet/raw/btc/2020-12-12.json
BTC,Saylor,michael_saylor,1337556620839165952,https://x.com/michael_saylor/status/1337556620839165952,2020-12-12 06:05:23 IST,2020-12-12T00:35:23Z,"MicroStrategy is not an investment company (IC) per the 1940 Investment Co. Act.  An IC is a co. that invests ≥ 40% of assets (less cash &amp; govt securities) in “securities”.  Per the SEC, #BTC isn’t a security.   Ergo, holding BTC doesn’t cause MicroStrategy to become an IC.",225,445,5798,1242932,btc,data/CrypTop12-main/tweet/raw/btc/2020-12-12.json
BTC,Saylor,michael_saylor,1337556890742624259,https://x.com/michael_saylor/status/1337556890742624259,2020-12-12 06:06:28 IST,2020-12-12T00:36:28Z,"MicroStrategy is not an ETF/ETP.  ETFs &amp; ETPs exist to invest in stocks, bonds or commodities – they’re investment companies per ’40 Act. Like Apple &amp; Microsoft, MicroStrategy is an operating company traded on a stock exchange. We just happen to hold BTC in our treasury reserves.",117,206,3432,1242932,btc,data/CrypTop12-main/tweet/raw/btc/2020-12-12.json
BTC,Saylor,michael_saylor,1337783708041027585,https://x.com/michael_saylor/status/1337783708041027585,2020-12-12 21:07:45 IST,2020-12-12T15:37:45Z,"#Bitcoin is the first engineered monetary network, based on the same principles used to design planes, trains, &amp; automobiles, highways, bridges, &amp; railroads, ports, airports, &amp; cities, telephones, power grids, &amp; the internet. Fix the money, fix the world.   https://t.co/vWK3nJn2EM",168,521,3959,1242921,btc,data/CrypTop12-main/tweet/raw/btc/2020-12-12.json
BTC,Saylor,michael_saylor,1338143458616373248,https://x.com/michael_saylor/status/1338143458616373248,2020-12-13 20:57:16 IST,2020-12-13T15:27:16Z,"Crypto exchanges would benefit if they segmented the market &amp; compared the liquidity, volatility, &amp; risk adjusted returns of #BTC to debt, equity, gold, &amp; real estate. To grow by 100x we need to channel money from the asset ocean into the crypto pond. 🚀    https://t.co/yjt5oFqtS7",119,317,3103,1242956,btc,data/CrypTop12-main/tweet/raw/btc/2020-12-13.json
BTC,Saylor,michael_saylor,1338488969781243906,https://x.com/michael_saylor/status/1338488969781243906,2020-12-14 19:50:12 IST,2020-12-14T14:20:12Z,"Gradually then suddenly, thoughtful investors will realize that the riskiest decision they can make is to ignore or under-allocate to #Bitcoin.  A decision to invest 1% in #BTC is a decision to underperform, increase risk, or destroy wealth in the other 99% of the portfolio.",188,764,4169,1242997,btc,data/CrypTop12-main/tweet/raw/btc/2020-12-14.json
BTC,Saylor,michael_saylor,1338844874087522309,https://x.com/michael_saylor/status/1338844874087522309,2020-12-15 19:24:27 IST,2020-12-15T13:54:27Z,"Connect your phone to the mobile network, your computer to the data network, your home to the power network, &amp; your treasury to the monetary network.  #Bitcoin isn’t just an investment, it’s a way of life.",294,845,6529,1243034,btc,data/CrypTop12-main/tweet/raw/btc/2020-12-15.json
BTC,Saylor,michael_saylor,1339244576314454021,https://x.com/michael_saylor/status/1339244576314454021,2020-12-16 21:52:43 IST,2020-12-16T16:22:43Z,"#Bitcoin is the world’s best treasury reserve asset &amp; the emerging dominant monetary network.  It is the solution to the store of value problem faced by every individual, corporation, &amp; government on earth.",476,1915,11609,1244326,btc,data/CrypTop12-main/tweet/raw/btc/2020-12-16.json
BTC,Jack Dorsey,jack,1339355804449697792,https://x.com/jack/status/1339355804449697792,2020-12-17 05:14:42 IST,2020-12-16T23:44:42Z,Boost #Bitcoin and #HODL  https://t.co/4HTiSLPoHu,115,295,2055,5525658,btc,data/CrypTop12-main/tweet/raw/btc/2020-12-17.json
BTC,Saylor,michael_saylor,1339937301716152320,https://x.com/michael_saylor/status/1339937301716152320,2020-12-18 19:45:22 IST,2020-12-18T14:15:22Z,Investing 1% of your portfolio in #Bitcoin is like providing 1% of your citizens water &amp; electricity.,347,529,5660,1244366,btc,data/CrypTop12-main/tweet/raw/btc/2020-12-18.json
BTC,Saylor,michael_saylor,1339975325736951811,https://x.com/michael_saylor/status/1339975325736951811,2020-12-18 22:16:27 IST,2020-12-18T16:46:27Z,Big Tech will need to integrate their products with #Bitcoin to stay competitive.  All companies will need to convert their treasuries to #BTC to stay solvent.   https://t.co/AFbGlNREuD,154,479,3226,1244360,btc,data/CrypTop12-main/tweet/raw/btc/2020-12-18.json
BTC,Saylor,michael_saylor,1340302568631758856,https://x.com/michael_saylor/status/1340302568631758856,2020-12-19 19:56:48 IST,2020-12-19T14:26:48Z,"#Bitcoin is an engineered monetary network.  The first of its kind.  A paradigm shift in the history of money.  Everyone needs it, no one can stop it, few understand it.   We are still early.   https://t.co/ivN3iAOjtX",218,995,5838,1244391,btc,data/CrypTop12-main/tweet/raw/btc/2020-12-19.json
BTC,Saylor,michael_saylor,1340643255990558722,https://x.com/michael_saylor/status/1340643255990558722,2020-12-20 18:30:34 IST,2020-12-20T13:00:34Z,Working harder to earn a currency made weaker to invest in assets growing riskier is a road to serfdom.   #Bitcoin is the path to prosperity.,279,1091,7709,-1,btc,data/CrypTop12-main/tweet/raw/btc/2020-12-20.json
BTC,Saylor,michael_saylor,1340665067570913280,https://x.com/michael_saylor/status/1340665067570913280,2020-12-20 19:57:15 IST,2020-12-20T14:27:15Z,"@elonmusk If you want to do your shareholders a $100 billion favor, convert the $TSLA balance sheet from USD to #BTC.  Other firms on the S&amp;P 500 would follow your lead &amp; in time it would grow to become a $1 trillion favor.",673,2287,22483,-1,btc,data/CrypTop12-main/tweet/raw/btc/2020-12-20.json
BTC,Saylor,michael_saylor,1340679387998527489,https://x.com/michael_saylor/status/1340679387998527489,2020-12-20 20:54:09 IST,2020-12-20T15:24:09Z,@elonmusk Yes.   I have purchased over $1.3 billion in #BTC in past months &amp; would be happy to share my playbook with you offline - from one rocket scientist to another.,1080,2183,20043,1244442,btc,data/CrypTop12-main/tweet/raw/btc/2020-12-20.json
BTC,Saylor,michael_saylor,1341006691408752640,https://x.com/michael_saylor/status/1341006691408752640,2020-12-21 18:34:44 IST,2020-12-21T13:04:44Z,"MicroStrategy has purchased an additional 29,646 bitcoins for $650 million at an average price of $21,925 per #bitcoin and now #hodl an aggregate of 70,470 bitcoins purchased for $1.125 billion at an average price of $15,964 per bitcoin.   https://t.co/j6wVLXIzoa",1197,3809,18339,1244463,btc,data/CrypTop12-main/tweet/raw/btc/2020-12-21.json
BTC,Saylor,michael_saylor,1341043432014434307,https://x.com/michael_saylor/status/1341043432014434307,2020-12-21 21:00:44 IST,2020-12-21T15:30:44Z,"Humans prosper by channeling energy. Money is the highest form of energy. Civilization forms on energy networks. #Bitcoin is the most efficient energy network in history. The fallacy of fiat, equity, property, gold, &amp; commodities as stores of value.   https://t.co/UkUlRIV2Da",153,408,3030,1244460,btc,data/CrypTop12-main/tweet/raw/btc/2020-12-21.json
BTC,Saylor,michael_saylor,1341105821799866368,https://x.com/michael_saylor/status/1341105821799866368,2020-12-22 01:08:39 IST,2020-12-21T19:38:39Z,"#Bitcoin is like a battery charged with monetary energy.   Since a rational investment time horizon is ~4 years, as long as the price is trading above the 200 week moving average (200WMA), the network is powering up.  The more intensely it trades, the faster #BTC absorbs energy.",180,672,4519,1244459,btc,data/CrypTop12-main/tweet/raw/btc/2020-12-22.json
BTC,Saylor,michael_saylor,1341413841968754695,https://x.com/michael_saylor/status/1341413841968754695,2020-12-22 21:32:36 IST,2020-12-22T16:02:36Z,"Money is flowing out of conventional assets into #Bitcoin due to the escalating risks of global currency devaluation, technology disruption, social dislocation &amp; political uncertainty.  This is not a “rally” or “bubble” – it’s a chain reaction spreading like a fire in cyberspace.",394,1908,9824,1244482,btc,data/CrypTop12-main/tweet/raw/btc/2020-12-22.json
BTC,Saylor,michael_saylor,1341493713038700549,https://x.com/michael_saylor/status/1341493713038700549,2020-12-23 02:49:59 IST,2020-12-22T21:19:59Z,#BTC is an institutional grade safe haven asset &amp; solution to the store of value problem faced by everyone.  #Bitcoin is the first digital monetary network.  Corporations should convert the USD on their balance sheets to BTC to maximize shareholder value.  https://t.co/CoaVKCeu8a,282,904,5046,1244474,btc,data/CrypTop12-main/tweet/raw/btc/2020-12-23.json
BTC,Saylor,michael_saylor,1341611826828730369,https://x.com/michael_saylor/status/1341611826828730369,2020-12-23 10:39:20 IST,2020-12-23T05:09:20Z,"In depth views on inflation vectors, digital networks, mobile wave, big tech, deflation, cost of capital, valuing fiat assets, zombie economies, wealth disparity, road to serfdom, moral hazard, finance strategy, flavors of money, bitcoin strategy &amp; growth, decentralized banking.",80,214,1876,1244509,btc,data/CrypTop12-main/tweet/raw/btc/2020-12-23.json
BTC,Saylor,michael_saylor,1341749217207967745,https://x.com/michael_saylor/status/1341749217207967745,2020-12-23 19:45:16 IST,2020-12-23T14:15:16Z,"Advanced Monetary Theory, Thermodynamics, Debt Fragility, Currency Toxicity, Virtues of Teamwork, Syndicated Energy, Store of Value vs. Medium of Exchange, Monetary Frequency, #Hodl Theory, Immortality, Bitcoin Value Drivers - Adoption, Technology, Inflation. Natural Laws &amp; Truth",50,143,1129,1244502,btc,data/CrypTop12-main/tweet/raw/btc/2020-12-23.json
BTC,Saylor,michael_saylor,1341757602699599874,https://x.com/michael_saylor/status/1341757602699599874,2020-12-23 20:18:35 IST,2020-12-23T14:48:35Z,"We all need an investment strategy in the face of unprecedented monetary expansion &amp; uncertainty. @MicroStrategy used HyperIntelligence® to track risk-adjusted returns of currencies, indexes, metals, stocks, &amp; bonds vs BTC.  It is hard to beat a #Bitcoin  https://t.co/uGbtzwJ4Pu.",114,368,2252,1244501,btc,data/CrypTop12-main/tweet/raw/btc/2020-12-23.json
BTC,Jack Dorsey,jack,1341802394443640832,https://x.com/jack/status/1341802394443640832,2020-12-23 23:16:34 IST,2020-12-23T17:46:34Z,This is very well done @bluewalletio #Bitcoin  https://t.co/b8Glsa6YHF,367,462,3484,5525719,btc,data/CrypTop12-main/tweet/raw/btc/2020-12-23.json
BTC,Saylor,michael_saylor,1341869359552212999,https://x.com/michael_saylor/status/1341869359552212999,2020-12-24 03:42:40 IST,2020-12-23T22:12:40Z,"#Bitcoin is the first engineered safe-haven asset running on the worlds's first digital monetary network.  As investors lose faith in Gold &amp; Bonds as safe haven assets, it makes sense for all firms to have a Bitcoin strategy.   https://t.co/kQ052tIeMG via @YouTube",167,438,3137,1244495,btc,data/CrypTop12-main/tweet/raw/btc/2020-12-24.json
BTC,Saylor,michael_saylor,1342103494698926080,https://x.com/michael_saylor/status/1342103494698926080,2020-12-24 19:13:02 IST,2020-12-24T13:43:02Z,"Whenever someone questions our #Bitcoin Strategy, I always wonder what advice the critic would give to the 44 million people in Argentina.  https://t.co/q9kRV1rJNp",213,612,3882,1244522,btc,data/CrypTop12-main/tweet/raw/btc/2020-12-24.json
BTC,Saylor,michael_saylor,1342827728878366723,https://x.com/michael_saylor/status/1342827728878366723,2020-12-26 19:10:53 IST,2020-12-26T13:40:53Z,"Cash is a refuge from risk, but there is a price to pay.  Would you sacrifice 98% of your opportunity to avoid the uncertainty of tomorrow?  Volatility is Vitality.  #Bitcoin is Hope.  https://t.co/TA4hVzKkHw",249,838,5621,1244579,btc,data/CrypTop12-main/tweet/raw/btc/2020-12-26.json
BTC,Saylor,michael_saylor,1343569370015006721,https://x.com/michael_saylor/status/1343569370015006721,2020-12-28 20:17:54 IST,2020-12-28T14:47:54Z,#Bitcoin is the world's first engineered safe-haven asset running on the world's first digital monetary network.,319,1084,7694,1244611,btc,data/CrypTop12-main/tweet/raw/btc/2020-12-28.json
BTC,Saylor,michael_saylor,1343575298818920448,https://x.com/michael_saylor/status/1343575298818920448,2020-12-28 20:41:28 IST,2020-12-28T15:11:28Z,"#Bitcoin is Digital Gold - Harder, Smarter, Stronger, &amp; Faster, Cyber Hornet Theory, Active &amp; Organic Defenses, Fragility of Chinese Walls &amp; Gatekeepers, Darwinian Response &amp; Network Evolution, Smart Money, Monetary Force &amp; Acceleration, Fast BTC Energy.    https://t.co/LdxBHkwtJx",117,340,2428,1244611,btc,data/CrypTop12-main/tweet/raw/btc/2020-12-28.json
BTC,Saylor,michael_saylor,1344298061904936960,https://x.com/michael_saylor/status/1344298061904936960,2020-12-30 20:33:28 IST,2020-12-30T15:03:28Z,The destiny of money is to be encrypted.   #Bitcoin,388,1022,8013,1244645,btc,data/CrypTop12-main/tweet/raw/btc/2020-12-30.json
BTC,Saylor,michael_saylor,1344331294654816256,https://x.com/michael_saylor/status/1344331294654816256,2020-12-30 22:45:31 IST,2020-12-30T17:15:31Z,@RussellOkung @VinceBiegel @PrestonPysh Congratulations on being a #Bitcoin pioneer.  I expect that others will follow your lead.,21,45,821,1244642,btc,data/CrypTop12-main/tweet/raw/btc/2020-12-30.json
BTC,Saylor,michael_saylor,1344659862370873344,https://x.com/michael_saylor/status/1344659862370873344,2020-12-31 20:31:08 IST,2020-12-31T15:01:08Z,"Satoshi created a city in cyberspace, composed of 21 million city blocks, for the 21st century.  In 2021,  everyone will want a place there.  #Bitcoin",474,1516,10241,1244667,btc,data/CrypTop12-main/tweet/raw/btc/2020-12-31.json
BTC,Saylor,michael_saylor,1344667819963777032,https://x.com/michael_saylor/status/1344667819963777032,2020-12-31 21:02:45 IST,2020-12-31T15:32:45Z,#Bitcoin is the solution.   Everything else is just noise.,140,616,3419,1244666,btc,data/CrypTop12-main/tweet/raw/btc/2020-12-31.json
BTC,Saylor,michael_saylor,1344999460473098241,https://x.com/michael_saylor/status/1344999460473098241,2021-01-01 19:00:34 IST,2021-01-01T13:30:34Z,"If you wish to leave the world a better place, you need to leave the money to pay for it.  #Bitcoin   https://t.co/tjcxn9VjBD",154,408,3384,1244691,btc,data/CrypTop12-main/tweet/raw/btc/2021-01-01.json
BTC,Saylor,michael_saylor,1345357001208029184,https://x.com/michael_saylor/status/1345357001208029184,2021-01-02 18:41:19 IST,2021-01-02T13:11:19Z,"In the 21st year of the 21st century, 21 million coins offer hope 2 every 1.   #Bitcoin",737,2812,17048,1244715,btc,data/CrypTop12-main/tweet/raw/btc/2021-01-02.json
BTC,Jack Dorsey,jack,1345474136756273152,https://x.com/jack/status/1345474136756273152,2021-01-03 02:26:46 IST,2021-01-02T20:56:46Z,Follow #bitcoin:  https://t.co/OfCW18tM4l,601,1336,8176,-1,btc,data/CrypTop12-main/tweet/raw/btc/2021-01-03.json
BTC,Jack Dorsey,jack,1345596424679956481,https://x.com/jack/status/1345596424679956481,2021-01-03 10:32:42 IST,2021-01-03T05:02:42Z,#Bitcoin Security Guide  https://t.co/SscJNiO64E,392,2174,11024,5525779,btc,data/CrypTop12-main/tweet/raw/btc/2021-01-03.json
BTC,Jack Dorsey,jack,1345605607206735873,https://x.com/jack/status/1345605607206735873,2021-01-03 11:09:11 IST,2021-01-03T05:39:11Z,Happy birthday #Bitcoin,1111,6150,42150,5525778,btc,data/CrypTop12-main/tweet/raw/btc/2021-01-03.json
BTC,Saylor,michael_saylor,1345852632385155078,https://x.com/michael_saylor/status/1345852632385155078,2021-01-04 03:30:46 IST,2021-01-03T22:00:46Z,"On the 1st business day of 2021, #Bitcoin takes its rightful place atop the Financial Times.   “No force on earth can stop an idea whose time has come”― Victor Hugo",301,1993,8833,1244722,btc,data/CrypTop12-main/tweet/raw/btc/2021-01-04.json
BTC,Jack Dorsey,jack,1346188092210724864,https://x.com/jack/status/1346188092210724864,2021-01-05 01:43:46 IST,2021-01-04T20:13:46Z,"Our comments on FinCen’s rule proposal on #bitcoin and “cryptocurrency.”  We believe this rule will do the opposite of what it intends, will leave people out of participating fully in the economy, and that it being rushed prevents better solutions.   https://t.co/VRXYpLg8Mw",221,779,3891,5525779,btc,data/CrypTop12-main/tweet/raw/btc/2021-01-05.json
BTC,Saylor,michael_saylor,1346196429174435841,https://x.com/michael_saylor/status/1346196429174435841,2021-01-05 02:16:54 IST,2021-01-04T20:46:54Z,"Sound money is essential to human prosperity.  Whether you are interested in creating shareholder value, preserving wealth, leading an enterprise, securing human dignity, or elevating mankind, this letter should be required reading in 2021.  #Bitcoin    https://t.co/aFqnd8PAEN",243,748,3621,1244733,btc,data/CrypTop12-main/tweet/raw/btc/2021-01-05.json
BTC,Saylor,michael_saylor,1346475738531131395,https://x.com/michael_saylor/status/1346475738531131395,2021-01-05 20:46:47 IST,2021-01-05T15:16:47Z,"#Bitcoin Theory, Medium of Exchange, Transactions &amp; Treasury, Tax, Optionality, Crypto Theory, Market Segments, SoV vs MoE vs UoM, Immortal Sovereignty, Morality, Endowments, Magic Power, Digital &amp; Crypto Integration, Rockefeller, Cyber Immortality   https://t.co/gCfKdIo63c",87,237,1616,1244746,btc,data/CrypTop12-main/tweet/raw/btc/2021-01-05.json
BTC,Saylor,michael_saylor,1346596594314072064,https://x.com/michael_saylor/status/1346596594314072064,2021-01-06 04:47:01 IST,2021-01-05T23:17:01Z,#Bitcoin is the first store of value in the world where supply is entirely unaffected by increased demand.  @Scaramucci   https://t.co/54MFBm3YEt,206,898,5137,-1,btc,data/CrypTop12-main/tweet/raw/btc/2021-01-06.json
BTC,Saylor,michael_saylor,1346618238214533120,https://x.com/michael_saylor/status/1346618238214533120,2021-01-06 06:13:01 IST,2021-01-06T00:43:01Z,"""Warren Buffett famously called bitcoin “rat poison.” He may well be right. #Bitcoin could be rat poison, and the rat could be cash."" -Bill Miller, CFA   https://t.co/PC9OGp5mr2",225,886,5162,1244753,btc,data/CrypTop12-main/tweet/raw/btc/2021-01-06.json
BTC,Saylor,michael_saylor,1346834873676427264,https://x.com/michael_saylor/status/1346834873676427264,2021-01-06 20:33:51 IST,2021-01-06T15:03:51Z,"""Each U.S. citizen now has a choice. You can stay on the Fiat Standard, in which some people get to produce unlimited new units of money for free, just not you. Or opt in to the #Bitcoin Standard, in which no one gets to do that, including you.""  -Ross L. Stevens",356,2012,9400,1244753,btc,data/CrypTop12-main/tweet/raw/btc/2021-01-06.json
BTC,Saylor,michael_saylor,1347164970929287168,https://x.com/michael_saylor/status/1347164970929287168,2021-01-07 18:25:32 IST,2021-01-07T12:55:32Z,"#Bitcoin is a swarm of cyber hornets serving the goddess of wisdom, feeding on the fire of truth, exponentially growing ever smarter, faster, and stronger behind a wall of encrypted energy.  https://t.co/6krl2ldyWd",295,783,4738,1244759,btc,data/CrypTop12-main/tweet/raw/btc/2021-01-07.json
BTC,Saylor,michael_saylor,1347179362165075968,https://x.com/michael_saylor/status/1347179362165075968,2021-01-07 19:22:43 IST,2021-01-07T13:52:43Z,Everyone needs a #Bitcoin Strategy.   https://t.co/6ET81G6XnB,145,377,2814,1244759,btc,data/CrypTop12-main/tweet/raw/btc/2021-01-07.json
BTC,Saylor,michael_saylor,1347227032401416194,https://x.com/michael_saylor/status/1347227032401416194,2021-01-07 22:32:09 IST,2021-01-07T17:02:09Z,"#Bitcoin is Digital Gold - harder, smarter, faster, &amp; stronger.  https://t.co/b7IlNiFvEl",208,554,3601,1244757,btc,data/CrypTop12-main/tweet/raw/btc/2021-01-07.json
BTC,Saylor,michael_saylor,1347539067823673345,https://x.com/michael_saylor/status/1347539067823673345,2021-01-08 19:12:04 IST,2021-01-08T13:42:04Z,#Bitcoin is the solution.  Everything else is noise.,795,1786,12514,1244772,btc,data/CrypTop12-main/tweet/raw/btc/2021-01-08.json
BTC,Saylor,michael_saylor,1347581517896294402,https://x.com/michael_saylor/status/1347581517896294402,2021-01-08 22:00:45 IST,2021-01-08T16:30:45Z,"""I shall be telling this with a sigh Somewhere ages and ages hence:  Two roads diverged in a wood, and I— I took the one less traveled by, And that has made all the difference.""  #Bitcoin, not Gold.",200,664,4962,-1,btc,data/CrypTop12-main/tweet/raw/btc/2021-01-08.json
BTC,Saylor,michael_saylor,1347892820221321216,https://x.com/michael_saylor/status/1347892820221321216,2021-01-09 18:37:45 IST,2021-01-09T13:07:45Z,#Bitcoin is a masterpiece of monetary engineering.,547,1467,10961,1244789,btc,data/CrypTop12-main/tweet/raw/btc/2021-01-09.json
BTC,Saylor,michael_saylor,1348274291075395584,https://x.com/michael_saylor/status/1348274291075395584,2021-01-10 19:53:35 IST,2021-01-10T14:23:35Z,"My recent thoughts on #Bitcoin as money, the demise of Gold, de-monetizing defective assets, price discovery, hyperinflation, regulatory concerns &amp; criticisms, debt financing, crypto theory, &amp; Newtonian network dynamics shared with 200,000 cyber hornets.   https://t.co/p712F45kSR",203,590,3650,1244805,btc,data/CrypTop12-main/tweet/raw/btc/2021-01-10.json
BTC,Saylor,michael_saylor,1348747338253279232,https://x.com/michael_saylor/status/1348747338253279232,2021-01-12 03:13:18 IST,2021-01-11T21:43:18Z,"Looking forward to meeting up with @Scaramucci for Round 2 on Thursday.   I intend to tell him to sell his gold, mortgage his house, and buy more #Bitcoin.",205,424,3772,1244815,btc,data/CrypTop12-main/tweet/raw/btc/2021-01-12.json
BTC,Saylor,michael_saylor,1348791518472134658,https://x.com/michael_saylor/status/1348791518472134658,2021-01-12 06:08:51 IST,2021-01-12T00:38:51Z,Today confirms that #Bitcoin will probably not go up at the rate of 1500% per year for more than a month at a time.,408,797,10533,1244861,btc,data/CrypTop12-main/tweet/raw/btc/2021-01-12.json
BTC,Saylor,michael_saylor,1348988680598413312,https://x.com/michael_saylor/status/1348988680598413312,2021-01-12 19:12:19 IST,2021-01-12T13:42:19Z,"On Feb 3 &amp; 4, @MicroStrategy will host Bitcoin for Corporations. Join our officers, industry luminaries &amp; strategic vendors for a free, online, accelerated course in #Bitcoin strategy &amp; tactics to grow your company &amp; create shareholder value.   https://t.co/dHYPyWGxbo",278,1461,7112,1244851,btc,data/CrypTop12-main/tweet/raw/btc/2021-01-12.json
BTC,Saylor,michael_saylor,1349341923627200512,https://x.com/michael_saylor/status/1349341923627200512,2021-01-13 18:35:58 IST,2021-01-13T13:05:58Z,#Bitcoin is thermodynamically sound money for the economic winter that is coming.,368,984,7797,1244982,btc,data/CrypTop12-main/tweet/raw/btc/2021-01-13.json
BTC,Saylor,michael_saylor,1349372663123341313,https://x.com/michael_saylor/status/1349372663123341313,2021-01-13 20:38:07 IST,2021-01-13T15:08:07Z,"#Bitcoin is an open, fair, &amp; equitable monetary network.  It improves as new members contribute their human &amp; financial capital, just like every country, state, city, agency, company, club, church, party, union, cooperative, association, school, institution, ideology, &amp; culture.",307,951,5932,1244866,btc,data/CrypTop12-main/tweet/raw/btc/2021-01-13.json
BTC,Jack Dorsey,jack,1349510779033174016,https://x.com/jack/status/1349510779033174016,2021-01-14 05:46:57 IST,2021-01-14T00:16:57Z,"The reason I have so much passion for #Bitcoin is largely because of the model it demonstrates: a foundational internet technology that is not controlled or influenced by any single individual or entity. This is what the internet wants to be, and over time, more of it will be.",1920,4467,23508,5525807,btc,data/CrypTop12-main/tweet/raw/btc/2021-01-14.json
BTC,Saylor,michael_saylor,1349696258055794689,https://x.com/michael_saylor/status/1349696258055794689,2021-01-14 18:03:58 IST,2021-01-14T12:33:58Z,Powering your treasury with #Bitcoin is like powering your home with #Electricity.,254,722,6464,-1,btc,data/CrypTop12-main/tweet/raw/btc/2021-01-14.json
BTC,Saylor,michael_saylor,1349731108015927302,https://x.com/michael_saylor/status/1349731108015927302,2021-01-14 20:22:27 IST,2021-01-14T14:52:27Z,"#Bitcoin is a feat of monetary engineering, and more closely described by the math, science, &amp; technique of aerospace engineering than the models of financial or software engineering.",187,567,4174,-1,btc,data/CrypTop12-main/tweet/raw/btc/2021-01-14.json
BTC,Saylor,michael_saylor,1349930421526683651,https://x.com/michael_saylor/status/1349930421526683651,2021-01-15 09:34:27 IST,2021-01-15T04:04:27Z,"Free Education, The Mobile Wave, The Virtual Wave, Converting to Bitcoin Standard, Debunking Crypto FUD - Tether, Quantum Attacks, Regulation, HFSP, #Bitcoin Monetary Network, Investment Time Horizon, Wealth Creation Strategy   https://t.co/D6GFROuZEq",75,272,1793,1244886,btc,data/CrypTop12-main/tweet/raw/btc/2021-01-15.json
BTC,Saylor,michael_saylor,1349939409949519872,https://x.com/michael_saylor/status/1349939409949519872,2021-01-15 10:10:10 IST,2021-01-15T04:40:10Z,"#Bitcoin is emerging in 2021 as the new, compelling institutional grade safe haven asset.  Excess cash is a drag on shareholder value in the current monetary environment, so we can expect more firms to adopt Bitcoin as a treasury reserve asset.   https://t.co/v3U697RpHv",150,636,4534,1244886,btc,data/CrypTop12-main/tweet/raw/btc/2021-01-15.json
BTC,Saylor,michael_saylor,1350087817137954826,https://x.com/michael_saylor/status/1350087817137954826,2021-01-15 19:59:53 IST,2021-01-15T14:29:53Z,#Bitcoin is money.  Everything else is credit.,825,2227,14228,1244883,btc,data/CrypTop12-main/tweet/raw/btc/2021-01-15.json
BTC,Saylor,michael_saylor,1350438016192548865,https://x.com/michael_saylor/status/1350438016192548865,2021-01-16 19:11:27 IST,2021-01-16T13:41:27Z,"#Bitcoin is not a ponzi, fad, or bubble.  It is a bank in cyberspace, run by incorruptible software, offering a store of value to billions of people that have no better option.    https://t.co/ydhVNRukHp",471,2087,9059,1244893,btc,data/CrypTop12-main/tweet/raw/btc/2021-01-16.json
BTC,Saylor,michael_saylor,1350819430176092160,https://x.com/michael_saylor/status/1350819430176092160,2021-01-17 20:27:03 IST,2021-01-17T14:57:03Z,#Bitcoin is thermal armor to replace your paper vest.  Winter is coming.,295,731,6327,1244907,btc,data/CrypTop12-main/tweet/raw/btc/2021-01-17.json
BTC,Saylor,michael_saylor,1350850142946131970,https://x.com/michael_saylor/status/1350850142946131970,2021-01-17 22:29:06 IST,2021-01-17T16:59:06Z,"Rumor and speculation about stable coins, alt coins, exchanges, &amp; CBDCs are irrelevant to rational investors holding #Bitcoin as a store of value.",319,782,6730,1244907,btc,data/CrypTop12-main/tweet/raw/btc/2021-01-17.json
BTC,Saylor,michael_saylor,1351168292766027779,https://x.com/michael_saylor/status/1351168292766027779,2021-01-18 19:33:19 IST,2021-01-18T14:03:19Z,#Bitcoin is the dominant digital monetary network.  The next billion members will pay trillions to join.  You might want to join first.,430,1269,8442,1244913,btc,data/CrypTop12-main/tweet/raw/btc/2021-01-18.json
BTC,Saylor,michael_saylor,1351542771375595522,https://x.com/michael_saylor/status/1351542771375595522,2021-01-19 20:21:21 IST,2021-01-19T14:51:21Z,"Like #Bitcoin, living things are volatile.   Dead things, not so much.",228,707,6390,-1,btc,data/CrypTop12-main/tweet/raw/btc/2021-01-19.json
BTC,Saylor,michael_saylor,1351883460194009089,https://x.com/michael_saylor/status/1351883460194009089,2021-01-20 18:55:08 IST,2021-01-20T13:25:08Z,"Humanity advances by engineering - civil, chemical, biomedical, metallurgical, mechanical, nautical, electrical, aeronautical, astronautical &amp; now monetary.  #Bitcoin",114,480,3625,1244932,btc,data/CrypTop12-main/tweet/raw/btc/2021-01-20.json
BTC,Saylor,michael_saylor,1351892112552452101,https://x.com/michael_saylor/status/1351892112552452101,2021-01-20 19:29:31 IST,2021-01-20T13:59:31Z,"Corporations adopted oil, electricity, automobiles, and the internet.   #Bitcoin is next.   https://t.co/dHYPyWGxbo",113,499,3057,1244932,btc,data/CrypTop12-main/tweet/raw/btc/2021-01-20.json
BTC,Saylor,michael_saylor,1352320877858316290,https://x.com/michael_saylor/status/1352320877858316290,2021-01-21 23:53:16 IST,2021-01-21T18:23:16Z,Food -&gt; Fridge Content -&gt; Cloud  Bullion -&gt; #Bitcoin,217,376,3820,1244941,btc,data/CrypTop12-main/tweet/raw/btc/2021-01-21.json
BTC,Saylor,michael_saylor,1352338201810247681,https://x.com/michael_saylor/status/1352338201810247681,2021-01-22 01:02:07 IST,2021-01-21T19:32:07Z,Regulatory clarity will accelerate the adoption of #Bitcoin by corporations and institutional investors.   https://t.co/puesyEpMZ2,100,497,2940,1244939,btc,data/CrypTop12-main/tweet/raw/btc/2021-01-22.json
BTC,Saylor,michael_saylor,1352348748731584515,https://x.com/michael_saylor/status/1352348748731584515,2021-01-22 01:44:01 IST,2021-01-21T20:14:01Z,In support of the #Bitcoin community we are now hosting the Bitcoin White Paper on our website &amp;  https://t.co/kZl3k7Tm4h.,248,623,4481,1244940,btc,data/CrypTop12-main/tweet/raw/btc/2021-01-22.json
BTC,Saylor,michael_saylor,1352390763083132928,https://x.com/michael_saylor/status/1352390763083132928,2021-01-22 04:30:58 IST,2021-01-21T23:00:58Z,"I discuss the emergence of the #Bitcoin Standard, the risks of diversification, the non-threat of regulation, the inevitability of monetary technology, the arrival of corporations, &amp; the increase of Bitcoin's monetary force.",100,332,2069,1244938,btc,data/CrypTop12-main/tweet/raw/btc/2021-01-22.json
BTC,Saylor,michael_saylor,1352614708797464582,https://x.com/michael_saylor/status/1352614708797464582,2021-01-22 19:20:51 IST,2021-01-22T13:50:51Z,"MicroStrategy has purchased approximately 314 bitcoins for $10.0 million in cash in accordance with its Treasury Reserve Policy, at an average price of approximately $31,808 per bitcoin. We now hold approximately 70,784 bitcoins.   https://t.co/zMJSH29bmC",1031,3009,16148,1244957,btc,data/CrypTop12-main/tweet/raw/btc/2021-01-22.json
BTC,Saylor,michael_saylor,1352708449717596163,https://x.com/michael_saylor/status/1352708449717596163,2021-01-23 01:33:21 IST,2021-01-22T20:03:21Z,"Today, I had a good discussion with @MorganLBrennan &amp; @GuyAdami about the maturation of #Bitcoin as an asset class, the acceleration of #BTC adoption by institutions, &amp; the advantages corporations are gaining as they join the #Bitcoin monetary network.",346,1245,6081,1244951,btc,data/CrypTop12-main/tweet/raw/btc/2021-01-23.json
BTC,Saylor,michael_saylor,1353704603368517633,https://x.com/michael_saylor/status/1353704603368517633,2021-01-25 19:31:42 IST,2021-01-25T14:01:42Z,"Marathon Patent Group, Inc. (NASDAQ:MARA) (""Marathon"") today announced that it has purchased 4,812.66 BTC in an aggregate purchase price of $150 million via @NYDIG_BTC.   Another public company adopts #Bitcoin as a treasury reserve asset.    https://t.co/acwghygNxC",288,2008,9387,1244984,btc,data/CrypTop12-main/tweet/raw/btc/2021-01-25.json
BTC,Saylor,michael_saylor,1353705185630105601,https://x.com/michael_saylor/status/1353705185630105601,2021-01-25 19:34:01 IST,2021-01-25T14:04:01Z,"""We also believe that holding part of our Treasury reserves in #Bitcoin will be a better long-term strategy than holding US Dollars, similar to other forward-thinking companies like @MicroStrategy,” said Merrick Okamoto",119,610,4073,1244984,btc,data/CrypTop12-main/tweet/raw/btc/2021-01-25.json
BTC,Saylor,michael_saylor,1354148766983585793,https://x.com/michael_saylor/status/1354148766983585793,2021-01-27 00:56:39 IST,2021-01-26T19:26:39Z,"After Massive #Bitcoin Price Boom, Here’s Why February Could Be Very Big For Bitcoin  https://t.co/xrX4Cyo3Dv",264,1285,5930,1244991,btc,data/CrypTop12-main/tweet/raw/btc/2021-01-27.json
BTC,Saylor,michael_saylor,1354505365145214985,https://x.com/michael_saylor/status/1354505365145214985,2021-01-28 00:33:39 IST,2021-01-27T19:03:39Z,#Bitcoin wasn't built in a day.,357,768,8052,1245000,btc,data/CrypTop12-main/tweet/raw/btc/2021-01-28.json
BTC,Saylor,michael_saylor,1354615123055357962,https://x.com/michael_saylor/status/1354615123055357962,2021-01-28 07:49:47 IST,2021-01-28T02:19:47Z,"If you want the freedom to travel the world and live a nomadic lifestyle, you would do well to acquire some valuable property in cyberspace.   #Bitcoin   https://t.co/dtLZwMS8GU",143,767,4400,1245031,btc,data/CrypTop12-main/tweet/raw/btc/2021-01-28.json
BTC,Saylor,michael_saylor,1354795998791561221,https://x.com/michael_saylor/status/1354795998791561221,2021-01-28 19:48:31 IST,2021-01-28T14:18:31Z,"We are going to open source our #Bitcoin Corporate Playbook, an array of documents covering governance, legal, financial, technical &amp; accounting considerations.  Get the briefing &amp; early access at our Bitcoin for Corporations conference Feb 3/4.   https://t.co/jHAhAkIq76  https://t.co/VylvaYyyfJ",155,927,5152,-1,btc,data/CrypTop12-main/tweet/raw/btc/2021-01-28.json
BTC,Saylor,michael_saylor,1354803213426249729,https://x.com/michael_saylor/status/1354803213426249729,2021-01-28 20:17:11 IST,2021-01-28T14:47:11Z,#Bitcoin is a bank in cyberspace.   Deposit the amount of money you wish to keep.,179,1109,7390,1245020,btc,data/CrypTop12-main/tweet/raw/btc/2021-01-28.json
BTC,Saylor,michael_saylor,1354899983594618889,https://x.com/michael_saylor/status/1354899983594618889,2021-01-29 02:41:43 IST,2021-01-28T21:11:43Z,"“Going forward, we continue to plan to hold our bitcoin and invest additional excess cash flows in bitcoin. Additionally, we will explore various approaches to acquire additional bitcoin as part of our overall corporate strategy.”   https://t.co/RNs8E0XF6J",232,797,4910,1245010,btc,data/CrypTop12-main/tweet/raw/btc/2021-01-29.json
BTC,Saylor,michael_saylor,1355143715824820224,https://x.com/michael_saylor/status/1355143715824820224,2021-01-29 18:50:13 IST,2021-01-29T13:20:13Z,#Bitcoin is the signal and it's getting louder.,442,3067,13900,1245048,btc,data/CrypTop12-main/tweet/raw/btc/2021-01-29.json
BTC,Saylor,michael_saylor,1355521623546355713,https://x.com/michael_saylor/status/1355521623546355713,2021-01-30 19:51:54 IST,2021-01-30T14:21:54Z,"There are decades when nothing happens, and there are weeks when #bitcoin happens.",386,1444,12579,1245074,btc,data/CrypTop12-main/tweet/raw/btc/2021-01-30.json
BTC,Saylor,michael_saylor,1355877105825943555,https://x.com/michael_saylor/status/1355877105825943555,2021-01-31 19:24:27 IST,2021-01-31T13:54:27Z,#Bitcoin is designed to transfer money from the Active to the Patient.,343,1150,9309,1245083,btc,data/CrypTop12-main/tweet/raw/btc/2021-01-31.json
BTC,Saylor,michael_saylor,1355905289359417346,https://x.com/michael_saylor/status/1355905289359417346,2021-01-31 21:16:27 IST,2021-01-31T15:46:27Z,#Bitcoin is for Closers!  https://t.co/tir8mN94Ab,388,968,8400,-1,btc,data/CrypTop12-main/tweet/raw/btc/2021-01-31.json
BTC,Saylor,michael_saylor,1356233524630740992,https://x.com/michael_saylor/status/1356233524630740992,2021-02-01 19:00:44 IST,2021-02-01T13:30:44Z,#Bitcoin is The Monetary Network.  People with money will join.  Then people with money will have to join.,244,1013,7142,1245100,btc,data/CrypTop12-main/tweet/raw/btc/2021-02-01.json
BTC,Saylor,michael_saylor,1356301377455202305,https://x.com/michael_saylor/status/1356301377455202305,2021-02-01 23:30:21 IST,2021-02-01T18:00:21Z,"I have never seen so many CEOs sign up to attend one of our events.  Send yours, or come join our sessions &amp; report back to your team.  Every company can benefit from plugging into the #Bitcoin Monetary Network.",329,1613,9162,1245096,btc,data/CrypTop12-main/tweet/raw/btc/2021-02-01.json
BTC,Saylor,michael_saylor,1356573192215789572,https://x.com/michael_saylor/status/1356573192215789572,2021-02-02 17:30:27 IST,2021-02-02T12:00:27Z,"My formula for success is rise early, work late, and buy #bitcoin.",675,2343,16668,1245185,btc,data/CrypTop12-main/tweet/raw/btc/2021-02-02.json
BTC,Saylor,michael_saylor,1356600103193182210,https://x.com/michael_saylor/status/1356600103193182210,2021-02-02 19:17:23 IST,2021-02-02T13:47:23Z,"MicroStrategy has purchased approximately 295 bitcoins for $10.0 million in cash, at an average price of ~ $33,808 per #bitcoin. We now #hodl ~ 71,079 bitcoins acquired for $1.145 billion at average price of ~ $16,109 per bitcoin.   https://t.co/lmj3QCgKbw",856,2976,15165,1245184,btc,data/CrypTop12-main/tweet/raw/btc/2021-02-02.json
BTC,Saylor,michael_saylor,1356614053804838919,https://x.com/michael_saylor/status/1356614053804838919,2021-02-02 20:12:49 IST,2021-02-02T14:42:49Z,Stop worrying about #Bitcoin.   The Bitcoin Standard will outlast all of us.,75,464,3015,1245180,btc,data/CrypTop12-main/tweet/raw/btc/2021-02-02.json
BTC,Saylor,michael_saylor,1356643209393418240,https://x.com/michael_saylor/status/1356643209393418240,2021-02-02 22:08:40 IST,2021-02-02T16:38:40Z,"With all due respect, #Bitcoin is not a currency and it is not replacing the dollar.  It is a monetary asset rapidly replacing Gold as a store of value.  It will coexist with fiat currencies as it attracts capital from weaker safe haven assets.  Let's discuss - @SteveForbesCEO",582,1513,9230,1245168,btc,data/CrypTop12-main/tweet/raw/btc/2021-02-02.json
BTC,Saylor,michael_saylor,1356711351759089668,https://x.com/michael_saylor/status/1356711351759089668,2021-02-03 02:39:27 IST,2021-02-02T21:09:27Z,"Check out this white paper &amp; join us tomorrow at #Bitcoin for Corporations to discuss ""Bitcoin Finance Considerations"" with Deloitte's Rob Massey (Partner &amp; Global Tax Leader) and Amy Park (Partner &amp; Blockchain / Digital Assets specialist).  https://t.co/UxxfyAaR6x",56,309,1832,1245129,btc,data/CrypTop12-main/tweet/raw/btc/2021-02-03.json
BTC,Saylor,michael_saylor,1356712865827332099,https://x.com/michael_saylor/status/1356712865827332099,2021-02-03 02:45:28 IST,2021-02-02T21:15:28Z,"If you are interested in the legal considerations firms face while integrating #Bitcoin into their corporate strategy, you are not alone.   We have professionals from more than 1400 firms joining us tomorrow for this discussion.  There is still time for your legal team to attend.",148,879,4784,1245128,btc,data/CrypTop12-main/tweet/raw/btc/2021-02-03.json
BTC,Saylor,michael_saylor,1356975573227208704,https://x.com/michael_saylor/status/1356975573227208704,2021-02-03 20:09:22 IST,2021-02-03T14:39:22Z,"We are excited to host #Bitcoin for Corporations today.   Response has been overwhelming, all sessions are live, and we will be covering material never before presented online.  “Stuff I wish someone had told me a year ago.”  https://t.co/BKcZUGDMvi",498,2226,11550,1245234,btc,data/CrypTop12-main/tweet/raw/btc/2021-02-03.json
BTC,Saylor,michael_saylor,1357326535003410437,https://x.com/michael_saylor/status/1357326535003410437,2021-02-04 19:23:58 IST,2021-02-04T13:53:58Z,"We had a surge of late registrations yesterday that maxed out our online event service provider for awhile. 20,653 official registered for #WorldNow with 5656 joining our #Bitcoin for Corporations track. If you missed it, session videos are uploaded now:   https://t.co/BKcZUGDMvi",178,951,4971,-1,btc,data/CrypTop12-main/tweet/raw/btc/2021-02-04.json
BTC,Saylor,michael_saylor,1357331390858203136,https://x.com/michael_saylor/status/1357331390858203136,2021-02-04 19:43:16 IST,2021-02-04T14:13:16Z,Today we will be interviewing 10 of the most influential leaders in the #Bitcoin marketplace live.  Yesterday I was shocked by @NYDIG Ross Stevens' estimate of $25 billion in institutional $BTC assets by year end.  Now I am wondering if anyone might beat that? Join us &amp; find out.,304,1120,7513,-1,btc,data/CrypTop12-main/tweet/raw/btc/2021-02-04.json
BTC,Saylor,michael_saylor,1357369938818830337,https://x.com/michael_saylor/status/1357369938818830337,2021-02-04 22:16:26 IST,2021-02-04T16:46:26Z,The most important digital transformation is the digital transformation of your balance sheet.   #Bitcoin,265,1090,8297,-1,btc,data/CrypTop12-main/tweet/raw/btc/2021-02-04.json
BTC,Jack Dorsey,jack,1357588751757627393,https://x.com/jack/status/1357588751757627393,2021-02-05 12:45:55 IST,2021-02-05T07:15:55Z,Running #bitcoin  https://t.co/W51ga3yrKb,1649,4765,33463,5525905,btc,data/CrypTop12-main/tweet/raw/btc/2021-02-05.json
BTC,Saylor,michael_saylor,1357724399521173508,https://x.com/michael_saylor/status/1357724399521173508,2021-02-05 21:44:56 IST,2021-02-05T16:14:56Z,24 hours. 360 degrees. 100 percent. 21 million #bitcoin.,478,1787,14409,1245336,btc,data/CrypTop12-main/tweet/raw/btc/2021-02-05.json
BTC,Saylor,michael_saylor,1358063857948905473,https://x.com/michael_saylor/status/1358063857948905473,2021-02-06 20:13:49 IST,2021-02-06T14:43:49Z,A fool and his #bitcoin are soon parted.,414,1125,10078,1245377,btc,data/CrypTop12-main/tweet/raw/btc/2021-02-06.json
BTC,Saylor,michael_saylor,1358095113805836290,https://x.com/michael_saylor/status/1358095113805836290,2021-02-06 22:18:01 IST,2021-02-06T16:48:01Z,"For billions of people, #Bitcoin represents hope.",197,1051,5108,1245375,btc,data/CrypTop12-main/tweet/raw/btc/2021-02-06.json
BTC,Saylor,michael_saylor,1358098129489440769,https://x.com/michael_saylor/status/1358098129489440769,2021-02-06 22:30:00 IST,2021-02-06T17:00:00Z,"Our @MicroStrategy World 2021 was a great success, with 22,031 registrants. The #Bitcoin for Corporations program attracted 8,197 attendees from 6,917 different enterprises. All sessions are free &amp; uploaded here, along with our Bitcoin Corporate Playbook.   https://t.co/8KKB7m0EvK",418,2168,10232,1245373,btc,data/CrypTop12-main/tweet/raw/btc/2021-02-06.json
BTC,Jack Dorsey,jack,1358170216136511489,https://x.com/jack/status/1358170216136511489,2021-02-07 03:16:27 IST,2021-02-06T21:46:27Z,@_jonasschnelli_ @gonzoucab # here's how I did it after git clone cd bitcoin/depends make cd .. ./autogen.sh ./configure --prefix=$PWD/depends/arm-apple-darwin20.3.0 make,29,47,404,5525905,btc,data/CrypTop12-main/tweet/raw/btc/2021-02-07.json
BTC,Saylor,michael_saylor,1358439489023131652,https://x.com/michael_saylor/status/1358439489023131652,2021-02-07 21:06:27 IST,2021-02-07T15:36:27Z,I dream of cities in cyberspace built on blocks of #bitcoin.,648,1030,10550,1245414,btc,data/CrypTop12-main/tweet/raw/btc/2021-02-07.json
BTC,Saylor,michael_saylor,1358766845491351554,https://x.com/michael_saylor/status/1358766845491351554,2021-02-08 18:47:15 IST,2021-02-08T13:17:15Z,Congratulations &amp; thank you to @elonmusk &amp; @Tesla on adding #Bitcoin  to their balance sheet.  The entire world will benefit from this leadership.   https://t.co/FVTepBqAI2,1756,11738,51241,1245600,btc,data/CrypTop12-main/tweet/raw/btc/2021-02-08.json
BTC,Saylor,michael_saylor,1358867027289649152,https://x.com/michael_saylor/status/1358867027289649152,2021-02-09 01:25:20 IST,2021-02-08T19:55:20Z,Tesla $TSLA has de-risked the acquisition of #bitcoin by public companies and accelerated the digital transformation of corporate balance sheets.  Treasurers are now thinking about how to convert a non-performing asset into the best performing asset.,433,2522,12000,1245457,btc,data/CrypTop12-main/tweet/raw/btc/2021-02-09.json
BTC,Saylor,michael_saylor,1359150911994626054,https://x.com/michael_saylor/status/1359150911994626054,2021-02-09 20:13:23 IST,2021-02-09T14:43:23Z,Introducing Bitcoin for Everybody - a free course to educate the world on #bitcoin and assist anyone seeking to harness this digital monetary network to promote economic empowerment.     https://t.co/iqxv3vjHpg  https://t.co/VJz1kHiS8a,573,4358,15684,-1,btc,data/CrypTop12-main/tweet/raw/btc/2021-02-09.json
BTC,Saylor,michael_saylor,1359217537548976145,https://x.com/michael_saylor/status/1359217537548976145,2021-02-10 00:38:08 IST,2021-02-09T19:08:08Z,"As corporations adopt #bitcoin as a treasury reserve asset on their balance sheets, they replace a non-performing asset with the best performing asset, choosing volatile appreciation over stable depreciation.  This Bitcoin Strategy benefits all shareholders over the long term.",255,1536,7002,1245655,btc,data/CrypTop12-main/tweet/raw/btc/2021-02-10.json
BTC,Saylor,michael_saylor,1359499695748493315,https://x.com/michael_saylor/status/1359499695748493315,2021-02-10 19:19:20 IST,2021-02-10T13:49:20Z,“Only buy something that you’d be perfectly happy to hold if the market shuts down for ten years.” - Warren Buffett on #Bitcoin,476,1807,13892,1245747,btc,data/CrypTop12-main/tweet/raw/btc/2021-02-10.json
BTC,Saylor,michael_saylor,1359515055369433088,https://x.com/michael_saylor/status/1359515055369433088,2021-02-10 20:20:22 IST,2021-02-10T14:50:22Z,Companies that repurchase their stock with cash weaken their business.  Those that buyback stock with debt actually impoverish their business.  #Bitcoin on the balance sheet is a rational alternative that strengthens a capital structure to the benefit of all stakeholders.,118,589,3113,1245740,btc,data/CrypTop12-main/tweet/raw/btc/2021-02-10.json
BTC,Saylor,michael_saylor,1359520013116407809,https://x.com/michael_saylor/status/1359520013116407809,2021-02-10 20:40:04 IST,2021-02-10T15:10:04Z,"The coming decade will bring the digital transformation of corporate balance sheets.   #Bitcoin is digital gold &amp; the most scarce treasury asset, making it enormously accretive to shareholder value in the current monetary environment.   https://t.co/7et9ARvj8f",84,427,2392,1245742,btc,data/CrypTop12-main/tweet/raw/btc/2021-02-10.json
BTC,Saylor,michael_saylor,1359523178582863872,https://x.com/michael_saylor/status/1359523178582863872,2021-02-10 20:52:39 IST,2021-02-10T15:22:39Z,"I’m honored to be included in @Cointelegraph’s Top 100 notable people in blockchain, along with so many other amazing innovators. The discovery of #Bitcoin in 2020 was certainly the highlight of my year(s), and four (4) was always my favorite number.    https://t.co/cJ91IAYWC8",236,461,4541,1245742,btc,data/CrypTop12-main/tweet/raw/btc/2021-02-10.json
BTC,Saylor,michael_saylor,1359590839090114560,https://x.com/michael_saylor/status/1359590839090114560,2021-02-11 01:21:30 IST,2021-02-10T19:51:30Z,"My latest thoughts on monetary engineering, the #bitcoin network, longevity of protocols, folly of commodity money like gold, silver, &amp; glass beads, brand strength &amp; why Buffett should love Bitcoin, decentralized mining dynamics, macro investment strategy.  https://t.co/7IZ8GIChAt",97,406,2552,1245732,btc,data/CrypTop12-main/tweet/raw/btc/2021-02-11.json
BTC,Saylor,michael_saylor,1359594682356019202,https://x.com/michael_saylor/status/1359594682356019202,2021-02-11 01:36:46 IST,2021-02-10T20:06:46Z,"#Bitcoin is engineered to convert your balance sheet from a liability to an asset. It’s a million times better than gold, it moves at the speed of light, more than 100 million people are using it now &amp; approaching 1 billion users in five years, with millennials leading the way.",229,1209,5508,1245731,btc,data/CrypTop12-main/tweet/raw/btc/2021-02-11.json
BTC,Saylor,michael_saylor,1359853200279494662,https://x.com/michael_saylor/status/1359853200279494662,2021-02-11 18:44:02 IST,2021-02-11T13:14:02Z,"#Bitcoin moves pretty fast.  If you don't stop and look around once in a while, you could miss it.",586,1678,14046,1245815,btc,data/CrypTop12-main/tweet/raw/btc/2021-02-11.json
BTC,Saylor,michael_saylor,1359918967587024898,https://x.com/michael_saylor/status/1359918967587024898,2021-02-11 23:05:22 IST,2021-02-11T17:35:22Z,"If institutions want to move billion dollar blocks of money around the globe, gold is a million times more expensive than #bitcoin, and a thousand times slower.   We can’t build a modern economy on antiquated technology.",536,2285,13600,1245790,btc,data/CrypTop12-main/tweet/raw/btc/2021-02-11.json
BTC,Saylor,michael_saylor,1359933667129311234,https://x.com/michael_saylor/status/1359933667129311234,2021-02-12 00:03:47 IST,2021-02-11T18:33:47Z,"Last week at @MicroStrategy Bitcoin for Corporations conference, I presented my views on corporate #bitcoin strategies to preserve capital, generate income, and create shareholder value.   https://t.co/qSWSQ0f5cS",132,521,3320,1245789,btc,data/CrypTop12-main/tweet/raw/btc/2021-02-12.json
BTC,Jack Dorsey,jack,1360114881978982403,https://x.com/jack/status/1360114881978982403,2021-02-12 12:03:52 IST,2021-02-12T06:33:52Z,"JAY-Z/@S_C_ and I are giving 500 BTC to a new endowment named ₿trust to fund #Bitcoin development, initially focused on teams in Africa &amp; India. It‘ll be set up as a blind irrevocable trust, taking zero direction from us. We need 3 board members to start:  https://t.co/L4mRBryMJe",1815,6411,24220,5525941,btc,data/CrypTop12-main/tweet/raw/btc/2021-02-12.json
BTC,Saylor,michael_saylor,1360201571351592961,https://x.com/michael_saylor/status/1360201571351592961,2021-02-12 17:48:20 IST,2021-02-12T12:18:20Z,“The pessimist sees difficulty in every opportunity.  The optimist sees opportunity in every difficulty.” - Winston Churchill on #Bitcoin,313,2316,13506,1245868,btc,data/CrypTop12-main/tweet/raw/btc/2021-02-12.json
BTC,Saylor,michael_saylor,1360332204203769861,https://x.com/michael_saylor/status/1360332204203769861,2021-02-13 02:27:25 IST,2021-02-12T20:57:25Z,“No force on earth can stop an idea whose time has come.” - Victor Hugo on #Bitcoin,184,1292,6332,-1,btc,data/CrypTop12-main/tweet/raw/btc/2021-02-13.json
BTC,Saylor,michael_saylor,1360572922688122885,https://x.com/michael_saylor/status/1360572922688122885,2021-02-13 18:23:57 IST,2021-02-13T12:53:57Z,“The secret to success is to know something nobody else knows.” - Aristotle Onassis on #Bitcoin,390,1553,10471,1245893,btc,data/CrypTop12-main/tweet/raw/btc/2021-02-13.json
BTC,Saylor,michael_saylor,1360601673933213709,https://x.com/michael_saylor/status/1360601673933213709,2021-02-13 20:18:12 IST,2021-02-13T14:48:12Z,“Never f- with a winning streak.” - Crash Davis on #Bitcoin  https://t.co/laEG1pMw7F,180,463,4617,1245892,btc,data/CrypTop12-main/tweet/raw/btc/2021-02-13.json
BTC,Saylor,michael_saylor,1360955694757916677,https://x.com/michael_saylor/status/1360955694757916677,2021-02-14 19:44:57 IST,2021-02-14T14:14:57Z,"""You are my heart, my life, my one and only thought."" - Arthur Conan Doyle on #Bitcoin",313,682,6860,1245922,btc,data/CrypTop12-main/tweet/raw/btc/2021-02-14.json
BTC,Saylor,michael_saylor,1361310947520954369,https://x.com/michael_saylor/status/1361310947520954369,2021-02-15 19:16:36 IST,2021-02-15T13:46:36Z,"“If life were predictable it would cease to be life, and be without flavor.” - Eleanor Roosevelt on #Bitcoin",129,450,4111,-1,btc,data/CrypTop12-main/tweet/raw/btc/2021-02-15.json
BTC,Saylor,michael_saylor,1361314641738104834,https://x.com/michael_saylor/status/1361314641738104834,2021-02-15 19:31:17 IST,2021-02-15T14:01:17Z,For the first time in history we can own property in cyberspace.  The greatest city of the 21st century will be built upon 21 million blocks of #bitcoin.,386,1441,10179,-1,btc,data/CrypTop12-main/tweet/raw/btc/2021-02-15.json
BTC,Saylor,michael_saylor,1361346528917471240,https://x.com/michael_saylor/status/1361346528917471240,2021-02-15 21:37:59 IST,2021-02-15T16:07:59Z,"February 8, 2021 was an inflection point for #Bitcoin and mainstream adoption is going to accelerate as the ever more compelling logic of a digital monetary network spreads around the globe.",96,393,2781,-1,btc,data/CrypTop12-main/tweet/raw/btc/2021-02-15.json
BTC,Saylor,michael_saylor,1361397251197853699,https://x.com/michael_saylor/status/1361397251197853699,2021-02-16 00:59:32 IST,2021-02-15T19:29:32Z,You don't need to be a rocket scientist to understand #bitcoin.,324,2113,10430,-1,btc,data/CrypTop12-main/tweet/raw/btc/2021-02-16.json
BTC,Saylor,michael_saylor,1362014760859033609,https://x.com/michael_saylor/status/1362014760859033609,2021-02-17 17:53:18 IST,2021-02-17T12:23:18Z,"#Bitcoin never sleeps, pal.",598,1695,16906,1246039,btc,data/CrypTop12-main/tweet/raw/btc/2021-02-17.json
BTC,Saylor,michael_saylor,1362029677020393472,https://x.com/michael_saylor/status/1362029677020393472,2021-02-17 18:52:34 IST,2021-02-17T13:22:34Z,Gold peaked in August 2020 at the same time @MicroStrategy chose #Bitcoin as the superior asset.,290,1033,6549,1246037,btc,data/CrypTop12-main/tweet/raw/btc/2021-02-17.json
BTC,Saylor,michael_saylor,1362785854758993927,https://x.com/michael_saylor/status/1362785854758993927,2021-02-19 20:57:21 IST,2021-02-19T15:27:21Z,MicroStrategy Completes $1.05 Billion Offering of Convertible Notes at 0% Coupon and 50% Conversion Premium with #Bitcoin Use of Funds   https://t.co/KHIyrhR8Nz,514,1896,9718,1246131,btc,data/CrypTop12-main/tweet/raw/btc/2021-02-19.json
BTC,Saylor,michael_saylor,1362847607048048648,https://x.com/michael_saylor/status/1362847607048048648,2021-02-20 01:02:44 IST,2021-02-19T19:32:44Z,"“If you want to find the secrets of the universe, think in terms of energy, frequency and vibration.” ~ Nikola Tesla on #Bitcoin",473,2246,14987,1246104,btc,data/CrypTop12-main/tweet/raw/btc/2021-02-20.json
BTC,Saylor,michael_saylor,1363112486438920195,https://x.com/michael_saylor/status/1363112486438920195,2021-02-20 18:35:16 IST,2021-02-20T13:05:16Z,"“The successful warrior is the average man, with laser-like focus.” - Bruce Lee on #Bitcoin",404,1947,14254,-1,btc,data/CrypTop12-main/tweet/raw/btc/2021-02-20.json
BTC,Saylor,michael_saylor,1363155792522850313,https://x.com/michael_saylor/status/1363155792522850313,2021-02-20 21:27:21 IST,2021-02-20T15:57:21Z,"My latest discussion with @saifedean covering the Fiat Standard &amp; the migration of the store of value function from Gold to Bonds to Equity to Bitcoin.  Gold is antiquated &amp; elitist, #Bitcoin is egalitarian, progressive, &amp; the expanding molten crypto core of the monetary planet.",173,581,3613,-1,btc,data/CrypTop12-main/tweet/raw/btc/2021-02-20.json
BTC,Saylor,michael_saylor,1363270990634041344,https://x.com/michael_saylor/status/1363270990634041344,2021-02-21 05:05:07 IST,2021-02-20T23:35:07Z,"“The first rule of Fight Club is: You do not talk about Fight Club.  The second rule of Fight Club is: You DO NOT talk about Fight Club.” - Tyler Durden (he meant #Bitcoin, but couldn’t talk about it)",354,858,7856,1246146,btc,data/CrypTop12-main/tweet/raw/btc/2021-02-21.json
BTC,Saylor,michael_saylor,1363482727287316482,https://x.com/michael_saylor/status/1363482727287316482,2021-02-21 19:06:29 IST,2021-02-21T13:36:29Z,"“Give me a lever long enough and a fulcrum on which to place it, and I shall move the world.” - Archimedes on #Bitcoin",223,717,6482,1246194,btc,data/CrypTop12-main/tweet/raw/btc/2021-02-21.json
BTC,Saylor,michael_saylor,1363506446076379139,https://x.com/michael_saylor/status/1363506446076379139,2021-02-21 20:40:44 IST,2021-02-21T15:10:44Z,Air conditioners make our world livable.  Refrigerators make our food edible.  #Bitcoin makes our money durable.  Better living thru technology powered by clean electricity.,220,998,7382,1246193,btc,data/CrypTop12-main/tweet/raw/btc/2021-02-21.json
BTC,Saylor,michael_saylor,1363508637977690113,https://x.com/michael_saylor/status/1363508637977690113,2021-02-21 20:49:26 IST,2021-02-21T15:19:26Z,"What happens when all the publicly traded Bitcoin miners stop selling #bitcoin and start buying it to #hodl using publicly issued equity &amp; debt to cover their expenses?  BTC stock to flow goes to infinity, then it goes negative…",700,1674,11783,1246192,btc,data/CrypTop12-main/tweet/raw/btc/2021-02-21.json
BTC,Saylor,michael_saylor,1363513341596024832,https://x.com/michael_saylor/status/1363513341596024832,2021-02-21 21:08:08 IST,2021-02-21T15:38:08Z,It is only speculation if you don’t understand the technology or why you need it.  #Bitcoin,494,2519,14143,1246192,btc,data/CrypTop12-main/tweet/raw/btc/2021-02-21.json
BTC,Saylor,michael_saylor,1363837584783380482,https://x.com/michael_saylor/status/1363837584783380482,2021-02-22 18:36:33 IST,2021-02-22T13:06:33Z,“Wide diversification is only required when investors do not understand what they are doing.” - Warren Buffett on #Bitcoin,349,1173,9097,1246248,btc,data/CrypTop12-main/tweet/raw/btc/2021-02-22.json
BTC,Saylor,michael_saylor,1363887519889244160,https://x.com/michael_saylor/status/1363887519889244160,2021-02-22 21:54:59 IST,2021-02-22T16:24:59Z,"If you focus on the networks that provide our modern world with hygienic water, clean electricity, &amp; clear communications it becomes obvious why we need a digital monetary network.   #Bitcoin",234,752,5969,1246233,btc,data/CrypTop12-main/tweet/raw/btc/2021-02-22.json
BTC,Saylor,michael_saylor,1364191693667500033,https://x.com/michael_saylor/status/1364191693667500033,2021-02-23 18:03:39 IST,2021-02-23T12:33:39Z,"""In investing, what is comfortable is rarely profitable."" - Robert Arnott on #Bitcoin",521,2211,13787,1246298,btc,data/CrypTop12-main/tweet/raw/btc/2021-02-23.json
BTC,Saylor,michael_saylor,1364212672166789124,https://x.com/michael_saylor/status/1364212672166789124,2021-02-23 19:27:01 IST,2021-02-23T13:57:01Z,"#Bitcoin is for saving, not for spending.  @RussellOkung and I agree on this point &amp; would like to respectfully submit to @JanetYellen that the primary use case of bitcoin is to preserve the life savings of the people so they can achieve their hopes &amp; aspirations.",293,1048,5490,1246286,btc,data/CrypTop12-main/tweet/raw/btc/2021-02-23.json
BTC,Saylor,michael_saylor,1364214629174571013,https://x.com/michael_saylor/status/1364214629174571013,2021-02-23 19:34:48 IST,2021-02-23T14:04:48Z,"#Bitcoin is the dominant digital monetary network.  It reached a $1 trillion market cap faster than $AAPL, $AMZN, $GOOG, or $MSFT, and it is inevitable that billions of people will rely on it to store &amp; channel their monetary energy.",209,1109,5794,1246283,btc,data/CrypTop12-main/tweet/raw/btc/2021-02-23.json
BTC,Saylor,michael_saylor,1364274626860380160,https://x.com/michael_saylor/status/1364274626860380160,2021-02-23 23:33:12 IST,2021-02-23T18:03:12Z,"I enjoyed my opportunity to have a constructive conversation this morning with @BeckyQuick, @andrewrsorkin, &amp; @JoeSquawk on #Bitcoin, different views on volatility, BTC's role in corporate treasuries, &amp; the evolution of bitcoin as an asset class.",252,756,4525,1246297,btc,data/CrypTop12-main/tweet/raw/btc/2021-02-23.json
BTC,Saylor,michael_saylor,1364323212612546563,https://x.com/michael_saylor/status/1364323212612546563,2021-02-24 02:46:16 IST,2021-02-23T21:16:16Z,"Square announced today that it has purchased ~3,318 bitcoins at an aggregate purchase price of $170 million. Combined with Square’s previous purchase of $50 million in #bitcoin, this represents ~five percent of total cash, cash equivalents &amp; marketable securities as of 12/31/2020",485,3121,18173,1246284,btc,data/CrypTop12-main/tweet/raw/btc/2021-02-24.json
BTC,Saylor,michael_saylor,1364334047300886533,https://x.com/michael_saylor/status/1364334047300886533,2021-02-24 03:29:19 IST,2021-02-23T21:59:19Z,"In 2020, more than three million customers purchased or sold bitcoin on $SQ Cash App, and, in January 2021, more than one million customers purchased #bitcoin for the first time. Cash App generated $1.76 billion of bitcoin revenue during Q4 of 2020, up approximately 10x YoY.",186,919,6483,1246281,btc,data/CrypTop12-main/tweet/raw/btc/2021-02-24.json
BTC,Saylor,michael_saylor,1364554800747134979,https://x.com/michael_saylor/status/1364554800747134979,2021-02-24 18:06:31 IST,2021-02-24T12:36:31Z,"“Far more money has been lost by investors preparing for corrections, or trying to anticipate corrections, than has been lost in corrections themselves.” – Peter Lynch on #Bitcoin",332,1482,11003,1246333,btc,data/CrypTop12-main/tweet/raw/btc/2021-02-24.json
BTC,Saylor,michael_saylor,1364561973363490817,https://x.com/michael_saylor/status/1364561973363490817,2021-02-24 18:35:01 IST,2021-02-24T13:05:01Z,"MicroStrategy has purchased an additional ~19,452 bitcoins for ~$1.026 billion in cash at an average price of ~$52,765 per #bitcoin. As of 2/24/2021, we #hodl ~90,531 bitcoins acquired for ~$2.171 billion at an average price of ~$23,985 per bitcoin. $MSTR   https://t.co/FbsRYhXEhn",1548,5901,25123,1246333,btc,data/CrypTop12-main/tweet/raw/btc/2021-02-24.json
BTC,Saylor,michael_saylor,1364930033152843779,https://x.com/michael_saylor/status/1364930033152843779,2021-02-25 18:57:33 IST,2021-02-25T13:27:33Z,“It is better to have a permanent income than to be fascinating.” - Oscar Wilde on #Bitcoin,270,706,6861,1246353,btc,data/CrypTop12-main/tweet/raw/btc/2021-02-25.json
BTC,Saylor,michael_saylor,1364968743336620035,https://x.com/michael_saylor/status/1364968743336620035,2021-02-25 21:31:22 IST,2021-02-25T16:01:22Z,I will speak with @TheStalwart at 11:20 am EST today on @BloombergLive about corporate adoption of #bitcoin as a treasury reserve asset &amp; how institutional investors can benefit from a bitcoin strategy.   https://t.co/c9WZxjYvTX,123,273,1408,1246351,btc,data/CrypTop12-main/tweet/raw/btc/2021-02-25.json
BTC,Saylor,michael_saylor,1365020410442620932,https://x.com/michael_saylor/status/1365020410442620932,2021-02-26 00:56:41 IST,2021-02-25T19:26:41Z,Traditional treasury strategies no longer work to preserve shareholder value.  Corporations need new techniques to manage the dilutive impact of monetary inflation on their balance sheet.  The best idea is #Bitcoin.,158,679,3739,1246345,btc,data/CrypTop12-main/tweet/raw/btc/2021-02-26.json
BTC,Saylor,michael_saylor,1365026765022916608,https://x.com/michael_saylor/status/1365026765022916608,2021-02-26 01:21:56 IST,2021-02-25T19:51:56Z,"Civilization is based on clean energy, clean water, clean communication, &amp; clean money.   #Bitcoin provides corporations protection against currency devaluation as well as an option to participate in the explosive growth of the digital monetary network.",163,502,2979,1246345,btc,data/CrypTop12-main/tweet/raw/btc/2021-02-26.json
BTC,Saylor,michael_saylor,1365034820187918340,https://x.com/michael_saylor/status/1365034820187918340,2021-02-26 01:53:56 IST,2021-02-25T20:23:56Z,In five years a billion people will own #bitcoin.   https://t.co/mAxvMFwYQE,476,1598,8489,1246344,btc,data/CrypTop12-main/tweet/raw/btc/2021-02-26.json
BTC,Jack Dorsey,jack,1365083296414113792,https://x.com/jack/status/1365083296414113792,2021-02-26 05:06:34 IST,2021-02-25T23:36:34Z,"Bitcoin, Blockchain and the Black Community - CoinDesk  https://t.co/3KH6W7Rg0Q",415,730,3797,5525981,btc,data/CrypTop12-main/tweet/raw/btc/2021-02-26.json
BTC,Saylor,michael_saylor,1365294137541619714,https://x.com/michael_saylor/status/1365294137541619714,2021-02-26 19:04:22 IST,2021-02-26T13:34:22Z,"""You can never cross the ocean unless you have the courage to lose sight of the shore."" - Christopher Columbus on #Bitcoin",515,2149,15438,1246372,btc,data/CrypTop12-main/tweet/raw/btc/2021-02-26.json
BTC,Saylor,michael_saylor,1365305508639424522,https://x.com/michael_saylor/status/1365305508639424522,2021-02-26 19:49:34 IST,2021-02-26T14:19:34Z,"As the use of #Bitcoin grows, and as it becomes more deeply embedded into our societies, the security of the network must grow and strengthen alongside it.  I support the @mitDCI Bitcoin Software &amp; Security Effort.   https://t.co/F2AWbPVWO9",132,316,2334,1246371,btc,data/CrypTop12-main/tweet/raw/btc/2021-02-26.json
BTC,Saylor,michael_saylor,1365363367410548739,https://x.com/michael_saylor/status/1365363367410548739,2021-02-26 23:39:28 IST,2021-02-26T18:09:28Z,In the 20th century we plugged electricity into our homes.  In the 21st century we plugged electricity into our money.  #Bitcoin,194,796,5150,1246369,btc,data/CrypTop12-main/tweet/raw/btc/2021-02-26.json
BTC,Saylor,michael_saylor,1365674706511269890,https://x.com/michael_saylor/status/1365674706511269890,2021-02-27 20:16:37 IST,2021-02-27T14:46:37Z,“Simplicity is the ultimate sophistication.” - Leonardo da Vinci on #Bitcoin,382,1258,9841,1246396,btc,data/CrypTop12-main/tweet/raw/btc/2021-02-27.json
BTC,Saylor,michael_saylor,1365731145598578691,https://x.com/michael_saylor/status/1365731145598578691,2021-02-28 00:00:53 IST,2021-02-27T18:30:53Z,"If we agree with @elerianm &amp; #WarrenBuffet that bonds are broken as a store of value, then corporate treasury reserve strategies employing bonds no longer work to preserve shareholder value.   #Bitcoin",183,660,3416,1246390,btc,data/CrypTop12-main/tweet/raw/btc/2021-02-28.json
BTC,Nayib Bukele,nayibbukele,,,2022-06-14 19:59:36,2022-06-14T19:59:36Z,You’re telling me we should buy more #BTC? https://t.co/jwvn0A1kTb,,,,4009318,btc,data/Bitcoin Tweets/Bitcoin_tweets.csv
BTC,Nayib Bukele,nayibbukele,,,2022-06-19 03:04:01,2022-06-19T03:04:01Z,"I see that some people are worried or anxious about the #Bitcoin market price.

My advice: stop looking at the graph and enjoy life. If you invested in #BTC your investment is safe and its value will immensely grow after the bear market.

Patience is the key.",,,,4017517,btc,data/Bitcoin Tweets/Bitcoin_tweets.csv
