influencer_group,influencer_name,handle,tweet_id,tweet_url,created_at_raw,created_at_utc,tweet,replies_count,retweets_count,likes_count,follower_count,source_dataset_coins,source_files
ETH,Vitalik Buterin,vitalikbuterin,911217371158683649,https://x.com/vitalikbuterin/status/911217371158683649,2017-09-22 18:45:25 IST,2017-09-22T13:15:25Z,"@omise_go @KyberNetwork (ii) used to privately fund Ethereum second-layer infrastructure (state channels, multisig wallets etc), or some combination of the two",19,66,485,2030958,eth,data/CrypTop12-main/tweet/raw/eth/2017-09-22.json
ETH,Vitalik Buterin,vitalikbuterin,912142669958209537,https://x.com/vitalikbuterin/status/912142669958209537,2017-09-25 08:02:13 IST,2017-09-25T02:32:13Z,@Gale_tan Support ethereum :),14,27,258,2030984,eth,data/CrypTop12-main/tweet/raw/eth/2017-09-25.json
ETH,Ethereum official,ethereum,912696247911436289,https://x.com/ethereum/status/912696247911436289,2017-09-26 20:41:57 IST,2017-09-26T15:11:57Z,We’re pleased to announce @ethStatus as the exclusive Universal Sponsor of #Devcon3.  https://t.co/ufZ6D8lKzv #Ethereum,11,104,236,1349905,eth,data/CrypTop12-main/tweet/raw/eth/2017-09-26.json
ETH,Ethereum official,ethereum,912861309502476293,https://x.com/ethereum/status/912861309502476293,2017-09-27 07:37:50 IST,2017-09-27T02:07:50Z,[Developer Update] Ethereum Core Developers Meeting #25 [9/22/2017] Video and notes are up! #Ethereum #Byzantium  https://t.co/USHcCrwjDK,14,84,157,1349912,eth,data/CrypTop12-main/tweet/raw/eth/2017-09-27.json
ETH,Vitalik Buterin,vitalikbuterin,914844885886398464,https://x.com/vitalikbuterin/status/914844885886398464,2017-10-02 18:59:52 IST,2017-10-02T13:29:52Z,@eric_lombrozo @VladZamfir I still remember when bitcoin maximalists literally thought that users would think like this... :D,4,4,63,1954822,btc,data/CrypTop12-main/tweet/raw/btc/2017-10-02.json
ETH,Vitalik Buterin,vitalikbuterin,916828013584453633,https://x.com/vitalikbuterin/status/916828013584453633,2017-10-08 06:20:06 IST,2017-10-08T00:50:06Z,"@virgilgr @StopAndDecrypt @ProfFaustus And I'd say he's a net harm, definitely to the bitcoin community and wider crypto community, and probably to big blockerdom as well",5,13,76,1955005,btc,data/CrypTop12-main/tweet/raw/btc/2017-10-08.json
ETH,Vitalik Buterin,vitalikbuterin,916920330861428736,https://x.com/vitalikbuterin/status/916920330861428736,2017-10-08 12:26:57 IST,2017-10-08T06:56:57Z,"My response to cryptocoinsnews: no, I'm not opposed to *all* ethereum scaling projects doing ICOs. Just many of them  https://t.co/v9G6YbROKH",18,73,239,2031118,eth,data/CrypTop12-main/tweet/raw/eth/2017-10-08.json
ETH,Vitalik Buterin,vitalikbuterin,917388376596111361,https://x.com/vitalikbuterin/status/917388376596111361,2017-10-09 19:26:47 IST,2017-10-09T13:56:47Z,"Ethereum DEV Roundup #6, featuring Casper, Byzantium, Geth optimizations, testing, web3, Viper, Solidity and more:   https://t.co/bXpDxOk0Fr",35,405,842,2031129,eth,data/CrypTop12-main/tweet/raw/eth/2017-10-09.json
ETH,Ethereum official,ethereum,917617707759128581,https://x.com/ethereum/status/917617707759128581,2017-10-10 10:38:04 IST,2017-10-10T05:08:04Z,[Blog] #Ethereum Roundup #6: Byzantium  https://t.co/n8TyQrKcuD,21,107,179,1349967,eth,data/CrypTop12-main/tweet/raw/eth/2017-10-10.json
ETH,Ethereum official,ethereum,918350499740602368,https://x.com/ethereum/status/918350499740602368,2017-10-12 11:09:55 IST,2017-10-12T05:39:55Z,[Blog] Byzantium Hard Fork Announcement. Update your clients!  https://t.co/rlIHvUspjW,39,277,430,1349975,eth,data/CrypTop12-main/tweet/raw/eth/2017-10-12.json
ETH,Vitalik Buterin,vitalikbuterin,918372499091374080,https://x.com/vitalikbuterin/status/918372499091374080,2017-10-12 12:37:20 IST,2017-10-12T07:07:20Z,Should ethereum implement a norm that *all* future HFs inplement replay protection regardless of level of perceived contentiousness?,100,118,231,2031164,eth,data/CrypTop12-main/tweet/raw/eth/2017-10-12.json
ETH,Ethereum official,ethereum,919112238472028160,https://x.com/ethereum/status/919112238472028160,2017-10-14 13:36:48 IST,2017-10-14T08:06:48Z,[NEW RELEASE] Mist and Ethereum Wallet 0.9.2 with Electron security fix. Upgrading is highly recommended.  https://t.co/RqoUvcmLXO,36,131,247,1349982,eth,data/CrypTop12-main/tweet/raw/eth/2017-10-14.json
ETH,Ethereum official,ethereum,919189995772108800,https://x.com/ethereum/status/919189995772108800,2017-10-14 18:45:47 IST,2017-10-14T13:15:47Z,[URGENT RELEASE] Update your geth clients to v1.7.2. Fixes a Byzantium EVM DoS vulnerability. Update ASAP!  https://t.co/SyQdbuJ8Td,55,455,539,1349981,eth,data/CrypTop12-main/tweet/raw/eth/2017-10-14.json
ETH,Ethereum official,ethereum,919526972530876416,https://x.com/ethereum/status/919526972530876416,2017-10-15 17:04:48 IST,2017-10-15T11:34:48Z,[URGENT] Update your Ethereum clients! Less than 24 hours until the Byzantium hard fork.  https://t.co/rlIHvUspjW,88,434,609,1349986,eth,data/CrypTop12-main/tweet/raw/eth/2017-10-15.json
ETH,Vitalik Buterin,vitalikbuterin,919893270414614528,https://x.com/vitalikbuterin/status/919893270414614528,2017-10-16 17:20:21 IST,2017-10-16T11:50:21Z,"Enjoying the Ethereum Harmony (Java) implementation.  Fast sync support, only 22 GB disk usage, 100% Byzantium compatible.  https://t.co/l1QJHwD6QU",51,393,1195,2031206,eth,data/CrypTop12-main/tweet/raw/eth/2017-10-16.json
ETH,Vitalik Buterin,vitalikbuterin,920403113433092102,https://x.com/vitalikbuterin/status/920403113433092102,2017-10-18 03:06:17 IST,2017-10-17T21:36:17Z,"What the heck is a ""foreign"" or ""domestic"" cryptocurrency? Ethereum is based in *at least* ten of them  https://t.co/iOfzUm6bSk",126,391,1153,2031216,eth,data/CrypTop12-main/tweet/raw/eth/2017-10-18.json
ETH,Vitalik Buterin,vitalikbuterin,920473117255979008,https://x.com/vitalikbuterin/status/920473117255979008,2017-10-18 07:44:27 IST,2017-10-18T02:14:27Z,@ToneVays @cryptograffiti @_ty13r @n_benci @decredproject @WorldCryptoNet @jimmysong @theonevortex Isn't bitcoin itself an act of printing one's own money instead of going up to Ben Bernanke and offering to help improve the USD?,34,39,218,1957415,btc,data/CrypTop12-main/tweet/raw/btc/2017-10-18.json
ETH,Vitalik Buterin,vitalikbuterin,922182653486469125,https://x.com/vitalikbuterin/status/922182653486469125,2017-10-23 00:57:32 IST,2017-10-22T19:27:32Z,Very long and interesting exposition on Harberger taxes by Eric Posner and @glenweyl; ethereum mentioned :)  https://t.co/7rdtFMqRl0,31,224,333,2031291,eth,data/CrypTop12-main/tweet/raw/eth/2017-10-23.json
ETH,Ethereum official,ethereum,924461328865136640,https://x.com/ethereum/status/924461328865136640,2017-10-29 07:52:11 IST,2017-10-29T02:22:11Z,Devcon3 airport transfer: book group rate  https://t.co/h1CYP13axs #Ethereum #Devcon,28,76,160,1350033,eth,data/CrypTop12-main/tweet/raw/eth/2017-10-29.json
ETH,Ethereum official,ethereum,925740922939301889,https://x.com/ethereum/status/925740922939301889,2017-11-01 20:36:50 IST,2017-11-01T15:06:50Z,Live Stream of Devcon3:  https://t.co/aChxRbQnfb #Ethereum #Devcon,45,183,305,1350046,eth,data/CrypTop12-main/tweet/raw/eth/2017-11-01.json
ETH,Vitalik Buterin,vitalikbuterin,925844750837669888,https://x.com/vitalikbuterin/status/925844750837669888,2017-11-02 03:29:24 IST,2017-11-01T21:59:24Z,ZoKrates: a programming language that compiles to ethereum ZKPs.  https://t.co/RmzpBlwJxi,41,339,1069,2031377,eth,data/CrypTop12-main/tweet/raw/eth/2017-11-02.json
ETH,Vitalik Buterin,vitalikbuterin,926484030606004230,https://x.com/vitalikbuterin/status/926484030606004230,2017-11-03 21:49:40 IST,2017-11-03T16:19:40Z,@prestonjbyrne Oh ya? Have you read the *dogecoin* whitepaper?,15,12,260,2049571,doge,data/CrypTop12-main/tweet/raw/doge/2017-11-03.json
ETH,Vitalik Buterin,vitalikbuterin,929804867568373760,https://x.com/vitalikbuterin/status/929804867568373760,2017-11-13 01:45:30 IST,2017-11-12T20:15:30Z,@JihanWu @rogerkver The very earliest versions of ETH protocol were a counterparty-style metacoin on top of primecoin. Not Bitcoin because the OP_RETURN wars were happening at the time and...,11,42,198,2052131,btc,data/CrypTop12-main/tweet/raw/btc/2017-11-13.json
ETH,Vitalik Buterin,vitalikbuterin,929808394487320577,https://x.com/vitalikbuterin/status/929808394487320577,2017-11-13 01:59:30 IST,2017-11-12T20:29:30Z,"@JihanWu @rogerkver And OP_RETURN *did* end up getting censored down to 40 bytes. So I think it's fair to say that this willingness to compromise protocol immutability to achieve a desired outcome in a particular application (hmm, sound familiar?) made ETH on BTC even then a nonstarter.",9,22,189,2052131,btc,data/CrypTop12-main/tweet/raw/btc/2017-11-13.json
ETH,Vitalik Buterin,vitalikbuterin,930276246671450112,https://x.com/vitalikbuterin/status/930276246671450112,2017-11-14 08:58:35 IST,2017-11-14T03:28:35Z,"@BitcoinErrorLog @TokenHash @danrobinson @0xstark @VladZamfir @_Kevin_Pham @BitsFromHeaven @ethereumweekly @mikeinspace @CryptoMunger @rogerkver @ethereumproject @ArthurFalls @urbit @blockstack @getongab 1. I consider BCH a legitimate contender for the bitcoin name. I consider bitcoin's *failure* to raise block sizes to keep fees reasonable to be a large (non-consensual) change to the ""original plan"", morally tantamount to a hard fork. 2. Theymos's censorship.",125,501,1224,2052177,btc,data/CrypTop12-main/tweet/raw/btc/2017-11-14.json
ETH,Vitalik Buterin,vitalikbuterin,930276707730255873,https://x.com/vitalikbuterin/status/930276707730255873,2017-11-14 09:00:25 IST,2017-11-14T03:30:25Z,"@BitcoinErrorLog @TokenHash @danrobinson @0xstark @VladZamfir @_Kevin_Pham @BitsFromHeaven @ethereumweekly @mikeinspace @CryptoMunger @rogerkver @ethereumproject @ArthurFalls @urbit @blockstack @getongab That said, *right now*, I think trying to claim ""BCH = bitcoin"" is a bad idea, as it *is* a minority opinion in the ""greater bitcoin community"".",20,21,166,2052177,btc,data/CrypTop12-main/tweet/raw/btc/2017-11-14.json
ETH,Vitalik Buterin,vitalikbuterin,930288421045542913,https://x.com/vitalikbuterin/status/930288421045542913,2017-11-14 09:46:58 IST,2017-11-14T04:16:58Z,"Ok, I am going to just stop commenting on bitcoin issues almost entirely and focus on ethereum tech.  I think the community needs to go through *a lot* of healing, and the firebrands on all sides that are *so sure* that their side is righteous and the other evil deeply worry me.",263,657,3177,2052177,btc;eth,data/CrypTop12-main/tweet/raw/btc/2017-11-14.json;data/CrypTop12-main/tweet/raw/eth/2017-11-14.json
ETH,Vitalik Buterin,vitalikbuterin,930289371999232000,https://x.com/vitalikbuterin/status/930289371999232000,2017-11-14 09:50:44 IST,2017-11-14T04:20:44Z,"I may implicitly comment indirectly, eg. ""PoS is better than PoW"", but the goal will be to lay out what I think are the goals that ethereum is/should be trying to optimize for. It's up to each user to decide their priorities.",24,41,285,2031555,eth,data/CrypTop12-main/tweet/raw/eth/2017-11-14.json
ETH,Vitalik Buterin,vitalikbuterin,931010064202080256,https://x.com/vitalikbuterin/status/931010064202080256,2017-11-16 09:34:31 IST,2017-11-16T04:04:31Z,Congrats to the ethereum classic community on a successful Hong Kong summit  https://t.co/3jCedNnaWH,66,245,1321,2031587,eth,data/CrypTop12-main/tweet/raw/eth/2017-11-16.json
ETH,Vitalik Buterin,vitalikbuterin,931143279080497152,https://x.com/vitalikbuterin/status/931143279080497152,2017-11-16 18:23:52 IST,2017-11-16T12:53:52Z,"@SatoshiLite @bobbyclee Not if there's a mass exit attack!  Attacker maliciously exits 10m channels at once, can only challenge 5m of them within 28 days. The systemic risks around these scenarios worry me.  This is part of why despite the various L2s on ethereum I still take sharding very seriously.",21,30,185,2031585,eth,data/CrypTop12-main/tweet/raw/eth/2017-11-16.json
ETH,Ethereum official,ethereum,931295583087812608,https://x.com/ethereum/status/931295583087812608,2017-11-17 04:29:04 IST,2017-11-16T22:59:04Z,Thanks to @mingchan88 for an amazing Devcon3!  https://t.co/hvBG1bvnsO  #ethereum #devcon,19,61,146,1350114,eth,data/CrypTop12-main/tweet/raw/eth/2017-11-17.json
ETH,Vitalik Buterin,vitalikbuterin,931312212785975296,https://x.com/vitalikbuterin/status/931312212785975296,2017-11-17 05:35:09 IST,2017-11-17T00:05:09Z,"@SatoshiLite @bobbyclee @roasbeef That said, I know litecoin already has 4x base capacity compared to BTC, so that approach already is litecoin's roadmap? If so, support!  Though please add some state root commitments so light clients can get better :)",9,35,179,2052205,btc;ltc,data/CrypTop12-main/tweet/raw/btc/2017-11-17.json;data/CrypTop12-main/tweet/raw/ltc/2017-11-17.json
ETH,Vitalik Buterin,vitalikbuterin,931328450492633088,https://x.com/vitalikbuterin/status/931328450492633088,2017-11-17 06:39:40 IST,2017-11-17T01:09:40Z,"Range proofs for ethereum using RSA multiplicative groups and a clever ""prove a number is positive by giving its square root"" protocol:   https://t.co/ZmPhSKn2ml",32,208,517,2031614,eth,data/CrypTop12-main/tweet/raw/eth/2017-11-17.json
ETH,Ethereum official,ethereum,931522271788793857,https://x.com/ethereum/status/931522271788793857,2017-11-17 19:29:51 IST,2017-11-17T13:59:51Z,[LIVE] Ethereum Core Devs Meeting #28 [11/17/17]   https://t.co/OK0bkahmiR #Ethereum #CoreDevsMeeting,23,69,129,1350123,eth,data/CrypTop12-main/tweet/raw/eth/2017-11-17.json
ETH,Ethereum official,ethereum,931650192419405824,https://x.com/ethereum/status/931650192419405824,2017-11-18 03:58:09 IST,2017-11-17T22:28:09Z,Notes from Ethereum Core Devs Meeting #28 [11/17/17]  https://t.co/qgpgwfn4cf,28,99,201,1350117,eth,data/CrypTop12-main/tweet/raw/eth/2017-11-18.json
ETH,Vitalik Buterin,vitalikbuterin,934042609428742145,https://x.com/vitalikbuterin/status/934042609428742145,2017-11-24 18:24:46 IST,2017-11-24T12:54:46Z,"@tylercowen So-called ""central bank issued digital currencies"" are a quite different beast than BTC, ETH et al. Much more conservative; the ""crypto"" moniker is at least in part a progressive branding strategy.",10,31,158,-1,btc,data/CrypTop12-main/tweet/raw/btc/2017-11-24.json
ETH,Vitalik Buterin,vitalikbuterin,934236066537545728,https://x.com/vitalikbuterin/status/934236066537545728,2017-11-25 07:13:30 IST,2017-11-25T01:43:30Z,"Lane Rettig speaking at Beyond Block Taipei, on ""Ethereum Kawaii"".  https://t.co/zST2Rqtlo2",24,115,549,2031566,eth,data/CrypTop12-main/tweet/raw/eth/2017-11-25.json
ETH,Vitalik Buterin,vitalikbuterin,934236520713633792,https://x.com/vitalikbuterin/status/934236520713633792,2017-11-25 07:15:18 IST,2017-11-25T01:45:18Z,"""This is how I visualize Ethereum today""  https://t.co/OyfIBYvXFO",39,93,479,2031566,eth,data/CrypTop12-main/tweet/raw/eth/2017-11-25.json
ETH,Ethereum official,ethereum,934914568228352000,https://x.com/ethereum/status/934914568228352000,2017-11-27 04:09:37 IST,2017-11-26T22:39:37Z,#Devcon3 videos now available! See #Ethereum blog post for more info  https://t.co/qEICWngmN2,37,245,411,1350018,eth,data/CrypTop12-main/tweet/raw/eth/2017-11-27.json
ETH,Vitalik Buterin,vitalikbuterin,936497322506166272,https://x.com/vitalikbuterin/status/936497322506166272,2017-12-01 12:58:55 IST,2017-12-01T07:28:55Z,"@Jeremy_Cummings Their official videos are effectively promising 1% daily returns and touting this as the primary benefit of the project.  Ethereum and bitcoin, on the other hand, are backed by a proven and consistent record of 200-700k daily txs and $100k-4m daily txfees.",13,15,127,2052371,btc;eth,data/CrypTop12-main/tweet/raw/btc/2017-12-01.json;data/CrypTop12-main/tweet/raw/eth/2017-12-01.json
ETH,Ethereum official,ethereum,936595036501938177,https://x.com/ethereum/status/936595036501938177,2017-12-01 19:27:12 IST,2017-12-01T13:57:12Z,[LIVE] Ethereum Core Devs Meeting #29 [12/01/17]  https://t.co/O5IGTHz987  #Ethereum #CoreDevsMeeting9,59,82,199,1350033,eth,data/CrypTop12-main/tweet/raw/eth/2017-12-01.json
ETH,Vitalik Buterin,vitalikbuterin,936782890280427520,https://x.com/vitalikbuterin/status/936782890280427520,2017-12-02 07:53:40 IST,2017-12-02T02:23:40Z,"@getongab @OpenBordersInfo * I still believe it's important for ethereum to not be aligned with ""red tribe"" (ie. how bitcoin is portrayed here  https://t.co/z8dLuZ7FYx) but it should also not be aligned with ""intolerant blue tribe""",18,42,249,2052383,btc;eth,data/CrypTop12-main/tweet/raw/btc/2017-12-02.json;data/CrypTop12-main/tweet/raw/eth/2017-12-02.json
ETH,Ethereum official,ethereum,941537477738815489,https://x.com/ethereum/status/941537477738815489,2017-12-15 10:46:42 IST,2017-12-15T05:16:42Z,Come watch the Ethereum Core Developer Meeting #30 in 9 hours! Meeting is live streamed.  https://t.co/yupyqgzPTG,40,113,284,1350088,eth,data/CrypTop12-main/tweet/raw/eth/2017-12-15.json
ETH,Ethereum official,ethereum,941597927692275712,https://x.com/ethereum/status/941597927692275712,2017-12-15 14:46:54 IST,2017-12-15T09:16:54Z,[SECURITY ALERT] Warning to users of Mist Browser --  https://t.co/DeUqHJvzDh,48,228,260,1350088,eth,data/CrypTop12-main/tweet/raw/eth/2017-12-15.json
ETH,Ethereum official,ethereum,941666676025757696,https://x.com/ethereum/status/941666676025757696,2017-12-15 19:20:05 IST,2017-12-15T13:50:05Z,[LIVE] Ethereum Core Devs Meeting #30 [12/15/17]  https://t.co/sKGBGKjRKJ #Ethereum #CoreDevsMeeting30,59,136,244,1350088,eth,data/CrypTop12-main/tweet/raw/eth/2017-12-15.json
ETH,Ethereum official,ethereum,942571540545200128,https://x.com/ethereum/status/942571540545200128,2017-12-18 07:15:42 IST,2017-12-18T01:45:42Z,[Developer Update] Ethereum Core Developers Meeting #29 [12/01/17] &amp; #30 [12/15/17]  video and notes are up! #Ethereum  https://t.co/vwLoVmexv9,107,140,360,1350090,eth,data/CrypTop12-main/tweet/raw/eth/2017-12-18.json
ETH,Vitalik Buterin,vitalikbuterin,942960177036140544,https://x.com/vitalikbuterin/status/942960177036140544,2017-12-19 09:00:00 IST,2017-12-19T03:30:00Z,"Even if a node can process hundreds or thousands of tx/sec in a closed simulation, that does not imply that it can support a public blockchain that can process that much.  My Parity node can run &gt;500 tx/sec on my laptop, but Ethereum main chain is only processing 11.5 tx/sec.  https://t.co/H0UCD0FRTR",91,450,1506,2031698,eth,data/CrypTop12-main/tweet/raw/eth/2017-12-19.json
ETH,Vitalik Buterin,vitalikbuterin,945987507941978112,https://x.com/vitalikbuterin/status/945987507941978112,2017-12-27 17:29:32 IST,2017-12-27T11:59:32Z,"*All* crypto communities, ethereum included, should heed these words of warning. Need to differentiate between getting hundreds of billions of dollars of digital paper wealth sloshing around and actually achieving something meaningful for society.  https://t.co/aNpEnBNGsA",493,2984,7726,2031724,eth,data/CrypTop12-main/tweet/raw/eth/2017-12-27.json
ETH,Vitalik Buterin,vitalikbuterin,945989073390280704,https://x.com/vitalikbuterin/status/945989073390280704,2017-12-27 17:35:45 IST,2017-12-27T12:05:45Z,"@Guiller33825956 Proof of stake is part of the solution; it makes ethereum a fundamentally different class of thing, which I think will be healthy in the long run.",13,33,383,2031724,eth,data/CrypTop12-main/tweet/raw/eth/2017-12-27.json
ETH,Vitalik Buterin,vitalikbuterin,945995846461435904,https://x.com/vitalikbuterin/status/945995846461435904,2017-12-27 18:02:40 IST,2017-12-27T12:32:40Z,"@Ethereum_AI Agree, that's very fair.",10,5,294,2031724,eth,data/CrypTop12-main/tweet/raw/eth/2017-12-27.json
ETH,Vitalik Buterin,vitalikbuterin,946222627512709120,https://x.com/vitalikbuterin/status/946222627512709120,2017-12-28 09:03:49 IST,2017-12-28T03:33:49Z,@csuwildcat Oh I agree that's nice. But the fact that the front page of /r/bitcoin has 100x more price posts than posts about how Venezuelans are being rescued by crypto and how we can do more to help them is telling.,66,62,578,2052869,btc,data/CrypTop12-main/tweet/raw/btc/2017-12-28.json
ETH,Vitalik Buterin,vitalikbuterin,948218367747358720,https://x.com/vitalikbuterin/status/948218367747358720,2018-01-02 21:14:10 IST,2018-01-02T15:44:10Z,Ethereum Q4 Roundup:  https://t.co/FR4oca2hqY,48,665,1627,2031754,eth,data/CrypTop12-main/tweet/raw/eth/2018-01-02.json
ETH,Vitalik Buterin,vitalikbuterin,949762484713345024,https://x.com/vitalikbuterin/status/949762484713345024,2018-01-07 03:29:56 IST,2018-01-06T21:59:56Z,I won't be at  https://t.co/MZvYz2M4bj but Viper/plasma dev David Knott will be. Great to see more independent ethereum events popping up!,63,208,1209,2031783,eth,data/CrypTop12-main/tweet/raw/eth/2018-01-07.json
ETH,Vitalik Buterin,vitalikbuterin,954109123884298241,https://x.com/vitalikbuterin/status/954109123884298241,2018-01-19 03:21:56 IST,2018-01-18T21:51:56Z,"@adam3us @VinnyLingham @liujackc &gt; dont believe he was ""denied""  Why primecoin and not bitcoin? Bitcoin had OP_RETURN wars happening at that time, with primecoin I thought they could benefit greatly from ethereum being on their platform, and so would not have incentive to censor it.",7,25,76,2056372,btc;eth,data/CrypTop12-main/tweet/raw/btc/2018-01-19.json;data/CrypTop12-main/tweet/raw/eth/2018-01-19.json
ETH,Vitalik Buterin,vitalikbuterin,954111869425369088,https://x.com/vitalikbuterin/status/954111869425369088,2018-01-19 03:32:50 IST,2018-01-18T22:02:50Z,"@WhalePanda @VinnyLingham But you can't guarantee data availability unless you use the base chain, and that's going for $55 per kilobyte. Also, bitcoin won't help you calculate state roots for your application.",18,23,158,2056371,btc,data/CrypTop12-main/tweet/raw/btc/2018-01-19.json
ETH,Ethereum official,ethereum,955296478599303168,https://x.com/ethereum/status/955296478599303168,2018-01-22 10:00:03 IST,2018-01-22T04:30:03Z,[Developer Update] Ethereum Core Developers Meeting #31 [1/12/17] video and notes are up! Lots of EWASM news! #Ethereum #EWASM  https://t.co/fwbnaLuvuY,88,159,436,1350170,eth,data/CrypTop12-main/tweet/raw/eth/2018-01-22.json
ETH,Vitalik Buterin,vitalikbuterin,955484722301423617,https://x.com/vitalikbuterin/status/955484722301423617,2018-01-22 22:28:04 IST,2018-01-22T16:58:04Z,"And yes, in either PoW or PoS, this WILL happen. The idea that if a 51% spawn camp attack happens, all $190b of bitcoin's users will just pack up their bags and leave is absurd; way too much incentive to coordinate and try to continue the ledger.",12,21,115,2056428,btc,data/CrypTop12-main/tweet/raw/btc/2018-01-22.json
ETH,Ethereum official,ethereum,956886548976488449,https://x.com/ethereum/status/956886548976488449,2018-01-26 19:18:26 IST,2018-01-26T13:48:26Z,[LIVE] Ethereum Core Devs Meeting #32 [1/26/18]  https://t.co/yZcU4fXeNz #Ethereum,71,91,242,1350179,eth,data/CrypTop12-main/tweet/raw/eth/2018-01-26.json
ETH,Vitalik Buterin,vitalikbuterin,957400963148546050,https://x.com/vitalikbuterin/status/957400963148546050,2018-01-28 05:22:31 IST,2018-01-27T23:52:31Z,"For example, suppose that we claimed that the Ethereum state was ""the world hard drive"" with a maximum theoretical capacity of 120 terabytes (assume no sharding); you would need to lock up 0.001 ETH to fill up 1 KB of state (now ~$5 for a medium-sized contract).",29,30,116,2031951,eth,data/CrypTop12-main/tweet/raw/eth/2018-01-28.json
ETH,Vitalik Buterin,vitalikbuterin,957401088390557698,https://x.com/vitalikbuterin/status/957401088390557698,2018-01-28 05:23:01 IST,2018-01-27T23:53:01Z,"If ETH went up by 10x, that would make the system less affordable sure, but then *interest* in ethereum going up by 10x would make fees less affordable by a similar amount anway.",40,35,159,2031951,eth,data/CrypTop12-main/tweet/raw/eth/2018-01-28.json
ETH,Vitalik Buterin,vitalikbuterin,957401407325462529,https://x.com/vitalikbuterin/status/957401407325462529,2018-01-28 05:24:17 IST,2018-01-27T23:54:17Z,"Before, I discounted this, because what were essentially political pressures (but which I didn't recognize as such at the time) were successfully keeping fees in the $0.01-0.1 range, lobbying miners' mingasprices down every time ETH (or BTC) went up.",53,33,249,2056480,btc,data/CrypTop12-main/tweet/raw/btc/2018-01-28.json
ETH,Ethereum official,ethereum,958771887840088064,https://x.com/ethereum/status/958771887840088064,2018-02-01 00:10:05 IST,2018-01-31T18:40:05Z,[Blog] To Infinity and Beyond!  https://t.co/OmwmnhGxtR,80,101,377,-1,eth,data/CrypTop12-main/tweet/raw/eth/2018-02-01.json
ETH,Ethereum official,ethereum,958805358990057472,https://x.com/ethereum/status/958805358990057472,2018-02-01 02:23:05 IST,2018-01-31T20:53:05Z,[Blog] Farewell and Welcome  https://t.co/cImDr8yWoq,131,90,237,-1,eth,data/CrypTop12-main/tweet/raw/eth/2018-02-01.json
ETH,Vitalik Buterin,vitalikbuterin,960776599795879936,https://x.com/vitalikbuterin/status/960776599795879936,2018-02-06 12:56:06 IST,2018-02-06T07:26:06Z,"Internet archive continues to accept and expand accepting crypto for donations (now it's taking BTC, BCH, ZEC, ETH). Donation link here:  https://t.co/1bzERHLAl7  https://t.co/NwqwknRgYD",148,393,1510,2056589,btc,data/CrypTop12-main/tweet/raw/btc/2018-02-06.json
ETH,Ethereum official,ethereum,961960721578897409,https://x.com/ethereum/status/961960721578897409,2018-02-09 19:21:23 IST,2018-02-09T13:51:23Z,[LIVE] Ethereum Core Devs Meeting #33 [2/9/18]  https://t.co/2mXk5wPxvm #Ethereum,168,122,271,1350204,eth,data/CrypTop12-main/tweet/raw/eth/2018-02-09.json
ETH,Vitalik Buterin,vitalikbuterin,963207430594207745,https://x.com/vitalikbuterin/status/963207430594207745,2018-02-13 05:55:21 IST,2018-02-13T00:25:21Z,@CobraBitcoin @JihanWu Would you be interested in considering hybrid proof of stake? I recognize full PoS is unrealistic for BTC community but I'm happy to suggest hybrid options I think are best.,41,45,429,2060390,btc,data/CrypTop12-main/tweet/raw/btc/2018-02-13.json
ETH,Vitalik Buterin,vitalikbuterin,970204828537315329,https://x.com/vitalikbuterin/status/970204828537315329,2018-03-04 13:20:31 IST,2018-03-04T07:50:31Z,"Myth: blockchains should only do ""verification"", and not ""transaction execution"", because tx execution is much slower than verification  Fact: Ethereum uncle rate correlates far more strongly with simple tx count than it does with the complexity of the transactions (ie. gas used)  https://t.co/0ccJbGqNWB",90,300,972,2032120,eth,data/CrypTop12-main/tweet/raw/eth/2018-03-04.json
ETH,Vitalik Buterin,vitalikbuterin,970247438563917824,https://x.com/vitalikbuterin/status/970247438563917824,2018-03-04 16:09:50 IST,2018-03-04T10:39:50Z,Or BTC. Or BCH. Or DOGE. Or Wild Beast Block. Yall are getting nothing.,190,131,1334,2060524,btc;doge,data/CrypTop12-main/tweet/raw/btc/2018-03-04.json;data/CrypTop12-main/tweet/raw/doge/2018-03-04.json
ETH,Ethereum official,ethereum,977062670141554688,https://x.com/ethereum/status/977062670141554688,2018-03-23 11:31:08 IST,2018-03-23T06:01:08Z,Ethereum Core Developer Meeting in 8 Hours! #Ethereum #CoreDevMeeting  https://t.co/CJI8uu8ddo,27,92,255,1350249,eth,data/CrypTop12-main/tweet/raw/eth/2018-03-23.json
ETH,Ethereum official,ethereum,977181735560597505,https://x.com/ethereum/status/977181735560597505,2018-03-23 19:24:15 IST,2018-03-23T13:54:15Z,[LIVE] Ethereum Core Developer Meeting #35 [3/23/18]  https://t.co/1sDC1v2d4a #Ethereum,40,69,179,1350249,eth,data/CrypTop12-main/tweet/raw/eth/2018-03-23.json
ETH,Ethereum official,ethereum,980446142113644544,https://x.com/ethereum/status/980446142113644544,2018-04-01 19:35:50 IST,2018-04-01T14:05:50Z,[BLOG] Announcing World Trade Francs: The Official Ethereum Stablecoin #ethereum  https://t.co/yEmEuC8ghK,96,133,357,1350261,eth,data/CrypTop12-main/tweet/raw/eth/2018-04-01.json
ETH,Vitalik Buterin,vitalikbuterin,981069924255739904,https://x.com/vitalikbuterin/status/981069924255739904,2018-04-03 12:54:31 IST,2018-04-03T07:24:31Z,"I'm going to live tweet comments on the ""Bitcoin, Controversy over Principle"" section of Deconomy for fun.",100,813,2695,-1,btc,data/CrypTop12-main/tweet/raw/btc/2018-04-03.json
ETH,Vitalik Buterin,vitalikbuterin,981070252019662849,https://x.com/vitalikbuterin/status/981070252019662849,2018-04-03 12:55:50 IST,2018-04-03T07:25:50Z,"1. It's interesting how much times have changed by 2018; even @Excellion (Blockstream CSO)'s presentation explicitly makes concessions to the non-maximalist multi-blockchain reality (""lightning compatible with Litecoin"", ""Simplicity will be usable on Bitcoin+ other blockchains"")",14,70,288,-1,btc;ltc,data/CrypTop12-main/tweet/raw/btc/2018-04-03.json;data/CrypTop12-main/tweet/raw/ltc/2018-04-03.json
ETH,Vitalik Buterin,vitalikbuterin,981070574137962496,https://x.com/vitalikbuterin/status/981070574137962496,2018-04-03 12:57:06 IST,2018-04-03T07:27:06Z,"2. The whole ""collectibles, then gold, then fiat, then bitcoin"" narrative is only one way of understanding the history of money, and in many significant ways an incorrect way. See: David Graeber's ""Debt, The First 5000 Years""",19,97,459,-1,btc,data/CrypTop12-main/tweet/raw/btc/2018-04-03.json
ETH,Vitalik Buterin,vitalikbuterin,981072307056553984,https://x.com/vitalikbuterin/status/981072307056553984,2018-04-03 13:04:00 IST,2018-04-03T07:34:00Z,"5. ""Why Bitcoin is Better than Gold"" - I actually agree Bitcoin is better than gold as an SoV both individually and socially; I harp on bitcoin PoW mining wrecking the environment a lot, but gold is worse.  https://t.co/3GNPECdMYo",29,180,638,-1,btc,data/CrypTop12-main/tweet/raw/btc/2018-04-03.json
ETH,Vitalik Buterin,vitalikbuterin,981073361714364417,https://x.com/vitalikbuterin/status/981073361714364417,2018-04-03 13:08:11 IST,2018-04-03T07:38:11Z,"7. ""Bitcoin is divisible and spendable"".... umm, I don't think it's possible to spend less than ~10000 satoshis. Sure, you can use lightning channels, but entering a channel itself costs that amount, so you can't collect a payment *for the first time* if it's smaller",19,63,383,-1,btc,data/CrypTop12-main/tweet/raw/btc/2018-04-03.json
ETH,Vitalik Buterin,vitalikbuterin,981073902414647297,https://x.com/vitalikbuterin/status/981073902414647297,2018-04-03 13:10:20 IST,2018-04-03T07:40:20Z,"8. The discourse on ""the four primitives"" and layer 2 scaling solutions as the sole domain of innovation is clearly well developed now. Eh, bitcoin forked now and so it's clear that everyone on the core side actually has bought into the vision, and I guess we'll see how it goes.",5,34,179,-1,btc,data/CrypTop12-main/tweet/raw/btc/2018-04-03.json
ETH,Vitalik Buterin,vitalikbuterin,981074493769637888,https://x.com/vitalikbuterin/status/981074493769637888,2018-04-03 13:12:41 IST,2018-04-03T07:42:41Z,"10. ""Bitcoin is a really big shift on par with the internet and the internal combustion engine""; even if you replace ""bitcoin"" with ""cryptoeconomics in general"", I don't think it's fair to go quite that far. The tech is important, but imo better not to oversell it.",12,58,330,-1,btc,data/CrypTop12-main/tweet/raw/btc/2018-04-03.json
ETH,Vitalik Buterin,vitalikbuterin,981077367585062912,https://x.com/vitalikbuterin/status/981077367585062912,2018-04-03 13:24:06 IST,2018-04-03T07:54:06Z,"15. Though the general ""more economic freedom = good"" idea is certainly one that I subscribe to. That said, there is a difference between the kind of economic freedom that is the difference between Cuba and HK, and the kind that bitcoin/crypto enables...",2,31,176,-1,btc,data/CrypTop12-main/tweet/raw/btc/2018-04-03.json
ETH,Vitalik Buterin,vitalikbuterin,981077602294050818,https://x.com/vitalikbuterin/status/981077602294050818,2018-04-03 13:25:02 IST,2018-04-03T07:55:02Z,"16. And here comes the anti-small-block speech, ""What would I do if I wanted to stop bitcoin? Advocate for 1 MB blocks to intentionally create high fees, slow confirmations, unreliable transactions""",4,30,163,-1,btc,data/CrypTop12-main/tweet/raw/btc/2018-04-03.json
ETH,Vitalik Buterin,vitalikbuterin,981078082248261632,https://x.com/vitalikbuterin/status/981078082248261632,2018-04-03 13:26:57 IST,2018-04-03T07:56:57Z,"18. ""This will result in fewer users ... less financial privacy ... less censorship resistance"". The financial privacy bit may actually be true; I heard from third-party sources that bitcoin tumblers were the first type of transaction to stop taking place as fees started going up",6,32,158,-1,btc,data/CrypTop12-main/tweet/raw/btc/2018-04-03.json
ETH,Vitalik Buterin,vitalikbuterin,981078979191844865,https://x.com/vitalikbuterin/status/981078979191844865,2018-04-03 13:30:30 IST,2018-04-03T08:00:30Z,"19. Roger provides chart of bitcoin usage going up linearly, then hitting the 1 MB limit, and losing out on projected adoption beyond that. Losses somewhat overstated as txs crowded out by fees were lower value than txs that stay, but still serious.",4,22,137,-1,btc,data/CrypTop12-main/tweet/raw/btc/2018-04-03.json
ETH,Vitalik Buterin,vitalikbuterin,981080570456190976,https://x.com/vitalikbuterin/status/981080570456190976,2018-04-03 13:36:50 IST,2018-04-03T08:06:50Z,"22. The next lie according to craig is that ""Bitcoin needs to be fixed"", and that ""technocrats need to make it better"".",4,18,147,-1,btc,data/CrypTop12-main/tweet/raw/btc/2018-04-03.json
ETH,Vitalik Buterin,vitalikbuterin,981080886656380928,https://x.com/vitalikbuterin/status/981080886656380928,2018-04-03 13:38:05 IST,2018-04-03T08:08:05Z,"23. Shows a slide containing 6 diagrams of network topologies, and just claims that Bitcoin is less decentralized because ""it has more centrality"", and does not elaborate further.",10,29,220,-1,btc,data/CrypTop12-main/tweet/raw/btc/2018-04-03.json
ETH,Vitalik Buterin,vitalikbuterin,981081223219965952,https://x.com/vitalikbuterin/status/981081223219965952,2018-04-03 13:39:25 IST,2018-04-03T08:09:25Z,"24. ""You don't actually do anything as a node, unless it's a full node, which is a miner, which is now ASICs"".  ""Bitcoin works because of these squiggly lines called math"", pointing to more non-sequiturs.  Double facepalm....",6,52,462,-1,btc,data/CrypTop12-main/tweet/raw/btc/2018-04-03.json
ETH,Vitalik Buterin,vitalikbuterin,981083123445243905,https://x.com/vitalikbuterin/status/981083123445243905,2018-04-03 13:46:58 IST,2018-04-03T08:16:58Z,"27. The Bitcoin network is highly connected, and therefore a transaction gets broadcasted across the network very quickly. Therefore double spending is not worth worrying about. True in some cases (many consumer-merchant payments), false in others; the distinction matters.",3,20,137,-1,btc,data/CrypTop12-main/tweet/raw/btc/2018-04-03.json
ETH,Vitalik Buterin,vitalikbuterin,981083341347672064,https://x.com/vitalikbuterin/status/981083341347672064,2018-04-03 13:47:50 IST,2018-04-03T08:17:50Z,"28. ""When you're talking about miners, Bitcoin is sub-linear. It actually gets better the bigger the network is. That's some of the stuff people don't want you to know"" - what does that even mean?",7,27,236,-1,btc,data/CrypTop12-main/tweet/raw/btc/2018-04-03.json
ETH,Vitalik Buterin,vitalikbuterin,981088220187303937,https://x.com/vitalikbuterin/status/981088220187303937,2018-04-03 14:07:14 IST,2018-04-03T08:37:14Z,38. Bitcoin core devs' work in making the node more efficient over time so it can handle and efficiently process larger and larger blocks is indeed admirable.,2,20,146,-1,btc,data/CrypTop12-main/tweet/raw/btc/2018-04-03.json
ETH,Vitalik Buterin,vitalikbuterin,981090555697405952,https://x.com/vitalikbuterin/status/981090555697405952,2018-04-03 14:16:30 IST,2018-04-03T08:46:30Z,"44. Roger: what is Bitcoin to you, Samson?  Samson: a new form of money.  Roger: with $50 fees?  Samson: well, what are fees now?  Roger: $0.20, but only because the users were driven away.  FYI, I'm on Roger's side here; $50 fees should IMO count as a de-facto liveness failure",27,72,488,-1,btc,data/CrypTop12-main/tweet/raw/btc/2018-04-03.json
ETH,Vitalik Buterin,vitalikbuterin,981090878490951681,https://x.com/vitalikbuterin/status/981090878490951681,2018-04-03 14:17:47 IST,2018-04-03T08:47:47Z,"45. ""It's easier to migrate from bitcoin core to altcoins than to migrate from bitcoin core to lightning"" - this is actually a very interesting point: lightning only benefits from bitcoin's *currency* network effect, NOT *tech/development* network effect.",9,67,391,-1,btc,data/CrypTop12-main/tweet/raw/btc/2018-04-03.json
ETH,Vitalik Buterin,vitalikbuterin,981091329479356416,https://x.com/vitalikbuterin/status/981091329479356416,2018-04-03 14:19:35 IST,2018-04-03T08:49:35Z,"47. Samson: ""If you're accepting payments in altcoins, there's very little liquidity""  IMO not true since ~2015 for the top ~10-50 coins. Just use the altcoins as a payment channel; when your balance gets to ~$100 convert to bitcoin through shapeshift and sell to fiat from there",19,31,261,-1,btc,data/CrypTop12-main/tweet/raw/btc/2018-04-03.json
ETH,Vitalik Buterin,vitalikbuterin,981094138710933504,https://x.com/vitalikbuterin/status/981094138710933504,2018-04-03 14:30:45 IST,2018-04-03T09:00:45Z,"52. Samson: ""Bitcoin Cash does not have Segwit. Lightning requires Segwit"" Roger: ""It does not""  To be clear, I think what Roger means is that Lightning requires *any* tx malleability fix, not Segwit specifically. BCH has Flexible Transactions, which also fixes malleability.",8,35,212,-1,btc,data/CrypTop12-main/tweet/raw/btc/2018-04-03.json
ETH,Vitalik Buterin,vitalikbuterin,981096767713263616,https://x.com/vitalikbuterin/status/981096767713263616,2018-04-03 14:41:11 IST,2018-04-03T09:11:11Z,"59. ""Bitcoin Core is some science project for people who live in first world countries...""  One line I think I saw on /r/buttcoin is ""Bitcoin has turned into a bizarro ICO for the lightning network""",12,68,388,-1,btc,data/CrypTop12-main/tweet/raw/btc/2018-04-03.json
ETH,Vitalik Buterin,vitalikbuterin,981099888044777472,https://x.com/vitalikbuterin/status/981099888044777472,2018-04-03 14:53:35 IST,2018-04-03T09:23:35Z,61. Samson did then attack bitcoin cash'ers for calling it bitcoin cash. That seems unfair; we for example have no issue with Ethereum Classic.,51,60,468,-1,btc;eth,data/CrypTop12-main/tweet/raw/btc/2018-04-03.json;data/CrypTop12-main/tweet/raw/eth/2018-04-03.json
ETH,Ethereum official,ethereum,982083932144525312,https://x.com/ethereum/status/982083932144525312,2018-04-06 08:03:50 IST,2018-04-06T02:33:50Z,11.5 hours until Ethereum Core Developer Meeting #36! Lots of interesting agenda items. Tune in live! #ethereum  https://t.co/bWTGqzh8DK,35,162,456,-1,eth,data/CrypTop12-main/tweet/raw/eth/2018-04-06.json
ETH,Ethereum official,ethereum,982256308555403266,https://x.com/ethereum/status/982256308555403266,2018-04-06 19:28:48 IST,2018-04-06T13:58:48Z,[LIVE] Ethereum Core Developer Meeting #36 [04/06/18]  https://t.co/NEfytsGM8K,49,98,243,-1,eth,data/CrypTop12-main/tweet/raw/eth/2018-04-06.json
ETH,Vitalik Buterin,vitalikbuterin,983183179539398658,https://x.com/vitalikbuterin/status/983183179539398658,2018-04-09 08:51:51 IST,2018-04-09T03:21:51Z,This is a chart of ethereum hashrate divided by 100-day EMA of dollar value of block rewards paid.  (100-day EMA because price changes take time to propagate to hashrate due to hardware sunk costs)  We're still well within historical norms.  https://t.co/LURYuloLKz,49,173,658,2032304,eth,data/CrypTop12-main/tweet/raw/eth/2018-04-09.json
ETH,Vitalik Buterin,vitalikbuterin,986104490402066432,https://x.com/vitalikbuterin/status/986104490402066432,2018-04-17 10:20:06 IST,2018-04-17T04:50:06Z,Ways they are inadequate today include:  * Lack of available options * Lack of oracle providers for the semi-centralized options * Lack of standardized support across wallets * Lack of good first-class-citizen support for multisig in ethereum (will be fixed soon),9,24,105,2032337,eth,data/CrypTop12-main/tweet/raw/eth/2018-04-17.json
ETH,Vitalik Buterin,vitalikbuterin,986104674229960704,https://x.com/vitalikbuterin/status/986104674229960704,2018-04-17 10:20:49 IST,2018-04-17T04:50:49Z,The ethereum foundation grant program is absolutely willing to fund projects that try to tackle these problems.,28,34,272,2032337,eth,data/CrypTop12-main/tweet/raw/eth/2018-04-17.json
ETH,Vitalik Buterin,vitalikbuterin,986277369903222785,https://x.com/vitalikbuterin/status/986277369903222785,2018-04-17 21:47:03 IST,2018-04-17T16:17:03Z,"@_Kevin_Pham You call that centralized? It's fundamentally very similar to the ""if you miners try to force 2X we'll hard fork the PoW"" drama that bitcoin went through last year.",15,9,239,2060822,btc,data/CrypTop12-main/tweet/raw/btc/2018-04-17.json
ETH,Vitalik Buterin,vitalikbuterin,987318817348046849,https://x.com/vitalikbuterin/status/987318817348046849,2018-04-20 18:45:24 IST,2018-04-20T13:15:24Z,"@JohnLilic @_Kevin_Pham @StopAndDecrypt @derekGUMB The fact that bitcoin maximalism is now considered ""contrarian"" just shows how the pluralist multi-currency vision has already won 😊",8,10,78,2060841,btc,data/CrypTop12-main/tweet/raw/btc/2018-04-20.json
ETH,Vitalik Buterin,vitalikbuterin,987683992336973824,https://x.com/vitalikbuterin/status/987683992336973824,2018-04-21 18:56:28 IST,2018-04-21T13:26:28Z,@getongab Mainstream media is not the sole arbiter of truth. Vitalik Buterin controls Ethereum because FT says so. Pick one.,14,14,217,2032349,eth,data/CrypTop12-main/tweet/raw/eth/2018-04-21.json
ETH,Vitalik Buterin,vitalikbuterin,988488660453609475,https://x.com/vitalikbuterin/status/988488660453609475,2018-04-24 00:13:56 IST,2018-04-23T18:43:56Z,"@_Kevin_Pham Theory: Kevin Pham is secretly paid by the Chinese to say crazy things to make the bitcoin community look like hyper-individualist insane gun nuts, thereby encouraging its replacement by centralized cryptocurrencies that the Chinese gov can more easily influence.",84,122,1304,2060862,btc,data/CrypTop12-main/tweet/raw/btc/2018-04-24.json
ETH,Vitalik Buterin,vitalikbuterin,990412246256836608,https://x.com/vitalikbuterin/status/990412246256836608,2018-04-29 07:37:35 IST,2018-04-29T02:07:35Z,"@bascule If tumblers can contribute to bitcoin's GDP then I think it's fair for the US GDP to include ""The $1.6 Quadrillion Derivatives Market!!!1!!1!"".",9,28,134,2060918,btc,data/CrypTop12-main/tweet/raw/btc/2018-04-29.json
ETH,Vitalik Buterin,vitalikbuterin,991062978131738624,https://x.com/vitalikbuterin/status/991062978131738624,2018-05-01 02:43:21 IST,2018-04-30T21:13:21Z,"@_Kevin_Pham Sorry, I would order @ethereumJoseph not to do this, but he doesn't listen. These days I can't even get the guy to kick Deepak Chopra out of his conference. How dare he keep disobeying me like that... what does he think Ethereum is, a decentralized ecosystem?",27,51,718,-1,eth,data/CrypTop12-main/tweet/raw/eth/2018-05-01.json
ETH,Ethereum official,ethereum,991762299999477760,https://x.com/ethereum/status/991762299999477760,2018-05-03 01:02:13 IST,2018-05-02T19:32:13Z,[BLOG] Announcing May 2018 Cohort of EF Grants #ethereum #buidl  https://t.co/PeuSYTMPvr,32,102,237,-1,eth,data/CrypTop12-main/tweet/raw/eth/2018-05-03.json
ETH,Vitalik Buterin,vitalikbuterin,993824944525135873,https://x.com/vitalikbuterin/status/993824944525135873,2018-05-08 17:38:25 IST,2018-05-08T12:08:25Z,"@jeetsidhu_ @bitcoinclegane @bhec39 @EconomicHustle @_Kevin_Pham Oh I'm not saying Monero isn't serious about privacy. I'm saying that Zcash is also serious about privacy, and I feel its privacy is less likely to break (most technical risk re SNARKs is concentrated around soundness, which affects hodlers, not users)",5,7,33,1823526,xmr;xrp,data/CrypTop12-main/tweet/raw/xmr/2018-05-08.json;data/CrypTop12-main/tweet/raw/xrp/2018-05-08.json
ETH,Vitalik Buterin,vitalikbuterin,994301429014769665,https://x.com/vitalikbuterin/status/994301429014769665,2018-05-10 01:11:48 IST,2018-05-09T19:41:48Z,"@Lisergiko &gt; And the 20% of coins that devs receive is a big no-no!!  It's 10% of coins. Second, the premine is ~10% of coins in Ethereum too, so I'm not sure what credibility I had in your eyes in the first place.",11,3,105,2032423,eth,data/CrypTop12-main/tweet/raw/eth/2018-05-10.json
ETH,Vitalik Buterin,vitalikbuterin,994649314340294656,https://x.com/vitalikbuterin/status/994649314340294656,2018-05-11 00:14:10 IST,2018-05-10T18:44:10Z,@eosnewyork @ethereum @bytemaster7 Thanks for the support!,4,7,112,2032507,eth,data/CrypTop12-main/tweet/raw/eth/2018-05-11.json
ETH,Ethereum official,ethereum,994950871652978688,https://x.com/ethereum/status/994950871652978688,2018-05-11 20:12:27 IST,2018-05-11T14:42:27Z,[Blog] Devcon4 Announcement. Join us in Prague Oct 30 - Nov 2!  https://t.co/upwjnnyCGa #ethereum #devcon4,47,209,560,1350345,eth,data/CrypTop12-main/tweet/raw/eth/2018-05-11.json
ETH,Vitalik Buterin,vitalikbuterin,995017128074928128,https://x.com/vitalikbuterin/status/995017128074928128,2018-05-12 00:35:44 IST,2018-05-11T19:05:44Z,@dogecoin Sure :),8,14,227,2049997,doge,data/CrypTop12-main/tweet/raw/doge/2018-05-12.json
ETH,Ethereum official,ethereum,996731215662239744,https://x.com/ethereum/status/996731215662239744,2018-05-16 18:06:54 IST,2018-05-16T12:36:54Z,Remix IDE 0.6.3 Released!  https://t.co/cm97F8ca14,39,170,410,1350356,eth,data/CrypTop12-main/tweet/raw/eth/2018-05-16.json
ETH,Ethereum official,ethereum,997237462886965248,https://x.com/ethereum/status/997237462886965248,2018-05-18 03:38:33 IST,2018-05-17T22:08:33Z,16 hours until the Ethereum Core Devs Meeting #38. Excited to announce this will be live streamed via both YouTube and @LivepeerTV! Check out the agenda.  https://t.co/LBJVMZSa8E #ethereum #coredevsmeeting,33,72,230,1350357,eth,data/CrypTop12-main/tweet/raw/eth/2018-05-18.json
ETH,Ethereum official,ethereum,997476949302923264,https://x.com/ethereum/status/997476949302923264,2018-05-18 19:30:11 IST,2018-05-18T14:00:11Z,[LIVE] Ethereum Core Developer Meeting #38 [05/18/18]  https://t.co/TQ7deO2Q90 #ethereum #allcoredevs  https://t.co/VmJuxG0l5f,64,122,232,-1,eth,data/CrypTop12-main/tweet/raw/eth/2018-05-18.json
ETH,Vitalik Buterin,vitalikbuterin,997487947820740608,https://x.com/vitalikbuterin/status/997487947820740608,2018-05-18 20:13:53 IST,2018-05-18T14:43:53Z, https://t.co/yt58zEPBG4  This is very sad. A potentially very useful service in the ethereum ecosystem discontinued due to GDPR issues.,53,189,423,-1,eth,data/CrypTop12-main/tweet/raw/eth/2018-05-18.json
ETH,Vitalik Buterin,vitalikbuterin,997965470362812416,https://x.com/vitalikbuterin/status/997965470362812416,2018-05-20 03:51:24 IST,2018-05-19T22:21:24Z,"Wow, @etherscan has a lot of really cool new tools lately:  * DEX tracker:  https://t.co/kvVjFlxkgv * DEX order books:  https://t.co/8p6mF34B7l * Gas tracker:  https://t.co/TetcmaXAnX * Swarm search:  https://t.co/7SdyUj9HhR  Glad to see ethereum growing such a robust DEX ecosystem!",90,864,2890,-1,eth,data/CrypTop12-main/tweet/raw/eth/2018-05-20.json
ETH,Ethereum official,ethereum,1001882642449616896,https://x.com/ethereum/status/1001882642449616896,2018-05-30 23:16:50 IST,2018-05-30T17:46:50Z,ethereumJS client development has officially started! Learn how you can contribute:  https://t.co/ipMf0CFpwS #ethereum #ethereumJS,63,194,422,1350383,eth,data/CrypTop12-main/tweet/raw/eth/2018-05-30.json
ETH,Vitalik Buterin,vitalikbuterin,1006026764341014530,https://x.com/vitalikbuterin/status/1006026764341014530,2018-06-11 09:44:06 IST,2018-06-11T04:14:06Z,"@TezosFoundation This seems backwards. Why can't third parties just run a script to scan the BTC/ETH blockchains, see how much everyone contributed, calculate how much XTZ everyone should get, and generate the genesis block without Tezos Co involvement?  That's how the Ethereum launch worked.",38,90,628,2061372,btc;eth,data/CrypTop12-main/tweet/raw/btc/2018-06-11.json;data/CrypTop12-main/tweet/raw/eth/2018-06-11.json
ETH,Ethereum official,ethereum,1007442806707818497,https://x.com/ethereum/status/1007442806707818497,2018-06-15 07:30:57 IST,2018-06-15T02:00:57Z,12 hours until the Ethereum Core Developer Meeting #40. Check out the agenda -  https://t.co/n2M3pCuWoN,33,79,325,1350413,eth,data/CrypTop12-main/tweet/raw/eth/2018-06-15.json
ETH,Vitalik Buterin,vitalikbuterin,1007575392645890048,https://x.com/vitalikbuterin/status/1007575392645890048,2018-06-15 16:17:48 IST,2018-06-15T10:47:48Z,"@JayCockburn I wrote hundreds of articles for bitcoin magazine for far below minimum wage, if not free, before starting ethereum. So if you want to talk about my own experience as an example, IMO it perfectly confirms that shooting for social capital is a totally fine incentive.",5,5,71,2061426,btc;eth,data/CrypTop12-main/tweet/raw/btc/2018-06-15.json;data/CrypTop12-main/tweet/raw/eth/2018-06-15.json
ETH,Ethereum official,ethereum,1007622548211884032,https://x.com/ethereum/status/1007622548211884032,2018-06-15 19:25:10 IST,2018-06-15T13:55:10Z,[LIVE] Ethereum Core Developer Meeting #40 [06/15/18]  https://t.co/iqucGaNi15  #ethereum #allcoredevs  https://t.co/bDvhIpd2n4,36,57,211,-1,eth,data/CrypTop12-main/tweet/raw/eth/2018-06-15.json
ETH,Ethereum official,ethereum,1009982855697649664,https://x.com/ethereum/status/1009982855697649664,2018-06-22 07:44:12 IST,2018-06-22T02:14:12Z,[Blog] Announcing Swarm Proof-of-Concept Release 3 #swarm  https://t.co/hrxZhgAHac  https://t.co/OcMPSbHiCG,52,117,306,1350433,eth,data/CrypTop12-main/tweet/raw/eth/2018-06-22.json
ETH,Ethereum official,ethereum,1012696130998734848,https://x.com/ethereum/status/1012696130998734848,2018-06-29 19:25:47 IST,2018-06-29T13:55:47Z,[LIVE] Ethereum Core Developer Meeting #41 [06/29/18]  https://t.co/CxqxC6pSYl,47,47,136,1350443,eth,data/CrypTop12-main/tweet/raw/eth/2018-06-29.json
ETH,Ethereum official,ethereum,1014256375726305280,https://x.com/ethereum/status/1014256375726305280,2018-07-04 02:45:38 IST,2018-07-03T21:15:38Z,Mark your calendars! Devcon4 tickets go on sale at 8AM PDT on July 9. Read about our Devcon4 ticketing process here:  https://t.co/boxEitOOB1  https://t.co/2BNFr2x1va,35,134,331,1350446,eth,data/CrypTop12-main/tweet/raw/eth/2018-07-04.json
ETH,Ethereum official,ethereum,1014256986454667267,https://x.com/ethereum/status/1014256986454667267,2018-07-04 02:48:04 IST,2018-07-03T21:18:04Z,Follow @EFDevcon for the latest &amp; greatest Devcon4 news!,37,32,116,1350446,eth,data/CrypTop12-main/tweet/raw/eth/2018-07-04.json
ETH,Vitalik Buterin,vitalikbuterin,1016224550688878592,https://x.com/vitalikbuterin/status/1016224550688878592,2018-07-09 13:06:28 IST,2018-07-09T07:36:28Z,"I do wish @elonmusk's first tweet about ethereum was about the tech rather than the twitter scambots........  @jack help us please? Or someone from the ETH community make a layer 2 scam filtering solution, please?  https://t.co/biVRshZmne",239,446,2838,-1,eth,data/CrypTop12-main/tweet/raw/eth/2018-07-09.json
ETH,Ethereum official,ethereum,1017769772547747841,https://x.com/ethereum/status/1017769772547747841,2018-07-13 19:26:37 IST,2018-07-13T13:56:37Z,[LIVE] Ethereum Core Developer Meeting #42 [07/13/18]  https://t.co/3voznB1L69,45,41,130,-1,eth,data/CrypTop12-main/tweet/raw/eth/2018-07-13.json
ETH,Ethereum official,ethereum,1019248281707319298,https://x.com/ethereum/status/1019248281707319298,2018-07-17 21:21:41 IST,2018-07-17T15:51:41Z,[Blog] An Update on Devcon4 Ticket Allocations &amp; Sales  https://t.co/wVo6AQaFcZ,30,35,125,-1,eth,data/CrypTop12-main/tweet/raw/eth/2018-07-17.json
ETH,Vitalik Buterin,vitalikbuterin,1019959612353777664,https://x.com/vitalikbuterin/status/1019959612353777664,2018-07-19 20:28:16 IST,2018-07-19T14:58:16Z,"What's with almost every single ETH giveaway scam page having a slider of ETH remaining with the caption ""Left Ethereum""? Are the scams all run by one group? Are they pirating each other's scamware? Some kind of white labeling arrangement?",130,114,700,2032645,eth,data/CrypTop12-main/tweet/raw/eth/2018-07-19.json
ETH,Ethereum official,ethereum,1020124725316550656,https://x.com/ethereum/status/1020124725316550656,2018-07-20 07:24:22 IST,2018-07-20T01:54:22Z,"Devcon4 applications for discounts, scholarships, and sponsorships close Tuesday July 24th! Visit  https://t.co/kij7MZWU1s to apply! Read more about the deadline in this blog post:  https://t.co/5maXGmQwEg",35,54,175,1350471,eth,data/CrypTop12-main/tweet/raw/eth/2018-07-20.json
ETH,Vitalik Buterin,vitalikbuterin,1022506386369011717,https://x.com/vitalikbuterin/status/1022506386369011717,2018-07-26 21:08:14 IST,2018-07-26T15:38:14Z,"@Bitcoin Their arguments seem to criticize 2011-era PoS algorithms with ""nothing at stake"" flaws and say little about the security deposit-based Casper CBC/FFG/Tendermint family. I reached out to them and will see what they say :)",12,19,136,-1,btc,data/CrypTop12-main/tweet/raw/btc/2018-07-26.json
ETH,Ethereum official,ethereum,1022842930548092928,https://x.com/ethereum/status/1022842930548092928,2018-07-27 19:25:32 IST,2018-07-27T13:55:32Z,[LIVE] Ethereum Core Devs Meeting #43 [07/27/18]   https://t.co/R36DNXq6fP,15,46,131,1350480,eth,data/CrypTop12-main/tweet/raw/eth/2018-07-27.json
ETH,Ethereum official,ethereum,1022934174540484608,https://x.com/ethereum/status/1022934174540484608,2018-07-28 01:28:07 IST,2018-07-27T19:58:07Z,[Blog] Answers to your top 3 Devcon4 questions  https://t.co/DxLJ512iCo,19,33,109,1350477,eth,data/CrypTop12-main/tweet/raw/eth/2018-07-28.json
ETH,Vitalik Buterin,vitalikbuterin,1023571651865137152,https://x.com/vitalikbuterin/status/1023571651865137152,2018-07-29 19:41:13 IST,2018-07-29T14:11:13Z,"I think there's too much emphasis on BTC/ETH/whatever ETFs, and not enough emphasis on making it easier for people to buy $5 to $100 in cryptocurrency via cards at corner stores. The former is better for pumping price, but the latter is much better for actual adoption.",646,2539,10043,2062175,btc,data/CrypTop12-main/tweet/raw/btc/2018-07-29.json
ETH,Ethereum official,ethereum,1023618151320301568,https://x.com/ethereum/status/1023618151320301568,2018-07-29 22:45:59 IST,2018-07-29T17:15:59Z,"SCAM ALERT! ""Ethereum Funds Recovery for ETH Losers"" is an attempt to steal your private key and ether. Be safe out there!  https://t.co/NlFtmrtjnq",52,232,381,1350483,eth,data/CrypTop12-main/tweet/raw/eth/2018-07-29.json
ETH,Ethereum official,ethereum,1024077001500622848,https://x.com/ethereum/status/1024077001500622848,2018-07-31 05:09:18 IST,2018-07-30T23:39:18Z,"[Blog] Devcon4 Call for Participation! Apply to be a speaker, workshop lead, or breakout room host  https://t.co/Atq511ukmj",43,65,161,1350483,eth,data/CrypTop12-main/tweet/raw/eth/2018-07-31.json
ETH,Vitalik Buterin,vitalikbuterin,1027617213824479233,https://x.com/vitalikbuterin/status/1027617213824479233,2018-08-09 23:36:50 IST,2018-08-09T18:06:50Z,"Poll for Bitcoin Core supporters. Suppose you had to flip a coin, and if it handed heads the bitcoin block size becomes one value and if it landed tails the bitcoin block size becomes another value. Which of the following would you choose?",238,62,260,-1,btc,data/CrypTop12-main/tweet/raw/btc/2018-08-09.json
ETH,Ethereum official,ethereum,1027916378555207680,https://x.com/ethereum/status/1027916378555207680,2018-08-10 19:25:37 IST,2018-08-10T13:55:37Z,[LIVE] Ethereum Core Devs Meeting #44 [08/10/18]  https://t.co/05nXTRsObh,21,38,122,-1,eth,data/CrypTop12-main/tweet/raw/eth/2018-08-10.json
ETH,Vitalik Buterin,vitalikbuterin,1029900695925706753,https://x.com/vitalikbuterin/status/1029900695925706753,2018-08-16 06:50:35 IST,2018-08-16T01:20:35Z,"1. Today I am going to make a tweet storm explaining the history and state of Ethereum's Casper research, including the FFG vs CBC wars, the hybrid =&gt; full switch, the role of randomness, mechanism design issues, and more.",156,1129,3477,-1,eth,data/CrypTop12-main/tweet/raw/eth/2018-08-16.json
ETH,Vitalik Buterin,vitalikbuterin,1029900794353483776,https://x.com/vitalikbuterin/status/1029900794353483776,2018-08-16 06:50:58 IST,2018-08-16T01:20:58Z,"2. Ethereum proof of stake research began in Jan 2014 with Slasher ( https://t.co/ENIJsun6zn). Though the algorithm is highly suboptimal, it introduced some important ideas, most particularly the use of penalties to solve the nothing at stake problem ( https://t.co/CbMXgQt0TI).",7,25,162,-1,eth,data/CrypTop12-main/tweet/raw/eth/2018-08-16.json
ETH,Vitalik Buterin,vitalikbuterin,1030097329997508608,https://x.com/vitalikbuterin/status/1030097329997508608,2018-08-16 19:51:56 IST,2018-08-16T14:21:56Z,"@WhalePanda I just listened through the presentation to get my actual words, they were ""get 5 dollars of Bitcoin, Bitcoin Cash, ether or whatever"".",21,7,150,2062240,btc,data/CrypTop12-main/tweet/raw/btc/2018-08-16.json
ETH,Ethereum official,ethereum,1030562766963318785,https://x.com/ethereum/status/1030562766963318785,2018-08-18 02:41:25 IST,2018-08-17T21:11:25Z,[Blog] Ethereum Foundation Grants Update - Wave 3 #ethereum #grants  https://t.co/9bcFBkOxjX  https://t.co/hLNv6UMPbB,47,204,593,-1,eth,data/CrypTop12-main/tweet/raw/eth/2018-08-18.json
ETH,Vitalik Buterin,vitalikbuterin,1032075153788817408,https://x.com/vitalikbuterin/status/1032075153788817408,2018-08-22 06:51:06 IST,2018-08-22T01:21:06Z,"The BCH community should NOT compromise with Craig Wright to ""avoid a split"" and should embrace it as an opportunity to conclusively ostracize and reject him. Bitcoin Craig (BCC) can go take the ticker symbol from the now-defunct cryptocurrency to which it is a fitting successor.",250,551,2988,2062316,btc,data/CrypTop12-main/tweet/raw/btc/2018-08-22.json
ETH,Ethereum official,ethereum,1032712975906418688,https://x.com/ethereum/status/1032712975906418688,2018-08-24 01:05:34 IST,2018-08-23T19:35:34Z,Come build on top of Ethereum @ETHSanFrancisco Oct. 5-7! Find out more by visiting  https://t.co/nukPaEmoAV.,46,108,301,1350525,eth,data/CrypTop12-main/tweet/raw/eth/2018-08-24.json
ETH,Ethereum official,ethereum,1032989723944517632,https://x.com/ethereum/status/1032989723944517632,2018-08-24 19:25:16 IST,2018-08-24T13:55:16Z,[LIVE] Ethereum Core Devs Meeting #45 [08/23/18] #ethereum  https://t.co/OLRe0Tg2ux,36,69,194,1350528,eth,data/CrypTop12-main/tweet/raw/eth/2018-08-24.json
ETH,Vitalik Buterin,vitalikbuterin,1033715456027369473,https://x.com/vitalikbuterin/status/1033715456027369473,2018-08-26 19:29:04 IST,2018-08-26T13:59:04Z,"@el33th4xor import random; rc = lambda x: random.choice(x.split("";""))+"" "" print(rc(""Global;North American;European;Asia"")+rc(""Bitcoin;Blockchain;Ethereum;Cryptoeconomic"")+rc(""Scaling;Regulation;Industry;Innovation;Development;Financial Inclusion"")+rc(""Summit;Conference;Convention""))",34,77,793,-1,btc;eth,data/CrypTop12-main/tweet/raw/btc/2018-08-26.json;data/CrypTop12-main/tweet/raw/eth/2018-08-26.json
ETH,Vitalik Buterin,vitalikbuterin,1034540751609196545,https://x.com/vitalikbuterin/status/1034540751609196545,2018-08-29 02:08:30 IST,2018-08-28T20:38:30Z,"@mattblaze @ofnumbers Calling blockchains a ""data structure"" is missing the point. It's cryptography, economics and distributed systems and the way these fields interact in systems like BTC, ETH, etc that's interesting.",29,100,550,-1,btc,data/CrypTop12-main/tweet/raw/btc/2018-08-29.json
ETH,Ethereum official,ethereum,1035526464135942145,https://x.com/ethereum/status/1035526464135942145,2018-08-31 19:25:22 IST,2018-08-31T13:55:22Z,[LIVE] Ethereum Core Devs Constantinople Session #1 [08/31/18]  https://t.co/Jm4v8mecmL,30,51,148,1350541,eth,data/CrypTop12-main/tweet/raw/eth/2018-08-31.json
ETH,Vitalik Buterin,vitalikbuterin,1036852275648421888,https://x.com/vitalikbuterin/status/1036852275648421888,2018-09-04 11:13:40 IST,2018-09-04T05:43:40Z,"@lopp @JeremyRubin I think I've been pretty consistent about my view that (i) every present-day existing blockchain, including ETH and BTC, sucks, and (ii) PoS is necessary. Not sure why anyone surprised.",83,163,873,2062471,btc,data/CrypTop12-main/tweet/raw/btc/2018-09-04.json
ETH,Ethereum official,ethereum,1037641721948123137,https://x.com/ethereum/status/1037641721948123137,2018-09-06 15:30:39 IST,2018-09-06T10:00:39Z,"If you're in the San Francisco area Oct 5-7, consider volunteering at @ETHsanfrancisco! Great way to get involved in the Ethereum community even if you don't want to hack:  https://t.co/VFtzgq0fJv",42,62,181,1350551,eth,data/CrypTop12-main/tweet/raw/eth/2018-09-06.json
ETH,Vitalik Buterin,vitalikbuterin,1037940716016558080,https://x.com/vitalikbuterin/status/1037940716016558080,2018-09-07 11:18:45 IST,2018-09-07T05:48:45Z,Ethereum 2.0: Who's building it?   https://t.co/GTcCzfr9ja,249,1128,3049,-1,eth,data/CrypTop12-main/tweet/raw/eth/2018-09-07.json
ETH,Vitalik Buterin,vitalikbuterin,1039534193263296512,https://x.com/vitalikbuterin/status/1039534193263296512,2018-09-11 20:50:39 IST,2018-09-11T15:20:39Z,"@joonian @matthewde_silva So I realized that the argument that ""there's no value for ETH in ethereum as of today"" is even wronger than I thought.",42,53,290,-1,eth,data/CrypTop12-main/tweet/raw/eth/2018-09-11.json
ETH,Ethereum official,ethereum,1040599900000591872,https://x.com/ethereum/status/1040599900000591872,2018-09-14 19:25:24 IST,2018-09-14T13:55:24Z,[LIVE] Ethereum Core Devs Meeting #46 [09/14/18] #ethereum  https://t.co/kvnoF8tVnf,39,61,183,-1,eth,data/CrypTop12-main/tweet/raw/eth/2018-09-14.json
ETH,Vitalik Buterin,vitalikbuterin,1041867634222936064,https://x.com/vitalikbuterin/status/1041867634222936064,2018-09-18 07:22:55 IST,2018-09-18T01:52:55Z,"Lighthouse: an open-source Ethereum 2.0 client, written in Rust   https://t.co/qA4wQuHuRh",84,275,1118,2032853,eth,data/CrypTop12-main/tweet/raw/eth/2018-09-18.json
ETH,Vitalik Buterin,vitalikbuterin,1044177025211215873,https://x.com/vitalikbuterin/status/1044177025211215873,2018-09-24 16:19:37 IST,2018-09-24T10:49:37Z,Rocket Pool continues humming along implementing and making tests for ethereum stake pools:   https://t.co/NGfJQ6TfFb,45,129,459,2032871,eth,data/CrypTop12-main/tweet/raw/eth/2018-09-24.json
ETH,Ethereum official,ethereum,1045673367066546176,https://x.com/ethereum/status/1045673367066546176,2018-09-28 19:25:33 IST,2018-09-28T13:55:33Z,[LIVE] Ethereum Core Devs Meeting #47 [09/28/18] #ethereum  https://t.co/2nEeCrkbmF,58,63,172,1350596,eth,data/CrypTop12-main/tweet/raw/eth/2018-09-28.json
ETH,Vitalik Buterin,vitalikbuterin,1045770126430212096,https://x.com/vitalikbuterin/status/1045770126430212096,2018-09-29 01:50:02 IST,2018-09-28T20:20:02Z,@zooko @JaEsf I hope Zcash can learn from all of the fun stuff that's coming soon down the ethereum pipeline!,4,13,121,2032880,eth,data/CrypTop12-main/tweet/raw/eth/2018-09-29.json
ETH,Vitalik Buterin,vitalikbuterin,1046497685967183872,https://x.com/vitalikbuterin/status/1046497685967183872,2018-10-01 02:01:05 IST,2018-09-30T20:31:05Z,"@ofnumbers I believe LTC, Monero and Grin are the party-line approved alts. Not sure though; I know it changes from time to time.",33,31,216,1775194,ltc;xmr;xrp,data/CrypTop12-main/tweet/raw/ltc/2018-10-01.json;data/CrypTop12-main/tweet/raw/xmr/2018-10-01.json;data/CrypTop12-main/tweet/raw/xrp/2018-10-01.json
ETH,Vitalik Buterin,vitalikbuterin,1048088444637855744,https://x.com/vitalikbuterin/status/1048088444637855744,2018-10-05 11:22:12 IST,2018-10-05T05:52:12Z,@suprraz @paul_btc @matt_odell @ofnumbers @faboualfa @colingplatt @nic__carter @prestonjbyrne @pierre_rochard @BobSummerwill @lawmaster @La__Cuen @DCGco @starkness @VitalklButerin @dannyryan @drakefjustin @icebearhww I think ethereum can absolutely survive me spontaneously combusting tomorrow at this point.,13,13,91,2062772,btc,data/CrypTop12-main/tweet/raw/btc/2018-10-05.json
ETH,Vitalik Buterin,vitalikbuterin,1048598284250435589,https://x.com/vitalikbuterin/status/1048598284250435589,2018-10-06 21:08:07 IST,2018-10-06T15:38:07Z,"@_jefflau @BobSummerwill @LachlanCraigie @suprraz @paul_btc @matt_odell @ofnumbers @faboualfa @colingplatt @nic__carter @prestonjbyrne @pierre_rochard @lawmaster @La__Cuen @DCGco @starkness @VitalklButerin @dannyryan @drakefjustin @icebearhww 1. Casper/sharding spec roughly finished, now in refinement stages 2. 4+ implementations of the spec well underway 3. Many implementations of plasma well underway 4. ZK-SNARK-based layer 2 scaling and privacy well underway  It's a night-and-day difference from 2017.",20,164,460,2062784,btc,data/CrypTop12-main/tweet/raw/btc/2018-10-06.json
ETH,Vitalik Buterin,vitalikbuterin,1049440807206313984,https://x.com/vitalikbuterin/status/1049440807206313984,2018-10-09 04:56:00 IST,2018-10-08T23:26:00Z,"@Nouriel I don't think that's a fair characterization; if you look more deeply at the actual processes of ethereum governance you'll find that while a technical elite does exist (as in all cryptocurrencies), my own involvement is much less pivotal than it seems from the outside.",31,27,453,-1,eth,data/CrypTop12-main/tweet/raw/eth/2018-10-09.json
ETH,Ethereum official,ethereum,1050746816487145472,https://x.com/ethereum/status/1050746816487145472,2018-10-12 19:25:37 IST,2018-10-12T13:55:37Z,[LIVE] Ethereum Core Devs Meeting #48 [10/12/18]  https://t.co/7sdcKOHYHU,25,51,115,-1,eth,data/CrypTop12-main/tweet/raw/eth/2018-10-12.json
ETH,Ethereum official,ethereum,1051886425753436166,https://x.com/ethereum/status/1051886425753436166,2018-10-15 22:54:01 IST,2018-10-15T17:24:01Z,[Blog] Ethereum Foundation Grants Update - Wave IV #ethereum #grants  https://t.co/Xw39mmIX93  https://t.co/gu0csjFlNk,33,89,276,-1,eth,data/CrypTop12-main/tweet/raw/eth/2018-10-15.json
ETH,Vitalik Buterin,vitalikbuterin,1051915858010927105,https://x.com/vitalikbuterin/status/1051915858010927105,2018-10-16 00:50:58 IST,2018-10-15T19:20:58Z,"@Nouriel &gt; At that time your arguments were irrelevant as exchanges were barely having users.  When MtGox got hacked spring 2014, total user balances were 850,000 BTC. One exchange, which lost ~7% of all BTC at the time. So the idea that exchanges barely had users in 2014 is just false.",17,26,320,2062877,btc,data/CrypTop12-main/tweet/raw/btc/2018-10-16.json
ETH,Ethereum official,ethereum,1053067656016859137,https://x.com/ethereum/status/1053067656016859137,2018-10-19 05:07:48 IST,2018-10-18T23:37:48Z,[Blog] Announcing Our dc⟠ıv Sponsors and Supporters! #devcon4 #ethereum  https://t.co/9ZqbBx6CzH,16,25,115,-1,eth,data/CrypTop12-main/tweet/raw/eth/2018-10-19.json
ETH,Ethereum official,ethereum,1055332504620711942,https://x.com/ethereum/status/1055332504620711942,2018-10-25 11:07:30 IST,2018-10-25T05:37:30Z,[Blog] How the Ethereum Foundation grants program makes decisions #ethereum #grants #EFGrants  https://t.co/EWRHsMFbee,46,62,188,1350577,eth,data/CrypTop12-main/tweet/raw/eth/2018-10-25.json
ETH,Ethereum official,ethereum,1056157016153092096,https://x.com/ethereum/status/1056157016153092096,2018-10-27 17:43:49 IST,2018-10-27T12:13:49Z,"As we set off for Prague, we wanted to thank our Serenity Sponsors once more for helping us to push this ecosystem forward!  SERENITY: AdEx, BlockAsset Ventures, Blockchains LLC, Blockfolio, Colony, ConsenSys, OmiseGO, Sparkpool, and Status!",47,63,292,1350582,eth,data/CrypTop12-main/tweet/raw/eth/2018-10-27.json
ETH,Vitalik Buterin,vitalikbuterin,1058254026725195781,https://x.com/vitalikbuterin/status/1058254026725195781,2018-11-02 12:36:36 IST,2018-11-02T07:06:36Z,"@ToneVays @DanLarimer 1. I am not leaving. No plans to stop or reduce blog posts / ethresearch posts / github commits. 2. Vitalik is ""in charge"": ETH is centralized! Vitalik is not ""in charge"": Vitalik is pulling a Dan Larimer! This is why BTC maximalists have zero credibility.",64,201,1553,2063065,btc,data/CrypTop12-main/tweet/raw/btc/2018-11-02.json
ETH,Vitalik Buterin,vitalikbuterin,1060121523640565761,https://x.com/vitalikbuterin/status/1060121523640565761,2018-11-07 16:17:21 IST,2018-11-07T10:47:21Z,@virgilgr I feel like we need someone to explicitly do a survey of applications being built on ethereum by/for people in emerging economies (especially those closer to seeing actual users) and do a special track or section about them next year or sooner.,28,26,156,2033039,eth,data/CrypTop12-main/tweet/raw/eth/2018-11-07.json
ETH,Ethereum official,ethereum,1060893944886804483,https://x.com/ethereum/status/1060893944886804483,2018-11-09 19:26:41 IST,2018-11-09T13:56:41Z,[LIVE] Ethereum Core Devs Meeting #49 [11/09/18]  https://t.co/Ic8Jdldzap #ethereum,71,46,144,-1,eth,data/CrypTop12-main/tweet/raw/eth/2018-11-09.json
ETH,Vitalik Buterin,vitalikbuterin,1069592454003855361,https://x.com/vitalikbuterin/status/1069592454003855361,2018-12-03 19:31:27 IST,2018-12-03T14:01:27Z,"@VladZamfir But V, what do you think of $ETH's chance of survival given the new revoltionary patented twisted tangle graph technology coming out of Solidcoin $SC?",39,15,385,2033107,eth,data/CrypTop12-main/tweet/raw/eth/2018-12-03.json
ETH,Vitalik Buterin,vitalikbuterin,1072163461386260481,https://x.com/vitalikbuterin/status/1072163461386260481,2018-12-10 21:47:43 IST,2018-12-10T16:17:43Z,"13. Another interesting thing that blockchains give is the value of permanence. For example, an ERC721 collectible that you hold in your ethereum wallet is ""yours"" in a very real cryptographic sense that would not be the case if it was just stored in a centralized server.",18,66,332,2033132,eth,data/CrypTop12-main/tweet/raw/eth/2018-12-10.json
ETH,Ethereum official,ethereum,1072288420704210945,https://x.com/ethereum/status/1072288420704210945,2018-12-11 06:04:16 IST,2018-12-11T00:34:16Z,[Blog] Devcon4 Videos and Pictures Released!  https://t.co/fio6S4Ifwh #ethereum #Devcon4,35,92,214,1350634,eth,data/CrypTop12-main/tweet/raw/eth/2018-12-11.json
ETH,Vitalik Buterin,vitalikbuterin,1072289782301044736,https://x.com/vitalikbuterin/status/1072289782301044736,2018-12-11 06:09:40 IST,2018-12-11T00:39:40Z,"@AnselLindner Sure, they can build on ethereum. What's the problem?",7,4,81,2033137,eth,data/CrypTop12-main/tweet/raw/eth/2018-12-11.json
ETH,Vitalik Buterin,vitalikbuterin,1073035213066792960,https://x.com/vitalikbuterin/status/1073035213066792960,2018-12-13 07:31:45 IST,2018-12-13T02:01:45Z,"@whalepool In a sea of coins based on elliptic curve cryptography, how does Bitcoin even plan to stick out?",146,40,560,2063428,btc,data/CrypTop12-main/tweet/raw/btc/2018-12-13.json
ETH,Ethereum official,ethereum,1075460563126374400,https://x.com/ethereum/status/1075460563126374400,2018-12-20 00:09:13 IST,2018-12-19T18:39:13Z,"The Ethereum Foundation is surveying projects and dApps already using #Ethereum to solve real-world issues. We're interested in hearing about apps at all stages of development, and we'd love to hear about your work! Click to take part:  https://t.co/Z4NIdIRRG3 #BUIDL",77,236,609,1350642,eth,data/CrypTop12-main/tweet/raw/eth/2018-12-20.json
ETH,Vitalik Buterin,vitalikbuterin,1077713739942522882,https://x.com/vitalikbuterin/status/1077713739942522882,2018-12-26 05:22:33 IST,2018-12-25T23:52:33Z,"@SatoshiVisions @TuurDemeester Yeah no, I have my disagreements with the bitcoin roadmap, PoW, etc but they're trying to do something that's genuinely cool tech. BSV is a pure dumpster fire.",22,21,211,-1,btc,data/CrypTop12-main/tweet/raw/btc/2018-12-26.json
ETH,Vitalik Buterin,vitalikbuterin,1079687506696769536,https://x.com/vitalikbuterin/status/1079687506696769536,2018-12-31 16:05:35 IST,2018-12-31T10:35:35Z,"1. Many in the Bitcoin community legitimately care about non-cryptocurrency ""freedom tech"" that I think is very important and valuable and that much of the crypto space has a tendency to forget about, eg. open hardware:  https://t.co/C3r0ceSJ43",6,28,178,-1,btc,data/CrypTop12-main/tweet/raw/btc/2018-12-31.json
ETH,Vitalik Buterin,vitalikbuterin,1079687683314761729,https://x.com/vitalikbuterin/status/1079687683314761729,2018-12-31 16:06:17 IST,2018-12-31T10:36:17Z,"2. Bitcoin culture is definitely on the ""survive"" side of Slatestarcodex's thrive/survive dichotomy ( https://t.co/uUHSLFxW7N) and this has genuine benefits...",3,18,113,-1,btc,data/CrypTop12-main/tweet/raw/btc/2018-12-31.json
ETH,Vitalik Buterin,vitalikbuterin,1080915329298194433,https://x.com/vitalikbuterin/status/1080915329298194433,2019-01-04 01:24:31 IST,2019-01-03T19:54:31Z,Happy 10th birthday Bitcoin!,144,1338,7613,2063690,btc,data/CrypTop12-main/tweet/raw/btc/2019-01-04.json
ETH,Vitalik Buterin,vitalikbuterin,1082078289508909058,https://x.com/vitalikbuterin/status/1082078289508909058,2019-01-07 06:25:42 IST,2019-01-07T00:55:42Z,@CryptoN_T @SatoshiLite Congrats on following my path @SatoshiLite! Do you want to go further and convince Litecoin to move to proof of stake? 😊😊😊,36,22,253,1775610,ltc,data/CrypTop12-main/tweet/raw/ltc/2019-01-07.json
ETH,Ethereum official,ethereum,1082323156264718339,https://x.com/ethereum/status/1082323156264718339,2019-01-07 22:38:43 IST,2019-01-07T17:08:43Z,The #Ethereum Foundation announces major grant to @ParityTech.  https://t.co/mkLGaidz3d #BUIDL,43,194,624,-1,eth,data/CrypTop12-main/tweet/raw/eth/2019-01-07.json
ETH,Vitalik Buterin,vitalikbuterin,1082459780751405057,https://x.com/vitalikbuterin/status/1082459780751405057,2019-01-08 07:41:37 IST,2019-01-08T02:11:37Z,I actually think ultra-high-assurance storage of very small but high-value files is a totally legitimate use case for public blockchains. Great to see Nevada experimenting with ethereum for this.   https://t.co/esq26rQ6HW  https://t.co/C2QAssQgT5,51,108,444,-1,eth,data/CrypTop12-main/tweet/raw/eth/2019-01-08.json
ETH,Vitalik Buterin,vitalikbuterin,1082848690824306688,https://x.com/vitalikbuterin/status/1082848690824306688,2019-01-09 09:27:00 IST,2019-01-09T03:57:00Z,"@bmargaca @eth_classic @ethereum @VladZamfir @AFDudley0 I don't think the 51% attack on ETC proves that ETH *engineering* is competent per se; the only relevant diff between the two is that ETH hashpower is 20x higher. Though it does prove ETH *philosophy* is competent, because it validates our decision to move to proof of stake 😃",36,101,657,-1,eth,data/CrypTop12-main/tweet/raw/eth/2019-01-09.json
ETH,Vitalik Buterin,vitalikbuterin,1083450179347394560,https://x.com/vitalikbuterin/status/1083450179347394560,2019-01-11 01:17:06 IST,2019-01-10T19:47:06Z,"IMO the Ethereum community should consider adopting @zcashco's terminology of calling things like Constantinople ""network upgrades"" and reserve ""fork"" for splits that leave 2+ viable chains. Too many people asking me lately where they can dump their non-Constantinople coins...",144,360,1846,-1,eth,data/CrypTop12-main/tweet/raw/eth/2019-01-11.json
ETH,Vitalik Buterin,vitalikbuterin,1083765147225604096,https://x.com/vitalikbuterin/status/1083765147225604096,2019-01-11 22:08:41 IST,2019-01-11T16:38:41Z,@Noahpinion In mine they're all in on Bitcoin Private.,23,10,169,-1,btc,data/CrypTop12-main/tweet/raw/btc/2019-01-11.json
ETH,Ethereum official,ethereum,1083789405427589120,https://x.com/ethereum/status/1083789405427589120,2019-01-11 23:45:04 IST,2019-01-11T18:15:04Z,Ethereum's Constantinople network upgrade is less than a week away! Click this post for more info and what you need to do to prepare. #Constantinople #Ethereum  https://t.co/INdaaMF9iQ,84,551,1327,-1,eth,data/CrypTop12-main/tweet/raw/eth/2019-01-11.json
ETH,Ethereum official,ethereum,1085291959390998534,https://x.com/ethereum/status/1085291959390998534,2019-01-16 03:15:41 IST,2019-01-15T21:45:41Z,"[SECURITY ALERT] #Constantinople upgrade is temporarily postponed out of caution following a consensus decision by #Ethereum developers, security professionals and other community members. More information and instructions are below.  https://t.co/p2znO8HGxf",199,898,1385,-1,eth,data/CrypTop12-main/tweet/raw/eth/2019-01-16.json
ETH,Vitalik Buterin,vitalikbuterin,1085665399197159425,https://x.com/vitalikbuterin/status/1085665399197159425,2019-01-17 03:59:36 IST,2019-01-16T22:29:36Z,@ProofofResearch Myself and the ethereum foundation both sold some of our eth over the last few years.,58,26,450,2033209,eth,data/CrypTop12-main/tweet/raw/eth/2019-01-17.json
ETH,Vitalik Buterin,vitalikbuterin,1085666524981977088,https://x.com/vitalikbuterin/status/1085666524981977088,2019-01-17 04:04:04 IST,2019-01-16T22:34:04Z,@ProofofResearch @shill_tyson &gt;  how much $ETH he’s liquidated down for himself personally.   https://t.co/yLfy39gwB5  It's literally in the outgoing transaction logs.,10,8,84,2033209,eth,data/CrypTop12-main/tweet/raw/eth/2019-01-17.json
ETH,Vitalik Buterin,vitalikbuterin,1088666249830096896,https://x.com/vitalikbuterin/status/1088666249830096896,2019-01-25 10:43:55 IST,2019-01-25T05:13:55Z,"@jeffehh Whatever you're building, support login via ethereum wallet! 😊😊😊",20,17,214,2033233,eth,data/CrypTop12-main/tweet/raw/eth/2019-01-25.json
ETH,Vitalik Buterin,vitalikbuterin,1089380251480731649,https://x.com/vitalikbuterin/status/1089380251480731649,2019-01-27 10:01:06 IST,2019-01-27T04:31:06Z,"@stevennerayoff @rogerkver @silviomicali @zooko @fluffypony @zcoinofficial @monero @grincouncil Because really we all have things we would prefer to hide and that's fine. Your life is there for you to enjoy, not to be forced to turn into a performance for the world in an effort to seek its approval.",9,35,258,1854798,xmr;xrp,data/CrypTop12-main/tweet/raw/xmr/2019-01-27.json;data/CrypTop12-main/tweet/raw/xrp/2019-01-27.json
ETH,Ethereum official,ethereum,1098616562938834946,https://x.com/ethereum/status/1098616562938834946,2019-02-21 21:42:54 IST,2019-02-21T16:12:54Z,Announcing the first round of Ethereum Foundation grantees in 2019!  https://t.co/WFk8tEsF2r,20,118,383,1350727,eth,data/CrypTop12-main/tweet/raw/eth/2019-02-21.json
ETH,Ethereum official,ethereum,1099108394126987264,https://x.com/ethereum/status/1099108394126987264,2019-02-23 06:17:16 IST,2019-02-23T00:47:16Z,Ethereum's Constantinople and St. Petersburg network upgrades are less than a week away! Click this post for more info and what you need to do to prepare #Constantinople #StPetersburg #Ethereum  https://t.co/ZMuHjgiGWj,40,371,791,1350730,eth,data/CrypTop12-main/tweet/raw/eth/2019-02-23.json
ETH,Ethereum official,ethereum,1101297319411097601,https://x.com/ethereum/status/1101297319411097601,2019-03-01 07:15:16 IST,2019-03-01T01:45:16Z,[LIVE] Ethereum Core Devs Meeting #56 [2019-03-01] (starts at 9AM EST)  https://t.co/Q7NFnBVUDQ,11,29,113,1350746,eth,data/CrypTop12-main/tweet/raw/eth/2019-03-01.json
ETH,Ethereum official,ethereum,1110593544572538882,https://x.com/ethereum/status/1110593544572538882,2019-03-26 22:55:09 IST,2019-03-26T17:25:09Z,[BUG] #Solidity Optimizer and ABIEncoderV2 Bug Announcement Blog Post  https://t.co/09a4I9CHXD,6,52,107,1350778,eth,data/CrypTop12-main/tweet/raw/eth/2019-03-26.json
ETH,Ethereum official,ethereum,1118450225029496832,https://x.com/ethereum/status/1118450225029496832,2019-04-17 15:14:48 IST,2019-04-17T09:44:48Z,[LIVE] #Ethereum Core Developer Istanbul &amp; ETH 1.X Roadmap Planning Meeting in Berlin [04/17/19]  https://t.co/EQVnmNqdCP,4,27,103,1350813,eth,data/CrypTop12-main/tweet/raw/eth/2019-04-17.json
ETH,Ethereum official,ethereum,1118795201202532353,https://x.com/ethereum/status/1118795201202532353,2019-04-18 14:05:36 IST,2019-04-18T08:35:36Z,[LIVE] #Ethereum Core Developer Istanbul &amp; ETH 1.X Roadmap Planning Meeting in Berlin (Day 2) [04/18/19]  https://t.co/4At8XKl9a6,6,38,118,1350815,eth,data/CrypTop12-main/tweet/raw/eth/2019-04-18.json
ETH,Ethereum official,ethereum,1126963587761737730,https://x.com/ethereum/status/1126963587761737730,2019-05-11 03:03:51 IST,2019-05-10T21:33:51Z,See you in #Osaka! #devcon #Japan  https://t.co/BUTEHHy1TS   https://t.co/g0FvkotZyD,26,108,328,1350869,eth,data/CrypTop12-main/tweet/raw/eth/2019-05-11.json
ETH,Ethereum official,ethereum,1130927270972022784,https://x.com/ethereum/status/1130927270972022784,2019-05-22 01:34:07 IST,2019-05-21T20:04:07Z,"The #Ethereum Foundation is excited to share our plans for the next year, and more.   https://t.co/FxJTMsFWGQ",52,473,1250,1350911,eth,data/CrypTop12-main/tweet/raw/eth/2019-05-22.json
ETH,Ethereum official,ethereum,1140952763431604224,https://x.com/ethereum/status/1140952763431604224,2019-06-18 17:31:51 IST,2019-06-18T12:01:51Z,"The Ethereum Foundation is proud to lend our support to the efforts of both the @EntEthAlliance and @Hyperledger through our membership today. Together, we'll continue to drive forward #Ethereum's progress and adoption.",16,79,280,1350931,eth,data/CrypTop12-main/tweet/raw/eth/2019-06-18.json
ETH,Ethereum official,ethereum,1142037423301582849,https://x.com/ethereum/status/1142037423301582849,2019-06-21 17:21:54 IST,2019-06-21T11:51:54Z,"Action: Today, our team update series returns with the latest from researchers and developers supported by the Ethereum Foundation:  https://t.co/Orpd0UXekf",29,113,300,1350937,eth,data/CrypTop12-main/tweet/raw/eth/2019-06-21.json
ETH,Ethereum official,ethereum,1143643231034531840,https://x.com/ethereum/status/1143643231034531840,2019-06-26 03:42:48 IST,2019-06-25T22:12:48Z,"[SECURITY] For Solidity smart contract developers - ""Solidity Storage Array Bugs"" blog post  https://t.co/jYlMlkQ92V",12,64,135,1350944,eth,data/CrypTop12-main/tweet/raw/eth/2019-06-26.json
ETH,Ethereum official,ethereum,1148914126036570112,https://x.com/ethereum/status/1148914126036570112,2019-07-10 16:47:28 IST,2019-07-10T11:17:28Z,Meet Geth v1.9.0 (Full Biotic Kick)   https://t.co/SN6fy5egM7,23,95,269,1350972,eth,data/CrypTop12-main/tweet/raw/eth/2019-07-10.json
ETH,Ethereum official,ethereum,1150729256567226369,https://x.com/ethereum/status/1150729256567226369,2019-07-15 17:00:08 IST,2019-07-15T11:30:08Z,The Eth 2.0 Research Team AMA starts in 1.5 hours! Post your questions now!  https://t.co/MKuVIwN9i1,22,65,192,-1,eth,data/CrypTop12-main/tweet/raw/eth/2019-07-15.json
ETH,Ethereum official,ethereum,1156322733279633408,https://x.com/ethereum/status/1156322733279633408,2019-07-31 03:26:37 IST,2019-07-30T21:56:37Z,"🎉 Happy 4th birthday, #Ethereum! Four years ago today, Ethereum came to life, and the future is now brighter than ever before. 🎉  To everyone who has worked to advance the protocol, the community, and our ever-growing ecosystem: Thank you, and let's keep building together!",142,634,2335,-1,eth,data/CrypTop12-main/tweet/raw/eth/2019-07-31.json
ETH,Ethereum official,ethereum,1163797142298869761,https://x.com/ethereum/status/1163797142298869761,2019-08-20 18:27:15 IST,2019-08-20T12:57:15Z,Translating Ethereum for our Global Community   https://t.co/cKF5GhbQLd,19,60,194,1351001,eth,data/CrypTop12-main/tweet/raw/eth/2019-08-20.json
ETH,Ethereum official,ethereum,1165988439969411073,https://x.com/ethereum/status/1165988439969411073,2019-08-26 19:34:41 IST,2019-08-26T14:04:41Z,Approaching Serenity: Announcing Ethereum Foundation and Co-Funded Grants!   https://t.co/ImJ3MrHre3,18,128,377,1351009,eth,data/CrypTop12-main/tweet/raw/eth/2019-08-26.json
ETH,Ethereum official,ethereum,1173980880601268225,https://x.com/ethereum/status/1173980880601268225,2019-09-17 20:53:48 IST,2019-09-17T15:23:48Z,"The @Ethereum Foundation is excited to announce #Devcon Sponsorship and Scholarship supporters. Leaders from across industries have lent overwhelming support to the #Ethereum community, and we’re pleased to introduce them today at  https://t.co/Ls0eFZ15dR",13,80,315,1351032,eth,data/CrypTop12-main/tweet/raw/eth/2019-09-17.json
ETH,Ethereum official,ethereum,1174674949950377984,https://x.com/ethereum/status/1174674949950377984,2019-09-19 18:51:47 IST,2019-09-19T13:21:47Z,"Last week, all #Eth2 clients under active development succeeded in marking the major milestone of moving toward multi-client testnets at the “Interop Lock-in”. Read the latest here!   https://t.co/Aqw9pq32A7",13,93,257,1351033,eth,data/CrypTop12-main/tweet/raw/eth/2019-09-19.json
ETH,ethereum.org,ethdotorg,1174752634374410240,https://x.com/ethdotorg/status/1174752634374410240,2019-09-20 00:00:28 IST,2019-09-19T18:30:28Z,ethereum .org is now available in Chinese (Simplified)   https://t.co/FFpwXEKS9L,7,31,160,14118,eth,data/CrypTop12-main/tweet/raw/eth/2019-09-20.json
ETH,ethereum.org,ethdotorg,1177236940749451264,https://x.com/ethdotorg/status/1177236940749451264,2019-09-26 20:32:13 IST,2019-09-26T15:02:13Z,🌏 ethereum .org is now available in Japanese    https://t.co/JyOPrIMx8j,4,42,212,14118,eth,data/CrypTop12-main/tweet/raw/eth/2019-09-26.json
ETH,ethereum.org,ethdotorg,1178310864992161793,https://x.com/ethdotorg/status/1178310864992161793,2019-09-29 19:39:36 IST,2019-09-29T14:09:36Z,ethereum. org is now available in French  👋🇫🇷  https://t.co/h8iuRuYceK,14,42,205,14118,eth,data/CrypTop12-main/tweet/raw/eth/2019-09-29.json
ETH,Vitalik Buterin,vitalikbuterin,1178596244270092289,https://x.com/vitalikbuterin/status/1178596244270092289,2019-09-30 14:33:36 IST,2019-09-30T09:03:36Z,@TrustlessState @Foobazzler @alexgausman @ameensol I don't think the ethereum community should decide to ostracize traditional religion,6,5,89,2034166,eth,data/CrypTop12-main/tweet/raw/eth/2019-09-30.json
ETH,Vitalik Buterin,vitalikbuterin,1179614263213584386,https://x.com/vitalikbuterin/status/1179614263213584386,2019-10-03 09:58:51 IST,2019-10-03T04:28:51Z,"@lanceriannucci Example in the crypto space: Bitcoin prints &gt;$100m into the hands of miners weekly, whereas printing $100m even once into the hands of developers would greatly accelerate dev. Why not do this? Certainly reasons much more subtle than an extra $100m printed causing hyperinflation.",175,35,239,2071993,btc,data/CrypTop12-main/tweet/raw/btc/2019-10-03.json
ETH,Ethereum official,ethereum,1179872233008709632,https://x.com/ethereum/status/1179872233008709632,2019-10-04 03:03:55 IST,2019-10-03T21:33:55Z,Welcome to #Devcon: Everything you need to know to be ready for @EFDevcon in #Osaka  https://t.co/zMdMmqPUFo,14,73,219,1351178,eth,data/CrypTop12-main/tweet/raw/eth/2019-10-04.json
ETH,Ethereum official,ethereum,1181039872791834624,https://x.com/ethereum/status/1181039872791834624,2019-10-07 08:23:42 IST,2019-10-07T02:53:42Z,"Just in time for #Devcon, ethereum .org is now available in 11 languages!   简体中文, 日本語, 한국어, Español, Français, Pусский, Deutsch, Italiano, Slovenský, Ελληνικά, and English.  Select a language or to contribute to a new language project here!  https://t.co/sFyUT9mZv2",15,56,201,1351048,eth,data/CrypTop12-main/tweet/raw/eth/2019-10-07.json
ETH,Vitalik Buterin,vitalikbuterin,1181721143150964736,https://x.com/vitalikbuterin/status/1181721143150964736,2019-10-09 05:30:50 IST,2019-10-09T00:00:50Z,@La__Cuen @_prestwich @DeanEigenmann &gt; Ethereum’s creators now acknowledge the blockchain wasn’t built to scale  This was NOT a new revelation. I have been talking about how we need to revamp the blockchain using sharding to scale since 2014.,13,12,100,2034202,eth,data/CrypTop12-main/tweet/raw/eth/2019-10-09.json
ETH,Ethereum official,ethereum,1181732527343407105,https://x.com/ethereum/status/1181732527343407105,2019-10-09 06:16:04 IST,2019-10-09T00:46:04Z,Tune to the Devcon5 Keynote Livestream in a few minutes! (10AM JST)   https://t.co/DCkrF8LmYW,9,39,113,1351052,eth,data/CrypTop12-main/tweet/raw/eth/2019-10-09.json
ETH,Vitalik Buterin,vitalikbuterin,1181920801731170307,https://x.com/vitalikbuterin/status/1181920801731170307,2019-10-09 18:44:12 IST,2019-10-09T13:14:12Z,"@TuurDemeester That quote was clearly sarcastic in context, it was making fun of people who complain to me that I'm too open about ethereum's shortcomings.",7,4,128,2034196,eth,data/CrypTop12-main/tweet/raw/eth/2019-10-09.json
ETH,Vitalik Buterin,vitalikbuterin,1185537347753922560,https://x.com/vitalikbuterin/status/1185537347753922560,2019-10-19 18:15:04 IST,2019-10-19T12:45:04Z,"Bitcoin is sound money, Litecoin is lite money, Ether is",763,155,714,2072036,btc;ltc,data/CrypTop12-main/tweet/raw/btc/2019-10-19.json;data/CrypTop12-main/tweet/raw/ltc/2019-10-19.json
ETH,Ethereum official,ethereum,1192397458552360960,https://x.com/ethereum/status/1192397458552360960,2019-11-07 16:34:42 IST,2019-11-07T11:04:42Z,"The European Union #Horizon2020-backed #NGI project, @LedgerEu, is offering up to €200K equity-free for decentralized solutions addressing Privacy-by-design and Decentralized Data Governance.   Call is open now and through 31st January 2020  https://t.co/ILCrTtYFdL",4,38,91,1351075,eth,data/CrypTop12-main/tweet/raw/eth/2019-11-07.json
ETH,Ethereum official,ethereum,1192782194554605570,https://x.com/ethereum/status/1192782194554605570,2019-11-08 18:03:30 IST,2019-11-08T12:33:30Z,Upgrade and be ready for Istanbul!,9,86,265,1351075,eth,data/CrypTop12-main/tweet/raw/eth/2019-11-08.json
ETH,Ethereum official,ethereum,1192821231021707267,https://x.com/ethereum/status/1192821231021707267,2019-11-08 20:38:37 IST,2019-11-08T15:08:37Z,Eager to read the latest news from the #Eth2 Research Team? Make sure to catch up with the weekly Eth2 Quick Update!   https://t.co/9j8EgbXQKM,5,36,115,1351075,eth,data/CrypTop12-main/tweet/raw/eth/2019-11-08.json
ETH,ethereum.org,ethdotorg,1192908820680466433,https://x.com/ethdotorg/status/1192908820680466433,2019-11-09 02:26:40 IST,2019-11-08T20:56:40Z,👋 hey Ethereum!  Meet  https://t.co/0jKqc96xbz : )  A beginner friendly IDE that lets any visitor to ethereum .org get started building within minutes.,12,108,296,14119,eth,data/CrypTop12-main/tweet/raw/eth/2019-11-09.json
ETH,Ethereum official,ethereum,1194291107468845056,https://x.com/ethereum/status/1194291107468845056,2019-11-12 21:59:23 IST,2019-11-12T16:29:23Z,"The latest from the @ethdotorg team is here, featuring Ethereum Studio, a persona re-org, bounties and more!   https://t.co/BstjAnTla5",1,53,126,1351076,eth,data/CrypTop12-main/tweet/raw/eth/2019-11-12.json
ETH,Ethereum official,ethereum,1194756325571547137,https://x.com/ethereum/status/1194756325571547137,2019-11-14 04:48:00 IST,2019-11-13T23:18:00Z,Announcing a Taiwan-specific Wave of Grants!   https://t.co/SmdcOp75NI,3,40,101,1351078,eth,data/CrypTop12-main/tweet/raw/eth/2019-11-14.json
ETH,Ethereum official,ethereum,1196900744642932736,https://x.com/ethereum/status/1196900744642932736,2019-11-20 02:49:09 IST,2019-11-19T21:19:09Z,The Ecosystem Support Program issues a call for applications:   https://t.co/UXzhvWb8lx,5,53,105,1351083,eth,data/CrypTop12-main/tweet/raw/eth/2019-11-20.json
ETH,Ethereum official,ethereum,1197022601329201153,https://x.com/ethereum/status/1197022601329201153,2019-11-20 10:53:22 IST,2019-11-20T05:23:22Z,Ethereum is upgrading soon! Click below to learn more about the coming improvements and on preparing for the Istanbul network upgrade.   https://t.co/2E0XRwZCVQ  https://t.co/wEtuvZftvs,28,175,396,1351083,eth,data/CrypTop12-main/tweet/raw/eth/2019-11-20.json
ETH,Ethereum official,ethereum,1199704176458108929,https://x.com/ethereum/status/1199704176458108929,2019-11-27 20:28:59 IST,2019-11-27T14:58:59Z,Are you interested in becoming an eth2 validator? Check out the first post on staking from #ethereum researcher @carlbeek!   https://t.co/En5N4q5WxT,21,180,422,1351088,eth,data/CrypTop12-main/tweet/raw/eth/2019-11-27.json
ETH,Vitalik Buterin,vitalikbuterin,1199820134275145728,https://x.com/vitalikbuterin/status/1199820134275145728,2019-11-28 04:09:46 IST,2019-11-27T22:39:46Z,"Anyone claiming ethereum is ""reckless"" and bitcoin maximalism is somehow ""responsible"", I invite you to find even one tweet where I say anything remotely like this wrt ETH.",153,161,1097,2072617,btc;eth,data/CrypTop12-main/tweet/raw/btc/2019-11-28.json;data/CrypTop12-main/tweet/raw/eth/2019-11-28.json
ETH,Vitalik Buterin,vitalikbuterin,1201182907194318848,https://x.com/vitalikbuterin/status/1201182907194318848,2019-12-01 22:24:56 IST,2019-12-01T16:54:56Z,"2. And in fact, this virtue of his has paid off in multiple other contexts; improved relations with Ethereum Classic, Hyperledger, and others. All orgs much milder than DPRK, but the point still stands.",6,12,212,-1,eth,data/CrypTop12-main/tweet/raw/eth/2019-12-01.json
ETH,Ethereum official,ethereum,1202045603322191872,https://x.com/ethereum/status/1202045603322191872,2019-12-04 07:32:59 IST,2019-12-04T02:02:59Z,"Ahead of #Istanbul, check out the latest big updates from many key teams and projects driving #Ethereum and its ecosystem forward.   Read: EF Supported Teams: Research and Development Update, 2019 Pt. 2   https://t.co/erZ0ZK3gYe",11,100,284,-1,eth,data/CrypTop12-main/tweet/raw/eth/2019-12-04.json
ETH,ethereum.org,ethdotorg,1202316892657971200,https://x.com/ethdotorg/status/1202316892657971200,2019-12-05 01:30:59 IST,2019-12-04T20:00:59Z,"👋 hey @ethereum!   Our translation community is trying something new!  📝 We're going to begin translating not just the website, but valuable community-created content like blog posts, guides, and more!  👉 Want to contribute? You can sign up here:  https://t.co/dBEcC61TAj",6,32,98,-1,eth,data/CrypTop12-main/tweet/raw/eth/2019-12-05.json
ETH,Vitalik Buterin,vitalikbuterin,1202619566066741248,https://x.com/vitalikbuterin/status/1202619566066741248,2019-12-05 21:33:42 IST,2019-12-05T16:03:42Z,The ethereum 2.0 pie-in-the-sky vaporware platform now has a working block explorer from @etherscan for its testnet!   https://t.co/AjPY2gjQZT,109,414,1952,-1,eth,data/CrypTop12-main/tweet/raw/eth/2019-12-05.json
ETH,Ethereum official,ethereum,1202882641734832128,https://x.com/ethereum/status/1202882641734832128,2019-12-06 14:59:04 IST,2019-12-06T09:29:04Z,ATTENTION: If you are running Parity please update your nodes! There was an emergency patch issued yesterday. Prepare for Istanbul!  https://t.co/PrRLLnhUgY,9,109,239,-1,eth,data/CrypTop12-main/tweet/raw/eth/2019-12-06.json
ETH,Ethereum official,ethereum,1203474242425241600,https://x.com/ethereum/status/1203474242425241600,2019-12-08 06:09:53 IST,2019-12-08T00:39:53Z,#Ethereum's #Istanbul network upgrade is now live!  Congratulations to everyone who worked to make it happen.  Want to learn more?  Check out details on Istanbul's included changes here:  https://t.co/KIMLb0ujce,23,244,672,-1,eth,data/CrypTop12-main/tweet/raw/eth/2019-12-08.json
ETH,Vitalik Buterin,vitalikbuterin,1206324940653223936,https://x.com/vitalikbuterin/status/1206324940653223936,2019-12-16 02:57:32 IST,2019-12-15T21:27:32Z,"@notgrubles @anthemhayek @AriDavidPaul @Blockstream @ethereum &gt; Vitalik himself called Ethereum a joke for not scaling  True but quite out of context. When I say such things I usually criticize BTC too.  And there's nothing wrong with this! The tech of the present is always inadequate to realize our dreams, that's why we build better tech.",16,3,111,2072794,btc;eth,data/CrypTop12-main/tweet/raw/btc/2019-12-16.json;data/CrypTop12-main/tweet/raw/eth/2019-12-16.json
ETH,Ethereum official,ethereum,1207765161278410752,https://x.com/ethereum/status/1207765161278410752,2019-12-20 02:20:28 IST,2019-12-19T20:50:28Z,A new #eth2 quick update is here! Get it while it's hot.,7,48,97,1351115,eth,data/CrypTop12-main/tweet/raw/eth/2019-12-20.json
ETH,Vitalik Buterin,vitalikbuterin,1208382506388611072,https://x.com/vitalikbuterin/status/1208382506388611072,2019-12-21 19:13:34 IST,2019-12-21T13:43:34Z,"@WhiteRabbitBTC @BastardSuprstar Oh I'm pro- silly dances, the part I think is silly is criticizing ethereum for being centralized and enabling ICOs and then turning around and promoting using a centralized token on top of a permissioned consortium chain that is doing an ICO",4,13,158,2034318,eth,data/CrypTop12-main/tweet/raw/eth/2019-12-21.json
ETH,Vitalik Buterin,vitalikbuterin,1208454938755551234,https://x.com/vitalikbuterin/status/1208454938755551234,2019-12-22 00:01:24 IST,2019-12-21T18:31:24Z,"@LinaSeiche @WhiteRabbitBTC @BastardSuprstar The binance DEX claims to be a DEX right in the name, but it's hardly decentralized. Seems like a way better target than ethereum, which merely has a few governance values that some BTC people don't like.",20,17,164,2072862,btc;eth,data/CrypTop12-main/tweet/raw/btc/2019-12-22.json;data/CrypTop12-main/tweet/raw/eth/2019-12-22.json
ETH,Vitalik Buterin,vitalikbuterin,1208495000549568514,https://x.com/vitalikbuterin/status/1208495000549568514,2019-12-22 02:40:35 IST,2019-12-21T21:10:35Z,"@BTSEcom @BTSEJonathan @infsqrwell @fluffypony And Ethereum offers BTC trading!  See  https://t.co/wHdtsMbvGB, or just buy some on @UniswapExchange",9,10,74,2072860,btc;eth,data/CrypTop12-main/tweet/raw/btc/2019-12-22.json;data/CrypTop12-main/tweet/raw/eth/2019-12-22.json
ETH,Ethereum official,ethereum,1208968505971945472,https://x.com/ethereum/status/1208968505971945472,2019-12-23 10:02:08 IST,2019-12-23T04:32:08Z,"[IMPORTANT] Upgrade your nodes for the Muir Glacier upgrade happening on Jan. 1, 2020! See more here:  https://t.co/hJRTHY9Gj1",26,162,306,1351123,eth,data/CrypTop12-main/tweet/raw/eth/2019-12-23.json
ETH,Vitalik Buterin,vitalikbuterin,1209957108990521344,https://x.com/vitalikbuterin/status/1209957108990521344,2019-12-26 03:30:29 IST,2019-12-25T22:00:29Z,"@manofaction_ab I think ethereum has made lots of awesome concrete progress this yeah, including now becoming the second major chain to have live ZKP-based apps on mainnet, and eth2 is closer than ever.",5,19,168,2034322,eth,data/CrypTop12-main/tweet/raw/eth/2019-12-26.json
ETH,Vitalik Buterin,vitalikbuterin,1210028097996820481,https://x.com/vitalikbuterin/status/1210028097996820481,2019-12-26 08:12:34 IST,2019-12-26T02:42:34Z,"Huh?  I know that poem says that speaking up when they come for me is already too late, but still, censoring an ethereum roadmap Q&amp;A is just.... weird  Looks like we need alternatives to youtube.",171,326,1395,2034323,eth,data/CrypTop12-main/tweet/raw/eth/2019-12-26.json
ETH,Ethereum official,ethereum,1211861543677300736,https://x.com/ethereum/status/1211861543677300736,2019-12-31 09:38:01 IST,2019-12-31T04:08:01Z,[SECURITY] Please update your clients if you are running a Parity node.,30,108,254,1351131,eth,data/CrypTop12-main/tweet/raw/eth/2019-12-31.json
ETH,Ethereum official,ethereum,1212558174114500610,https://x.com/ethereum/status/1212558174114500610,2020-01-02 07:46:11 IST,2020-01-02T02:16:11Z,Join the fun as #Ethereum upgrades in a few hours!,21,80,312,1351132,eth,data/CrypTop12-main/tweet/raw/eth/2020-01-02.json
ETH,Vitalik Buterin,vitalikbuterin,1214087379595612161,https://x.com/vitalikbuterin/status/1214087379595612161,2020-01-06 13:02:42 IST,2020-01-06T07:32:42Z,"Blast from the past: my piece defending ""alternative cryptocurrencies"" in 2013  (Note to trolls: this was 2 months *before* I started thinking about ethereum)   https://t.co/BN7MNUpJir",49,114,623,2034341,eth,data/CrypTop12-main/tweet/raw/eth/2020-01-06.json
ETH,Ethereum official,ethereum,1216680048889155584,https://x.com/ethereum/status/1216680048889155584,2020-01-13 16:45:03 IST,2020-01-13T11:15:03Z,"Check out the latest on validating on #ethererum with @carlbeek's new post, which covers incentives, clarifications on slashing in #eth2 and more!",21,39,105,-1,eth,data/CrypTop12-main/tweet/raw/eth/2020-01-13.json
ETH,Ethereum official,ethereum,1217822401003692032,https://x.com/ethereum/status/1217822401003692032,2020-01-16 20:24:21 IST,2020-01-16T14:54:21Z,"Hot off the press: #Phase0 spec v.0.10.0, news on client testnets, resources, audits and what's left before launch!  #eth2 quick update #7 from @dannyryan is here.   https://t.co/ZRCC0LHSrZ",13,79,173,-1,eth,data/CrypTop12-main/tweet/raw/eth/2020-01-16.json
ETH,Vitalik Buterin,vitalikbuterin,1219600159849336832,https://x.com/vitalikbuterin/status/1219600159849336832,2020-01-21 18:08:31 IST,2020-01-21T12:38:31Z,"@Cryptofaith1 @Ninjascalp @justinsuntron @udiWertheimer @YouTube I'm sure the developers of ZK rollup, optimistic rollup,  https://t.co/f8JT3wnLeu, Uniswap, Plasma, Nethermind, ethereum studio, multi-collateral DAI, payment streams, smart contract wallets and much more will be happy to learn that their work can be classified as ""fuck all""!",11,14,192,-1,eth,data/CrypTop12-main/tweet/raw/eth/2020-01-21.json
ETH,Ethereum official,ethereum,1220019753152106497,https://x.com/ethereum/status/1220019753152106497,2020-01-22 21:55:50 IST,2020-01-22T16:25:50Z,What a year it was!,10,24,102,-1,eth,data/CrypTop12-main/tweet/raw/eth/2020-01-22.json
ETH,ethereum.org,ethdotorg,1220764042786222080,https://x.com/ethdotorg/status/1220764042786222080,2020-01-24 23:13:23 IST,2020-01-24T17:43:23Z,🎉 say hello to our new community page!  👉  https://t.co/4hZTFvCRAl  🦄 an easy landing page to help people get involved with the @Ethereum community,6,54,182,14120,eth,data/CrypTop12-main/tweet/raw/eth/2020-01-24.json
ETH,Vitalik Buterin,vitalikbuterin,1221770033916862465,https://x.com/vitalikbuterin/status/1221770033916862465,2020-01-27 17:50:50 IST,2020-01-27T12:20:50Z,@whaleteamm In what way is ethereum bleeding? It's been looking stronger than ever to me!,18,13,254,2034399,eth,data/CrypTop12-main/tweet/raw/eth/2020-01-27.json
ETH,Vitalik Buterin,vitalikbuterin,1221967573853429761,https://x.com/vitalikbuterin/status/1221967573853429761,2020-01-28 06:55:47 IST,2020-01-28T01:25:47Z,@jadler0 @cyber_hokie @_JohnWhelan @Blockstream The idea that non-bitcoin things taking place on Liquid benefit from any substantive connection to bitcoin needs to be challenged more.  Liquid is just a consortium chain that happens to run a BTC pegged asset as one of its apps.,5,4,52,2073525,btc,data/CrypTop12-main/tweet/raw/btc/2020-01-28.json
ETH,ethereum.org,ethdotorg,1222172979037114369,https://x.com/ethdotorg/status/1222172979037114369,2020-01-28 20:31:59 IST,2020-01-28T15:01:59Z,"👋 hey ethereum!  This Thursday, we are going to have our first ethereum .org COMMUNITY CALL!  Anyone is welcome to join - come ask questions and give feedback!  📆 Thursday, January 30 ⏰ 1:30 - 2:30 PM ET  👉 DM @ethdotorg for call info!",1,27,83,14128,eth,data/CrypTop12-main/tweet/raw/eth/2020-01-28.json
ETH,Vitalik Buterin,vitalikbuterin,1223571233947582464,https://x.com/vitalikbuterin/status/1223571233947582464,2020-02-01 17:08:09 IST,2020-02-01T11:38:09Z,@bradmillscan Bitcoin cash is not bitcoin.,84,134,1157,2073563,btc,data/CrypTop12-main/tweet/raw/btc/2020-02-01.json
ETH,Vitalik Buterin,vitalikbuterin,1224671984283537409,https://x.com/vitalikbuterin/status/1224671984283537409,2020-02-04 18:02:09 IST,2020-02-04T12:32:09Z,"Important tech question about these CBDCs that are starting to pop up (CC @mg0314a): will transactions be cryptographically provable? That is, if I send you N coins, can I generate a cryptographic proof that this happened that can be verified on the ethereum chain? ...",38,42,232,2034429,eth,data/CrypTop12-main/tweet/raw/eth/2020-02-04.json
ETH,Vitalik Buterin,vitalikbuterin,1224680513291653121,https://x.com/vitalikbuterin/status/1224680513291653121,2020-02-04 18:36:02 IST,2020-02-04T13:06:02Z,"@shadders333 @mg0314a ""verifiable on ethereum"" != ""use ethereum"".  Bitcoin transactions for example are totally verifiable on ethereum, as there are BTC light clients that can run inside the ETH chain.",3,10,98,2073769,btc;eth,data/CrypTop12-main/tweet/raw/btc/2020-02-04.json;data/CrypTop12-main/tweet/raw/eth/2020-02-04.json
ETH,Ethereum official,ethereum,1224747406434164740,https://x.com/ethereum/status/1224747406434164740,2020-02-04 23:01:51 IST,2020-02-04T17:31:51Z,The latest #eth2 quick update from @dannyryan is here! &lt;3,3,40,93,1351169,eth,data/CrypTop12-main/tweet/raw/eth/2020-02-04.json
ETH,Ethereum official,ethereum,1224836781088133121,https://x.com/ethereum/status/1224836781088133121,2020-02-05 04:56:59 IST,2020-02-04T23:26:59Z,"[AMA] Join us tomorrow at 1PM UTC for the 3rd installment of the Eth 2.0 Reddit AMA featuring @dannyryan, @VitalikButerin, @icebearhww, @drakefjustin, and others from the Eth 2.0 team!  https://t.co/leZIoK4N6Q",4,40,98,1351169,eth,data/CrypTop12-main/tweet/raw/eth/2020-02-05.json
ETH,Ethereum official,ethereum,1225042608742961152,https://x.com/ethereum/status/1225042608742961152,2020-02-05 18:34:52 IST,2020-02-05T13:04:52Z,The Eth 2.0 AMA (Round 3) has begun! Post your questions here:  https://t.co/bgo4asHsFK,17,118,353,1351176,eth,data/CrypTop12-main/tweet/raw/eth/2020-02-05.json
ETH,Vitalik Buterin,vitalikbuterin,1225420110036381698,https://x.com/vitalikbuterin/status/1225420110036381698,2020-02-06 19:34:56 IST,2020-02-06T14:04:56Z,"@mayazi @C1aranMurray @Noahpinion Interesting. I would rate internal pressure more highly, eg. I'd claim Tron's scamminess is a huge factor limiting their ability to get top quality R&amp;D talent.",28,2,28,2033153,trx,data/CrypTop12-main/tweet/raw/trx/2020-02-06.json
ETH,Vitalik Buterin,vitalikbuterin,1225856246307311616,https://x.com/vitalikbuterin/status/1225856246307311616,2020-02-08 00:27:59 IST,2020-02-07T18:57:59Z,Happy to have participated as AZTEC Ignition trusted setup ceremony participant #1!  Ethereum Address: 0xdbbbef6a9db7ae52e73673747ece3407d8540307 Transcript Hash: 0xa3138886ebdae51010e1c24d4ba7e3da66a9ac7ccffc980871f3b91847fadb81   https://t.co/2xSY8UQgEc,41,87,569,2034442,eth,data/CrypTop12-main/tweet/raw/eth/2020-02-08.json
ETH,Ethereum official,ethereum,1233348990911025153,https://x.com/ethereum/status/1233348990911025153,2020-02-28 16:41:28 IST,2020-02-28T11:11:28Z,First time building on #Ethereum at @ETHGlobal's #ETHLondon this weekend? Dive into the ultimate #ETH hackathon survival guide from the team at @ConsenSys for tools and tips to help make the most of the experience!    https://t.co/5lp1n0PJEz,5,38,98,1351190,eth,data/CrypTop12-main/tweet/raw/eth/2020-02-28.json
ETH,Vitalik Buterin,vitalikbuterin,1234537996868653056,https://x.com/vitalikbuterin/status/1234537996868653056,2020-03-02 23:26:09 IST,2020-03-02T17:56:09Z,My understanding of events leading up to the takeover:  1. Tron buys steem:  https://t.co/Wo6RV166MA 2. Steem delegates move to limit Steem co account's voting rights:  https://t.co/rpDsr1Ce1h 3. Justin Sun not impress:  https://t.co/hKLIKeV2Zh 4. This:  https://t.co/INeN2fnNrJ,140,270,804,2037329,trx,data/CrypTop12-main/tweet/raw/trx/2020-03-02.json
ETH,Ethereum official,ethereum,1239852858675277829,https://x.com/ethereum/status/1239852858675277829,2020-03-17 15:25:31 IST,2020-03-17T09:55:31Z,The latest 'eth2 quick update' is here from @dannyryan!    https://t.co/2ewn6M0Hqf,10,78,199,-1,eth,data/CrypTop12-main/tweet/raw/eth/2020-03-17.json
ETH,Vitalik Buterin,vitalikbuterin,1240607135324610560,https://x.com/vitalikbuterin/status/1240607135324610560,2020-03-19 17:22:45 IST,2020-03-19T11:52:45Z,"@jimmysong @Bitcoin ""If companies can just raise capital by issuing shares, why do they need revenue?""  (insert joke about how this is actually the SV model here)",16,13,180,2076454,btc,data/CrypTop12-main/tweet/raw/btc/2020-03-19.json
ETH,Vitalik Buterin,vitalikbuterin,1242553658195271681,https://x.com/vitalikbuterin/status/1242553658195271681,2020-03-25 02:17:32 IST,2020-03-24T20:47:32Z,"We should put resources toward a proper (trustless, serverless, maximally Uniswap-like UX) ETH &lt;-&gt; BTC decentralized exchange. It's embarrassing that we still can't easily move between the two largest crypto ecosystems trustlessly.",440,507,3143,2076494,btc,data/CrypTop12-main/tweet/raw/btc/2020-03-25.json
ETH,Vitalik Buterin,vitalikbuterin,1242554405062422529,https://x.com/vitalikbuterin/status/1242554405062422529,2020-03-25 02:20:30 IST,2020-03-24T20:50:30Z,"We should also be building DEX bridges between ethereum and other crypto ecosystems. I've talked to @zooko about this re Zcash, though I think we can both work harder to translate the talk into action. Would love to see more.",91,72,619,-1,eth,data/CrypTop12-main/tweet/raw/eth/2020-03-25.json
ETH,Vitalik Buterin,vitalikbuterin,1242560037320605697,https://x.com/vitalikbuterin/status/1242560037320605697,2020-03-25 02:42:53 IST,2020-03-24T21:12:53Z,"@IgorBerezovsky The ability to use applications based on ethereum, including makerdao,  https://t.co/f8JT3wFmD4, smart contract wallets, prediction markets, status....?  Also ETH is a great cryptocurrency in its own right.",16,12,227,-1,eth,data/CrypTop12-main/tweet/raw/eth/2020-03-25.json
ETH,Vitalik Buterin,vitalikbuterin,1243145484505620486,https://x.com/vitalikbuterin/status/1243145484505620486,2020-03-26 17:29:14 IST,2020-03-26T11:59:14Z,"This is important groundwork by @gballet and co in making Ethereum #stateless friendly, and at the same time creating an opportunity to considerably simplify the protocol.  Look forward to more excellent hard work and results from 1.x devs in the months to come.",7,24,124,-1,eth,data/CrypTop12-main/tweet/raw/eth/2020-03-26.json
ETH,Vitalik Buterin,vitalikbuterin,1243284318987878401,https://x.com/vitalikbuterin/status/1243284318987878401,2020-03-27 02:40:55 IST,2020-03-26T21:10:55Z,"Gitcoin grants quadratic funding is not just for funds allocation, it's also a great signaling tool!  For the last few rounds, going to  https://t.co/F4VFg2s7LJ (sort by top match) has led me to discover a lot of really cool Ethereum projects I previously did not know about.",12,34,183,-1,eth,data/CrypTop12-main/tweet/raw/eth/2020-03-27.json
ETH,Vitalik Buterin,vitalikbuterin,1243545471433482244,https://x.com/vitalikbuterin/status/1243545471433482244,2020-03-27 19:58:39 IST,2020-03-27T14:28:39Z,"Things Ethereum has in 2020 that it did not in 2017:  * Uniswap *  https://t.co/wwBUgU78ob * Status * MakerDAO * ZK Rollups (eg. Loopring), &gt;2k TPS capacity * PoS testnets * Uncle rates &lt; 10% with 10m gas blocks * Gitcoin grants  Move the goalposts faster, or else we'll catch up!",121,390,1561,-1,eth,data/CrypTop12-main/tweet/raw/eth/2020-03-27.json
ETH,Vitalik Buterin,vitalikbuterin,1244428095706316801,https://x.com/vitalikbuterin/status/1244428095706316801,2020-03-30 06:25:53 IST,2020-03-30T00:55:53Z,@ljxie &gt; needing an oracle  Chainlink? 😄,80,199,791,1825320,link,data/CrypTop12-main/tweet/raw/link/2020-03-30.json
ETH,Vitalik Buterin,vitalikbuterin,1244940021272064000,https://x.com/vitalikbuterin/status/1244940021272064000,2020-03-31 16:20:05 IST,2020-03-31T10:50:05Z,The  https://t.co/KSm7V48P4y website is now on IPFS and accessible via ENS at ethereum.eth.,30,178,738,-1,eth,data/CrypTop12-main/tweet/raw/eth/2020-03-31.json
ETH,Vitalik Buterin,vitalikbuterin,1245107056849358850,https://x.com/vitalikbuterin/status/1245107056849358850,2020-04-01 03:23:49 IST,2020-03-31T21:53:49Z,@jeffreyatucker You should look into ethereum 2's sharding. High scalability but without the centralization that relying solely on increasing block sizes to a very high level would entail.   https://t.co/NzJPbD3MCr,51,18,216,-1,eth,data/CrypTop12-main/tweet/raw/eth/2020-04-01.json
ETH,Vitalik Buterin,vitalikbuterin,1245131348320358408,https://x.com/vitalikbuterin/status/1245131348320358408,2020-04-01 05:00:21 IST,2020-03-31T23:30:21Z,"Ethereum has a lot of promising applications, but you can use ETH as a plain old cryptocurrency too. It works great.",121,156,1094,-1,eth,data/CrypTop12-main/tweet/raw/eth/2020-04-01.json
ETH,Vitalik Buterin,vitalikbuterin,1245145374190428163,https://x.com/vitalikbuterin/status/1245145374190428163,2020-04-01 05:56:05 IST,2020-04-01T00:26:05Z,@zackvoell @Daniel_Jourdan I joined bitcoin land in 2011 and back then I remember a clear vibe that bitcoin was p2p cash first and gold second.  https://t.co/jSdkXPwSiE,31,53,255,2076579,btc,data/CrypTop12-main/tweet/raw/btc/2020-04-01.json
ETH,Vitalik Buterin,vitalikbuterin,1245149156043350016,https://x.com/vitalikbuterin/status/1245149156043350016,2020-04-01 06:11:07 IST,2020-04-01T00:41:07Z,Next step in improving ethereum's privacy (in addition to ongoing improvements to  https://t.co/f8JT3wFmD4 and the like): some clean easy-to-use stealth-address-like scheme to send coins to an ENS name without publishing to the world that they got coins.,29,80,387,-1,eth,data/CrypTop12-main/tweet/raw/eth/2020-04-01.json
ETH,Vitalik Buterin,vitalikbuterin,1245379753084944388,https://x.com/vitalikbuterin/status/1245379753084944388,2020-04-01 21:27:25 IST,2020-04-01T15:57:25Z,@VladZamfir What if BSV is the real Tron?,66,22,272,2045771,trx,data/CrypTop12-main/tweet/raw/trx/2020-04-01.json
ETH,Vitalik Buterin,vitalikbuterin,1245823678543257603,https://x.com/vitalikbuterin/status/1245823678543257603,2020-04-03 02:51:25 IST,2020-04-02T21:21:25Z,"Three years ago, I was close to the only one writing updates and explainers. Now, half the research team is doing it.  Yet another clear sign of just how far the ethereum ecosystem has come in the last few years.",30,58,541,-1,eth,data/CrypTop12-main/tweet/raw/eth/2020-04-03.json
ETH,Vitalik Buterin,vitalikbuterin,1246245059386912769,https://x.com/vitalikbuterin/status/1246245059386912769,2020-04-04 06:45:50 IST,2020-04-04T01:15:50Z,Enterprise applications of all kinds are increasingly exploring the ethereum mainnet:  https://t.co/uQ6CBdBYkd  There's great value in a public neutral place to store messages and application logic. But this also highlights why our work on privacy and scaling is so important.,45,348,1175,2034625,eth,data/CrypTop12-main/tweet/raw/eth/2020-04-04.json
ETH,Vitalik Buterin,vitalikbuterin,1247689074821025792,https://x.com/vitalikbuterin/status/1247689074821025792,2020-04-08 06:23:51 IST,2020-04-08T00:53:51Z,@RyanSAdams I do have an impression that in non-Western countries ethereum and bitcoin communities tend to be closer together.,36,15,367,2076691,btc;eth,data/CrypTop12-main/tweet/raw/btc/2020-04-08.json;data/CrypTop12-main/tweet/raw/eth/2020-04-08.json
ETH,Vitalik Buterin,vitalikbuterin,1247997846290198528,https://x.com/vitalikbuterin/status/1247997846290198528,2020-04-09 02:50:47 IST,2020-04-08T21:20:47Z,ENS continues to be very valuable and important ethereum infrastructure. 👍👍👍,14,61,259,2034629,eth,data/CrypTop12-main/tweet/raw/eth/2020-04-09.json
ETH,Vitalik Buterin,vitalikbuterin,1248667838988025866,https://x.com/vitalikbuterin/status/1248667838988025866,2020-04-10 23:13:06 IST,2020-04-10T17:43:06Z,My favorite proposal for a simple meaningful ethereum integration @reddit could do was one of @virgilgr's ideas: they should allow subreddits to set an arbitrary smart contract address as their moderator  This would allow unbounded experimentation in DAO-like moderation policies.,37,67,433,2034631,eth,data/CrypTop12-main/tweet/raw/eth/2020-04-10.json
ETH,Ethereum official,ethereum,1250065539399069702,https://x.com/ethereum/status/1250065539399069702,2020-04-14 19:47:04 IST,2020-04-14T14:17:04Z,The latest research &amp; development update from many EF-supported teams is here. It's big and full of updates from a whole host of talented builders. Enjoy!   https://t.co/f5bb2QbSMw,17,113,292,1351223,eth,data/CrypTop12-main/tweet/raw/eth/2020-04-14.json
ETH,Vitalik Buterin,vitalikbuterin,1250898841844486145,https://x.com/vitalikbuterin/status/1250898841844486145,2020-04-17 02:58:19 IST,2020-04-16T21:28:19Z,".@evan_van_ness on Ethereum's decentralized ecosystem.  Nobody pushes everyone into a room and tells everyone what to do. You see something you think needs to be done, you go ahead and do it.  ""It's decentralized, messy but it's been working so far""  https://t.co/zaISyt4W1M",41,126,629,2034639,eth,data/CrypTop12-main/tweet/raw/eth/2020-04-17.json
ETH,Vitalik Buterin,vitalikbuterin,1252931823170129922,https://x.com/vitalikbuterin/status/1252931823170129922,2020-04-22 17:36:39 IST,2020-04-22T12:06:39Z,Unitimes continues to do excellent Chinese translations of all sorts of ethereum-related content:  https://t.co/83nFapbS2K,15,31,150,2034661,eth,data/CrypTop12-main/tweet/raw/eth/2020-04-22.json
ETH,Vitalik Buterin,vitalikbuterin,1253412053215088640,https://x.com/vitalikbuterin/status/1253412053215088640,2020-04-24 01:24:55 IST,2020-04-23T19:54:55Z,"Bitfly @etherchain_org, mother company of  https://t.co/SF8idzr6jM,  https://t.co/66TEHr1FSi and much more has been doing a great job visualizing and making the ethereum network understandable. 💪💪",56,69,262,2034662,eth,data/CrypTop12-main/tweet/raw/eth/2020-04-24.json
ETH,Tim Beiko,timbeiko,1255852443050655744,https://x.com/timbeiko/status/1255852443050655744,2020-04-30 19:02:09 IST,2020-04-30T13:32:09Z,The first @ethereum EIP-1559 call is happening in ~30 minutes 🎉  We'll have different client teams working on the EIP come together to share progress and potential next steps. There will also be a counter-proposal presented ( https://t.co/pAOTlUuZjf) 👀,3,37,145,21837,eth,data/CrypTop12-main/tweet/raw/eth/2020-04-30.json
ETH,Vitalik Buterin,vitalikbuterin,1258793806624940033,https://x.com/vitalikbuterin/status/1258793806624940033,2020-05-08 21:50:05 IST,2020-05-08T16:20:05Z,"@hcarpach @safetyth1rd I really and truly think it's the opposite. BTC people seem happy to have lots of centralized middlemen (bitmex, tether, liquid....) and it's the ETH community that's trying to decentralize these functions with smart contract constructions.",75,112,813,2077076,btc,data/CrypTop12-main/tweet/raw/btc/2020-05-08.json
ETH,Vitalik Buterin,vitalikbuterin,1258803976172113921,https://x.com/vitalikbuterin/status/1258803976172113921,2020-05-08 22:30:30 IST,2020-05-08T17:00:30Z,"@danheld @safetyth1rd My original post criticizing maximalism  https://t.co/wr6BHYjXfB explicitly said that maximalism is not the same thing as ""a simple desire to support Bitcoin and make it better"".  (2) and (3) are attempts to claim big-blockerdom is anti-bitcoin, as predicted",4,4,96,2077073,btc,data/CrypTop12-main/tweet/raw/btc/2020-05-08.json
ETH,Vitalik Buterin,vitalikbuterin,1259092749195923458,https://x.com/vitalikbuterin/status/1259092749195923458,2020-05-09 17:37:58 IST,2020-05-09T12:07:58Z,"The ""purist"" side of the ethereum community, trying to build fully decentralized applications (I sometimes say ""serverless"", though not having any admin backdoors once a project is out of beta is also important), is stronger than many people realize.",56,105,479,-1,eth,data/CrypTop12-main/tweet/raw/eth/2020-05-09.json
ETH,Vitalik Buterin,vitalikbuterin,1259441528604327936,https://x.com/vitalikbuterin/status/1259441528604327936,2020-05-10 16:43:54 IST,2020-05-10T11:13:54Z,The ethereum ecosystem (+ crypto more broadly) is definitely at the stage where implementing the existing ideas well matters more than coming up with new and better ideas. This was not the case 3 years ago!  Today the role of idea people is to assist the execution process.,55,91,658,-1,eth,data/CrypTop12-main/tweet/raw/eth/2020-05-10.json
ETH,Ethereum official,ethereum,1259872183226073090,https://x.com/ethereum/status/1259872183226073090,2020-05-11 21:15:10 IST,2020-05-11T15:45:10Z,Congratulations to @OpenEthereumOrg!,15,34,165,-1,eth,data/CrypTop12-main/tweet/raw/eth/2020-05-11.json
ETH,Vitalik Buterin,vitalikbuterin,1260937261337673728,https://x.com/vitalikbuterin/status/1260937261337673728,2020-05-14 19:47:24 IST,2020-05-14T14:17:24Z,@argentHQ @reddit Honestly they should be enabling ethereum social recovery / guardians *as a strategy for recovering your entire Reddit account*,2,4,93,2034725,eth,data/CrypTop12-main/tweet/raw/eth/2020-05-14.json
ETH,Vitalik Buterin,vitalikbuterin,1261298996871651328,https://x.com/vitalikbuterin/status/1261298996871651328,2020-05-15 19:44:49 IST,2020-05-15T14:14:49Z,"If I were designing a new chain to live alongside bitcoin and ethereum, I would take *all* the political tradeoffs that BTC and ETH aren't willing to take.  * On-chain gov w QV * On-chain oracles for not just prices but arbitrary events * All the built-in cryptographic operations",163,155,959,2077201,btc;eth,data/CrypTop12-main/tweet/raw/btc/2020-05-15.json;data/CrypTop12-main/tweet/raw/eth/2020-05-15.json
ETH,Vitalik Buterin,vitalikbuterin,1261381610710036482,https://x.com/vitalikbuterin/status/1261381610710036482,2020-05-16 01:13:05 IST,2020-05-15T19:43:05Z,@decryptmedia There's a big misunderstanding here. Ethereum did in fact launch in Jul 2015. My point was that I do not regret the delay; rather I regret the original protocol's technical deficiencies.,8,6,112,2034727,eth,data/CrypTop12-main/tweet/raw/eth/2020-05-16.json
ETH,Vitalik Buterin,vitalikbuterin,1262147520735719427,https://x.com/vitalikbuterin/status/1262147520735719427,2020-05-18 03:56:33 IST,2020-05-17T22:26:33Z,"For the last week ethereum tx fee revenue has exceeded most estimates of what PoS validator rewards will be.  Rollups+sharding are coming (@loopringorg zk rollup already on mainnet!) to increase capacity, but even today this is an important milestone for economic sustainability.  https://t.co/hxJQILq6Pe",61,184,828,2034734,eth,data/CrypTop12-main/tweet/raw/eth/2020-05-18.json
ETH,Ethereum official,ethereum,1262748707960676353,https://x.com/ethereum/status/1262748707960676353,2020-05-19 19:45:27 IST,2020-05-19T14:15:27Z,Looking to learn more about the #Ethereum Foundation and what we've been working on? The 'EF 2020 Spring Update' has arrived.   Read more:  https://t.co/lhLuL2LjeW,22,91,265,1351265,eth,data/CrypTop12-main/tweet/raw/eth/2020-05-19.json
ETH,Vitalik Buterin,vitalikbuterin,1263184973990973442,https://x.com/vitalikbuterin/status/1263184973990973442,2020-05-21 00:39:01 IST,2020-05-20T19:09:01Z,@udiWertheimer I'd recommend breaking it up into two questions:  1. Why is Ethereum better than a single-node ETH private chain run as a hypothetical new Google service? 2. Why is a single-node ETH private chain run by Google better than Google Spreadsheets?  I presume you care more about (1)?,1,18,221,2034746,eth,data/CrypTop12-main/tweet/raw/eth/2020-05-21.json
ETH,Vitalik Buterin,vitalikbuterin,1263185647981953031,https://x.com/vitalikbuterin/status/1263185647981953031,2020-05-21 00:41:41 IST,2020-05-20T19:11:41Z,@udiWertheimer GoogThereum has 3 risks that Ethereum doesn't:  1. GoogThereum may censor or interfere with your application because of pressure from the USA gov 2. GoogThereum may censor... because of Google's strategic interests 3. GoogThereum may get hacked or otherwise break involuntarily,1,15,136,2034746,eth,data/CrypTop12-main/tweet/raw/eth/2020-05-21.json
ETH,Vitalik Buterin,vitalikbuterin,1263209528423825422,https://x.com/vitalikbuterin/status/1263209528423825422,2020-05-21 02:16:35 IST,2020-05-20T20:46:35Z,@mhluongo I think tBTC is cool and appreciate its efforts in making a trust-minimized BTC-on-ethereum token!,1,10,105,2034745,eth,data/CrypTop12-main/tweet/raw/eth/2020-05-21.json
ETH,Vitalik Buterin,vitalikbuterin,1263446919420010497,https://x.com/vitalikbuterin/status/1263446919420010497,2020-05-21 17:59:53 IST,2020-05-21T12:29:53Z,"People often complain that the Ethereum narrative ""keeps changing"". This is false. Rather, the Ethereum narrative is inherently pluralist, containing bets that at least one of many kinds of applications will grow and prosper.",99,174,1373,2034750,eth,data/CrypTop12-main/tweet/raw/eth/2020-05-21.json
ETH,Vitalik Buterin,vitalikbuterin,1263602364373745664,https://x.com/vitalikbuterin/status/1263602364373745664,2020-05-22 04:17:34 IST,2020-05-21T22:47:34Z,@0xstark @Blockstream I'm worried about the trust models of some of these tokens. It would be sad if there ends up being $5b of BTC on ethereum and the keys are held by a single institution.,43,33,361,2077294,btc;eth,data/CrypTop12-main/tweet/raw/btc/2020-05-22.json;data/CrypTop12-main/tweet/raw/eth/2020-05-22.json
ETH,Vitalik Buterin,vitalikbuterin,1263973052875976709,https://x.com/vitalikbuterin/status/1263973052875976709,2020-05-23 04:50:33 IST,2020-05-22T23:20:33Z,@AkhNathan @champak747 @SatoZILnakamoto @IOHK_Charles @zilliqa Ethereum has a lot of room to succeed and prosper.  Zilliqa has a lot of room to succeed and prosper.,37,178,499,2034751,eth,data/CrypTop12-main/tweet/raw/eth/2020-05-23.json
ETH,Vitalik Buterin,vitalikbuterin,1264197751455309825,https://x.com/vitalikbuterin/status/1264197751455309825,2020-05-23 19:43:26 IST,2020-05-23T14:13:26Z,"I want to publicly thank @TheBlock__ for their actually very decent reporting on crypto and ethereum.  When you see what passes for median crypto media, you realize that doing it well is actually a pretty rare and valuable skill.  Compare left (The Block) and right (someone else)  https://t.co/Jmi96Nuk7u",103,260,1779,2034754,eth,data/CrypTop12-main/tweet/raw/eth/2020-05-23.json
ETH,Vitalik Buterin,vitalikbuterin,1265245084452294656,https://x.com/vitalikbuterin/status/1265245084452294656,2020-05-26 17:05:09 IST,2020-05-26T11:35:09Z,"@BenDiFrancesco @GeorgeAHallam Do not underestimate the Ethereum ecosystem. For every big story already out there, there are five more lurking beneath the surface.",6,26,106,2034763,eth,data/CrypTop12-main/tweet/raw/eth/2020-05-26.json
ETH,Tim Beiko,timbeiko,1265989911225798662,https://x.com/timbeiko/status/1265989911225798662,2020-05-28 18:24:50 IST,2020-05-28T12:54:50Z,.@ethereum EIP-1559 Implementers' call #2 starting in ~1h 🎉  I'll share some high-level takeaways here after the call and we'll have a full transcript available a few days after.   Agenda:  https://t.co/bFn6uxtlYb,5,29,94,21838,eth,data/CrypTop12-main/tweet/raw/eth/2020-05-28.json
ETH,Vitalik Buterin,vitalikbuterin,1267435534407827456,https://x.com/vitalikbuterin/status/1267435534407827456,2020-06-01 18:09:13 IST,2020-06-01T12:39:13Z,"@cyber_hokie @TheBlock__ @paoloardoino @StarkWareLtd OMG network is a plasma chain on ethereum; it's not some kind of ""eth killer™""",10,17,159,2034787,eth,data/CrypTop12-main/tweet/raw/eth/2020-06-01.json
ETH,Vitalik Buterin,vitalikbuterin,1267464298919534593,https://x.com/vitalikbuterin/status/1267464298919534593,2020-06-01 20:03:31 IST,2020-06-01T14:33:31Z,"While everyone wasn't looking, the initial deployment of ethereum's layer 2 scaling strategy has *basically* succeeded. What's left is refinement and deployment. A thread:",75,506,1989,2034787,eth,data/CrypTop12-main/tweet/raw/eth/2020-06-01.json
ETH,Ethereum official,ethereum,1267805709309263872,https://x.com/ethereum/status/1267805709309263872,2020-06-02 18:40:10 IST,2020-06-02T13:10:10Z,Where does #eth2 stand today? The latest comprehensive take from @dannyryan is here.  Read more:  https://t.co/fYbIk6rR8E,13,49,123,-1,eth,data/CrypTop12-main/tweet/raw/eth/2020-06-02.json
ETH,Vitalik Buterin,vitalikbuterin,1268320256906473480,https://x.com/vitalikbuterin/status/1268320256906473480,2020-06-04 04:44:48 IST,2020-06-03T23:14:48Z,"New NY Democratic congressional candidate: supports UBI, civil rights issues, carbon tax, and of course.... BTC/ETH/crypto.",86,197,879,2077515,btc,data/CrypTop12-main/tweet/raw/btc/2020-06-04.json
ETH,Vitalik Buterin,vitalikbuterin,1270480977152798721,https://x.com/vitalikbuterin/status/1270480977152798721,2020-06-10 03:50:44 IST,2020-06-09T22:20:44Z,@softlinkie @VladZamfir @RyanSAdams I do not hate chainlink.,83,195,744,1840899,link,data/CrypTop12-main/tweet/raw/link/2020-06-10.json
ETH,Vitalik Buterin,vitalikbuterin,1272240013363855361,https://x.com/vitalikbuterin/status/1272240013363855361,2020-06-15 00:20:30 IST,2020-06-14T18:50:30Z,"The ""halvings cause BTC price rises"" theory is unfalsifiable:  Was the peak before the halving? Then it ""rose in anticipation of the halving"" During? ""Because of the halving"" After? ""Because of...""  The last $20k peak was near the halfway point between the 2016 and 2020 halvings.  https://t.co/dhVxhmECQS",231,306,1701,2079059,btc,data/CrypTop12-main/tweet/raw/btc/2020-06-15.json
ETH,Vitalik Buterin,vitalikbuterin,1273026944007680007,https://x.com/vitalikbuterin/status/1273026944007680007,2020-06-17 04:27:29 IST,2020-06-16T22:57:29Z,@maxkeiser Interesting! Would love to know what made you think I don't get bitcoin.,58,18,529,2079080,btc,data/CrypTop12-main/tweet/raw/btc/2020-06-17.json
ETH,Vitalik Buterin,vitalikbuterin,1273224124882657280,https://x.com/vitalikbuterin/status/1273224124882657280,2020-06-17 17:31:01 IST,2020-06-17T12:01:01Z,ETH supply that the whitepaper says we would have today: 150.8 million Actual ETH supply today: 111.3 million  So please don't try to claim that ethereum is run by inflationist technocrats.  https://t.co/6CuPngDbHY,170,290,1586,2034828,eth,data/CrypTop12-main/tweet/raw/eth/2020-06-17.json
ETH,Vitalik Buterin,vitalikbuterin,1273280775476183040,https://x.com/vitalikbuterin/status/1273280775476183040,2020-06-17 21:16:07 IST,2020-06-17T15:46:07Z,This part of my 2014 article on bitcoin maximalism and currency network effects seems to be holding up quite well!   https://t.co/wr6BHYjXfB  https://t.co/Bqyt2EzLcz,35,52,263,-1,btc,data/CrypTop12-main/tweet/raw/btc/2020-06-17.json
ETH,Ethereum official,ethereum,1273682275348017152,https://x.com/ethereum/status/1273682275348017152,2020-06-18 23:51:32 IST,2020-06-18T18:21:32Z,"Calling All Builders: The @Reddit team's new Community Points system is built on #Ethereum, and you can help bring it to mainnet!   Read more:  https://t.co/354qtvw661",29,111,309,1351305,eth,data/CrypTop12-main/tweet/raw/eth/2020-06-18.json
ETH,Vitalik Buterin,vitalikbuterin,1273742863688499203,https://x.com/vitalikbuterin/status/1273742863688499203,2020-06-19 03:52:18 IST,2020-06-18T22:22:18Z,"Things I'm excited about (incomplete list)  * Cryptography+blockchains esp @ethereum family * Life extension @SENSResearchFou * New governance/""social tech"" @RadxChange * Better online education of all types * Building cities @CCIdotCity * Ongoing global poverty reduction * Space",2119,926,6195,2034830,eth,data/CrypTop12-main/tweet/raw/eth/2020-06-19.json
ETH,Ethereum official,ethereum,1273763131278450688,https://x.com/ethereum/status/1273763131278450688,2020-06-19 05:12:50 IST,2020-06-18T23:42:50Z,"The #Ethereum Foundation is thrilled to support @UNICEFinnovate, the @UNICEF Crypto Fund, and each of these new recipients.",11,70,218,1351305,eth,data/CrypTop12-main/tweet/raw/eth/2020-06-19.json
ETH,Ethereum official,ethereum,1275076678998343686,https://x.com/ethereum/status/1275076678998343686,2020-06-22 20:12:24 IST,2020-06-22T14:42:24Z,Thinking of participating in the @reddit scaling bake-off? The #Ethereum Foundation is looking to provide some support!  Please fill in the form below to tell us about your plans:   https://t.co/SMSsJYvo7L,30,53,164,1351312,eth,data/CrypTop12-main/tweet/raw/eth/2020-06-22.json
ETH,Vitalik Buterin,vitalikbuterin,1275749234675978240,https://x.com/vitalikbuterin/status/1275749234675978240,2020-06-24 16:44:54 IST,2020-06-24T11:14:54Z,"Ethereum gaming projects should absolutely be looking into rollups for short-term scaling *today*. They really need cheap txs, and it's safer to use highly experimental technology as the value at stake is much lower.",84,97,488,2034858,eth,data/CrypTop12-main/tweet/raw/eth/2020-06-24.json
ETH,Vitalik Buterin,vitalikbuterin,1276216486772826113,https://x.com/vitalikbuterin/status/1276216486772826113,2020-06-25 23:41:36 IST,2020-06-25T18:11:36Z,"@LUKACACIC @ethereum Not the best marketing strategy imo.... we should stick to our strengths, not make dumb ads that scamcoin/shitcoin peddlers are 10x better than us at making in any case",12,3,121,2034860,eth,data/CrypTop12-main/tweet/raw/eth/2020-06-25.json
ETH,Vitalik Buterin,vitalikbuterin,1276526964954849280,https://x.com/vitalikbuterin/status/1276526964954849280,2020-06-26 20:15:19 IST,2020-06-26T14:45:19Z,"Ethereum accounts are the decentralized competition to this.  Of course you could just use plain private keys, but (i) ethereum already has the tooling and distribution, and (ii) ethereum smart contract wallets allow social recovery and other ""what if things go wrong"" features.",29,141,673,2034865,eth,data/CrypTop12-main/tweet/raw/eth/2020-06-26.json
ETH,Vitalik Buterin,vitalikbuterin,1276588518001840131,https://x.com/vitalikbuterin/status/1276588518001840131,2020-06-27 00:19:55 IST,2020-06-26T18:49:55Z,@AriDavidPaul Where's the break? It's really nice but I definitely don't think ethereum would come close to *failing* without it.,10,7,148,2034865,eth,data/CrypTop12-main/tweet/raw/eth/2020-06-27.json
ETH,Vitalik Buterin,vitalikbuterin,1278850851768020992,https://x.com/vitalikbuterin/status/1278850851768020992,2020-07-03 06:09:37 IST,2020-07-03T00:39:37Z,"@briandgoldberg @ethereum Dunno, ask the people paying $500k/day in txfees why they value a few math problems so highly.",34,34,709,-1,eth,data/CrypTop12-main/tweet/raw/eth/2020-07-03.json
ETH,Vitalik Buterin,vitalikbuterin,1280536131566809089,https://x.com/vitalikbuterin/status/1280536131566809089,2020-07-07 21:46:19 IST,2020-07-07T16:16:19Z,Look forward to talking about layer 1 and layer 2 scaling and the future of ethereum!,61,101,543,2034752,eth,data/CrypTop12-main/tweet/raw/eth/2020-07-07.json
ETH,Vitalik Buterin,vitalikbuterin,1280982952629993472,https://x.com/vitalikbuterin/status/1280982952629993472,2020-07-09 03:21:50 IST,2020-07-08T21:51:50Z,@0xstark 2016 - Year of Ethereum's trial-by-fire adolescence?,8,2,83,2034753,eth,data/CrypTop12-main/tweet/raw/eth/2020-07-09.json
ETH,Ethereum official,ethereum,1281572363801436161,https://x.com/ethereum/status/1281572363801436161,2020-07-10 18:23:56 IST,2020-07-10T12:53:56Z,"Wow, that's in just a few minutes! Ready? Join here:   https://t.co/KYPLO17553",27,30,125,1351340,eth,data/CrypTop12-main/tweet/raw/eth/2020-07-10.json
ETH,Vitalik Buterin,vitalikbuterin,1283165753789812742,https://x.com/vitalikbuterin/status/1283165753789812742,2020-07-15 03:55:30 IST,2020-07-14T22:25:30Z,"So I randomly came upon this article from non-ethereum circles (@mwiyas) and was delighted to discover that in addition to the piece being an interesting window into Nigerian (and other) culture and language, the site accepts ETH for tips and has an ethereum-based comment system!",17,46,298,2034781,eth,data/CrypTop12-main/tweet/raw/eth/2020-07-15.json
ETH,Vitalik Buterin,vitalikbuterin,1283440558288056321,https://x.com/vitalikbuterin/status/1283440558288056321,2020-07-15 22:07:28 IST,2020-07-15T16:37:28Z,@cburniske @ethereum @Polkadot @Libra_ Ethereum optimistic rollups.,11,14,203,2034786,eth,data/CrypTop12-main/tweet/raw/eth/2020-07-15.json
ETH,Vitalik Buterin,vitalikbuterin,1285593115672358912,https://x.com/vitalikbuterin/status/1285593115672358912,2020-07-21 20:40:58 IST,2020-07-21T15:10:58Z,Transaction fee revenue is now nearing half as high as block reward revenue. This actually risks making ethereum *less* secure because of  https://t.co/Dase8SL30z. Fee market reform (ie. EIP 1559) fixes this; another reason why that EIP is important.  https://t.co/eqU3tAMh67,90,228,1093,2034812,eth,data/CrypTop12-main/tweet/raw/eth/2020-07-21.json
ETH,Ethereum official,ethereum,1286294729139933184,https://x.com/ethereum/status/1286294729139933184,2020-07-23 19:08:56 IST,2020-07-23T13:38:56Z,"Meet Medalla.   The latest #eth2 quick update from @dannyryan is here.  Read more on the multi-client testnet, attacknets, and the eth1+eth2 merger below!",24,68,215,-1,eth,data/CrypTop12-main/tweet/raw/eth/2020-07-23.json
ETH,Ethereum official,ethereum,1287744751547158530,https://x.com/ethereum/status/1287744751547158530,2020-07-27 19:10:48 IST,2020-07-27T13:40:48Z,Announcing the #eth2 validator launchpad (testnet version).   https://t.co/G0y4itoJzA,68,557,1796,1351372,eth,data/CrypTop12-main/tweet/raw/eth/2020-07-27.json
ETH,Ethereum official,ethereum,1288890420316053504,https://x.com/ethereum/status/1288890420316053504,2020-07-30 23:03:17 IST,2020-07-30T17:33:17Z,"Happy 5th Birthday, #Ethereum!   https://t.co/HK3kdpIwhU  https://t.co/gzx3FkcTlE",141,761,2581,1351378,eth,data/CrypTop12-main/tweet/raw/eth/2020-07-30.json
ETH,Vitalik Buterin,vitalikbuterin,1289817511945355267,https://x.com/vitalikbuterin/status/1289817511945355267,2020-08-02 12:27:13 IST,2020-08-02T06:57:13Z,"One important problem in ethereum that has not yet seen enough love is decentralized marketplaces for providing historical information (logs, txs... basically anything other than current state).",101,239,1634,2048620,eth,data/CrypTop12-main/tweet/raw/eth/2020-08-02.json
ETH,Vitalik Buterin,vitalikbuterin,1290479734309101577,https://x.com/vitalikbuterin/status/1290479734309101577,2020-08-04 08:18:39 IST,2020-08-04T02:48:39Z,"@Abu9ala7 @EthereumMemes IMO ethereum isn't anti-Satoshi, it's a continuation of Satoshi's vision.",109,99,1182,2048636,eth,data/CrypTop12-main/tweet/raw/eth/2020-08-04.json
ETH,Vitalik Buterin,vitalikbuterin,1290499146860736513,https://x.com/vitalikbuterin/status/1290499146860736513,2020-08-04 09:35:47 IST,2020-08-04T04:05:47Z,"@ChrisPacia I don't understand BCH people care so much about difficulty adjustment minutiae.... I would say ""just use ethereum's"" but honestly your algo is fine as is.....",15,8,99,2048636,eth,data/CrypTop12-main/tweet/raw/eth/2020-08-04.json
ETH,Ethereum official,ethereum,1290632979711234049,https://x.com/ethereum/status/1290632979711234049,2020-08-04 18:27:35 IST,2020-08-04T12:57:35Z,3 minutes until the Eth 2.0 Medella multi-client testnet launch! Tune in live here:  https://t.co/sMDoVxCfKB,38,169,637,1356498,eth,data/CrypTop12-main/tweet/raw/eth/2020-08-04.json
ETH,Ethereum official,ethereum,1290672472921120768,https://x.com/ethereum/status/1290672472921120768,2020-08-04 21:04:31 IST,2020-08-04T15:34:31Z,"Medalla is live! 🏅  Get involved with the EthStaker community on Reddit (r/ethstaker) and Discord ( https://t.co/k8xFfB7qVL), and follow along ( https://t.co/ijM3Z3VyHG,  https://t.co/fURuvJuzp3).  It's like Olympic all over again. #eth2",38,231,739,1356497,eth,data/CrypTop12-main/tweet/raw/eth/2020-08-04.json
ETH,Vitalik Buterin,vitalikbuterin,1291223375667326976,https://x.com/vitalikbuterin/status/1291223375667326976,2020-08-06 09:33:37 IST,2020-08-06T04:03:37Z,"Reciting tired old propaganda is becoming less and less effective every day. Ethereum is rising, proof of stake and sharding are rising, and rollups are here, all through a large distributed ecosystem working in parallel. The tides of history will not be favorable to maximalism.",293,658,4263,2048653,eth,data/CrypTop12-main/tweet/raw/eth/2020-08-06.json
ETH,Vitalik Buterin,vitalikbuterin,1291393021473206273,https://x.com/vitalikbuterin/status/1291393021473206273,2020-08-06 20:47:43 IST,2020-08-06T15:17:43Z,"@Narodism @musalbas @MPtherealMVP @NickSzabo4 So you dislike the aesthetics of some people in the ethereum community (btw I've never done a burner party, LSD or a sex orgy) therefore ethereum has lost the plot? If I wanted to I could make similar caricatures about the whole ""rah rah I'm manly because I eat steak"" thing.",17,10,261,2048651,eth,data/CrypTop12-main/tweet/raw/eth/2020-08-06.json
ETH,Vitalik Buterin,vitalikbuterin,1291869925863129088,https://x.com/vitalikbuterin/status/1291869925863129088,2020-08-08 04:22:46 IST,2020-08-07T22:52:46Z,"I love how people have been so awkwardly trying to press ethereum on its lack of a preset ""21 million""-like hard cap, when transaction fees the past 2 months have been high enough to more than fully cancel out PoS rewards post-EIP 1559.  https://t.co/TuyZMotacu",186,263,1486,2048654,eth,data/CrypTop12-main/tweet/raw/eth/2020-08-08.json
ETH,Vitalik Buterin,vitalikbuterin,1292218588246339584,https://x.com/vitalikbuterin/status/1292218588246339584,2020-08-09 03:28:14 IST,2020-08-08T21:58:14Z,@zooko Bitcoin maximalism has no live players.   https://t.co/ZcMHZO1iLQ,59,40,319,2081952,btc,data/CrypTop12-main/tweet/raw/btc/2020-08-09.json
ETH,Vitalik Buterin,vitalikbuterin,1292260881040986113,https://x.com/vitalikbuterin/status/1292260881040986113,2020-08-09 06:16:17 IST,2020-08-09T00:46:17Z,@VladZamfir Surely you mean an Ethereum Forked maximalist? Ethereum is only worth a few dollars these days.,42,19,410,-1,eth,data/CrypTop12-main/tweet/raw/eth/2020-08-09.json
ETH,Vitalik Buterin,vitalikbuterin,1292963203530362881,https://x.com/vitalikbuterin/status/1292963203530362881,2020-08-11 04:47:04 IST,2020-08-10T23:17:04Z,"@AlexSaundersAU @RaoulGMI @RealVision @AshBennington @hudsonjameson @TrustlessState @kaiynne @pbrody @NuggetsNewsAU @ethereum @BlockGeekDima I was honestly not aware you were trying to reach out to me! Whatever channel you used, I do get lots of messages so very often things slip past me just by random chance.",8,2,296,-1,eth,data/CrypTop12-main/tweet/raw/eth/2020-08-11.json
ETH,Vitalik Buterin,vitalikbuterin,1293315354131705857,https://x.com/vitalikbuterin/status/1293315354131705857,2020-08-12 04:06:23 IST,2020-08-11T22:36:23Z,@Hodl_Lambo @ErikVoorhees @danheld @Kizami_Z Hi @ErikVoorhees I think it's totally cool if you like bitcoin as well as ethereum,5,12,206,2082006,btc;eth,data/CrypTop12-main/tweet/raw/btc/2020-08-12.json;data/CrypTop12-main/tweet/raw/eth/2020-08-12.json
ETH,Vitalik Buterin,vitalikbuterin,1293317390613110785,https://x.com/vitalikbuterin/status/1293317390613110785,2020-08-12 04:14:29 IST,2020-08-11T22:44:29Z,Support Ethereum ecosystem client diversity!  Consider running:  * Nethermind  https://t.co/8A3bkliGAy or Besu  https://t.co/RNPpIXrVX3 for an ethereum mainnet node  * Nimbus  https://t.co/8LWdsGEuKi or Teku  https://t.co/mXUWTxKlPu if you're on the eth2 Medalla testnet,68,179,688,-1,eth,data/CrypTop12-main/tweet/raw/eth/2020-08-12.json
ETH,Vitalik Buterin,vitalikbuterin,1294183084640759815,https://x.com/vitalikbuterin/status/1294183084640759815,2020-08-14 13:34:26 IST,2020-08-14T08:04:26Z,"Reminder: you do NOT have to participate in ""the latest hot defi thing"" to be in ethereum. In fact, unless you *really* understand what's going on, it's likely best to sit out or participate only with very small amounts.  There are many other kinds of ETH dapps, explore them!",209,490,2654,2048710,eth,data/CrypTop12-main/tweet/raw/eth/2020-08-14.json
ETH,Vitalik Buterin,vitalikbuterin,1294461236680130560,https://x.com/vitalikbuterin/status/1294461236680130560,2020-08-15 07:59:43 IST,2020-08-15T02:29:43Z,"An article I wrote in 2017: Engineering Security Through Coordination Problems   https://t.co/dKve547Yof  This is a big part of my viewpoint for why full nodes and verification are important, though the arguments are quite different than what you often hear from eg. the BTC camp.  https://t.co/fZwiO8vftT",14,29,205,2082083,btc,data/CrypTop12-main/tweet/raw/btc/2020-08-15.json
ETH,Vitalik Buterin,vitalikbuterin,1294740442370564096,https://x.com/vitalikbuterin/status/1294740442370564096,2020-08-16 02:29:11 IST,2020-08-15T20:59:11Z,"It's interesting how in the last few weeks I've argued with both pro-BTC *and* anti-BTC people who think BTC will utterly cripple nation state funding (pro-BTC ppl wanting to defund the militaries), while I disagree with both: I just don't think it will have that kind of effect.",30,37,254,2082076,btc,data/CrypTop12-main/tweet/raw/btc/2020-08-16.json
ETH,Vitalik Buterin,vitalikbuterin,1295164286054981632,https://x.com/vitalikbuterin/status/1295164286054981632,2020-08-17 06:33:23 IST,2020-08-17T01:03:23Z,@JackMallers @PeterMcCormack @Excellion @SEC_Enforcement Hmm. I want to try my best to improve ethereum and do better. Is there any specific thing that you found ridiculous and absurd that you'd be willing to share?,27,5,174,2048732,eth,data/CrypTop12-main/tweet/raw/eth/2020-08-17.json
ETH,Vitalik Buterin,vitalikbuterin,1295225641713901570,https://x.com/vitalikbuterin/status/1295225641713901570,2020-08-17 10:37:11 IST,2020-08-17T05:07:11Z,"I would actually love to have a more technical discussion with bitcoin people around things like parallelizability, execution vs dependency checking, fast syncing, MEV, gas schedules, stateless clients/utreexo etc etc at some point. Soooo much there to discuss.",167,152,1668,2082121,btc,data/CrypTop12-main/tweet/raw/btc/2020-08-17.json
ETH,Vitalik Buterin,vitalikbuterin,1295252403558559746,https://x.com/vitalikbuterin/status/1295252403558559746,2020-08-17 12:23:32 IST,2020-08-17T06:53:32Z,I continue to be worried about the fact that these wrapped BTC bridges are trusted.....  I hope that they can all *at least* move to a decently sized multisig,168,164,1397,2082121,btc,data/CrypTop12-main/tweet/raw/btc/2020-08-17.json
ETH,Vitalik Buterin,vitalikbuterin,1295902695899795456,https://x.com/vitalikbuterin/status/1295902695899795456,2020-08-19 07:27:34 IST,2020-08-19T01:57:34Z,"@_prestwich @antiprosynth @paddypisa @josephjpeters &gt; ""It's ok to lock user funds for weeks or months""  Meanwhile, in the bitcoin lightning network, your counterparty (a SINGLE party) can force your funds to be locked away for a long duration.",2,3,69,2082162,btc,data/CrypTop12-main/tweet/raw/btc/2020-08-19.json
ETH,Vitalik Buterin,vitalikbuterin,1295905344812539904,https://x.com/vitalikbuterin/status/1295905344812539904,2020-08-19 07:38:05 IST,2020-08-19T02:08:05Z,"@_prestwich @antiprosynth @paddypisa @josephjpeters One of the main flaws of bitcoin maximalism is binary thinking. Either you can do everything yourself, or there is ""trust"", and any degree of trust is baaaaasically like trusting infura.",4,16,187,2082162,btc,data/CrypTop12-main/tweet/raw/btc/2020-08-19.json
ETH,Vitalik Buterin,vitalikbuterin,1299892964160749570,https://x.com/vitalikbuterin/status/1299892964160749570,2020-08-30 07:43:28 IST,2020-08-30T02:13:28Z,"I actually really love this visualization of ethereum:   https://t.co/ZgBFRPJcds  Both because it's memorizing, but also because there's something poignant about the metaphor of ethereum as a city.",81,434,1841,2048775,eth,data/CrypTop12-main/tweet/raw/eth/2020-08-30.json
ETH,ethereum.org,ethdotorg,1303397661811322882,https://x.com/ethdotorg/status/1303397661811322882,2020-09-08 23:49:53 IST,2020-09-08T18:19:53Z,"Have you written an Ethereum dev tutorial? Something on smart contracts, clients or anything else a builder would benefit from? Send it over if you’d like it on  https://t.co/FVvSiRzgE4 — we’re working on something new and would 💓 to show off as many community tutorials as we can",14,34,113,14195,eth,data/CrypTop12-main/tweet/raw/eth/2020-09-08.json
ETH,Vitalik Buterin,vitalikbuterin,1305117580550520834,https://x.com/vitalikbuterin/status/1305117580550520834,2020-09-13 17:44:13 IST,2020-09-13T12:14:13Z,Let me try a correlation poll.  1. Do you hold any BTC? (Y/N) 2. Do the ideas that I promote and seem to hold tend to be more capitalist (C) or socialist (S)?,66,29,152,2082592,btc,data/CrypTop12-main/tweet/raw/btc/2020-09-13.json
ETH,Vitalik Buterin,vitalikbuterin,1306804161221074946,https://x.com/vitalikbuterin/status/1306804161221074946,2020-09-18 09:26:05 IST,2020-09-18T03:56:05Z,Amazing to see so many projects in the defi family proactively contributing to support public goods in the Ethereum ecosystem.  Hope that the support continues in future rounds!,90,106,768,2048866,eth,data/CrypTop12-main/tweet/raw/eth/2020-09-18.json
ETH,Ethereum official,ethereum,1308775512651726851,https://x.com/ethereum/status/1308775512651726851,2020-09-23 19:59:32 IST,2020-09-23T14:29:32Z,"Looking to learn all about EIP-1559, a proposed change to Ethereum's fee market? For an overview, a status update and more on next steps, @TimBeiko's new blog series is worth a read.",15,58,158,-1,eth,data/CrypTop12-main/tweet/raw/eth/2020-09-23.json
ETH,Vitalik Buterin,vitalikbuterin,1309078385369460741,https://x.com/vitalikbuterin/status/1309078385369460741,2020-09-24 16:03:03 IST,2020-09-24T10:33:03Z,Honestly prediction markets may be the one of the most underrated categories of ethereum dapps right now. Omen and Augur v2 are both running and have active markets with pretty decent liquidity; go ahead and try them!   https://t.co/BKp28ujJyG  https://t.co/DGaNisQQhR,203,325,1693,-1,eth,data/CrypTop12-main/tweet/raw/eth/2020-09-24.json
ETH,Vitalik Buterin,vitalikbuterin,1311157303588970497,https://x.com/vitalikbuterin/status/1311157303588970497,2020-09-30 09:43:55 IST,2020-09-30T04:13:55Z,Amazing long read (exposé of the inner workings of post-takeover BitTorrent + Tron),38,64,378,2046871,trx,data/CrypTop12-main/tweet/raw/trx/2020-09-30.json
ETH,Vitalik Buterin,vitalikbuterin,1311172292160843787,https://x.com/vitalikbuterin/status/1311172292160843787,2020-09-30 10:43:29 IST,2020-09-30T05:13:29Z,"That was the worst thing I've ever seen, and I wrote ethereum's hexary RLP-encoded patricia tree specification.",45,60,739,2048898,eth,data/CrypTop12-main/tweet/raw/eth/2020-09-30.json
ETH,Vitalik Buterin,vitalikbuterin,1311490598445019137,https://x.com/vitalikbuterin/status/1311490598445019137,2020-10-01 07:48:19 IST,2020-10-01T02:18:19Z,"More people should support ethereum for payments. The nice thing about supporting ethereum is that you're not just accepting ETH, you also get support for MKR, UNI, WBTC, and every stablecoin for free. And there's already like three working layer-2 scaling solutions on mainnet.",225,254,1541,2048906,eth,data/CrypTop12-main/tweet/raw/eth/2020-10-01.json
ETH,Vitalik Buterin,vitalikbuterin,1311921668005060608,https://x.com/vitalikbuterin/status/1311921668005060608,2020-10-02 12:21:14 IST,2020-10-02T06:51:14Z,A rollup-centric ethereum roadmap:   https://t.co/11vxsD0XsJ,69,331,1079,2048908,eth,data/CrypTop12-main/tweet/raw/eth/2020-10-02.json
ETH,Ethereum official,ethereum,1312013636529946625,https://x.com/ethereum/status/1312013636529946625,2020-10-02 18:26:41 IST,2020-10-02T12:56:41Z,That's TODAY! Head over to  https://t.co/YrOHOmkMK6 and sign up. :),5,30,93,1356655,eth,data/CrypTop12-main/tweet/raw/eth/2020-10-02.json
ETH,Ethereum official,ethereum,1312074997381373952,https://x.com/ethereum/status/1312074997381373952,2020-10-02 22:30:31 IST,2020-10-02T17:00:31Z,*it's happening*,15,60,222,1356654,eth,data/CrypTop12-main/tweet/raw/eth/2020-10-02.json
ETH,Vitalik Buterin,vitalikbuterin,1312318724020428802,https://x.com/vitalikbuterin/status/1312318724020428802,2020-10-03 14:39:00 IST,2020-10-03T09:09:00Z,"@knutsvanholm Hmm, that was back in 2013, I kinda forgot whether or not stealing everyone's bitcoin was my sole intention in starting ethereum.  @mattleising @CamiRusso you recently wrote books about this, any chance either of you remember?",13,5,110,2082868,btc;eth,data/CrypTop12-main/tweet/raw/btc/2020-10-03.json;data/CrypTop12-main/tweet/raw/eth/2020-10-03.json
ETH,Vitalik Buterin,vitalikbuterin,1312383651078782977,https://x.com/vitalikbuterin/status/1312383651078782977,2020-10-03 18:56:59 IST,2020-10-03T13:26:59Z,"Has anyone else ever accidentally used ""sanc"" as a past tense of ""sync""?  ""I just sanc an ethereum node from scratch in 12 hours""",232,71,1002,2048911,eth,data/CrypTop12-main/tweet/raw/eth/2020-10-03.json
ETH,Vitalik Buterin,vitalikbuterin,1312905882330521600,https://x.com/vitalikbuterin/status/1312905882330521600,2020-10-05 05:32:09 IST,2020-10-05T00:02:09Z,"A quick recap of the short and medium term of Ethereum scaling.  TLDR:  1. Ultra-high scaling with sharding + rollups will be possible *in phase 1* 2. Sharding is NOT ""cancelled"" 3. Get on a rollup asap; you get 100x scaling even without eth2  https://t.co/fXW0Q3iAxu",161,642,2219,2048916,eth,data/CrypTop12-main/tweet/raw/eth/2020-10-05.json
ETH,Tim Beiko,timbeiko,1313987999898595328,https://x.com/timbeiko/status/1313987999898595328,2020-10-08 05:12:06 IST,2020-10-07T23:42:06Z,"Over the past couple weeks, the @EthCatHerders have been doing community outreach for EIP-1559 🔥  We got feedback from 25 projects on Ethereum and just put out a report summarizing it all 😺:  https://t.co/7ehV7MVnMO",6,29,88,21911,eth,data/CrypTop12-main/tweet/raw/eth/2020-10-08.json
ETH,Vitalik Buterin,vitalikbuterin,1314075873302069249,https://x.com/vitalikbuterin/status/1314075873302069249,2020-10-08 11:01:17 IST,2020-10-08T05:31:17Z,Great work from Guillaume Ballet on moving ethereum to binary tries!   https://t.co/lwk3o5mPyK,53,81,353,2048930,eth,data/CrypTop12-main/tweet/raw/eth/2020-10-08.json
ETH,Vitalik Buterin,vitalikbuterin,1318491818909003779,https://x.com/vitalikbuterin/status/1318491818909003779,2020-10-20 15:28:40 IST,2020-10-20T09:58:40Z,"Bitcoin is 'Worse is Better' by @gwern:   https://t.co/KX98UkXPm3  The appropriate sequel for 2020 may well be ""automated market makers like @UniswapProtocol are Worse is Better"".  https://t.co/EB6zNGjowg",42,64,340,2083192,btc,data/CrypTop12-main/tweet/raw/btc/2020-10-20.json
ETH,Vitalik Buterin,vitalikbuterin,1318898980026118145,https://x.com/vitalikbuterin/status/1318898980026118145,2020-10-21 18:26:35 IST,2020-10-21T12:56:35Z,"PayPal customers will be able to use BTC, ETH and other cryptos to pay merchants.   https://t.co/6qhkVuEyF4  Welcome to the @ethereum ecosystem, @PayPal!",302,1991,7657,2083477,btc;eth,data/CrypTop12-main/tweet/raw/btc/2020-10-21.json;data/CrypTop12-main/tweet/raw/eth/2020-10-21.json
ETH,Vitalik Buterin,vitalikbuterin,1318940081869131776,https://x.com/vitalikbuterin/status/1318940081869131776,2020-10-21 21:09:54 IST,2020-10-21T15:39:54Z,"In plain language everyone can hopefully understand:  In 2020, continuing to refer to ethereum as an ""alt"" is as outdated as referring to a lambo as a ""horseless carriage"".",455,541,3546,2048975,eth,data/CrypTop12-main/tweet/raw/eth/2020-10-21.json
ETH,Vitalik Buterin,vitalikbuterin,1319189097718558725,https://x.com/vitalikbuterin/status/1319189097718558725,2020-10-22 13:39:24 IST,2020-10-22T08:09:24Z,"Considerations on using Kate commitments to commit to ethereum contract code to reduce witness sizes:   https://t.co/wldkVFvtsL  Note that the ""accelerated data-availability-focused phase 1"" plan also uses Kate commitments.",39,37,227,2048985,eth,data/CrypTop12-main/tweet/raw/eth/2020-10-22.json
ETH,ethereum.org,ethdotorg,1320770975500304386,https://x.com/ethdotorg/status/1320770975500304386,2020-10-26 22:25:13 IST,2020-10-26T16:55:13Z,"Want to learn more about the tech behind Ethereum? Or want to share your wisdom with the next generation of builders? Check out our new developer portal, complete with docs, tutorials, and more! Here's a little about what's included and why we built it...  https://t.co/aEtgXGvF5e",6,42,125,14195,eth,data/CrypTop12-main/tweet/raw/eth/2020-10-26.json
ETH,Vitalik Buterin,vitalikbuterin,1323830506534825984,https://x.com/vitalikbuterin/status/1323830506534825984,2020-11-04 09:02:42 IST,2020-11-04T03:32:42Z,"Trying out @PolymarketHQ now. It's unique in that it lives directly on @maticnetwork, an ethereum sidechain, and its UI is optimized for attracting users from outside crypto: it has a ""buy USDC with a credit card"" interface, and it uses the  https://t.co/oZaKeSWdlJ login service",39,135,739,-1,eth,data/CrypTop12-main/tweet/raw/eth/2020-11-04.json
ETH,Ethereum official,ethereum,1324087600349696002,https://x.com/ethereum/status/1324087600349696002,2020-11-05 02:04:18 IST,2020-11-04T20:34:18Z,"An essential piece of #Ethereum’s Serenity upgrade, the Beacon Chain’s deposit contract, is live. This begins a transition to #Eth2.  @EthDotOrg Guide:  https://t.co/PkKwLnXKS4 Launchpad:  https://t.co/CFgFwAs46f Deposit Contract Address: 0x00000000219ab540356cBB839Cbe05303d7705Fa",1897,1448,3424,-1,eth,data/CrypTop12-main/tweet/raw/eth/2020-11-05.json
ETH,ethereum.org,ethdotorg,1326178888024776704,https://x.com/ethdotorg/status/1326178888024776704,2020-11-10 20:34:20 IST,2020-11-10T15:04:20Z,So it's seeing those deposits roll in that makes doge so happy...  https://t.co/xsqNdIAwc4,2,3,38,14269,doge,data/CrypTop12-main/tweet/raw/doge/2020-11-10.json
ETH,Vitalik Buterin,vitalikbuterin,1327958544218427393,https://x.com/vitalikbuterin/status/1327958544218427393,2020-11-15 18:26:03 IST,2020-11-15T12:56:03Z,@PeterMcCormack You don't have to stay silent. Just keep being you.  Consider also that you're probably helping make Bitcoin more palatable to people who think Trump is crazy.,31,7,416,2087129,btc,data/CrypTop12-main/tweet/raw/btc/2020-11-15.json
ETH,Vitalik Buterin,vitalikbuterin,1328680855393353728,https://x.com/vitalikbuterin/status/1328680855393353728,2020-11-17 18:16:16 IST,2020-11-17T12:46:16Z,"@cryptonews @novogratz @ethereum It was the Ethereum Foundation, not me as an individual!  I'm grateful to @novogratz and other early purchasers of the EF's ETH. If it weren't for them, perhaps the EF would not have survived financially and ethereum would have had a harder time growing to where it is today!",23,14,607,-1,eth,data/CrypTop12-main/tweet/raw/eth/2020-11-17.json
ETH,Ethereum official,ethereum,1328742903557087233,https://x.com/ethereum/status/1328742903557087233,2020-11-17 22:22:49 IST,2020-11-17T16:52:49Z,"Less than 24 hours until a special #Eth2 Genesis Edition of the EF Eth 2.0 Research team's AMA series.  The AMA begins at 1PM UTC (8AM ET / 2PM CET) on 18 Nov, but your Genesis questions can be posted ahead of time here:   https://t.co/EJ9Gx6oEeX",5,48,179,-1,eth,data/CrypTop12-main/tweet/raw/eth/2020-11-17.json
ETH,Ethereum official,ethereum,1329044095155789826,https://x.com/ethereum/status/1329044095155789826,2020-11-18 18:19:39 IST,2020-11-18T12:49:39Z,Eth2 AMA in 10 minutes over on r/ethereum:    https://t.co/EJ9Gx6oEeX,10,40,163,-1,eth,data/CrypTop12-main/tweet/raw/eth/2020-11-18.json
ETH,Vitalik Buterin,vitalikbuterin,1330355474672267265,https://x.com/vitalikbuterin/status/1330355474672267265,2020-11-22 09:10:36 IST,2020-11-22T03:40:36Z,@PrestonPysh @tim1546 @adam3us @Excellion The point of the node is verifying that the blocks actually update the state according to the state transition function. Ethereum full nodes do in fact do this.,12,4,130,2049140,eth,data/CrypTop12-main/tweet/raw/eth/2020-11-22.json
ETH,Vitalik Buterin,vitalikbuterin,1330355762430820352,https://x.com/vitalikbuterin/status/1330355762430820352,2020-11-22 09:11:45 IST,2020-11-22T03:41:45Z,@PrestonPysh @tim1546 @adam3us @Excellion Total supply is only one of many possible statistics that you could calculate; should I start saying that Bitcoin full nodes are worthless because they do not help you compute the Gini coefficient?,10,4,134,2087311,btc,data/CrypTop12-main/tweet/raw/btc/2020-11-22.json
ETH,Vitalik Buterin,vitalikbuterin,1330403226101841920,https://x.com/vitalikbuterin/status/1330403226101841920,2020-11-22 12:20:21 IST,2020-11-22T06:50:21Z,"@Excellion Dude, you're literally part of a company that created a proprietary consortium chain for people to stick their tokens onto that only needs to exist because BTC (and even trustless L2s on top of it) don't have the scalability or functionality to do so natively.",8,110,1408,-1,btc,data/CrypTop12-main/tweet/raw/btc/2020-11-22.json
ETH,Vitalik Buterin,vitalikbuterin,1331443970971353090,https://x.com/vitalikbuterin/status/1331443970971353090,2020-11-25 09:15:54 IST,2020-11-25T03:45:54Z,"@gladstein @deeeedle @lopp @twobitidiot @HRF I would say it's more like ""why do Bitcoin's unique features matter given that any wide adoption scenario will lead to base chain fees pricing out most of those users and it's proving hard to extend those features to the L2s intended to circumvent those limitations?""",9,4,84,2087401,btc,data/CrypTop12-main/tweet/raw/btc/2020-11-25.json
ETH,Vitalik Buterin,vitalikbuterin,1331444354636869634,https://x.com/vitalikbuterin/status/1331444354636869634,2020-11-25 09:17:25 IST,2020-11-25T03:47:25Z,"@gladstein @deeeedle @lopp @twobitidiot @HRF Also there is a systemic concern: if the bulk of BTC economic activity is institutional then those institutions may well become a de facto governance layer and could be co-opted by nation state actors. Dissenters could fork off, but keep what percent of the value of their assets?",19,6,89,2087401,btc,data/CrypTop12-main/tweet/raw/btc/2020-11-25.json
ETH,Vitalik Buterin,vitalikbuterin,1331481962276524040,https://x.com/vitalikbuterin/status/1331481962276524040,2020-11-25 11:46:52 IST,2020-11-25T06:16:52Z,"One of the weirdest anti-ethereum arguments I see is ""Vitalik said high fees are bad but look how high ETH fees went in 2020!!!""  Like.. we have *multiple* massive multi-year efforts to solve that exact problem, and the first phase of one of them is literally launching next week.",192,259,3407,2049170,eth,data/CrypTop12-main/tweet/raw/eth/2020-11-25.json
ETH,Vitalik Buterin,vitalikbuterin,1332463791951413249,https://x.com/vitalikbuterin/status/1332463791951413249,2020-11-28 04:48:18 IST,2020-11-27T23:18:18Z,@cz_binance Bitcoin is cool!,291,336,6356,2087448,btc,data/CrypTop12-main/tweet/raw/btc/2020-11-28.json
ETH,Vitalik Buterin,vitalikbuterin,1333218726070534145,https://x.com/vitalikbuterin/status/1333218726070534145,2020-11-30 06:48:08 IST,2020-11-30T01:18:08Z,@hasufl @raulitojordan The work gone into building phase 0 itself is much greater than the work needed to integrate the ethereum execution engine into it. So it already brings us quite close to moving eth1 to proof of stake. Sharding is also increasingly simple with the rollup-centric approach.,2,17,143,2049564,eth,data/CrypTop12-main/tweet/raw/eth/2020-11-30.json
ETH,Vitalik Buterin,vitalikbuterin,1333233401835360257,https://x.com/vitalikbuterin/status/1333233401835360257,2020-11-30 07:46:27 IST,2020-11-30T02:16:27Z,"@jimjoe_1997 @hasufl @raulitojordan Ethereum's PoS had much stronger properties than most existing schemes. The complexity goes up a bit further because it's been designed to be ""ready to be plugged into sharding"" (ie. a lot of work that's *really* sharding work is already done)",10,10,84,2049564,eth,data/CrypTop12-main/tweet/raw/eth/2020-11-30.json
ETH,Vitalik Buterin,vitalikbuterin,1333349737097879552,https://x.com/vitalikbuterin/status/1333349737097879552,2020-11-30 15:28:44 IST,2020-11-30T09:58:44Z,"Is it necessarily a bad thing if a protocol optimizes a little bit for being theatrical?  (Thinking about Bitcoin's sudden halvings every 4 years, as opposed to the smooth exponential decay curve that a mathematician would have made)",164,76,1328,2087748,btc,data/CrypTop12-main/tweet/raw/btc/2020-11-30.json
ETH,Ethereum official,ethereum,1333743998637400073,https://x.com/ethereum/status/1333743998637400073,2020-12-01 17:35:23 IST,2020-12-01T12:05:23Z,"Genesis, again. #eth2    https://t.co/teiIbNy0oO",61,547,2003,1357032,eth,data/CrypTop12-main/tweet/raw/eth/2020-12-01.json
ETH,Vitalik Buterin,vitalikbuterin,1333744735735795712,https://x.com/vitalikbuterin/status/1333744735735795712,2020-12-01 17:38:19 IST,2020-12-01T12:08:19Z,"Normal people: we should really put something profound in the first block of the ethereum PoS chain, something about giant leaps for mankind or whatever.  Ethereum community:  https://t.co/cOu94fUPE9",233,622,4235,2049583,eth,data/CrypTop12-main/tweet/raw/eth/2020-12-01.json
ETH,Vitalik Buterin,vitalikbuterin,1333922625194663937,https://x.com/vitalikbuterin/status/1333922625194663937,2020-12-02 05:25:11 IST,2020-12-01T23:55:11Z,"Oh, and @algo_class just published his long-awaited EIP 1559 review! Let's work hard and get this important economic upgrade into ethereum soon.   https://t.co/36bVGSVhDM",34,52,561,2049565,eth,data/CrypTop12-main/tweet/raw/eth/2020-12-02.json
ETH,Vitalik Buterin,vitalikbuterin,1335729572633923584,https://x.com/vitalikbuterin/status/1335729572633923584,2020-12-07 05:05:21 IST,2020-12-06T23:35:21Z,1% of all ETH is now in the deposit contract!  Updated stats; the decentralization numbers are a bit worse than last time but only because they now properly treat Bitcoin Suisse with their multiple addresses as a single unit. Still doing far better than I expected!  https://t.co/B0ck5YGTUk,115,409,2642,2089061,btc,data/CrypTop12-main/tweet/raw/btc/2020-12-07.json
ETH,Ethereum official,ethereum,1336747250454835211,https://x.com/ethereum/status/1336747250454835211,2020-12-10 00:29:14 IST,2020-12-09T18:59:14Z,"While #eth2 has been on our minds, incredible progress has been made in recent months by all EF-supported teams. We might’ve missed quite a bit from each other while apart this year, so we’re excited to share a *long* report detailing their updates today.   https://t.co/Epb65FhFb3",22,88,298,1357085,eth,data/CrypTop12-main/tweet/raw/eth/2020-12-10.json
ETH,Vitalik Buterin,vitalikbuterin,1338385950305624064,https://x.com/vitalikbuterin/status/1338385950305624064,2020-12-14 13:00:51 IST,2020-12-14T07:30:51Z,I can barely read what the bitcoin maximalists are saying about me on twitter because so many of them have just blocked me without provocation😢. The cancel culture is out of control on this website.  https://t.co/3KNfemsi29,460,119,2813,2089380,btc,data/CrypTop12-main/tweet/raw/btc/2020-12-14.json
ETH,Vitalik Buterin,vitalikbuterin,1338387446690549760,https://x.com/vitalikbuterin/status/1338387446690549760,2020-12-14 13:06:47 IST,2020-12-14T07:36:47Z,Please don't do things like this. I would NEVER recommend anyone take out a personal loan to buy ETH or other ethereum assets.  https://t.co/zCbbtUlvtQ,393,286,3477,2049790,eth,data/CrypTop12-main/tweet/raw/eth/2020-12-14.json
ETH,Vitalik Buterin,vitalikbuterin,1338391068073578497,https://x.com/vitalikbuterin/status/1338391068073578497,2020-12-14 13:21:11 IST,2020-12-14T07:51:11Z,@harrycanuck Isn't the microstrategy thing just them trying to turn their company into a de-facto bitcoin ETF for regulatory arbitrage purposes?,18,4,148,2089380,btc,data/CrypTop12-main/tweet/raw/btc/2020-12-14.json
ETH,Vitalik Buterin,vitalikbuterin,1338394465954754560,https://x.com/vitalikbuterin/status/1338394465954754560,2020-12-14 13:34:41 IST,2020-12-14T08:04:41Z,"@BitcoinMoon11 7 years ago, before ethereum even began, I had only a few thousand dollars of net worth. I nevertheless sold half my bitcoin to make sure that I would not be broke if BTC went to zero.",48,39,710,2089379,btc;eth,data/CrypTop12-main/tweet/raw/btc/2020-12-14.json;data/CrypTop12-main/tweet/raw/eth/2020-12-14.json
ETH,Vitalik Buterin,vitalikbuterin,1341219519545556992,https://x.com/vitalikbuterin/status/1341219519545556992,2020-12-22 08:40:26 IST,2020-12-22T03:10:26Z,"Looks like the Ripple/XRP team is sinking to new levels of strangeness. They're claiming that their shitcoin should not be called a security for *public policy reasons*, namely because Bitcoin and Ethereum are ""Chinese-controlled"". 😂😂   https://t.co/ts02JqrTrB  https://t.co/mKwEzGIetk",2055,1254,6914,2091075,btc;eth,data/CrypTop12-main/tweet/raw/btc/2020-12-22.json;data/CrypTop12-main/tweet/raw/eth/2020-12-22.json
ETH,Vitalik Buterin,vitalikbuterin,1343690455435730945,https://x.com/vitalikbuterin/status/1343690455435730945,2020-12-29 04:19:03 IST,2020-12-28T22:49:03Z,"A much more detailed explanation of my data-availability-based proposal for adding sharding to the ethereum PoS chain.   https://t.co/laVMhX1QnL  See also, the github spec PR:   https://t.co/1xCPaeOCK3",121,162,856,2049993,eth,data/CrypTop12-main/tweet/raw/eth/2020-12-29.json
ETH,Tim Beiko,timbeiko,1345792702340767745,https://x.com/timbeiko/status/1345792702340767745,2021-01-03 23:32:38 IST,2021-01-03T18:02:38Z,"100% agreed, and EIP-1559 is the bit that's missing to create a positive feedback loop between the ""Ethereum Economy"" and ETH 🔥",6,18,124,22024,eth,data/CrypTop12-main/tweet/raw/eth/2021-01-03.json
ETH,Ethereum official,ethereum,1351537338137112579,https://x.com/ethereum/status/1351537338137112579,2021-01-19 19:59:46 IST,2021-01-19T14:29:46Z,"Now this is something that we can all get behind. Stay safe out there, thanks @ethdotorg team!",28,63,335,1358888,eth,data/CrypTop12-main/tweet/raw/eth/2021-01-19.json
ETH,Ethereum official,ethereum,1351931001535135744,https://x.com/ethereum/status/1351931001535135744,2021-01-20 22:04:03 IST,2021-01-20T16:34:03Z,"It's a new year, and a new day.   Get some new perspective from @dannyryan on the state of #eth2 in today's update.   Available in English and Mandarin (thanks @ETHPlanet!)   https://t.co/fjWD5vt98G",31,87,220,1358955,eth,data/CrypTop12-main/tweet/raw/eth/2021-01-20.json
ETH,Vitalik Buterin,vitalikbuterin,1356177116744839169,https://x.com/vitalikbuterin/status/1356177116744839169,2021-02-01 15:16:35 IST,2021-02-01T09:46:35Z,I sent some!  https://t.co/mfYrz35zjF  You should too! GiveDirectly is doing great work in distributing funds directly to the world's poorest.  They take crypto:  https://t.co/AdcMVRNmyx (they don't yet take DOGE directly but maybe that can change☺️☺️),548,555,3348,2062615,doge,data/CrypTop12-main/tweet/raw/doge/2021-02-01.json
ETH,Vitalik Buterin,vitalikbuterin,1361361530969858048,https://x.com/vitalikbuterin/status/1361361530969858048,2021-02-15 22:37:36 IST,2021-02-15T17:07:36Z,"A doc detailing a proposal for the first hard fork (tentatively named ""HF1"", better name pending) of the Ethereum beacon chain. Adds light client support, simplifies the spec, improves efficiency and introduces a less punitive inactivity leak mechanism.   https://t.co/lICffChJsG",255,453,2191,2054284,eth,data/CrypTop12-main/tweet/raw/eth/2021-02-15.json
ETH,Tim Beiko,timbeiko,1362763004882817027,https://x.com/timbeiko/status/1362763004882817027,2021-02-19 19:26:33 IST,2021-02-19T13:56:33Z,".@ethereum #AllCoreDevs starting in ~5 minutes.  We've changed how we track the agenda, you can now find it here, with separate issues for each discussion topic:  https://t.co/Hz0GDzqEJl  Stream:  https://t.co/bBiyIg9pus",4,24,100,22104,eth,data/CrypTop12-main/tweet/raw/eth/2021-02-19.json
