text,signal,confidence,reason,ticker
"Crazy that $PRIME is going to >$1B market cap at the next cycle top as the “ $AXS of this cycle” and you still don’t own any anon. 

$75-100 exit or bust bitch.",SELL,0.8,Aggressive language and threat of losing money if holding onto the asset at $75-$100.,$PRIME
"Crazy part is, a lot of what I have been trading is still up..

$MATIC",BUY,0.6,"The user is expressing a positive sentiment about their trades still being up, indicating confidence in their investment decisions.",$MATIC
"$AVAX

Stacking on support..",BUY,0.8,Using support as a bullish indicator.,AVAX
"$SOL

LFG!!",BUY,0.9,Exclamation mark and 'LFG' (Let's Go) slang indicate a bullish sentiment.,$SOL
$INJ - Twitter been super bullish on this one and this is the first real pullback since the bottom. Buying the daily re-touch of the supertrend support. Close below and I'll sell.,BUY,0.6,"The author is buying the daily re-touch of the supertrend support after a pullback from the bottom, indicating a potential bullish reversal.",$INJ
$BONK looks ready to get sent,BUY,0.8,Bullish sentiment with implication of upward price movement.,$BONK
"$BTC

When you zoom out, all good

And we burned off that much needed RSI",BUY,0.7,Positive sentiment with zoom out and RSI reference indicating potential recovery or improvement.,$BTC
$MATIC,NEUTRAL,0.5,Neutral sentiment due to lack of clear direction or opinion.,$MATIC
RT @BigChonis: $BTC - quick video update on #bitcoin,NEUTRAL,0.4,Neutral update on $BTC with no clear indication of buying or selling sentiment.,$BTC
"25E buy from a $2M wallet 

Few 10E buys earlier from similar whale wallets too 

All time high within touching distance… 

$200M is programmed 

$PAAL",BUY,0.8,Multiple whale wallets participating in buying activity at critical price levels and mentions of all-time high within touching distance.,$PAAL
"0-56 days now 

One day you wake up, and you see the headline $btc etf approved

> [@Pentosh1](https://twitter.com/Pentosh1):
> In theory January 10th would be the last day. Right now the ETF experts have the odds at 90% for approval and believe it will end up having all approved at the same time. The decision for approval can come before the date. It’s just the latest date is 84 days away for $btc",BUY,0.8,"Market optimism and increasing odds of ETF approval, which could lead to a surge in Bitcoin price.",$BTC
$gft #gft,BUY,0.5,"Shorthand ticker symbol with a hashtag, potentially indicating bullish interest.",$gft
$SOL getting ready for the move to $60+,BUY,0.7,The user is expressing optimism about the potential price increase to $60+ for SOL.,$SOL
Now that fake Su Zhu sold his $ATOR bags it looks like it’s ready now $2+ soon,BUY,0.8,Speculative tone with a predicted price increase of $2+ within the near future.,$ATOR
"I don’t think you realize how big #0X0 will be for the next alt cycle. Look into the narrative and get back to me sidelinoooooors.

> [@CryptoHass](https://twitter.com/CryptoHass):
> Still in Beta and still eating fat rewards #0x0 🔥 you still have a chance to get in under .1 and less than a $100M market cap. Make it happen 🤝",BUY,0.8,"The author of the tweet believes that #0X0 will be significant for the next alt cycle and is urging others to ""Make it happen"".",#0X0
Whatever happened to those $HEX cultist?,NEUTRAL,0.5,Neutral sentiment due to lack of clear trading direction or recommendation.,HEX
"$BONK negative funding.

Shorts go to horny jail.",BUY,0.8,"Negative funding indicates market is not shorting aggressively, suggesting a potential reversal.",$BONK
"Entered a tight stop scalp short on #BTC, managing my risk.",SELL,0.8,"Trader is entering a short position on #BTC, indicating a bearish sentiment and expectation of price decline.",#BTC
"RT @CryptoJelleNL: If #Bitcoin can hold this area and close the day above it - I'd be fairly confident the bottom is in.

Great structural…",BUY,0.8,"The user is fairly confident that the bottom of the market is in, implying a potential rebound.",BTC
#gas $gas take partial profit from 7% onwards and trail $L,NEUTRAL,0.6,"Partial profit taking mentioned, but no clear direction indicated by trailing.",$gas
"When I say $SOL doesn't give a fuck, I mean it does not give a fuck.

Bullish engulfing candle on the daily.",BUY,0.7,Bullish engulfing candle on the daily,$SOL
"Shorts got bonked

> [@Captain_Kole1](https://twitter.com/Captain_Kole1):
> $BONK negative funding.
> 
> Shorts go to horny jail.",BUY,0.8,"bearish sentiment against shorts, potentially indicating a shift in market dynamics favoring bulls",$BONK
"Read this once @citadelswap $fort

> [@CryptoNoan](https://twitter.com/CryptoNoan):
> Treasure Hunt Series - CitadelSwap
> 
> The #BASE network is booming with a TVL of around $300 million. To fuel this growth top-notch infrastructure is required.
> 
> 🔍 Discovered @citadelswap - a promising project with an upcoming token launch!
> 
> ▫️Stay tuned for a deep dive
> 
> Repost 👇",BUY,0.8,"The tweet expresses a positive sentiment towards CitadelSwap and its upcoming token launch, indicating potential growth in the project.",$FORT
"Double top visible on 4h n above
Positive funding
Favours bears
But meme - high risk - max 2%
#bonk $bonk

> [@Ewex00](https://twitter.com/Ewex00):
> @CryptoNoan 
> 
> $1000BONK Short at CMP?",NEUTRAL,0.5,"Mixed signals: double top formation suggests bearish sentiment, but positive funding and mention of a short opportunity suggest opposing views.",$BONK
$FET here is the obstacle he must overcome to go straight to the moon,BUY,0.8,"The tweet uses a lunar metaphor to indicate potential high growth, suggesting optimism towards the asset $FET.",$FET
"$LDO is going to turbo send imo.

there's only so many SR flips we can do before it just marks up and leaves those prior highs in the dust.

defo targeting all time highs, no doubt in my mind.

trading this on bybit👇
https://t.co/zHX9WYRMOM",BUY,0.8,"The user is extremely bullish on $LDO, expecting it to reach all-time highs and is actively trading it.",$LDO
"Nite killed it with $ator . 

He threadoorred it to $2 lol 

Gg Ator community!

> [@Teaching_Crypto](https://twitter.com/Teaching_Crypto):
> $Ator | @atorprotocol 
> 
> $2 smashed 🔥",BUY,0.9,Strong support from the @atorprotocol community after a successful price movement to $2.,$ATOR
"Flip line and confirm $KAVA 

> [@eliz883](https://twitter.com/eliz883):
> $KAVA pair btc bottom is  in",BUY,0.8,Confirmation of a potential buy opportunity by the user and a third party (@eliz883) citing market conditions.,$KAVA
Loaded $WNT here at mid range 🎯,BUY,0.6,"Positive sentiment with a loaded position at mid range price, indicating a bullish outlook.",$WNT
"Update $ETH 

> [@eliz883](https://twitter.com/eliz883):
> My ideal scenario waiting 0.5 zone 1940 area",BUY,0.8,Mention of ideal scenario waiting for the 0.5 zone (implied as a buy opportunity) and reference to a specific area ($1940) suggests bullish sentiment.,$ETH
RT @tanoeth: $GMX is going to print me a few $ETH this week.,BUY,0.8,Bullish statement indicating expectation of price increase.,$GMX
dips is gift $DYDX,BUY,0.8,"Tweet mentions a 'gift' in the context of a dip, implying the author sees dips as opportunities to buy $DYDX.",$DYDX
"#Bitcoin Not the worst looking chart.

Bulls need to hold the range low and this would look just fine.",BUY,0.6,"Positive tone and mention of a 'fine' chart, indicating bullish sentiment, but caution is advised with the word 'need to hold'.",BTC
"If #Bitcoin can hold these prices -- we're looking at an aggressive sell-off that failed to break any key levels.

Sell pressure gets absorbed, strong bull market sign if we go up from here.",NEUTRAL,0.5,Mixed signals: the author mentions a potential aggressive sell-off but also considers strong bull market sign if prices go up.,BTC
"Pretty sure this is going to break into new ATHs before Christmas.

Man, $INJ looks good.",BUY,0.6,The user expresses optimism about the token breaking into new all-time highs before Christmas.,$INJ
"When the bull market gets underway, demand for lending will skyrocket.

Chart looks poised for upside too; $CRV should be a comfy hold from here.",BUY,0.7,"The author expects a bull market and increasing demand for lending, which could positively impact the price of $CRV.",$CRV
"#Bitcoin is still following the rough expectations I set out 3 months ago.

Expecting a slower grind up from here, slowly making our way toward $48,000.

Altcoins should continue to do well in the meantime.",BUY,0.7,"Expecting a slower grind up towards $48,000 and altcoins doing well",BTC
"It's still early, but as it stands it looks like #Bitcoin is flipping yet another weekly level into support.",BUY,0.6,"The tweet suggests a bullish sentiment towards Bitcoin, indicating that it is gaining support levels.",BTC
"My expectation has been that $ETH/BTC will retrace the entire Spot ETF Filing move.

It's nice in the long run but with a #Bitcoin Spot ETF looming I think that will drive ETH/BTC back down before bouncing.

For ETH/BTC to go down, it would likely be paired with upside on BTC and…",SELL,0.8,"Expectation of price retraction and potential downturn before bouncing, driven by #Bitcoin Spot ETF looming.",$ETH/BTC
"RT @CryptoNoanGemz: #BRIDGING 👇

To Bridge $ETH from Arbitrum, follow these steps:

▫️ Go to https://t.co/efzztZZmQ1
▫️ Connect your wallet…",NEUTRAL,0.7,Educational content with no bullish or bearish sentiment.,ETH
"Leverage trading with funds from your web3 wallet?

Now that STIP funds have been claimed GMX trading incentives are live. 

Receive 75% of the open fees airdropped back in ARB. 

Meaning there is a trading fee of 0.0175%. 

$GMX",BUY,0.8,"The tweet promotes a new trading incentive and airdrop, implying a positive development for GMX token holders.",$GMX
"2x hit $TVK ...but i think more in next weeks

> [@eliz883](https://twitter.com/eliz883):
> Add $TVK on my spot bag ,nice deviation after close above daily",BUY,0.8,User is adding $TVK to their spot bag and expecting a deviation after the daily close above.,$TVK
"Best trade of the day, how much you made? #grok $grok?

> [@CryptoNoan](https://twitter.com/CryptoNoan):
> I think meme community will take over this coin $grok $grok 
> 
> Buy tip if you can handle rip",BUY,0.8,The mention of a 'best trade of the day' and a suggestion to 'buy tip' indicates a bullish sentiment from the author.,$grok
"RT @CryptoJelleNL: If #Bitcoin can hold this area and close the day above it - I'd be fairly confident the bottom is in.

Great structural…",BUY,0.6,The user is fairly confident the bottom is in if Bitcoin holds a certain area.,BTC
"RT @CryptoJelleNL: Dips are an inevitable part of #Bitcoin bull markets. 

They pull back just deep enough to get you to panic sell, and th…",NEUTRAL,0.5,The tweet is discussing a common phenomenon in bull markets and does not contain explicit buy or sell signals.,BTC
"RT @CryptoBullet1: $MAV is breaking out 👀 📈

T1 - $0.38
T2 - $0.50
T3 - $0.58

_
Trade with me here ➡️ https://t.co/tIisM9pa4C

🔥 Up to 30,…",BUY,0.6,"The tweet mentions a breakout for $MAV, with increasing price targets (T1: $0.38 -> T2: $0.50 -> T3: $0.58), indicating potential bullish sentiment.",$MAV
$ETH what a perfection 4% up,BUY,0.5,positive adjective 'perfection' used to describe ETH's price movement,$ETH
"Of course, the biggest rippers are the ones that I’m trading 😀

they were lining up…

$AVAX",BUY,0.8,Positive sentiment towards $AVAX with the use of 'ripers' implying a belief in future price increase.,$AVAX
"$SOL

Booooooooooooom",BUY,0.8,Exclamation mark and 'Booooooooooooom' indicates strong bullish sentiment,$SOL
"$FET

Nailed the local bottom on this one",BUY,0.8,"The user claims to have 'nailed the local bottom' on $FET, indicating a belief that the price has reached its lowest point recently and is likely to increase.",$FET
"$MAV Macro chart

#MaverickProtocol is one of the new #altcoins I’m pretty bullish on.

📍 Long-term Buy Zone: $0.195-0.130
        Aggressive Buy: 0.130-0.084

🔨 Major Resistance: $0.59-0.75

🎯 Target 1 - $4.70
🎯 Target 2 - $14.00",BUY,0.8,"The tweet mentions a long-term buy zone and aggressive buy levels, indicating a positive sentiment towards the coin.",$MAV
"$BTC

Just riding the line, if you had the @Tradingalpha_ software, you would’ve known where to buy that dip 😀",BUY,0.7,"The user is referencing a dip in the $BTC price and implies that they had prior knowledge of its occurrence through software, which suggests a bullish sentiment.",$BTC
"Lmao, already made back all the funds I send to cold storage, trading account back to ATHs

Market is very easy atm, but at some point that will stop. 

Keep taking profit.

> [@CryptoJelleNL](https://twitter.com/CryptoJelleNL):
> Been a good week.
> 
> Cashed out the trading profits, converting it to #Bitcoin and sending it into cold storage.
> 
> Long term is the name of the game.",NEUTRAL,0.6,"The user has made profits back and is keeping a long-term perspective, but also acknowledges that the market may become less easy at some point.",
"#1000bonk $1000bonk on mexc and bybit 

Expected double top with educational illustration 

SL is too high, hence Noanfam Indicator used",NEUTRAL,0.7,Mention of a double top pattern and SL being too high suggests caution but no clear direction.,$1000bonk
RT @CryptoNoanGemz: Postponed due to some issues,NEUTRAL,0.6,"The tweet mentions postponement due to issues which does not directly convey a clear sentiment or direction for any cryptocurrency. It may indicate a neutral, non-actionable message.",
"$SUKU

Expecting more upside as long as this breakout holds",BUY,0.8,Breakout with expectations of more upside,$SUKU
"#lina $lina is wild, highly volatile
Long only on confirmation
Never trade without an SL and don't hold forever without taking profit partially",NEUTRAL,0.6,"The user acknowledges volatility and recommends a cautious approach (long only on confirmation, setting SL, and taking profit partially). The tone is advisory rather than promotional.",$LINA
$MKR,NEUTRAL,0.5,Ambiguous tweet that only mentions a single ticker symbol ($MKR) without any further context or sentiment.,$MKR
"$TIA

More new highs. 🔥🔥",BUY,0.8,"New highs indicated by the user, suggesting a positive sentiment and potential upward momentum.",$TIA
"Now don't get too excited here fellas, at least, not until this level is reclaimed.

Not saying we go to zero but for now, this is looking like a bear retest.

Closed the leveraged altcoin positions as shared just now, waiting for this to play out.

 #Bitcoin",NEUTRAL,0.6,"Bearish sentiment, but not a clear call to sell or buy. The author is cautious and waiting for market developments.",#Bitcoin
"Careful with FOMO here on the bounce as now $ETH retesting resistance that was our support 

Reclaim —> can look to play the continuation 

Rejection —> likely get a chance at sweeping wick low

Personally I’ve taken profits across the board on the bounce",NEUTRAL,0.7,"The author is cautioning against FOMO and retesting resistance, indicating uncertainty about the direction of $ETH. They also mention a possible opportunity to play the continuation or a chance at sweeping wick low.",$ETH
".@vertex_protocol LBA day 2:

- $6M TVL
- $3M $USDC supplied

Incredible.

Up only. $VRTX

> [@vertex_protocol](https://twitter.com/vertex_protocol):
> Day 2 of Vertex's LBA 📈 
> 
> ➡️ https://t.co/zWqUEsN1ai",BUY,0.9,"Positive sentiment and increasing TVL ($6M) with significant USDC supplied ($3M), indicating strong demand and potential growth.",$VRTX
"#avax $avax I caught this when the market dropped yesterday

I'm closing this n opening waiting for short position

It is at the resistance",NEUTRAL,0.6,The user is closing a short position and waiting for another opportunity at the resistance level.,$avax
"$SOL

Let me start by saying that this is a consolidation within the context of a healthy uptrend

Therefore, the way you frame your trade setups should be via looking for continuation longs

Having said that, I think it's likely this consolidation continues on a bit longer as…",NEUTRAL,0.6,"The tweet suggests a healthy uptrend and continuation of the consolidation, implying a neutral sentiment without giving a clear buy or sell signal.",$SOL
"RT @citadelswap: $FORT Private Sale is officially LIVE! 🚀

Join Now: 👉https://t.co/6OjRcKzY7X

Hard Cap: 60 ETH
Sale Method: FCFS
End date:…",BUY,0.9,Excitement and enthusiasm around the private sale of $FORT with a clear call to action to join now,$FORT
"$HOUSE betting contest

Telegram Bot, sign up here, no KYC: 
https://t.co/CniZnQvi1e

If you're up since our entry -> test the product.
Good luck! :)

> [@housemoneyapp](https://twitter.com/housemoneyapp):
> It's time for a $HOUSE betting contest with over 7 ETH ($15K+) in prizes
> 
> 📅 Dates: 11/14 - 11/28
> 
> 🏆 How to win: Have the highest bet volume + the most  profit from leverage betting
> 
> 💵 Everyone in the top 10 wins
> 
> Sign up here to join the contest👇
> https://t.co/iyiHHXTBiY",BUY,0.7,"The tweet is promoting a betting contest with significant prizes ($15K+), which suggests optimism and enthusiasm among participants.",$HOUSE
$SDEX - Into support and then send hard 🎯,BUY,0.8,"The tweet suggests entering a trade near support levels, indicating a bullish sentiment.",$SDEX
"$BTC

Still strong... green dot",BUY,0.7,"The use of the word 'strong' in a positive context, along with the green dot indicating a bullish indicator.",$BTC
"#Bitcoin $37K is in my eyes the main pivot which determines whether we're going for new yearly highs in the short term or not.

A lot of volume traded around that region and it's also this week's open.

Get to that region and a lot of short covering will likely take place.",NEUTRAL,0.5,"Pivot point mentioned, but no clear bullish or bearish bias; mentions short covering as a likely outcome.",BTC
"$ETH

Burned off the RSI, riding the line, green dots...",BUY,0.7,Reference to riding the line and green dots suggests a positive outlook on Ethereum's price movement.,ETH
"$SOL  I'm long and strong (and a bit levered)

Trade it with me here, use leverage and perps (with care) even in the US right now:

https://t.co/uru2Q9H4VK",BUY,0.8,"The user is 'long and strong', indicating a bullish position on $SOL.",$SOL
"$AVAX

Continues to look strong, resistance clearly been holding us back at $20",NEUTRAL,0.5,Continues to look strong but has resistance at $20 which prevents a clear direction.,$AVAX
"$BBANK - So early, it's still under Private sale price🎯",BUY,0.8,"The user is expressing excitement and optimism about the token's price being below its private sale price, indicating a potential undervaluation.",$BBANK
"Closed my leverage longs for now that I bought on yesterdays dip 

$BTC retesting resistance level here 

If we flip here I’ll look for new longs if not think we get some juicy entries on a retest 

Keeping it simple —-> securing gains & compounding onto the next trade",NEUTRAL,0.6,Holding current long positions but not entering new trades or closing shorts,$BTC
$NTRN fresh fresh coins going higher something something,NEUTRAL,0.5,Lack of concrete information or technical analysis.,$NTRN
$AVAX 🚀,BUY,0.8,The rocket emoji 🚀 indicates a bullish sentiment and the mention of AVAX suggests an expectation of price increase.,$AVAX
"$LINK

Nice s/r test",BUY,0.4,The mention of a successful s/r test implies that the author is optimistic about the trend for $LINK.,$LINK
$RNDR exploded!,BUY,0.9,Excitement and surprise in the tone suggest a positive sentiment towards $RNDR,$RNDR
"$OP

Don't even have to trade them IMO, just buy and hold",BUY,0.8,"Recommendation to buy and hold $OP, indicating bullish sentiment.",$OP
$AZERO,BUY,1.0,"The tweet '$AZERO' is a direct reference to the AZERO token, implying a bullish sentiment towards it.",$AZERO
$20 $AVAX,BUY,0.5,price target mentioned,AVAX
"RT @FirstBankETH: We are unsure people understand the power of what $BANK is building. 

The $BANK launchpad is set to be a revolution. Our…",BUY,0.8,Positive tone and optimistic language used to describe $BANK's launchpad as a 'revolution'.,$BANK
$AVAX s/r test,NEUTRAL,0.5,"The tweet contains a technical term ($AVAX s/r test) but lacks clear sentiment or direction, suggesting neutrality.",$AVAX
"They don't know yet, but they will really soon.

> [@JoshMcGruff](https://twitter.com/JoshMcGruff):
> @blknoiz06 One of the biggest plays in $SOL will be $FM / @FlowmaticXYZ 
> 
> Backed by @HxroNetwork and allows access to their liquidity, API just released, staking later this month and around 1-2M MC",BUY,0.8,"The tweet is bullish on $SOL and mentions a potential play with $FM, backed by @HxroNetwork, which implies future growth.",$SOL
"$SUI Had one of the worst choppy grinds up out of all the coins. 

Clear volume increase, dips being bought up and a lot of new coins have been rallying.

$0.62-0.63 is the key level to break. Up on doing so I think $0.78 and $0.89 are not out of the question.",BUY,0.7,Clear volume increase and new coins rallying with dips being bought up.,$SUI
$rndr chart is going to ATH's,BUY,0.7,ATH (All-Time High) mention indicates optimism and potential price increase,$rndr
"$snx I use to trade this all the time.

Weekly cloud break happening. Grabbing a big spot bag to see if this runs to $6-$10.",BUY,0.8,The user has experience trading the ticker ($SNX) and is taking a big position based on a technical indicator (weekly cloud break). They're aiming for significant price growth.,$SNX
"$near no trigger yet but watching for the 1w cloud play. 

Its nearing! Ill be ready for a huge pump on this.",BUY,0.7,Watchful anticipation of a potential price increase based on the mentioned 1w cloud play and expressed eagerness for a 'huge pump',$near
"$SUI - h1 reclaim. Send it to Range Highs 🙏

#SUI",BUY,0.8,Technical rebound and reclaiming a key level,$SUI
"#Bitcoin Still up in November but it has been a wild ride so far.

How do you think we'll end the month?",NEUTRAL,0.7,"The tweet mentions that Bitcoin is still up in November but has been a wild ride, indicating uncertainty and volatility rather than strong bullish or bearish sentiment.",BTC
$BTC LFG!!!!!!,BUY,0.8,Exuberant language and enthusiastic punctuation ('LFG' is internet slang for 'Let's Go') suggest a bullish sentiment.,$BTC
"RT @DaanCrypto: My expectation has been that $ETH/BTC will retrace the entire Spot ETF Filing move.

It's nice in the long run but with a #…",NEUTRAL,0.7,Neutral comment on ETH/BTC retrace expectation with no clear bullish or bearish bias.,$ETH/BTC
"$BTC dip has been completely eaten

Bears were celebrating yday lmfao",BUY,0.8,Bearish sentiment and expectation of further price increase after a dip has been 'eaten'.,$BTC
"THAT’S WHY YOU BUY FEAR

> [@CryptoKaleo](https://twitter.com/CryptoKaleo):
> #Bitcoin / $BTC
> 
> Still think we could see a bit lower down toward $34K, but I’m starting to see a lot of fear on the timeline. “Is it over???”
> 
> Buy fear, sell greed.",BUY,0.9,"The user is advocating for buying fear, indicating a contrarian sentiment that markets are undervalued due to excessive pessimism.",$BTC
"OH YEAH!!!!

$BTC",BUY,0.8,Bullish sentiment and enthusiastic tone from a likely retail investor.,$BTC
"$MSTR was $522 when $BTC was much lower

Take me to the promise land Mikey...",BUY,0.8,"The user is referencing the potential future price of $MSTR in relation to the current low price of $BTC, implying a bullish sentiment.",$MSTR
"RT @JJcycles: Think it is time to send it straight to 40k+ this week.

#Bitcoin",BUY,0.7,"The user is expressing optimism about Bitcoin reaching a high price target of $40k+, indicating a bullish sentiment.",BTC
"RT @JJcycles: All of you focus too much on Bitcoin right now.

$ETH",NEUTRAL,0.5,"The tweet does not contain any clear bullish or bearish indicators. However, the user is suggesting a shift in focus from Bitcoin to Ethereum, which could be interpreted as a neutral sentiment.",$ETH
"$BTC on CME ready for $41,500",BUY,0.5,Target price set for $BTC indicating a bullish sentiment on CME.,$BTC
"$METIS 

Looks like it's gearing up for higher prices once this consolidation has concluded

Send it my friends",BUY,0.6,"The user is anticipating higher prices after a consolidation period, indicating a bullish sentiment.",$METIS
"Looks like no $BTC ETF approval January

> [@JSeyff](https://twitter.com/JSeyff):
> UPDATE: There's the delay order for @hashdex 's application to convert $DEFI from a #bitcoin futures ETF to an ETF that hold both futures and spot.
> 
> h/t @News_Of_Alpha",NEUTRAL,0.5,"The tweet discusses a potential delay in the approval of a $BTC ETF, but does not express a clear sentiment or recommendation for buying or selling. It can be interpreted as neutral, although it may have a slight bearish undertone due to the mention of a 'delay'.",$BTC
$AVAX relative strength today as price approaches HTF range peaks,NEUTRAL,0.6,"The tweet is neutral as it does not explicitly recommend buying or selling $AVAX, but mentions relative strength which could be seen as slightly positive.",$AVAX
"Bitcoin doesn't seem to give a fuck about the disappointing ETF news.

That tells you that there's a very eager bid lurking.

Dips will most likely be shallow.

$BTC",BUY,0.8,"Eager bid lurking, shallow dips expected",$BTC
"#Bitcoin / $BTC

Price discovery is a magnet.

The chart below details price action similarities from the 2020 covid capitulation wick recovery that led to the 2021 bull market to the current price action and how the market has trended since the FTX capitulation event.

In this…",NEUTRAL,0.6,"The tweet discusses price action similarities between the past bull market and current trends, but does not explicitly state a clear buy or sell signal.",$BTC
"Let the ponzi kektinue

> [@bet_etf](https://twitter.com/bet_etf):
> $ETF",NEUTRAL,0.5,"Tweet contains a sarcastic reference to a Ponzi scheme and an ETF ticker symbol, but does not provide clear investment advice or recommendation.",$ETF
"$eth Vol is still technically really low, your not too late anon. 

You can still look into dated expos, learn options asap.

Here:

https://t.co/UtVdiCVCyg

$arb",BUY,0.7,"The tweet suggests that the volume is still low but not too late to invest in ETH, implying a positive outlook for the future.",$eth
some of these alts on Binance are being accumulated so heavily they are all gonna run as $TRB x10+,BUY,0.7,Market optimism and accumulation of altcoins on Binance,$TRB
$BTC up close,BUY,0.6,short bullish statement with no additional context indicating a positive sentiment towards $BTC.,$BTC
"Let's go to $80

$SOL",BUY,0.9,Price target mentioned ($80) indicates optimism and a clear bullish sentiment.,$SOL
$BTC,BUY,0.8,Implicit bullish sentiment from focusing on $BTC alone.,$BTC
"Shorted #BTC 1hr/4hr trade, watching PA closely. Will still swing short daily close below $37.5k (separate account).

For now, playing this range.",SELL,0.8,The user has explicitly stated they are shorting #BTC and setting a condition for further short selling.,#BTC
Ohh that's why #Bitcoin bounced from there.,BUY,0.6,Positive reaction to a bullish event (bounce from support level),#Bitcoin
"$SOL fresh local highs

Pushing through those high wave candles",BUY,0.6,"Local highs reached, price pushing through high wave candles, indicating potential bullish momentum.",$SOL
flip 0.25 and full send 0.10 $TVK,BUY,0.8,"The user is planning to increase their position in $TVK, which indicates a bullish sentiment.",$TVK
"👌

> [@GlaredGuardian](https://twitter.com/GlaredGuardian):
> Crypto Twitter, 
> Yesterday, we were 12K $ 
> Today, 68K $
> 
> If you followed Capo and are still doing DCA for short $SOL $BTC $BNB $TRX, you lose your funds + opportunities in the market.
> 
> Change your mind, and find better traders now. I give you the best two @CryptoWizardd @eliz883…",BUY,0.8,"The user is promoting two successful traders and encouraging followers to change their strategy, indicating a positive sentiment towards the market.",$SOL $BTC $BNB $TRX
"$OTSEA - Hard working 5 plus member doxxed team with a working product that people use, revenue share, reduced fees for holders, etc. $GROK - Anonymous dev making a meme that does nothing. Investing versus gambling.",BUY,0.8,"Strong comparison made between $OTSEA and $GROK, with OTSEA being described as a hardworking team with revenue share and reduced fees for holders.",$OTSEA
Gib and run my stop in the same candle? $BTC,NEUTRAL,0.5,Unclear intent and lack of concrete trading strategy,$BTC
"I'm not going to tell you my target, as I do not want to jinx it.

All I can say is that $SOL is only just getting started.

There will be pullbacks, but I'm going to comfortably hold this beyond that previous all-time high.",BUY,0.9,"Target not shared to avoid jinxing it; sees SOL as getting started with potential for pullbacks, indicating a long-term bullish perspective.",$SOL
"Speaking of all-time highs, feels like its about time for $INJ to push beyond that $20 mark.

Fresh ATHs before Christmas.",BUY,0.8,"The tweet mentions an all-time high and a desire for the price to push beyond $20, indicating bullish sentiment.",$INJ
"$HBAR

Accumulating down at these levels after this downtrend breakout.

Looks good for upside potential to at least one red zone; if not both.",BUY,0.6,Accumulating at lower levels after downtrend breakout with upside potential to red zones,$HBAR
"Shallow pullback, new highs.

Rinse and repeat.

#Bitcoin",BUY,0.8,New highs after a shallow pullback suggests market optimism and potential for further price increase.,BTC
Close this too ...soon go to sleep $FET,BUYN,0.3,"Implication of market optimism and eagerness to act before the close; however, tone is not overwhelmingly positive.",$FET
$SOL - Let's see how many people will get upset at what a hedge short is. When you don't want to give up your entry but want to take profits you short at resistances (OBV in this case). If wrong you make money from holding spot. If correct you make money on the short then close.,NEUTRAL,0.5,The tweet discusses a trading strategy involving short selling at resistances without expressing a clear bias or direction for the SOL price.,$SOL
"Don't fade the lion. I will share more #GambleFi projects that are primed for a run. Activate notifications.

$HOUSE entry was perfectly timed. Intraday 70% 🔥",BUY,0.8,Positive sentiment towards a specific project and past performance (HOUSE entry) suggests bullish intent.,$HOUSE
Short $RUNE,SELL,1.0,"Bullish sentiment explicitly contradicted by 'Short' statement, indicating bearish intent.",$RUNE
"Yesterday... they said it was over

Today... #Bitcoin closed its highest daily candle in 560 days

The honey badger doesn't give af",BUY,0.8,Contrarian sentiment and reference to Bitcoin closing its highest daily candle in 560 days,#Bitcoin
$ETH tik tok,NEUTRAL,0.2,Ambiguous and lacking in actionable content.,ETH
"Awesome 👍

> [@citadelswap](https://twitter.com/citadelswap):
> That was fast 🤯
>  
> $FORT Private Sale Hard Cap has been reached in less than 30 minutes!  
> 
> We’re speechless, and we would like to thank our community for the amazing support! 🛡️
> 
> $FORT Public sale will begin soon, are you ready? 👀",BUY,0.9,"Positive sentiment from the team and community, indicating strong interest in $FORT. Private sale hard cap reached quickly suggests high demand.",$FORT
"Guess what $sol coin that's breaking out. 

> [@HackermanAce](https://twitter.com/HackermanAce):
> Top gainers in the $sol Ecosytem are up 100% - 300%.
> 
> Majority of others are up over %50.
> 
> Find the gems that aren't that up yet and are legit companies. 
> 
> Also if something has popped into new ATHs , then look for 35% retraces to add.",BUY,0.8,"The tweet suggests looking for undervalued gems in the Solana ecosystem that are not yet significantly up in price, and also mentions retracing to 35% after a new ATH, implying an expectation of further growth.",SOL
"Would you believe me if I told you that the next target is $39 for one $avax? 

> [@HackermanAce](https://twitter.com/HackermanAce):
> Lol hit 19.60
> 
> Crypto trading has been stupid ez lately, 0 reason for leverage or liquidations. 
> 
> $avax.",BUY,0.8,Positive sentiment on AVALANCHE ($avax) with a specific target price and no mention of selling or risk.,$avax
$ETH 😎,BUY,0.6,"Positive emoji used with ETH symbol, indicating bullish sentiment.",$ETH
"$xtz

I think we can easily clear to $1 and then try for 1.65.",BUY,0.8,The user is optimistic about the price increasing to $1 and further to $1.65.,$XTZ
$AVAX 🔺🔺🔺,BUY,1.0,Arrow up symbol indicates increasing price and bullish sentiment.,$AVAX
"RT @JoshMcGruff: 40+ new holders today, now above 500 and growing.

$FM will be the one you look back at and go ""damn""",BUY,0.9,Positive tone and increasing number of holders indicating market confidence,$FM
RT @dizzanxietytho: Rotated some of today's alt profits into $fm. It's not very volatile yet because the @FlowmaticXYZ platform hasn't laun…,NEUTRAL,0.5,"User is holding onto profits and rotating into $fm, but also mentioning volatility and a platform that hasn't launched yet, indicating uncertainty.",$fm
$ALGO,NEUTRAL,0.5,The tweet is a simple mention of the ticker symbol $ALGO without any bullish or bearish context.,$ALGO
$ATOM,NEUTRAL,0.5,Too vague to determine sentiment or intent.,$ATOM
"RT @iakkisaxena05: #Tradewithnoan @CryptoNoan 
$PHB like this? confirms 200EMA support in the daily.",BUY,0.6,Confirmation of daily EMA support for $PHB indicates a potential bullish trend.,$PHB
"$ETF bottom is in. 

The snake of Ba Sing Se has capitulated his holdings.

Time to BET MORE.",BUY,0.9,"Bullish language ('bottom is in') and a call to action to 'BET MORE', implying a strong conviction in the market's direction.",$ETF
"$BONK

1,500% in a month

It's called bonk. 😂😂 Smh",BUY,0.8,Strong price increase (1500%) indicates potential for further growth and investor enthusiasm.,$BONK
$22 $AVAX,NEUTRAL,0.5,Price reference without context or interpretation.,AVAX
"#tomo $tomo 🩸 

> [@CryptoNoan](https://twitter.com/CryptoNoan):
> #tomo $tomo crash on delisting",BUY,0.8,The mention of a potential crash might be overly bearish and cause some traders to buy $tomo instead of selling or holding off.,$tomo
"#Bitcoin retested the 25-day EMA, and then engulfed 4 days worth of red candles.

This market wants higher.",BUY,0.8,Engulfing pattern and retest of the 25-day EMA with a strong bounce.,BTC
"took two minutes lol

> [@CryptoKaleo](https://twitter.com/CryptoKaleo):
> don't sleep on $DOGE",BUY,0.8,"User took two minutes to respond, implying a strong reaction or enthusiasm.",$DOGE
"RT @CryptoNoanGemz: #LearnWithNoan 💡

▫️What is #BRC-20?

✍️ BRC-20 tokens are experimental fungible tokens created using Ordinals & Inscri…",NEUTRAL,0.5,"The tweet appears to be educational and informative about BRC-20 tokens, but does not contain any buy or sell signals.",
"I have accumulated 6 figs of $prime.

I'm so ready.

BTW I'll drop some // alpha.

Buy sub 500 count PLs, scoop up all the 100 or less count card backs.  Thank me later. 

> [@archie45091674](https://twitter.com/archie45091674):
> @HackermanAce $prime in price discovery",BUY,0.8,Accumulation of large amount of $prime and encouragement to buy,$prime
"beautiful 5 wave rise from the lows on $Link.

if we get into range box overnight im bidding.",BUY,0.8,"The tweet expresses a positive sentiment, using the word 'beautiful' and indicating a potential opportunity for buying with a specific price range in mind.",$Link
"#Bitcoin shrugged off the ETF delay news like it was nothing.

Flipping the previous highs into support -- send it higher.

$40,000 probably soon.",BUY,0.8,"The author believes Bitcoin has shrugged off negative news and is likely to continue its upward trend, flipping previous highs into support.",BTC
"#Bitcoin is still following the November 2020 fractal!

Up only from here if we keep following it. 

What do you think?",BUY,0.8,Historical fractal analysis suggesting potential price increase,BTC
Not many people are ready for what happens once $ETH breaks out of this massive ascending triangle 👀,BUY,0.8,Breakout sentiment with emphasis on a significant event ($ETH breakout) and attention-grabbing language (massive ascending triangle),$ETH
"Do you like ? $BTC 

> [@eliz883](https://twitter.com/eliz883):
> $BTC is under res here...to jump into other leveraged positions I will wait...overnight I will never risk...simply a smart strategy",NEUTRAL,0.7,The user is waiting for a better opportunity and is not currently making any investment decisions.,$BTC
"Beast does it again lol 

$Ada first n now $avax

Conviction is one hell of a play.

> [@Beastlyorion](https://twitter.com/Beastlyorion):
> After a whole year of people telling me that nobody uses Avalanche and the future is on Solana and Layer 2's. $AVAX",BUY,0.8,"Positive sentiment towards $Ada and $AVAX, user is optimistic about the future of Avalanche.",$AVAX
"History does not repeat, but it often rhymes.

#Bitcoin",BUY,0.8,"Historical rhymes are often interpreted as bullish signs, hinting at price increase.",BTC
"Halving catalyst in just over 5 months, while spot ETFs are probably getting approved by then too.

I know a raging bull market getting started when I see one.

We're in for one hell of a ride.

#Bitcoin",BUY,0.8,"The tweet mentions a 'halving catalyst' and describes the upcoming market as a 'raging bull market', indicating strong optimism and expectations for price increase.",BTC
"Big congrats to my partners at @HMXorg on successfully bringing indices to Arbitrum!

You can now trade (or use it as a hedging tool!) a Dollar-index on-chain.

Check it out: https://t.co/F5URyFtoOC

#Sponsored

> [@HMXorg](https://twitter.com/HMXorg):
> 📢 Listing Announcement! 🚀 
> 
> @HMXorg is proud to bring you the first ever onchain Customized Index Market (CIM) on @Arbitrum
> 
> $DIX/USD is now LIVE 🟢 on $HMX
> 
> Trade now 📊: https://t.co/1dQEb91Wbf",NEUTRAL,0.5,The tweet is promotional in nature but does not explicitly convey a clear buy or sell signal for any specific cryptocurrency.,
Waiting for a $SOL dip like,NEUTRAL,0.5,Indicates a willingness to buy at a lower price but does not explicitly state an intention to act.,SOL
"Kong knows ,

Already up another 100k in MC which isn't bad since it's eventually gonna go more imo.

V1 holders getting out was the biggest W.  I yet again have multiple casino bags in crypto and am here to feel something. 

$frt $rlb.

> [@KongBTC](https://twitter.com/KongBTC):
> $FRT - @FortuneOnETH 
> 
> Solid recovery after V1 holders from BASE exited.
> Curacao license is almost done.
> Legit team working hard on delivering instead of just talking.
> 
> At 200k MC a no-brainer imo.",BUY,0.8,"The author is optimistic about the future price of $FRT and mentions it's a 'no-brainer' at 200k MC, indicating strong bullish sentiment.",$FRT
"#0x0 consolidation ending soon 

$.30+ by end of year 

Big convinction play for me",BUY,0.8,bullish projection with a specific price target ($0.30) and conviction stated in the tweet,"no ticker specified, assuming general market comment"
"$ADA 🫡

Everything pushing 50%+ recovery since October",BUY,0.8,The mention of a 50%+ recovery since October suggests a positive trend and potential for further growth.,ADA
"RT @Go_Crypto_Girl: Cake 1D chart
@CryptoNoan
#TradeWithNoan #LearnWithNoan #cake",NEUTRAL,0.5,The tweet is a re-tweet of another user's post containing only a chart and hashtags without any trading advice or indication of sentiment.,CAKE
"$MASK ONLY CHART TODAY

> [@hbj_trades](https://twitter.com/hbj_trades):
> $Mask soon imo @eliz883",NEUTRAL,0.5,"The tweet implies a potential bullish sentiment towards $MASK with the phrase 'soon imo', but it's not a clear buy signal, and the context is uncertain.",$MASK
"RT @Go_Crypto_Girl: FTM 1D Chart
@CryptoNoan
#TradeWithNoan #LearnWithNoan #ftm",NEUTRAL,0.4,"The tweet does not contain any clear indication of a buy or sell signal, but the mention of an FTM 1D chart suggests some form of analysis or technical discussion.",FTM
"RT @Go_Crypto_Girl: SNX 1D Chart
@cryptonoan
#TradeWithNoan #LearnWithNoan #SNX",NEUTRAL,0.4,"The tweet is a retweet from @Go_Crypto_Girl, who may have posted an analysis or chart on SNX, but the content of this specific tweet does not contain any bullish or bearish sentiment.",SNX
"It's programmed. So many blessings #Timing 

> [@Anbessa100](https://twitter.com/Anbessa100):
> A lagging big cap can be a blessing. Rotating profits into the $DOGE dip since yesterday.",BUY,0.8,The user is indicating a bullish sentiment on $DOGE by taking advantage of the dip and calling it a blessing.,$DOGE
"$DOGE literally going to the moon

> [@dogecoin](https://twitter.com/dogecoin):
> 🚀Dogecoin On The Moon Update🌕
> 
> Exciting news for the Dogecoin community!🌑
> 
> Astrobotic plans to send a physical Dogecoin to the moon in the DHL Moonbox via ULA's Vulcan Centaur Rocket on 12/23/2023. Funded by our community in 2015, this mission embodies collective effort!",BUY,0.9,"The tweet contains extremely positive and optimistic language about $DOGE going to the moon, with a physical token being sent by Astrobotic.",$DOGE
$MATIC printing the kind of consolidation that suddenly starts ripping higher again,BUY,0.8,The tweet implies a positive sentiment and potential future increase in the price of $MATIC.,$MATIC
"You know it's DeFiszn when this shitcoins turns on the engines.

$YFI",BUY,0.8,The user is expressing optimism about the price movement of a shitcoin (presumably $YFI) and implies that it's gaining momentum.,$YFI
"This is how long Ive been euphoric. $btc

For people learning Ichimoku DO NOT DOUBLE YOUR CRYPTO SETTINGS. If others do it fine but there is no need and thats not what I do anymore.

Double your Ichimoku settings, they dont show this, you will get delayed signals imo.

> [@HackermanAce](https://twitter.com/HackermanAce):
> In 18 hours we are going to have our first weekly Ichimoku candle close inside the clouds since May 2019.  
> 
> 1/4",BUY,0.8,"Positive tone, reference to euphoric sentiment, and emphasis on Ichimoku signals indicating bullish momentum.",$BTC
"#Bitcoin Spot premium has been mostly stable even after yesterday's big move up.

Shows a good amount of spot bid and not a lot of long chasing into these yearly highs.",BUY,0.7,Stable spot premium and good amount of bid support at yearly highs indicate a strong demand for Bitcoin.,BTC
"$ZEC

The coin is cursed but there might be a chance.",NEUTRAL,0.5,Mixed sentiment with a hint of optimism amidst general negativity.,$ZEC
"$ETC

Im gonna be buying so much Ethereum classic , its not even funny. 

If $eth breaks to 2500+ then this is going to $33 imo.",BUY,0.9,Strong bullish sentiment towards $ETC with mention of significant buying and potential price increase.,$ETC
"$WOO #WOO 3D chart

I like this higher low structure. Looks pretty bullish in the medium term.

Key resistance $0.327

🎯 Breakout targets: $0.46 & $0.65",BUY,0.8,"higher low structure and bullish sentiment for medium term, breakout targets set",$WOO
"This bullish megaphone has a target of $48,000!

Up about 45% since we first started talking about it, can it make its way to the target before 2024 starts?

#Bitcoin",BUY,0.8,"Strong bullish sentiment, with the mention of a target price ($48,000) and a significant price increase (45%) since discussion started.",BTC
"Why not 

My triggers for scalp $BTC",BUY,0.8,"The user is considering a scalp trade on $BTC and has triggers in place, indicating a bullish sentiment.",$BTC
"Market is on a minor correction
Hope this not become reversal
#zrx I'm targeting at least 50% of  1D daily green candle on retracement",NEUTRAL,0.6,"The user is aware of a minor correction and hopes it doesn't turn into a reversal, but still targets a retracement at 50% of the daily green candle, indicating some level of optimism.",ZRX
#dydx $dydx,NEUTRAL,0.5,Tweet contains a mention of a ticker symbol ($dydx) but lacks any clear indication of a bullish or bearish sentiment.,$dydx
"My partners at $FLOKI continue to make moves into all kinds of sports leagues 👀

This partnership with 2 Cricket teams should put the little doggo in front of >700m viewers.

Big moves again, lfg.

#Sponsored

> [@RealFlokiInu](https://twitter.com/RealFlokiInu):
> FLOKI AND TOKENFI PARTNER WITH 2x LEGENDS LEAGUE CRICKET TEAMS TO TARGET OVER 700 MILLION PEOPLE
> 
> #Floki and its sister token, @TokenFi, have formed a strategic marketing partnership with India's leading cricket teams: the Manipal Tigers and the Bhilwara Kings.
> 
> This partnership…",NEUTRAL,0.6,"The tweet discusses a partnership between FLOKI and two cricket teams, which may have positive implications for the token's adoption and visibility. However, the tone is more celebratory than explicitly bullish or bearish.",$FLOKI
"$TVK / @VirtuaMetaverse is changing into $VANRY soon!

I've recently got myself some $TVK so I'm excited for this massive upgrade.

As a gaming fan I'm mostly curious to see what more they can bring to the Web3 gaming industry.

> [@Vanarchain](https://twitter.com/Vanarchain):
> Major Update: $TVK to $VANRY Token Swap! 🪙  
> 
> Virtua evolves into Vanar, leading the charge in ultra-low cost transactions and carbon-neutral blockchain for the entertainment industry.
> 
> ➡Token Swap Details: https://t.co/aSxbTE50VN
> 
> Thread 👇",BUY,0.8,"The user has recently acquired $TVK and is excited about the upgrade to $VANRY, indicating a positive sentiment.",$TVK
I will leave limit orders open in the boxes $ZRX,BUY,0.7,"The user is placing limit orders, indicating a buy intent and potential long-term commitment.",$ZRX
"Nice retest on $SOL here 

Now let’s send it to $80+ into the weekend",BUY,0.6,Bullish sentiment with a target price of $80+ mentioned.,$SOL
"$kas $kas overheated with just a single retracement/correction after the break out

If I see another retracement followed by a consolidation and break out, I will get in. 

Good to hold on spot with a clear exit plan

***50000% up from the ATL*** 

> [@hoangtubnb](https://twitter.com/hoangtubnb):
> Binance Futures will launch the USDⓈ-M KAS perpetual contract at 2023-11-17 02:00 (UTC)
> 
> @CryptoNoan check this out, any thoughts of this $KAS getting more explosure and a good hold for possible uptrend ?",BUY,0.8,The author is indicating a potential long-term uptrend with the mention of '50000% up from the ATL' and suggests holding on to spot with a clear exit plan.,$KAS
"Added $SOL

> [@CryptoGodJohn](https://twitter.com/CryptoGodJohn):
> Nice retest on $SOL here 
> 
> Now let’s send it to $80+ into the weekend",BUY,0.8,"Positive sentiment from CryptoGodJohn, a retest with potential for further price increase.",$SOL
$ETH today I'm not very convinced of this move... but at the moment the pa tells me this,NEUTRAL,0.5,Neutral tone with uncertainty about market move,ETH
$ETH must hold area in order to take the yearly highs,NEUTRAL,0.6,"Market analysis suggests holding area is crucial for reaching yearly highs, but does not provide a clear bullish or bearish signal.",ETH
"$DYDX breaking out of a 1.5 year range 

Reminds me similar of $PYR $ $LINK before they both ran up 100% from range breakouts

I think DYDX will be a strong performer over these next few weeks",BUY,0.8,"Technical breakout from a 1.5 year range, historical precedent of significant price appreciation following similar breakouts in $PYR and $LINK",$DYDX
The Yearly highs for $ETH are looming.,BUY,0.7,The mention of 'looming' yearly highs implies a potential increase in value.,$ETH
"The @vertex_protocol LBA continues to gain momentum

After just 3 days: 

- $10.5M TVL
- $5.23M $USDC 

Phenomenal scenes.

Full fkin send. $VRTX

> [@vertex_protocol](https://twitter.com/vertex_protocol):
> Day 3 of Vertex's LBA 📈 
> 
> ➡️ https://t.co/zWqUEsN1ai
> 
> Contributions end in 2 Days...",BUY,0.8,"Momentum in TVL and USDC deposits, with the phrase 'Phenomenal scenes' indicating strong enthusiasm.",$VRTX
"$TVK to $0.66+ this cycle or the market is simply wrong

> [@Vanarchain](https://twitter.com/Vanarchain):
> Major Update: $TVK to $VANRY Token Swap! 🪙  
> 
> Virtua evolves into Vanar, leading the charge in ultra-low cost transactions and carbon-neutral blockchain for the entertainment industry.
> 
> ➡Token Swap Details: https://t.co/aSxbTE50VN
> 
> Thread 👇",BUY,0.8,"The tweet mentions a potential price target ($0.66+) and frames the current market as 'wrong' if it doesn't reach this level, indicating a bullish sentiment.",$TVK
"$DYDX breaking out of a 1.5 year range 

Reminds me similar of $PYR $ $LINK before they both ran up 100% from range breakouts

I think DYDX will be a strong performer over these next few weeks",BUY,0.8,"The tweet mentions a breakout from a 1.5 year range, which is often a bullish indicator. It also compares DYDX to previous performers such as $PYR and $LINK, suggesting that the author believes DYDX has similar potential.",$DYDX
The Yearly highs for $ETH are looming.,BUY,0.7,Yearly highs are a potential area of interest for price increase.,$ETH
"The @vertex_protocol LBA continues to gain momentum

After just 3 days: 

- $10.5M TVL
- $5.23M $USDC 

Phenomenal scenes.

Full fkin send. $VRTX

> [@vertex_protocol](https://twitter.com/vertex_protocol):
> Day 3 of Vertex's LBA 📈 
> 
> ➡️ https://t.co/zWqUEsN1ai
> 
> Contributions end in 2 Days...",BUY,0.8,Positive sentiment towards Vertex Protocol's LBA with significant TVL gain and enthusiastic language.,$VRTX
"$TVK to $0.66+ this cycle or the market is simply wrong

> [@Vanarchain](https://twitter.com/Vanarchain):
> Major Update: $TVK to $VANRY Token Swap! 🪙  
> 
> Virtua evolves into Vanar, leading the charge in ultra-low cost transactions and carbon-neutral blockchain for the entertainment industry.
> 
> ➡Token Swap Details: https://t.co/aSxbTE50VN
> 
> Thread 👇",BUY,0.8,Price target of $0.66 set for this cycle with a bullish tone and major update announcement from the project team.,$TVK
$BTC,NEUTRAL,0.0,No explicit trading signal or sentiment provided in the tweet.,$BTC
"$DYDX breaking out of a 1.5 year range 

Reminds me similar of $PYR $ $LINK before they both ran up 100% from range breakouts

I think DYDX will be a strong performer over these next few weeks",BUY,0.7,"The tweet mentions a potential breakout of a 1.5 year range and compares it to successful breakouts in $PYR and $LINK, indicating positive sentiment.",$DYDX
The Yearly highs for $ETH are looming.,BUY,0.7,Looming yearly highs often trigger short-term bullish sentiment as investors seek to capitalize on potential price appreciation.,$ETH
"$DYDX breaking out of a 1.5 year range 

Reminds me similar of $PYR $ $LINK before they both ran up 100% from range breakouts

I think DYDX will be a strong performer over these next few weeks",BUY,0.8,"technical breakout from a long-term range, historical precedent with similar assets",$DYDX
The Yearly highs for $ETH are looming.,NEUTRAL,0.7,"Indicates a neutral sentiment regarding Ethereum's yearly highs, but does not explicitly suggest buying or selling.",$ETH
"The @vertex_protocol LBA continues to gain momentum

After just 3 days: 

- $10.5M TVL
- $5.23M $USDC 

Phenomenal scenes.

Full fkin send. $VRTX

> [@vertex_protocol](https://twitter.com/vertex_protocol):
> Day 3 of Vertex's LBA 📈 
> 
> ➡️ https://t.co/zWqUEsN1ai
> 
> Contributions end in 2 Days...",BUY,0.8,"Positive sentiment with 'gain momentum', 'Phenomenal scenes', and enthusiastic tone ('Full fkin send')",$VRTX
"$TVK to $0.66+ this cycle or the market is simply wrong

> [@Vanarchain](https://twitter.com/Vanarchain):
> Major Update: $TVK to $VANRY Token Swap! 🪙  
> 
> Virtua evolves into Vanar, leading the charge in ultra-low cost transactions and carbon-neutral blockchain for the entertainment industry.
> 
> ➡Token Swap Details: https://t.co/aSxbTE50VN
> 
> Thread 👇",BUY,0.8,"The tweet mentions a potential price target of $0.66 for TVK and frames the market as 'wrong' if it doesn't reach this target, indicating bullish sentiment.",$TVK
$BTC,NEUTRAL,0.5,"Tweet contains only the ticker symbol '$BTC', indicating a neutral stance without any bullish or bearish sentiment.",$BTC
"$SOL - Longed the dip. H1 consolidation before the most recent move up 

#SOL",BUY,0.7,Expression of confidence in the dip being longed and anticipation of further price increase after consolidation.,$SOL
"All 3 coins in the 2024 millionaire starter pack making new ATH’s and cooking 

2024 gonna be a good year 🤝

> [@CryptoGodJohn](https://twitter.com/CryptoGodJohn):
> $2024 millionaire starter pack 
> 
> $PAAL $ATOR #0x0",BUY,0.8,"Positive tone and language indicating a good year ahead for the mentioned coins, setting new ATHs.","$PAAL, $ATOR"
$RNDR relative strength,NEUTRAL,0.5,Neutral sentiment due to lack of clear bullish or bearish statement.,$RNDR
$FTM working on reclaiming a key level,NEUTRAL,0.4,"The tweet mentions a potential reclaim of a key level, but does not explicitly state a clear direction or conviction.",$FTM
"Great step forward. Already listed on most of the major exchanges Who are supporting the swap aswell.

eyes on them. Previous $TVK >> $VANRY

> [@Vanarchain](https://twitter.com/Vanarchain):
> Major Update: $TVK to $VANRY Token Swap! 🪙  
> 
> Virtua evolves into Vanar, leading the charge in ultra-low cost transactions and carbon-neutral blockchain for the entertainment industry.
> 
> ➡Token Swap Details: https://t.co/aSxbTE50VN
> 
> Thread 👇",BUY,0.8,"Positive tone and language used to describe the token swap update, with words like 'Great step forward' and 'Major Update'. The user is already listed on major exchanges and is expressing optimism for the project.",$VANRY
"I started a position in $BEAM / $MC recently

As I think metaverse & gaming will bring trillions of dollars into the crypto markets I think $BEAM can be a leader in the race to the top 25 🤝",BUY,0.8,"Optimistic outlook on metaverse & gaming impact on crypto markets, and BEAM's potential leadership in this space.",$BEAM
"Well said @KAPOTHEGOAT01 

$AMO chart is a beauty 

Price discovery soon 

Full send it 

> [@KAPOTHEGOAT01](https://twitter.com/KAPOTHEGOAT01):
> Teleport time for $AMO, $1B+ in bull
> 
> - Private sale out
> - No token releases for 3 months
> - Amino shop live. 
> - Revenues will be used for buy back
> - @49ers partnership and uptake of Amino to HUGE fan base 
> -Huge partnerships pending
> 
> Same conviction I had as PAAL at $5m mcap",BUY,0.8,"The tweet is extremely bullish on $AMO with a mention of 'teleport time', implying a rapid price increase. The mention of private sale out, no token releases for 3 months, and huge partnerships pending further supports the bullish sentiment.",$AMO
"The $GBTC Discount has continued to decline throughout the year. Now down to a mere 11%.

Investors in $GBTC have done incredibly well in 2023, being up 258% YTD vs #Bitcoin's +125%",BUY,0.8,"$GBTC has shown significant growth in 2023 compared to Bitcoin, indicating a strong potential for further appreciation.",$GBTC
"$DOGE coin announcing that they are sending it to the literal moon and you didn’t think the market was going to pull back here

> [@dogecoin](https://twitter.com/dogecoin):
> 🚀Dogecoin On The Moon Update🌕
> 
> Exciting news for the Dogecoin community!🌑
> 
> Astrobotic plans to send a physical Dogecoin to the moon in the DHL Moonbox via ULA's Vulcan Centaur Rocket on 12/23/2023. Funded by our community in 2015, this mission embodies collective effort!",BUY,0.8,"The tweet's tone is overwhelmingly positive, mentioning 'exciting news' and the community's collective effort. The announcement of a physical Dogecoin being sent to the moon also suggests potential future growth.",$DOGE
"I’ve claimed 9 $ETH so far in #0x0 rewards from simply just holding

As protocol goes live over the next few months I expect this number of ETH rewards to multiply by 10x rewards weekly

100% of revenue generated go to holders —> future unicorn in the making 

High convinction",BUY,0.8,Strong conviction and positive outlook on future rewards for holding the asset,$ETH
"Sorry, busy IRL day..

$BTC",NEUTRAL,0.6,"The author mentions being busy IRL (in real life), implying they have no time to focus on crypto or trading.",$BTC
"$SOL key liquidity swept now retesting LTF support 

Hold here and possibly bounce towards $80 or looking at a move into mid $50’s 

Added more here easy invalidation if wrong",BUY,0.8,"The user is holding onto the asset and expects a bounce towards $80 or a move into mid $50's, indicating a bullish sentiment.",$SOL
"$SUSHI looks primed for higher

- Old dino coins such as $YFI pumped over +150% since the lows
- FTX the biggest holder, farmer and dumper of this shitcoin is dead
- Accumulate under $1, sell higher",BUY,0.8,The tweet suggests that $SUSHI has potential for growth due to the success of similar coins and the demise of FTX's influence.,$SUSHI
"$SUSHI

Insane OBV push throughout the life of this chart.

Might not mean anything but if you're looking for a lottery bag to buy and forget about that could either go -50% or +2,000% then this could one of those potential big winners this cycle.",BUY,0.6,"Potential for high upside (+2,000%) and lottery-like speculation on $SUSHI",$SUSHI
$WSM attempting to move out of the base. Has to hold ~$167...,BUY,0.6,price is attempting to move out of the base indicating potential bullish momentum,$WSM
"$ETH At an important level relative to $BTC.

I'm not sure if this holds but I guess these high timeframe support levels never look great when you're there.

I do think ETH is pretty cheap relative to many other $ALTS and we'll likely see some flows from those back into ETH soon.",NEUTRAL,0.5,Ambiguous tone regarding the importance of current price levels and potential flows from other assets.,ETH
"$BTC might just range here for a while

Chop everyone up before the next leg higher",BUY,0.7,"The author expects a price increase after the current range and recommends chopping everyone up (i.e., taking profits) before it happens.",$BTC
"RT @El_Samari74: #MemeContest 🥂
@citadelswap #Base $FORT",BUY,0.6,"The tweet contains a meme contest hashtag and is referencing a specific cryptocurrency ($FORT), indicating excitement or optimism towards the asset.",$FORT
"$BTC starting to look a bit cooked here 

Needs to hold here or I think we can expect a deeper correction 

For now —> playing cautiously and I have bidded the recent strong performers on this pull back 

But if $BTC lose here I suggest being a bit cautious",NEUTRAL,0.5,"The tweet suggests caution and a possible deeper correction if $BTC loses the current support, but also mentions bidding on recent strong performers during the pullback.",$BTC
"Feels like they're doing everything in their power to shake you out before the big move happens
#Bitcoin",BUY,0.8,Fear and expectation of a price surge indicate a potential buying opportunity.,BTC
"#Bitcoin Open Interest by it's 5 biggest exchanges.

CME recently leading the charge closely followed by Binance.

Still crazy to see the futures interest on CME rise so much in such a short time span. Shows a lot of institutional interest in trading $BTC.",BUY,0.8,Growing institutional interest in Bitcoin futures on CME and Binance indicates increased demand and potential price appreciation.,BTC
"$BTC to $33,000 one more time then a 10 year bullrun to $201,000 per coin",BUY,0.8,Optimistic price target for $BTC implies bullish sentiment and increased confidence in the market.,$BTC
"$BTC 

just to highlight

welcome 

> [@eliz883](https://twitter.com/eliz883):
> $BTC is under res here...to jump into other leveraged positions I will wait...overnight I will never risk...simply a smart strategy",NEUTRAL,0.5,The user is not expressing a clear buying or selling sentiment but rather caution and a wait-and-see approach.,$BTC
"Slap yourself if you fomo'd instead of bidding. 

Never chase via market orders or small buys just to scale in so you dont ""miss out"" 

$btc",NEUTRAL,0.8,"The tweet advises against chasing market orders or making small buys to scale in, suggesting a cautious approach but not explicitly indicating a buy signal.",BTC
"$SOL

Just gotta hold through this stuff IMO",BUY,0.4,"The user is advising to hold through difficulties, implying a long-term bullish stance.",$SOL
"Scooped some $TIA on this liquidity grab 

Barely flinched during this dump —> and one of the strongest alts in the market last few days",BUY,0.7,The user is expressing a positive sentiment by 'scooping' the ticker and mentioning it's one of the strongest alts in the market.,$TIA
$DOGE +5% on the day,BUY,0.7,Price increase on the day indicates positive market sentiment.,$DOGE
It's time in next 24h $BTC,BUY,0.6,Implication of 'time' implies anticipation and potential increase in price,$BTC
"Time for the annual Christmas PFP 

55 days until the $btc ETF 

Penguin is checking his list and checking it twice

Many special deliveries coming to an inbox near you, right before Xmas",BUY,0.8,"The tweet mentions a specific event (Christmas PFP and $btc ETF) which might be bullish for the market. Additionally, it uses a playful tone with references to Christmas, suggesting an optimistic outlook.",$BTC
"#Bitcoin printing the same Bear Div pattern on the daily chart for the 3rd time this year 🧐

Short-term correction is welcome 📉",SELL,0.8,Bear Div pattern identified on the daily chart for the 3rd time this year,BTC
$HBAR showing good strength vs BTC today.,NEUTRAL,0.5,"neutral tone, no specific price action or trend mentioned",$HBAR
"For anyone that thinks I'm on the left, my performance in 2024 will make you see I'm on the right. 

Too many haters and too many doubters lately. I'm doing this for myself, but everyone getting in the way is just collateral damage. #BTC",BUY,0.6,Aggressive tone and prediction of future performance suggests bullish sentiment.,BTC
"#Bitcoin Trading well above it's bull market support band which, in previous cycles, supported $BTC throughout it's strongest bull trends.",BUY,0.8,"Bitcoin is trading above its bull market support band, indicating a strong trend.",$BTC
"By the way, notice how $SOL tested the @Tradingalpha_ line perfectly again... same on $META today, same on so many..",BUY,0.8,"The user is referencing a trend line that $SOL has respected in the past and applying it to multiple assets ($META) with a positive tone, indicating a bullish bias.",$SOL
"$BTC

Yeah, not a great candle...",NEUTRAL,0.5,"Negative sentiment expressed towards the candle, but no explicit buy or sell signal.",$BTC
#Bitcoin - Bear div playing out as that explosive move yesterday didn't have much movement on OBV. Now the trendline being tested again with price and OBV,NEUTRAL,0.5,"Indecisive mention of bear div and trendline being tested again with OBV movement, suggesting a neutral stance between bullish and bearish expectations.",BTC
Its time $BTC,BUY,0.7,"The use of 'time' implies a sense of urgency and importance, suggesting that the writer believes $BTC is about to make a significant move.",$BTC
THIS IS LEGIT $BTC I THINK THAT IN A WEEK WE WILL HAVE THIS MOVEMENT,BUY,0.8,The user strongly affirms the legitimacy of $BTC and anticipates a significant movement within a short timeframe.,$BTC
$INJ - Was nice enough to hit the target before coming back down.,NEUTRAL,0.5,Neutral sentiment due to lack of clear bullish or bearish intentions in the tweet.,$INJ
"warning signs starting to flash on sol LTF's. 

shared this macro $SOL video update in the private group but i have been a big sol bull on here so only seems fair to share here aswell. 

 https://t.co/iCffcB1Lv1

 if you find value in these, consider using my bybit ref link below…",NEUTRAL,0.5,"Warning signs on SOL's LTF but also mentions being a big bull, which suggests neutral sentiment",$SOL
"$SOL

Pretty significant bear divergence here on daily",SELL,0.9,bear divergence on daily chart indicates potential weakness in price,$SOL
"$SUSHI

Relative strength compared to the rest of the market and OBV looking strong as price starts to break consolidation",BUY,0.8,Relative strength and OBV looking strong as price breaks consolidation,$SUSHI
"#Bitcoin We do have a lot of confluence around this region where price has bounced before this month.

This diagonal support + Monthly VWAP have proven to support price rather well. Whether it holds or not I have no idea.

Let's see if this time is any different.",NEUTRAL,0.5,"Confluence of diagonal support and Monthly VWAP indicates potential for price to hold, but uncertainty about its outcome.",BTC
"#Bitcoin / $BTC

We're just shaking out bulls with no conviction and trapping a few more bears before the send to $40K.",BUY,0.8,"Market is shaking out bulls with no conviction, indicating a potential bottom and upcoming uptrend.",$BTC
"Buying $BTC heavy if we get the dip down below $33,500 - $32,600 

Big gift if we get that",BUY,0.8,Explicit mention of 'Buying $BTC heavy' and a specific price target for a potential purchase,$BTC
"Once I see something like this I go back into defence mode. A signal like that doesn’t necessarily mean it’s the exact top. It simple shows that buyers are likely exhausted and we might see a larger correction so shorts are favoured over longs in the short term at least.

> [@TraderMotif](https://twitter.com/TraderMotif):
> #BTC",SELL,0.8,The tweet suggests that the author is preparing for a correction and favors shorts over longs in the short term.,#BTC
"Once I see something like this I go back into defence mode. A signal like that doesn’t necessarily mean it’s the exact top. It simply shows that buyers are likely exhausted and we might see a larger correction so shorts are favoured over longs in the short term at least.

> [@TraderMotif](https://twitter.com/TraderMotif):
> #BTC",SELL,0.8,The tweet suggests that the author is anticipating a larger correction in the market and favors shorts over longs in the short term.,#BTC
"$UNI weekly

Nice compression, looks ready for a move soon, will look to buy the breakout/weekly cloud entry or another tap of range lows",NEUTRAL,0.6,"Bullish sentiment but no clear buy signal, expecting breakout or retest of range lows",$UNI
"$SHIB weekly

Same setup

compression, waiting for weekly could entry/breakout or another tap of range lows",NEUTRAL,0.6,"Neutral sentiment due to mention of 'waiting for weekly could entry/breakout or another tap of range lows', indicating no clear direction.",SHIB
$BONK shorts going to get bonked again.,SELL,0.8,Short selling warning and potential for price increase (reversal of fortunes),$BONK
We simply left curve bid $SOL for financial freedom,BUY,0.8,"The user has expressed a desire for 'financial freedom' through a specific cryptocurrency ($SOL), indicating a bullish sentiment and potential interest in buying the asset.",$SOL
"$pepe looking a lil heavy

I might consider placing some bids in the 4hr discount zone 

> [@PickkGawd](https://twitter.com/PickkGawd):
> @StonkTrump Can you do a pepe setup as well? Just curious",BUY,0.6,"User is considering placing bids in the discount zone, indicating a potential buying opportunity",$pepe
"Small #Bitcoin fractal, yet not unimportant perhaps.
Time will tell.

(H/T @cryptochimpanz)",NEUTRAL,0.5,Mention of a 'small fractal' but no clear direction or conviction.,BTC
"$DOGE vs $PEPE

It may not be what you want to hear, but Dogecoin looks primed to continue to outpace the frog coin",BUY,0.8,The tweet implies Dogecoin has an advantage over PepeCoin and may continue to outperform.,$DOGE
$MATIC,NEUTRAL,0.5,The tweet contains a single ticker symbol ($MATIC) without any additional context or sentiment.,$MATIC
$24 $AVAX,BUY,0.8,Single-digit price mention typically indicating a bullish sentiment or undervalued perception.,AVAX
$OCEAN flirting with multi month range peaks,BUY,0.6,Multi-month range peak indicates potential trend reversal and upward momentum.,$OCEAN
"$TOOLS reclaiming $100+ and going to new ATH’s 

This is going much higher soon 🤝 impressive",BUY,0.9,Strongly bullish sentiment with a mention of reclaiming $100+ and reaching new ATH's.,$TOOLS
$ETH,BUY,0.8,Implicit bullish sentiment due to the fact that ETH ticker is explicitly mentioned without any negative context.,ETH
"RT @maxmerma66718: Another entry citadel's #MEMECONTEST
@citadelswap A #Base native hyperfunctional Dex and Launchpad built prioritizing in…",NEUTRAL,0.5,The tweet is a re-tweet with no clear opinion or sentiment towards the asset.,#MEMECONTEST
$AVAX!!,BUY,0.8,Exclamation mark and '!!' indicates strong positive sentiment towards AVAX.,AVAX
"$DOGE time soon.

I am Just the messenger.

Gm",BUY,0.8,"Tweet contains an upbeat phrase ""$DOGE time soon"" which is indicative of a positive sentiment towards the cryptocurrency.",$DOGE
"Seems $Opti is leaving the station

$1 atleast. 

Marketcap is 27 mil. 🤝🔮💥 

> [@CryptoWizardd](https://twitter.com/CryptoWizardd):
> Tokens that are still in a buyzone and likely to trade higher the coming months.
> 
> $MLT trades at 0.13 now
> $TSUKA trades at 0.019
> $mtrg trades at 2.20
> $opti trades at 0.20
> 
> Will come back to this tweet in a few weeks",BUY,0.6,The tweet implies that $Opti is undervalued and may reach at least $1 in the future.,$OPTI
"$ZIG 
buybacks from revnue 🔮

> [@zignaly](https://twitter.com/zignaly):
> (1/3) #ZIGDAO continues the fortnightly BuyBack & Burn Program! Buying #ZIG from the market using protocol revenue, turning $ZIG deflationary!🚀🚀
> 
> 1,532,363 ZIG bought for ~$50,157 & burnt!🔥
> 
> Total ZIGs burnt to date: 16,669,867 ZIGs! 💪
> 
> Blog: https://t.co/59ixZg2LAy
> 
> #Zignaly",BUY,0.8,"The tweet mentions a BuyBack & Burn Program, which is a bullish signal for the token $ZIG.",$ZIG
"Sure, the price action has been all over the place, but structurally, nothing has changed.

Continuous higher lows & higher highs, while never taking out a single bit of liquidity.

Somebody is bidding, hard. 

#Bitcoin",BUY,0.8,Continuously higher lows and highs without taking out liquidity indicate buying pressure.,BTC
"21 day range break on $doge right now, i think this might have legs especially while btc does sweet fuck all and trade sideways.

trading this on bybit
https://t.co/zHX9WYRMOM",BUY,0.7,"Positive sentiment towards $doge with mention of 'legs', indicating potential upward momentum.",$DOGE
"Glad we kept it a secret. $DOGE 📈 

> [@Anbessa100](https://twitter.com/Anbessa100):
> $DOGE turned out to be the safe haven. 
> 
> Also, why does nobody mention the 3D DOGE/BTC bullish divergence? This will be our lil secret. Don‘t tell nobody….",BUY,0.8,"The user is expressing a positive sentiment towards $DOGE, calling it a 'safe haven' and highlighting a bullish divergence.",$DOGE
"Everything is going to plan.

Be patient my friends.

#Bitcoin",BUY,0.6,Confident tone and use of 'everything is going to plan' implies optimism and a belief in Bitcoin's future.,BTC
"RT @NebulasCloud: We're thrilled to share the exciting news of the launch of our pre-configured #ETH #node ! 

Setting up your node is now…",NEUTRAL,0.5,Launch announcement for a new ETH node product with neutral tone and lack of market moving information.,ETH
"as I've told you several times, 0.25 is a tough resistance to overcome... we've been trying for several days let's get over it and it will be sent higher imo

$TVK UPDATE",BUY,0.6,The author is expressing optimism and encouragement to overcome the resistance at 0.25.,$TVK
"#Bitcoin is a bit of a one-trick pony, but I don't mind that.

History repeating once again 👇🏽📈",BUY,0.7,"The speaker doesn't mind Bitcoin being a one-trick pony, implying they are comfortable with its limitations and see potential for growth.",BTC
"RT @XMaximist: In the face of market volatility, @zignaly is thriving. By mid-November, Zignaly generated over $127,000 in revenue, intendi…",BUY,0.8,Positive revenue growth and thriving in market volatility suggests a strong project with potential for price appreciation.,ZIGNALY
"Gold over 3000 USD and there is nothing you can do to stop it. 

Pretty massive here with a (roughly) 3 year reaccumulation coming to an end.

As usual, #Bitcoin outperformance with a wide margin.
Either way, this breakout can be one of these catalysts.

#Gold",BUY,0.8,"bullish sentiment towards gold and bitcoin, mention of breakout and outperformance",XAUUSD
"#Bitcoin's higher-timeframe market structure flipped bullish at the start of the year and has not turned bearish since.

Up next: forming another higher low.",BUY,0.8,bullish market structure since start of year and forming higher low,BTC
"Someone told me $DOGE was pumping, would be a shame if....

$FLOKI",BUY,0.7,"Implicit bullish sentiment on $DOGE, explicit mention of competitor $FLOKI is missing, implying the author might be interested in purchasing $DOGE.",$DOGE
Longed #BTC at $36.3k. 🔥,BUY,0.7,"The user has gone long on #BTC at a specific price, indicating a positive sentiment.",#BTC
"$SNX 

strategy and key level",BUY,0.7,"Positive tone and mention of a strategy, indicating potential bullish activity",$SNX
"RT @Bluntz_Capital: warning signs starting to flash on sol LTF's. 

shared this macro $SOL video update in the private group but i have bee…",SELL,0.8,Warning signs on SOL's LTFs indicate potential sell signals,$SOL
"Liquidate me baby

#Bitcoin",BUY,0.8,"Aggressive language used (""Liquidate me baby"") indicates a strong bullish sentiment and willingness to take on risk.",BTC
RT @qu1nto0: @CryptoWizardd $dydx 4H chart,NEUTRAL,0.25,Lack of clear bullish or bearish sentiment; request for chart analysis is neutral.,$dydx
"Good luck whoever aped in
Others don't fomo 
Wait for the next one 🤞

> [@CryptoNoanGemz](https://twitter.com/CryptoNoanGemz):
> $BAI 
> 
> ▫️ 25k to 100k 🚀🚀 (4x)
> 
> @BenderAI_erc @CryptoNoan",NEUTRAL,0.7,"The tweet does not explicitly give a clear buying or selling signal. However, it cautions others from 'fomo' and advises waiting for the next opportunity, indicating a neutral sentiment.",$BAI
A slight spot premium has returned on $ETH.,BUY,0.6,Return of spot premium on $ETH suggests strengthening market sentiment and potential increase in price.,$ETH
What'd you guys do to $HBAR while I was asleep? 😂😥🤣,NEUTRAL,0.5,"The tone is playful and curious, but does not convey a clear sentiment or recommendation to buy or sell.",$HBAR
"RT @CryptoNoanGemz: #LearnWithNoan

✍️What is #DAO?

▫️ DECENTRALIZED AUTONOMOUS ORGANIZATION 👇

📝Let me know in the comments, what do you…",NEUTRAL,0.5,"The tweet is informative and educational, but does not contain any bullish or bearish sentiment that would indicate a buy or sell signal.",
"Ha ha 😂😂

> [@El_Samari74](https://twitter.com/El_Samari74):
> @CryptoNoan said we should  always earn and learn, Meanwhile @citadelswap is giving me both vibes🚀
> 
> #Base $FORT",BUY,0.6,"The user's sentiment is positive with the use of haha and rocket emojis, indicating excitement about earning and learning from @citadelswap.",$FORT
"$TSUKA 

Slowly but steady

Remember buy low. Sell high.",BUY,0.6,Positive sentiment with a call to action (buy low),$TSUKA
"My view on #Bitcoin. Can't make it easier than this range.

Pretty clear which levels are most important here being the ~$35.7K low and ~$38K high.

Anything in between will be choppy.

Get up to a $30K Bonus on Bybit:
🔗 https://t.co/rIxsG0GIWl",NEUTRAL,0.6,"The tweet is neutral as it neither indicates a clear buy or sell signal but rather advises caution (choppy market) and provides information about trading platforms. The mention of key price levels ($35.7K low, $38K high) could be interpreted as a hint to wait for a breakout, which aligns with neutrality.",BTC
Where I am looking to load up on $SOL,BUY,0.9,Strong bullish sentiment indicated by intent to 'load up' on SOL.,$SOL
"GM

$BTC

Having a hard time with resistance...never great",NEUTRAL,0.4,Neutral tone due to uncertainty and struggle with resistance levels.,$BTC
"The ticker is $ETF

> [@BrucieBeee](https://twitter.com/BrucieBeee):
> Ba Sing Se is now a safe place once more.
> 
> @Captain_Kole1 has exterminated all Snakes, Racoons and Weasel Jeets from our sacred land.
> 
> The journey to $69.42 has officially begun.",BUY,0.8,"The tweet mentions a specific price target ($69.42) and the journey to reach it has begun, indicating bullish sentiment.",$ETF
"RT @Vanarchain: Major Update: $TVK to $VANRY Token Swap! 🪙  

Virtua evolves into Vanar, leading the charge in ultra-low cost transactions…",BUY,0.8,Major update announcement with a positive tone and emphasis on ultra-low cost transactions.,$TVK
$LINK first DMA 20 tag since $7.50 range,BUY,0.6,Breaking through a significant DMA (20) and range high at $7.50 indicates bullish momentum.,$LINK
"$HBAR

4H fake breakout 

I'm out for the weekend.",NEUTRAL,0.5,Doubtful breakout confirmation; trader exiting position without a clear buy signal.,$HBAR
$ETH has literally been down only since Black Rock filed for a spot ETF,BUY,0.7,The tweet suggests a potential positive catalyst (Black Rock filing for an ETF) that could have caused the recent decline in $ETH price.,$ETH
$DOGE plan if I get it,BUY,0.3,"The tweet contains a positive sentiment towards purchasing $DOGE, but the language is vague and doesn't provide any clear indication of intent.",$DOGE
"$BTC

Kind of a local bottom, test, then retest...",BUY,0.6,Local bottom indication with potential for test and retest.,$BTC
"$STX Has not been doing much the past couple of weeks.

This one tends to perform well if BTC is strong and goes on a solo run. 

So keep an eye out for when that happens as this is often one of the few alts that keep up when that happens.",BUY,0.7,The tweet suggests that the author believes $STX will perform well when BTC is strong and on a solo run.,$STX
"RT @CryptoKaleo: $APE / $BTC is on the verge of sending above HTF resistance

$2.00+ is  a magnet",BUY,0.8,Indication of price breakout and potential resistance level identified.,$APE
We had so much time to buy $TRB going sideways down here but no one was even talking about it,BUY,0.8,Opportunity to buy $TRB when it was undervalued due to lack of attention from investors.,$TRB
"Game theory visualized 
$BTC 

> [@Pentosh1](https://twitter.com/Pentosh1):
> Here’s a simple thesis. Game theory
> 
> 49 days until etf 
> 
> Many Sidelined people 
> 
> Each passing day = more pressure to allocate as the clock ticks 
> 
> Dips possible. But the window is closing 
> 
> Will it be a local top? Maybe. Will it be the beginning of substantial multi decades of…",BUY,0.8,"The tweet suggests that the market is under pressure to allocate funds before a potential ETF launch, which could lead to increased demand and price appreciation.",$BTC
"Give my humble fren a follow

> [@AltcoinSherpa](https://twitter.com/AltcoinSherpa):
> $BTC: I'll be honest, I didn't really expect this type of price action when breaking thru that 38k level. 40k is the next level up but I wanted to see some more power/push/volume/etc. Maybe it wasn't necessary.
> 
> All in all, spidey senses are going off, not sure why. #Bitcoin",NEUTRAL,0.4,"User's tweet is neutral as it doesn't explicitly express a clear buy or sell signal, but mentions 'spidey senses are going off' which could indicate caution and uncertainty.",BTC
"Here's a prediction, $OTSEA flips $GROK in marketcap by end of year. Blue arrow is where $OTSEA is at when it has revenue share, reduced fees for holding, and doing almost a million in volume OTC. The other is a meme that does nothing but copy Elon and runs on hype and delusion",BUY,0.8,"The tweet is bullish on $OTSEA, predicting it will overtake $GROK in market cap by year's end.",$OTSEA
"RT @Elysium_VF: Another revenue share model!🔥

This time for our metaverse-maker, @MetaScapes_VF!

Also adds another use case to our alread…",BUY,0.8,"Tweet mentions a new revenue share model and adds another use case to the project's portfolio, indicating potential growth and increased value.",ELY
"RT @CryptoKaleo: A bit surprised we haven't seen $GALA make any big moves yet.

A return back to the 2023 highs feels programmed from here.…",BUY,0.8,Expected price increase to 2023 highs based on current momentum and analyst's expectations.,$GALA
$SOL,NEUTRAL,0.0,No indication of bullish or bearish sentiment provided.,$SOL
Finally $pepecomminity #pepecommunity,BUY,0.5,"Positive sentiment towards the Pepe community, possibly indicating a bullish outlook on $PEPECOM",$PEPECOM
"$grok #grok ltf bullish structure
As long as it makes higher lows I will be holding this",BUY,0.8,"The user mentions a bullish structure and will be holding the asset as long as it makes higher lows, indicating a buy bias.",grok
"#Bitcoin I did not share about the CME open/close this weekend due to the reason stated on the chart. This is a message from Friday.

Whenever $BTC is in a strong trend (up or down) and especially when it's trading at yearly highs or price discovery. You tend to have these…",NEUTRAL,0.7,The tweet discusses a trend and price discovery without explicitly calling for a buy or sell action.,$BTC
RT @CryptoShadowOff: $BULL looking like it's about to explode,BUY,0.8,Bullish sentiment and potential for price increase based on the tweet's phrasing.,$BULL
"This is how they steal your BTC btw.

*mutes post*

> [@Route2FI](https://twitter.com/Route2FI):
> The institutional $BTC is almost $40,000 per coin.
> 
> The people's $BTC is $0.086 per coin.
> 
> When retail comes in they have a choice, and they will pick the right one.",BUY,0.8,"The tweet implies that the author believes institutional investors will choose the correct (higher valued) BTC price, which could lead to a price increase.",BTC
"Eliz followers run ✍️ $FET 

ENJOY",BUY,0.6,The tweet implies a positive sentiment towards $FET with the phrase 'ENJOY' and the recommendation to run with it.,$FET
$STX VS $STG,NEUTRAL,0.5,neutral comparison between two tokens without any clear sentiment or direction,"$STX,$STG"
"$INJ 
For now printing a falling wedge in the current correction. 
Might hold this pattern or go for the green box in a bull flag. 

Both patterns suggest continuation up once correction is completed.",NEUTRAL,0.5,The tweet suggests a possible continuation of the upward trend after correction but also notes a falling wedge and potential bull flag patterns which indicate caution.,$INJ
"RT @CryptoJelleNL: After spending the past month building up a giant hidden bullish divergence, #Bitcoin has breached its RSI downtrend!

I…",BUY,0.8,"Hidden bullish divergence, breached RSI downtrend",#Bitcoin
"Gm 

$TAO $FET $Paal $arc $ocean $RNDR $TRAC $OPTI 

AI will be the play where the biggest gains will be made the coming 1/2 years 

What am i missing ?",BUY,0.8,"Positive sentiment towards AI and future gains, with a list of tickers suggesting diversified interests and potential investments.","TAO,FET,RNDR"
"Yesterday Binance had a severe premium verus all other markets. 

I guess not only Blackrock et al are accumulating?

#Bitcoin

> [@hansolar21](https://twitter.com/hansolar21):
> Pretty stark difference in spot CVDs between BTC and ETH 👀",NEUTRAL,0.6,"The tweet discusses a technical aspect of Bitcoin's market premium and mentions accumulation by large investors, but does not explicitly provide a clear buy or sell signal.",BTC
"RT @AltcoinSherpa: Thank you guys for 200k followers. It's been an amazing ride going through CT all of these years. 

I started posting in…",NEUTRAL,0.5,The tweet is a thank you message to followers and does not contain any market analysis or predictions.,
"We haven't even scratched the surface of @FirstBankETH's potential. 

If you've been looking for an entry, you won't get a better one than this.

When the DeFiLlama API is ready, you'll see $BANK at the very top of revenue generating protocols in all of crypto.. with all of the… 

> [@JJMcD93](https://twitter.com/JJMcD93):
> What $BANK plans on delivering could be wild 
> 
> VolumeBot = Vaultum 📊
> TrendingBot = $ETH Trending 📈
> BankPad = Token LaunchPad 🚀
> BankTools = DEX ⛓️
> BankConnect = Collabland supporting staking 🫰
> Bank CEX = CEX 🏦
> 
> Timing is right, this could be big 🤝🫡",BUY,0.9,"The tweet expresses high enthusiasm and optimism about the project @FirstBankETH, with phrases like ""haven't even scratched the surface"" and ""this could be big"". The mention of potential revenue-generating protocols also suggests a positive outlook.",$BANK
Longed #BTC 1hr pennant breakout. Let's see if this pump continues.,BUY,0.8,Identified a bullish pattern (pennant breakout) in BTC price movement.,#BTC
"#Bitcoin pumping

Global liquidity rising

Widespread sentiment still in denial 

Max pain is higher

Much fucking higher",BUY,0.9,"Strongly bullish language, referencing a 'pump' in Bitcoin and increasing global liquidity.",BTC/USD
"RT @CryptoRidley: $ZIG 
16 days of sideways movement, during which there was no break in the structure to talk about a short position. We r…",NEUTRAL,0.3,"Sideways movement with no break in structure to confirm a trend, but also no indication of a strong upward momentum.",$ZIG
"$PAAL finally breaking the pesky $0.15 resistance

See you at $1+",BUY,0.8,Breaking a resistance level and reaching for new highs.,$PAAL
"$EGLD 🚀 🤝

> [@CryptoBullet1](https://twitter.com/CryptoBullet1):
> $EGLD prints a nice Symmetrical Triangle on the 4h 👀
> 
> I think it’s gonna break out soon 📈
> 
> T1 - $52.6
> T2 - $56.5
> T3 - $61.5
> 
> Trade with me here ➡️ https://t.co/tIisM9pa4C
> 
> 🔥 Up to 30,000 USDT Welcome Bonus for new users when they register, deposit & trade!",BUY,0.7,"Symmetrical Triangle formation on the 4h chart with target prices T1 - $52.6, T2 - $56.5, and T3 - $61.5 indicated by CryptoBullet1.",$EGLD
"i've looked at $MATIC chart from 54 different TA styles and 30 different FA analysts...all say the same thing..

one of the most weakest alts out there while btc and eth where rallying...imagine the smell when eth and btc pull back a little",SELL,0.9,"The tweet suggests that MATIC is considered one of the weakest alts, indicating a negative sentiment towards its potential price increase.",$MATIC
Buying $sys,BUY,0.8,Implication of buying action on a specific ticker ($sys),$sys
"Hear me out

1 - Bought $SYS as a BTC DeFi beta play.

Many remember Syscoin as the Bitcoin layer1 scaling solution, but few are mentioning SYS labs latest move in creating Rollux, a layer2 Bitcoin scaling solution - the world's first roll-up secured by bitcoin, with $SYS as the…

> [@QuantMeta](https://twitter.com/QuantMeta):
> Buying $sys",BUY,0.8,Positive tweet about $SYS with a clear buy signal from @QuantMeta.,$SYS
"$ALGO/BTC 1W chart

Is this the bottom? 👀

Anyway, I like this massive Bullish Divergence on RSI

I think #ALGO can bounce to 1-2-3 in the medium term 📈

I still hold most of my $ALGO that I bought back in October",BUY,0.8,Bullish Divergence on RSI with a mention of a potential price bounce,$ALGO
$BTC MAIN IDEA,BUY,0.2,"Tweet is ambiguous and lacks clear sentiment, but the use of 'MAIN IDEA' could imply a significant or impactful concept, which might be bullish for $BTC.",$BTC
"Dear #NoanFam

Stay informed stay safe with NoanFam News Updates! 

Our weekly newsletter is quick source for the latest major news categories. 

1. #Bitcoin crosses the $39,000 mark, bringing optimism to the crypto market.

2. The #SEC approves CBOE's submission for Fidelity's…",BUY,0.8,"Optimism in the crypto market due to Bitcoin crossing $39,000 mark and SEC approval for Fidelity's submission.",BTC
"$HBAR

Any day now... 🥱",BUY,0.8,Impending price movement indicated by 'any day now',$HBAR
"agreed..aslong as btc behaves... $PYR is at breakout retest of that long range for the real springboard move up...usually longer the consolidation bigger the move. reminds me of LINK chart

if correct on idea...should get moving soon. invalidation below  box 

> [@Colinthecrypto1](https://twitter.com/Colinthecrypto1):
> @trader1sz Same situation as this for $pyr if the orange coin has a bit more left in it? 
> 
> I’m still in but round tripped some profits yesterday where I have buyers remorse - yet again",BUY,0.7,"Breakout retest at long range, consolidation followed by large price movement, similar to LINK chart.",$PYR
"$BTC falls from 180k to 90k in 2026

I’ve been telling people since 2013 it was a scam. I always knew it was going to crash. They didn’t believe me but I was right in the end",SELL,0.8,Long-term bearish sentiment and prediction of the asset's crash,$BTC
$PYR To $10,BUY,0.7,"The tweet contains a target price of $10 for the PYR ticker, indicating a bullish sentiment.",$PYR
"I'm pretty damn bullish on $ETH in the long term.

Yet I feel like this scenario is still pretty likely to me upon a #Bitcoin ETF approval.

Quick wick down into a retrace and reversal.",BUY,0.8,Long-term bullish sentiment on $ETH and a reversal scenario mentioned.,$ETH
"RT @MacroCRG: #Bitcoin has now officially been trending up for longer than it was trending down. 

If you still think we're in a bear marke…",BUY,0.8,Increasing trend indicates market momentum shifting to bullish,BTC
"$PAAL 👀 

> [@MacroCRG](https://twitter.com/MacroCRG):
> Live crypto information on @X 
> 
> $PAAL is simply on another level",BUY,0.7,"Positive endorsement from MacroCRG, a mention of $PAAL being 'on another level'",$PAAL
"$ETH Savers depth on THORChain  has reached another huge milestone.

There's now deposited ETH worth more than $20M USD in the pools! $RUNE",BUY,0.8,"The tweet indicates a significant milestone for ETH Savers on THORChain, suggesting strong adoption and potential price increase.",$ETH
$BTC right to the line....for now,NEUTRAL,0.4,Neutral sentiment due to uncertainty implied by 'for now',$BTC
"While the world is currently in die-hard 'fade crypto' mode, people involved in crypto are in die-hard 'fade ETH' mode.

I wouldn't want to have it any other way.

The perfect storm.

$ETH",BUY,0.8,The user's positive sentiment and enthusiasm for Ethereum ($ETH) in a seemingly bearish market suggests a contrarian bullish outlook.,$ETH
"there's still 3hrs left to go but i suspect $ETH is most likely going to finally get a strong weekly close above a 530+ day range.

for perspective i think there's a very strong chance it starts marking up considerably like link and others that had similar structures.

long and…",BUY,0.8,"Strong chance of a weekly close above a long-term range, potentially leading to significant price appreciation like previously seen in similar assets.",$ETH
"People using open interest (OI) moving towards last year's highs to call tops etc are mostly stuck in recency bias.

With a new cycle, more money is going to be involved, and a higher base of total OI (gamble capital in the markets) is made.

Aggregated #Bitcoin open interest:",NEUTRAL,0.7,"Caution against recency bias and emphasis on the new cycle's potential to involve more money with a higher base of total OI, neutralizes any potential bearish sentiment, but doesn't provide clear bullish signals.",BTC
"#Bitcoin about to print its highest weekly close in 85 weeks

🤝",BUY,0.8,Strong bullish indicator as Bitcoin is about to print its highest weekly close in 85 weeks.,BTC
"RT @MacroCRG: $BTC working on the 7th red week in a row

Looks like vertical distribution tbh

No real support for another -20% 

Nuke it h…",SELL,0.8,Bearish sentiment due to repeated red weeks and perceived lack of support for further price decline,$BTC
"Say it louder for the stubborn bears at the back.

Long and strong.

> [@Bluntz_Capital](https://twitter.com/Bluntz_Capital):
> there's still 3hrs left to go but i suspect $ETH is most likely going to finally get a strong weekly close above a 530+ day range.
> 
> for perspective i think there's a very strong chance it starts marking up considerably like link and others that had similar structures.
> 
> long and…",BUY,0.8,Strong bullish sentiment with emphasis on a potential strong weekly close above a significant resistance level and comparisons to other successful assets with similar structures.,$ETH
"$ETH

Posted the daily breakout earlier this week but weekly is breaking out as well.

Conservative next target is around $2,500",BUY,0.8,"Weekly breakout and conservative target set at $2,500",$ETH
"Hahahhahaha. 

Weeks ahead i dropped it. Now we are here

Ta from my Phone. Made with paint.

#btc",BUY,0.7,"The user is celebrating a recent drop in the price and now seeing opportunity. The use of 'Hahahhahaha' indicates strong emotions, which can be indicative of buying behavior.",BTC
"$BTC Weekly Chart

Range 37k - 42/43K",BUY,0.7,"Established range with potential for bullish breakout, as price has been consolidating between 37k and 43K.",$BTC
"#BTC

It has reclaimed the prior range low to the left. Alts look bullish. I personally don't see much resistance until 43k. I'm staying long alts. It's all i've been doing. Turn the brain off season until buy the dip stops working.",BUY,0.8,Reclaimed prior range low in BTC and positive altcoin sentiment with identified resistance level at 43k.,BTC
"$40,000 

#Bitcoin",BUY,0.8,"Price target reached, possibly indicating a bullish sentiment from the author.",BTCUSD
"What i do know is that $DOGE Will go much higher.

No sense so sell this. Its still so close to the bottom. Only up like 40% since bottom 0.05

Up only soon.",BUY,0.8,"The user believes $DOGE will go much higher and is near the bottom, with a recent price increase of only 40%.",$DOGE
"next two area of interest for $btc are $42,225 & $48,500

🧲",BUY,0.6,"Identified specific price levels of interest ($42,225 & $48,500) without explicitly expressing a sell or neutral opinion.",$BTC
"Just in:

CME gapping up to 40.5k, imagine thinking the BTC spot ETF approvals aren't happening anytime now with the burgers max longing.

#Bitcoin",BUY,0.8,Positive sentiment on BTC price increase and ETF approvals.,BTC
"We made it ma

Never changed bias. This area as I said yesterday might be a little more challenging but let’s see what the market has to say. 

$btc breaks 40k

> [@Pentosh1](https://twitter.com/Pentosh1):
> $BTC nothing unchanged
> 
> Most important levels to play marked 
> 
> Closing below purple = likely deviation and invalidation
> 
> 40-42k on the table in the weeks ahead",NEUTRAL,0.8,"The analyst is acknowledging potential market challenges but maintains a neutral stance, focusing on observing the market's reaction.",$BTC
"Can we giga send $luna

Cauz it looks like about to explode",BUY,0.8,"Positive sentiment, use of 'explode' suggests high expectations for the Luna (LUNA) token price increase",LUNA
"Don't hate me because I am beautiful

$BTC",BUY,0.8,"The tweet contains a positive phrase 'Don't hate me because I am beautiful' and is followed by the $BTC ticker symbol, indicating a bullish sentiment towards Bitcoin.",$BTC
$DXY jumped up a bit there so $BTC came down a little...going back down now,NEUTRAL,0.5,Neutral sentiment due to a statement of market fluctuation without explicit buy or sell recommendation.,$BTC
"$BTC is at $40k and Dua is single again.

Life is good again bros.
Life is good.

> [@kos_data](https://twitter.com/kos_data):
> 🚨  Dua Lipa is single again",NEUTRAL,0.7,"The tweet is positive and celebratory in tone, but the main content is unrelated to cryptocurrency markets.",$BTC
RT @Bluntz_Capital: there's still 3hrs left to go but i suspect $ETH is most likely going to finally get a strong weekly close above a 530+…,BUY,0.8,bullish sentiment and expectation of strong weekly close above $530,$ETH
"#Bitcoin - OBV and price breaking out together is a good sign. Volume still been declining but it's showing that it's not taking much to push up price as people aren't selling. Wild to see $40,000 hit in the same year as $16,000.",BUY,0.8,"OBV and price breaking out together is a good sign, volume decline is slowing down as less selling pressure",BTC
"#Bitcoin 

Just had to be patient and wait for that breakout and it was smooth sailing from there",BUY,0.7,"The user is expressing satisfaction with the market performance after waiting for a breakout, implying they have made profits or are optimistic about future gains.",BTC
"#Bitcoin - ""Long term still bullish, long term still think in 2024 we see $40k or close"". I went conservative and sold almost all at $37k but staying bullish all year is what made buying every single dip easy. Find a plan and stick to it and don't get greedy.

> [@IncomeSharks](https://twitter.com/IncomeSharks):
> #Bitcoin - Long term still bullish, long term still think in 2024 we see $40k or close. How it happens, good luck guessing, no one knows. Maybe up only, maybe a drop to 20k with bad news, maybe a slow grind. I'll try swing trading the HOW but what's important is the WHERE.",BUY,0.7,Long term bullish sentiment with a price target of $40k or close by 2024 and no mention of immediate sell advice.,BTC
"$BTC 

It's playing out.

> [@Anbessa100](https://twitter.com/Anbessa100):
> $BTC hit the 1d bear div downside target 
> 
> Depending on todays close, above $35,2k or below, we can continue to $42,3k with a successful S/R flip here.
> 
> A breakdown could get us to $30,3k in the next weeks and would cool this rally down.",SELL,0.8,"The tweet mentions a potential breakdown to $30,3k and a cooling of the rally if that happens.",$BTC
Missing out on a 9% move on #Bitcoin won't sting as much when some #ALTS and #Microcaps make a 900% move. One step ahead on the money flow.,BUY,0.8,"bullish tone towards #ALTS and #Microcaps, implying optimism for a potential move in Bitcoin",BTC
"Someone's got FOMO.

Fresh bids appeared just now on Binance spot, clips of about 200 $BTC each.",BUY,0.6,"Fresh bids on Binance indicate increasing demand, possible FOMO-driven short-term price increase.",$BTC
"The curl is looking real $BLUR
Don’t miss this move",BUY,0.8,Uptrend indication with 'looking real' and positive verb ('miss this move'),$BLUR
"$40.000.

Good morning. 

#Bitcoin",NEUTRAL,0.3,"The tweet's sentiment is neutral because it does not contain any clear indication of a bullish or bearish bias. The only content is a price figure ($40,000) and a greeting ('Good morning'), which are neutral in themselves.",BTC
"Couple of late night charts... love these days...

Quick note, I am out tomorrow until late afternoon

Might be able to sneak some tweets in but in meetings all day

Going to be painful to not be at the desk

$BTC

For thousand and thousand of dollars you have had green dots…",NEUTRAL,0.6,"The tweet does not contain any clear buy or sell signals. The author mentions 'love these days' which could imply a positive sentiment, but the tone is casual and ambiguous. Additionally, they mention being out of pocket for part of the day, implying a lack of conviction in their current market assessment.",$BTC
"Ok $SOL gods, we are ready for our $80 pls",BUY,0.8,The user is setting a specific price target ($80) and expressing readiness to move forward with the investment.,$SOL
"Once the majors cool a bit... we should see some movement here IMO

$AVAX",NEUTRAL,0.7,"Implied expectation of future price movement based on cooling market sentiment, but no clear direction or urgency mentioned.",$AVAX
$DOGE FTW green arrow,BUY,0.7,Use of 'FTW' and 'green arrow' indicates a bullish sentiment towards $DOGE.,$DOGE
"$ETH

This break was so huge, the next ones are mammoth",BUY,0.8,Bullish sentiment and optimism about future price movement.,$ETH
$FET  non-stop,BUY,0.8,"The word 'non-stop' suggests continuous growth or increasing momentum, which is generally a positive indicator in the crypto market.",$FET
$GALA back at an interesting point over resistance,BUY,0.6,Over resistance could indicate price increase,$GALA
"A rising tide lifts all shits...

$LUNA",BUY,0.8,Idiomatic expression suggesting market optimism and potential upward momentum,$LUNA
"$ETH has broken out!

After nearly 18 months of consolidation, ETH has finally managed a push beyond $2200.

Targets from here are $2700 & $3000.",BUY,0.8,Breakout above consolidation level and target prices set ($2700 & $3000),ETH
"$BLUR looks ready for the next leg up

Send it to the April highs with haste.",BUY,0.8,bullish sentiment and mention of reaching April highs,$BLUR
"RT @Minibeetrade: @CryptoNoan $TUSD The trending Bitcoin ecosystem includes strong gains for $Badger and $ORDI, which are likely to pull up…",NEUTRAL,0.4,"The tweet suggests the speaker believes certain assets may experience upward price movement, but does not specify any concrete investment or trading advice.",$TUSD
"Yay yay $btc $btc above $40k 
Smart money will enter the market and projects with real-world utility will pump hard  💸

Let's dive into fundamental analysis to identify the moonshot projects 🚀

Pls share your moonshots with at least one reason",BUY,0.7,"Optimistic tone about Bitcoin reaching $40k, expectation of smart money entering the market, and emphasis on projects with real-world utility.",BTC
"#Bitcoin / $BTC

Now run it to $50K",BUY,0.8,"Target price set with a specific goal of $50K, implying optimism and bullish sentiment.",$BTC
"This came from a trader that shared the bottom and the top of $DOGE

And now this projection is playing out. 

Imagine the noise of your favorite guru if he would be this accurate 🥶

> [@Anbessa100](https://twitter.com/Anbessa100):
> $DOGE/USD vs $XRP/BTC 
> 
> Who else masters $XRP macro like the lion?! (rhetorical question). Let's continue with $DOGE 
> 
> The fractal you don't deserve to see. 
> 
> Yes, 𝕏 dumped on us, but it's not over yet. Macro always superior. Aligning with the bearish $BTC scenario which…",BUY,0.8,"The author is sharing a successful prediction and comparing it to a guru's accuracy, implying trust in their analysis and forecasting abilities.",DOGE
"we just had a very nice and healthy month long vertical accumulation on #BTC, these sideways corrections build steam for the next leg up which i believe will take us up to $46k+ minimum.

🎅Enjoy the santa rally, ho ho ho🎅",BUY,0.8,Accumulation pattern and expectation of a price increase,#BTC
$DOGE WOOF,BUY,0.8,"Excitement and enthusiasm are indicators of a bullish sentiment, as seen in the use of colloquial expressions like 'WOOF'",$DOGE
"Good Morning

> [@Crypto_Ed_NL](https://twitter.com/Crypto_Ed_NL):
> #BTC 
> In EW terms: printing a whole serie of 1-2's (legs, sub legs, sub sub legs) 
> This is called ""nesting"" 
> 
> It's usually the build-up before a massive move that will send us straight to Valhalla 🚀",BUY,0.8,"Nesting pattern indicates a build-up before a massive move, suggesting an imminent upward trend.",#BTC
"GM 👀

#Bitcoin",BUY,0.7,General market sentiment is positive with a good morning greeting and attention symbol 👀 indicating interest in Bitcoin.,BTC/USD
"Picked up a bag of $THETA

thesis: I thought about starting up a stream tonight (on YT, not theta) then I remembered theta existed, so I checked the chart, liked it, and longed it",BUY,0.8,"The user has a positive sentiment towards $THETA, mentioning they 'liked it' and 'longed it', indicating an intention to buy the asset.",$THETA
"Dogtimeee!

$FLOKI $DOGE $SHIB",NEUTRAL,0.5,"The tweet appears to be excited and enthusiastic about certain cryptocurrencies, but it lacks specific analysis or market commentary that would support a strong BUY signal.","$FLOKI,$DOGE,$SHIB"
"You are still fading this flywheel aren't you anon?

$GMX",BUY,0.6,"The tweet is asking if someone is selling GMX (GMX), implying the author thinks it's a good buy and wants to know if others agree.",$GMX
"$luna getting sended aswell.

🔥

> [@CryptoWizardd](https://twitter.com/CryptoWizardd):
> Can we giga send $luna
> 
> Cauz it looks like about to explode",BUY,0.8,"The user is optimistic about $LUNA's price increase, mentioning 'explode'",$LUNA
"Timing is crucial. At times, you recognize the potential years in advance, like with $SMT and the #RWA sector. It's nearly 7x up since re-entry, and there's still significant room for growth.

Don't dismiss projects after your first idea got invalidated. Observe like a lion.",BUY,0.8,"Long-term growth potential recognized in advance with $SMT and the #RWA sector, despite initial invalidations.",$SMT
"The key to understanding a #crypto bull market.

#Bitcoin is king. It leads the alts higher, and when it pulls back, you don't want to be left holding the dogshit.",BUY,0.7,bull market sentiment with Bitcoin as the leading asset and optimistic language about altcoins,#Bitcoin
"Dog coins on the move.

With more and more $FLOKI being locked in long-term staking, I think this one will surprise many.

Disc: floki sponsors my content",BUY,0.7,"Positive sentiment towards Dog coins and FLOKI, with a mention of long-term staking which could indicate increased investment and potential price appreciation.",FLOKI
"#BTC 
I drew this back in August. 
Target reached. 
Gonna have to find something new for today's YT update. 

If you want an update?",BUY,0.8,"Target reached on the chart, indicating a potential short-term top or peak.",BTC
"Moon mission 🚀🌙

> [@CryptoNoan](https://twitter.com/CryptoNoan):
> هل الرسم البياني منطقي أم لا، لنكون صادقين
> 
> #btc $btc",BUY,0.8,"The tweet contains the word 'Moon', which is a common euphemism for a significant price increase in the crypto market, and includes an image of a rocket ship blasting off into space. The tone is optimistic and suggests that the author believes Bitcoin's price will continue to rise.",$btc
Think $WOO back to 0.30 soon,BUY,0.7,"The tweet suggests a price drop below the recent all-time low of $0.30 for WOO, implying an upside opportunity.",$WOO
"What price is $COIN going to open up at today?

#Bitcoin up 10% since Friday’s close.

$150 is a big level for COIN so that should be doable at today’s open.

Friday Close was $133.

> [@DaanCrypto](https://twitter.com/DaanCrypto):
> What do they know? $COIN
> 
> Most insane & consistent twap I've seen on a stock lol.",BUY,0.8,The tweet is bullish as it mentions a potential price increase to $150 and references the stock's strong performance with a 10% gain since Friday.,$COIN
"this one is starting to $PYTH me off, send it",NEUTRAL,0.2,The tweet expresses frustration with the price movement of $PYTH and is not clear on any investment intentions.,$PYTH
Capo is shorting $bnb to 40 lmao,SELL,0.9,"The user is shorting BNB, indicating they believe its price will decrease.",$bnb
"$FXS 🚀 😎

> [@CryptoBullet1](https://twitter.com/CryptoBullet1):
> $FXS 👀",BUY,0.7,Price movement indicator ($FXS) and emoticon 😎 suggest bullish sentiment.,$FXS
"Remember: Parabola's eventually break.

This probably ends in a mini-blow off & pullback - which will be the golden opportunity to omega long.

#Bitcoin (& altcoins!)

> [@CryptoJelleNL](https://twitter.com/CryptoJelleNL):
> Parabolic advance.
> 
> Dips are for buying.
> 
> #Bitcoin",NEUTRAL,0.6,"The tweet suggests a potential reversal and pullback in the market, which could be an opportunity to buy. However, it does not explicitly state a clear 'buy' or 'sell' signal.",BTC
"$SYN

Starting to break out. 

Looks like it has some catching up to do to get above the 99sma soon",BUY,0.7,Bullish language and a mention of breaking out above the 99sma.,$SYN
"$PRIME

First touch of the 22ema in over a month 

Key bounce area",BUY,0.8,First touch of the 22ema in over a month indicates potential upward momentum and a key bounce area suggests support for a price increase.,$PRIME
"Presented without comment

The #Bitcoin yearly chart:",NEUTRAL,0.7,Neutral tweet with a chart without comment indicating indecision or lack of sentiment.,BTC
"$42.000 before the year is out ✅

#Bitcoin

> [@CryptoJelleNL](https://twitter.com/CryptoJelleNL):
> Everything is going to plan.
> 
> $42,000 before the year is out. 
> 
> #Bitcoin",BUY,0.8,Target price set by user with moderate confidence.,BTC
"don't tell anyone! when few followed me $BTC

> [@eliz883](https://twitter.com/eliz883):
> $BTC we are best friends📌",BUY,0.8,"The user is expressing enthusiasm and affection for $BTC by calling it their 'best friend', indicating a positive sentiment.",$BTC
"Could be getting a lil frothy here short term

Careful with the leverage

Long flushes are common in $BTC bull markets 

Don't fuck yourselves",NEUTRAL,0.8,"Warning of potential market bubble and long flushes in $BTC bull markets, but without a clear direction or recommendation.",$BTC
#BTC mempool is more congested than at the peak of the 2017 Bull Run 👀 👀,NEUTRAL,0.5,"The tweet mentions congestion in the BTC mempool, which could be interpreted as a sign of increased activity and potential price appreciation. However, it does not explicitly indicate a clear direction or conviction.",BTC
"Closed $BTC long from yesterday 

Now we watch and see what happens next @WealthGroup_",NEUTRAL,0.6,"The user closed a long position from the previous day and is now waiting to see what happens next, indicating a neutral sentiment.",$BTC
"#Bitcoin Was done with the range and so was I.

We've had some deviations along the way but overall this range was respected rather well and caused for a nice continuation.",BUY,0.8,Continuation pattern after respecting a well-defined range suggests upward momentum is likely to continue.,BTC
$NEAR showing the way by dalai-lamaing the flash crash.,BUY,0.8,"The use of 'showing the way' and 'dalai-lamaing' implies Near is leading the market with a positive development, indicating bullish sentiment.",NEAR
$SDEX likes to consolidate & then pump with no warning 🎯,BUY,0.8,"The tweet implies a potential price increase after consolidation, indicating a bullish sentiment.",$SDEX
"$SUI

Massive stop hunt today. Look for that low to hold as a spring if it's going to push higher",NEUTRAL,0.4,"The tweet mentions a 'stop hunt' which can indicate market volatility and potential price movement. However, it does not provide a clear direction or recommendation to buy or sell.",$SUI
"Interesting. #Bitcoin still stronger than most alts.

Might have jumped the gun too early on that altcoin rotation. 

Back to spot, taking the rest of the day off.",NEUTRAL,0.7,"Neutral tone due to no explicit buy or sell call and mention of taking the rest of the day off, indicating a neutral stance.",BTC
$BTC okay this is starting to get silly,SELL,0.7,"The tweet expresses a growing sense of skepticism and frustration with the current price movement, indicating a bearish sentiment.",$BTC
"A gentle reminder 

What we’ve done with $btc leading into this etf, we will get to do again the middle of next year with $eth

Oh and there’s still a halving",BUY,0.7,"Comparison to BTC leading into ETF, expectation of similar price action for ETH in the future, and a reminder about the upcoming halving event.",$ETH
$CFX,NEUTRAL,0.0,No sentiment or opinion expressed about the asset.,$CFX
"Binance and OKX spot are crazy right now.

People keep chasing with 200-300 $BTC bids. A lot of them actually get filled too, so it's real and not just a spoof.

A big sell wall on Binance around 42k also got pulled. Full blown FOMO season.",BUY,0.8,Market momentum is strong with high-volume bids getting filled and a significant sell wall being removed.,$BTC
"#Bitcoin with 8 straight green weekly candles

This is why you don't short strong trends.

They can stay strong a lot longer than you can stay solvent.",BUY,0.8,Strong trend momentum with consecutive green weekly candles,BTC
"$NXRA future blue chip — all the stars are aligning for this to have a monster run in 2024-2025

The road to $1+

HIGHER 🔥

> [@MatthijsDeVries](https://twitter.com/MatthijsDeVries):
> Very honored, excited and proud to receive the Corporate Innovation award on behalf of @allianceblock from @PlugandPlayTC during the Silicon Valley Winter Summit 🤩
> 
> Thank you for an amazing 2 years!
> 
> Can’t wait to see what else is in store 👀
> 
> $NXRA",BUY,0.8,"The user is predicting a 'monster run' for $NXRA and mentions a target price of $1+, indicating bullish sentiment.",$NXRA
"#Bitcoin / $BTC

Still some gas left in the tank",NEUTRAL,0.5,"Ambiguous statement with a neutral connotation, suggesting neither strong buying nor selling pressure.",$BTC
"$wnt draft is ready and will be published shortly on https://t.co/YTlo6lJLvZ

Gotta take a moment to appreciate @Cryp__toad for his contributions

There's analysts, and then there's toad. In a league of his own.

He's one of the best researchers in the entire web3.0 space,…",BUY,0.8,"Positive sentiment towards $wnt, appreciation for @Cryp__toad's contributions, and recognition of his exceptional research skills in the web3.0 space.",$wnt
"$Loom #loom just broke out

> [@CryptoNoan](https://twitter.com/CryptoNoan):
> #LOOM $LOOM",BUY,0.9,Breakout from a potential trend reversal pattern,$LOOM
"#Bitcoin Slight premium on the perpetual pairs still. Doesn't really seem to be moving at all just like price.

Mostly curious to see what happens when we see a big move in price again. For now just a range bound chop and I have no interest trading this.",NEUTRAL,0.5,"The user expresses a lack of interest in trading and describes the market as range bound, indicating a neutral sentiment.",BTC
"Levels I'm watching for #Bitcoin

I'm not shorting, nor calling for downside -- but if we pull back from here, this is where I'd be looking for a reaction.

Marked in the chart:",NEUTRAL,0.6,"The author is not shorting and does not see a downside, but also marks areas of potential pullback, indicating a neutral sentiment with some caution.",BTC
"$INJ 
Beautiful pattern to reload for the next move up. 
Pull back into the 50% discount zone, lining up with green box for that ABC and a sweep of that swing low 

Now, if you are holding. Don't panic sell here and try to rebuy lower for a few %. You will fail.",BUY,0.8,"The tweet describes a 'beautiful pattern' and encourages holders not to panic sell, indicating a bullish sentiment.",$INJ
"#Bitcoin

The line chart offers a kind of simplicity you don't find anywhere else.

As clear as it gets:",BUY,0.8,"The tweet presents a chart without further context for analysis. However, the use of 'clear as it gets' implies confidence in the data. The tone is also positive and encouraging.",BTC
The final hurdle before new #Bitcoin all-time highs.,BUY,0.7,"Predicts new all-time highs for Bitcoin, implying a positive outlook and increased demand.",BTC
"RT @CryptoJelleNL: From here on out, it will only become more difficult to follow the plan. 

Last cycle, I took profits before we even bro…",SELL,0.8,"The author implies a decrease in the ability to follow their plan, suggesting a potential drop in market performance.",
"$LOOKS nice range here 
Invalidation super easy 
But risk total 2 always on res",BUY,0.7,"The user is looking at a potential buying opportunity, citing a nice range and easy invalidation points.",LOOKS
"$Hot #hot 🔥 

> [@CryptoNoan](https://twitter.com/CryptoNoan):
> $hot is too hot to hold the gains",SELL,0.8,$hot is too hot to hold the gains,$Hot
"RT @Bluntz_Capital: all i see is people taking profit and warning of impending 10-15% pullbacks.

ya'll not ready for how far this leg from…",NEUTRAL,0.6,Mixed signals: people taking profit and warning of impending pullbacks.,all markets
"#Bitcoin vs $ALTS in December:

Meme coins outperforming while the AI, DEX & Launchpad coins are underperforming.",BUY,0.8,"Meme coins outperforming, indicative of market optimism and potential for growth.",ALTS
"If you followed my call on $INSP and joined the IDO, you would be up ~20x now. Still early days and no more token unlocks for two months!

Never fade the Batman. I'm here to help you win. 

> [@CryptosBatman](https://twitter.com/CryptosBatman):
> $INSP is one of the coins I believe will do very well on launch, so if you like IDO sales, I think this could be a top performer.
> 
> I invested in the private sale myself, and have vesting over 18 months. So this is a long term hold for me.",BUY,0.9,The author has a track record of successful predictions and is recommending $INSP as a top performer on launch.,$INSP
$LINK,NEUTRAL,0.5,Tone is neutral with no indication of bullish or bearish sentiment.,$LINK
"The the ones that missed my current view on the market here it is.

Range between 44 and 40 k with a drop later towards 36/38 k #btc

Followed by up again 🤝 hope it helps and thanks for the support.

Woke up at 550 k followers 🤎

> [@CryptoWizardd](https://twitter.com/CryptoWizardd):
> friends
> 
> my thoughts on #btc pa.
> 
> Reminder this are my thoughts and it doesnt mean they will play out
> 
> Invalidation ❌️ of this chart if we break 45 k
> 
> Range between 44 -40 k. With a drop later to 36/37. ( maybe a wick 35s)
> No 30 k anymore. As we went higher then i expected
> 
> Gn",NEUTRAL,0.5,"The user provides a potential price range (44k - 40k) and a subsequent drop to 36/38k, but also mentions the possibility of an upswing again. This ambiguity prevents a clear classification as BUY or SELL.",BTC
"Like many other #altcoins, $MATIC looks primed for higher prices.

Hold on tight, and enjoy the ride.

Long MATIC here (Sponsored): https://t.co/F5URyFtoOC",BUY,0.8,The tweet suggests that $MATIC is primed for higher prices and the user has a long position on it.,$MATIC
For the kulture $ORDI,BUY,0.8,Tone is positive and enthusiastic with a mention of the ticker symbol $ORDI.,$ORDI
"$sol +40% within 2 weeks.

don't  sleep on it

> [@Bluntz_Capital](https://twitter.com/Bluntz_Capital):
> i think $SOL is about to rip again.
> 
> most important chart ive been tracking is solbtc and looks like a nice clean abc done with 5 subwaves within the C.
> 
> USD pair is about to rip another 40% or so again in the coming days imo.
> 
> trading sol on bybit 👇
> https://t.co/zHX9WYRMOM",BUY,0.8,"The tweet mentions a 40% price increase within 2 weeks and the author believes $SOL is about to 'rip again'. They also provide technical analysis of the solbtc chart, suggesting a strong bullish pattern.",$SOL
"👀

> [@Sanchez_Charts](https://twitter.com/Sanchez_Charts):
> $BTC with a 3 wave corrective looking pullback. Should pump again soon if recent lows hold",NEUTRAL,0.4,"Speculation of future price increase based on technical analysis, but no clear direction or recommendation given.",$BTC
"Btw the $PAAL team are speaking at The #AISummit in New York today (biggest AI event of the year) - showcasing their tech to the world

Revenue likely gonna sky rocket

Don't say you weren't warned

> [@MacroCRG](https://twitter.com/MacroCRG):
> $PAAL about to make its 6th attempt at resistance... I don't think it holds
> 
> Market structure still bullish + @PaalMind is generating more revenue than multi billion $ projects, at a mere $125M... its objectively undervalued 
> 
> Clean smash above and we're back in price discovery…",BUY,0.8,"The tweet is extremely bullish on $PAAL, citing a strong market structure and the company's undervalued status. The mention of revenue potentially 'sky rocketing' and the team's appearance at a prominent AI event also contribute to the positive sentiment.",$PAAL
"$bonk #bonk (1000bonk on bybit)

https://t.co/9cn2zD2y2o

Please repost",BUY,0.8,Mention of '1000bonk' on Bybit and request to repost suggests enthusiasm and optimism for the token's price movement.,$bonk
"$SOL

Monitor for breakout",BUY,0.8,Breakout monitoring indicates a potential upward move in the SOL price.,$SOL
"$SUI

Still holding 99sma support with gooner EMAs rising and catching up

Bullish above this support.",BUY,0.8,"The tweet indicates the SUI price is still holding its 99-day Simple Moving Average (SMA) support and has rising EMAs, suggesting a bullish trend.",$SUI
"#Bitcoin

Has been above 4H 22ema (red line) support all of December. 

As long as it's above there then bullish trend still maintained",BUY,0.8,Bullish trend maintained as long as above 4H 22ema support.,BTC
"#Bitcoin Global Open Interest has gone up about 110% or $7B since the bottom.

It's currently at similar levels as it was in March 2022 when $BTC was trading at $48K.

The highest Open Interest level was not when price made an all time high as can be seen on the chart.",BUY,0.8,"Increasing Global Open Interest, reaching similar levels as March 2022 when $BTC was trading at $48K",BTC
"RT @DeFiMann: Arthur Hayes keeps stacking $GMX

At the end of 2024 he will look like a genius

Keep selling your coins cheap to smart money…",SELL,0.8,"The tweet advises readers to 'keep selling' their coins, indicating a bearish sentiment and recommending a sell position.",$GMX
"We're now in a classical $BTC configuration after losing 1h EMA13/21 which supported the move the entire way up.

After losing the 1h trend, we just bounced on the 4h EMA13/21 trend, but we're facing the 1h trend as resistance.

@pierre_crypt0 and I like to call it ""The battle of…",NEUTRAL,0.5,Neutral sentiment due to indecisive market conditions (bounced off trend but facing resistance),$BTC
"$CRV is starting to move.

Slowly filled up my bags over the past weeks, think this one performs well in the coming months.

Let's roll!",BUY,0.8,Buy signal due to accumulation of CRV over the past weeks and positive outlook for future performance.,$CRV
"GM☀️

Well, we got our much needed test… I saw $COIN hit $130 in premarket as well

Now we just need to hold

I think the job data tomorrow should be good and we rally off that as well

Hopefully that kicks off the Santa Claus rally

$BTC",BUY,0.8,Positive sentiment towards $BTC and expectation of a price rally driven by job data and potential 'Santa Claus' effect.,$BTC
"#Bitcoin is losing the 1h ema cluster (25+50 ema) for the first time since the start of the month.

Some minor warning signs are starting to show. 

The 4h trend is still intact.",NEUTRAL,0.5,"Warning signs, but 4h trend intact.",BTC
"+450% (on 10x) 🔥it hit the target today! and we are ready to long now $koin #koin

> [@CryptoNoan](https://twitter.com/CryptoNoan):
> #koin $koin short set up",BUY,0.7,"The tweet mentions a 450% gain and is ready to long, indicating a bullish sentiment.",$koin
"$STX Keeping a close eye on the $0.88 level. Ideally it consolidates a bit there to regain fuel, retakes $1 and then goes from there.

Will see what we get!",BUY,0.6,Consolidation around $0.88 level and potential retake of $1 suggests accumulation and bullish intent.,$STX
"Screening some #GameFi tokens again 

Let's look at $BRN 
@BrnMetaverse 

▪️ #AI & #Metaverse narrative 
▪️ HTF breakout end of NOV (5x run up) 
▪️ S/R flip, support $0.14 needs to hold for continuation 

▪️ Mcap: Still at $1,5M 
▪️ planning to launch a Meme token

90% token burn…",NEUTRAL,0.6,"The tweet discusses a potentially undervalued token ($BRN) with a strong narrative and past performance, but also mentions a low market cap and planning to launch a meme token, which may be seen as speculative.",$BRN
"+300% 🔥 🚀
I gave you better entry below 0.013
$grok #grok always gives us quick profit 

> [@CryptoNoan](https://twitter.com/CryptoNoan):
> $grok #grok at buy zone again
> 
> Risky as the $btc $btc is retracing",BUY,0.8,"The tweet suggests a significant price increase (+300%) and implies the $GROK has good entry points, which indicates a positive sentiment for buying.",$GROK
"We longing that dip....

Let's ride

$BTC $ETH",BUY,0.8,"Positive language and enthusiastic tone indicate a bullish sentiment, although the tweet is somewhat vague.",$BTC $ETH
$ETH looking good...,NEUTRAL,0.3,Vague and non-committal phrase; does not provide clear indication of bullish or bearish sentiment.,ETH
"Perfect entry on 4h higher low 
Congrats 
$grok #grok

> [@cryptodisha](https://twitter.com/cryptodisha):
> @CryptoNoan Me bro thanks u",BUY,0.8,Confirmation of a higher low on the 4h chart indicates a potential buy signal,$grok
"$BTC $COIN moves.. just a reminder why you don't chase a breakout (need to remind myself also)

These things almost always come back and test, just have to be patient",NEUTRAL,0.7,The user is advising patience and reminds themselves of this principle when dealing with a breakout in $BTC or $COIN.,"$BTC, $COIN"
"#Bitcoin

Bullish captain hook pattern brewing. 

Watch for a break above $43,900 for continuation",BUY,0.7,Bullish captain hook pattern brewing,BTC
"$ETH straight back to yearly highs

You love to see it 

> [@MacroCRG](https://twitter.com/MacroCRG):
> $BTC just corrected 2.78% 
> 
> But $ETH barely moved 
> 
> 🧐",BUY,0.7,"The tweet suggests $ETH is moving upwards and reaching yearly highs, indicating a positive sentiment towards the asset.",$ETH
$ETH fresh local highs,BUY,0.6,Local highs indicate potential price increase,ETH
"$hnt #hnt back to entry after this drop 

I'm staying out atm",BUY,0.6,"The user is considering re-entry into the market after a drop in price, indicating some level of optimism and potential bullish sentiment.",$hnt
$SOL,NEUTRAL,0.5,Insufficient information to form a tradeable opinion.,$SOL
"$ETH bid relentless rn

> [@Captain_Kole1](https://twitter.com/Captain_Kole1):
> $ETHBTC generational bottom and you all missed it by bearposting the death of $ETH",BUY,0.8,"Strong bullish sentiment from a well-known and respected Twitter user (@Captain_Kole1), combined with the mention of a 'generational bottom' for $ETH, indicating a potential reversal in price.",$ETH
$ETHBTC boom,BUY,0.8,"Bullish sentiment towards ETH/BTC pair with a simple, one-word 'boom' label.",ETHBTC
"The THORChain team has been working hard on getting TC swaps integrated into DEX'es and wallets for some time now - and it’s working.

The daily unique swapper count is now consistently over 2,000, which is up from 250-300 just one year ago. This is nearly a 7x increase! $RUNE",BUY,0.8,"Increased adoption of $RUNE with TC swaps integrated into DEX'es and wallets, significant increase in unique swapper count (7x)",$RUNE
"RT @zignaly: GM @Bybit_Official , $ZIG is arriving 🙂",BUY,0.8,Positive mention of new token ($ZIG) arriving at Bybit exchange (GM),$ZIG
"BIGTIME - Casual 50% trading Range. Send it to the Range Highs anyway. 

(Needs to send from here or I'll have to relong from a lower) 
#BIGTIME",BUY,0.8,The user is encouraging the market to reach new highs and considers it a 'BIGTIME' opportunity.,
"Green dildo coming in 1...2...3....

$GMX",BUY,0.6,Aggressive tone and use of 'coming in' suggests a bullish expectation for $GMX price movement.,$GMX
"$OP  🚀 🚀 

You're welcome 😉

> [@CryptoBullet1](https://twitter.com/CryptoBullet1):
> $OP #OP is gonna break out soon 👀 📈
> 
> 🎯 Target - $2.15
> 
> Trade with me here ➡️ https://t.co/tIisM9pa4C
> 
> 🔥 Up to 30,000 USDT Welcome Bonus for new users when they register, deposit & trade!",BUY,0.8,Breakout prediction with target price and trading link.,$OP
My $ETH bags finally moving,BUY,0.6,Positive sentiment towards $ETH price movement,$ETH
"$INJ chart 
Bazooka candle incoming",NEUTRAL,0.6,The tweet mentions a potential 'Bazooka candle' but does not provide clear buy or sell signals.,$INJ
"1m iH&S, send it back to 44keks and let $ETH ascend to mid 2ks",BUY,0.8,"Ascending pattern identified (iH&S), and a target price of mid 2ks for $ETH is mentioned.",$ETH
"Seems like @PaalMind are crushing the AI Summit.

Resistance obliterated. 

Who's ready for the next wave of $PAAL price discovery? 

> [@MacroCRG](https://twitter.com/MacroCRG):
> Btw the $PAAL team are speaking at The #AISummit in New York today (biggest AI event of the year) - showcasing their tech to the world
> 
> Revenue likely gonna sky rocket
> 
> Don't say you weren't warned",BUY,0.8,"Positive sentiment around $PAAL's performance at the AI Summit, with high expectations for revenue growth and price discovery.",$PAAL
"$FET can we get this teleported to $1 alrdy

Thanks.",BUY,0.6,"The user is expressing a strong desire for the price of $FET to reach $1, which suggests they believe it has potential for growth.",$FET
"It's time.

$ARB / $BTC",BUY,0.6,Strong buy sentiment indicated by a clear call to action ('It's time') paired with a specific altcoin/$BTC mention.,$ARB / $BTC
$SOL  🚀🚀🚀,BUY,0.9,Positive tweet sentiment with bullish emojis indicating a potential price increase.,$SOL
"$SUI is about to break out like $OP 👀 📈

Target $0.8",BUY,0.7,"The tweet implies a potential price increase in $SUI, indicated by the phrase 'break out' and the target price of $0.8.",$SUI
"🧲

> [@CryptoWizardd](https://twitter.com/CryptoWizardd):
> $FET can we get this teleported to $1 alrdy
> 
> Thanks.",BUY,0.7,User is requesting a price increase from the current level to $1 and expressing gratitude.,$FET
This scam coin $ALPHA uo now o dead lol,SELL,0.9,The user is calling the coin a scam and stating it's now dead.,$ALPHA
$PYR Good consolidation ...hold here and another leg up soon,BUY,0.7,"The tweet suggests a positive sentiment towards $PYR, implying a potential price increase soon.",$PYR
"Closing $igu #igu and opening a short
Repost for chart 📈",SELL,0.8,"The user is closing a long position and opening a short one, indicating they expect the price to go down.",IGU
"$XCAD
Just hit our entry. 
Was watching this for a while but missed the initial break out. 
Waited for the price to come back to us. 
Now we wait for a 70% move.",BUY,0.8,"The user is 'entering' a position on $XCAD, indicating a buy decision. They're waiting for a significant price movement (70%), which suggests they're anticipating further growth.",$XCAD
$META confirming 4hr bottom,BUY,0.8,Confirmation of a bottom formation on the 4-hour chart suggests a potential buy opportunity.,META
"$ETH Enormous ramp up in Open interest.

Spot bid better hold up otherwise this will just do a quick roundtrip back to flush out all those positions.",NEUTRAL,0.7,"Open interest is high, but spot bid must hold up for the trend to continue.",$ETH
"I think $ZIG on bybit soon 🤝💥

> [@zignaly](https://twitter.com/zignaly):
> The $ZIG community roars! Close to 50 Million votes cast in @Bybit_Official ByVotes🔥
> 
> We are aiming to set records!🏆
> 
> #Zigbybit
> #Zigbyvotes",BUY,0.8,"Positive sentiment and enthusiastic tone from the $ZIG community on Twitter, aiming to set records with ByVotes.",$ZIG
"There are monstrous candles incoming, I'm actually kinda scared

$UNI",SELL,0.9,"The user expresses fear of upcoming 'monstrous candles', implying a negative sentiment towards the market and the specific ticker $UNI.",$UNI
"RT @I_Can_Haz: Always had a bag of $SOL, but finally dipping my toes into SOL ALTs! 

Grabbed some $BONK @bonk_inu  for the meme potential…",BUY,0.8,"User has been holding SOL and is now diversifying into SOL ALTs, including BONK, indicating a bullish sentiment towards these tokens.",$BONK
"RT @CryptoJelleNL: The key to understanding a #crypto bull market.

#Bitcoin is king. It leads the alts higher, and when it pulls back, you…",BUY,0.8,"The tweet mentions a 'bull market' and Bitcoin leading the alts higher, indicating an optimistic tone.",BTC
"Might need to add some of this shitcoin

$UNIBOT",BUY,0.8,"Tone of the tweet suggests a positive sentiment towards $UNIBOT, with the author considering it for potential investment.",$UNIBOT
"$DXY crashing

$BTC needs to get it's sh@t together....",BUY,0.7,"The speaker is expressing frustration with Bitcoin's performance and implies a need for improvement, indicating a bullish sentiment towards the asset.",$BTC
"When it comes to #AI and #supplychain its $TRAC that leads with real innovation and a working product.
🤝

> [@origin_trail](https://twitter.com/origin_trail):
> ANNOUNCEMENT📢 @origin_trail is proudly becoming an INNOVATION sponsor of the #GS1GlobalForum2024!
> 
> The week will feature a series of cutting edge solutions with the latest innovations combining @GS1 standards with decentralized #AI, real world assets #RWA and #blockchain.",BUY,0.8,"The tweet expresses high praise for $TRAC's innovation and product, implying a strong technical advantage in the AI and supply chain space. Additionally, Origin Trail is becoming an INNOVATION sponsor of GS1GlobalForum2024, indicating a vote of confidence from a reputable partner.",$TRAC
Another one! $OP,BUY,0.7,Excitement and optimism indicated by the use of 'Another one!' implies a positive outlook on the cryptocurrency.,$OP
"I gave u $SOL at $0.61
I gave you $MATIC at $0.00256
I gave you $STEPN before it did x10 

and in the past months I have hinted about this coin is the next x100. anyone who doubted me will be furious, it's coming don't fight it",BUY,0.8,Author claims to have successfully predicted x10 and x100 growth for two coins in the past.,none specified
"What most fail to realize is that we're in the process of flipping this macro mid-range at 43k right now.

#Bitcoin",BUY,0.8,The user is expressing optimism about the current Bitcoin price (43k) and implies a potential turning point or 'flip' which could lead to further growth.,BTC
"$SUI getting ready for a massive mark up phase leg imo, the usd pair accumulating hard as is the btc pair which is even more clear with a 5 wave rise from the lows, a 3 wave abc down and now a nice engulfing on daily.

legit potential for a 100% move imo.

trading this on bybit…",BUY,0.8,accumulating in both USD and BTC pairs with technical analysis pointing to a potential 100% move,$SUI
"We should be getting a decent sized bounce here IMO

$GMX / $BTC",NEUTRAL,0.5,The user is expecting a bounce but does not explicitly give a buy signal.,$GMX / $BTC
"Swept the lows.

$ETH / $BTC",BUY,0.6,"Tweet mentions sweeping the lows, indicating a potential reversal or accumulation at support levels.",$ETH
$BTC wasn't done testing,BUY,0.7,"The user suggests that BTC price hasn't reached its lowest point yet, implying a potential rebound or at least some future increase in value.",$BTC
"$GALA 

Important area",BUY,0.8,"Use of the word 'Important' implies a significant event or area, and the tweet is focused on $GALA, which could be interpreted as bullish.",$GALA
"$ZETA - Loaded and waiting, looks so ready 🎯",BUY,0.8,Tone indicates readiness and potential movement in $ZETA's price.,$ZETA
