text,signal,confidence,reason,ticker
"JPM, ""housing market usually weakens in response to increases in rates although it often takes at least a few months to see clear weakening""",NEUTRAL,0.5,"Neutral sentiment, discussing general market trend but not providing clear buy or sell signal.",
"ZELENSKIY SAYS FRENCH COMPANIES MUST LEAVE RUSSIAN MARKET

ZELENSKIY TELLS FRENCH LAWMAKERS TO HOLD MINUTE OF SILENCE ON UKRAINE WAR

ZELENSKIY ASKS FRANCE FOR MORE MILITARY HELP FOR UKRAINE",SELL,0.8,"The tweet mentions Zelenskiy calling for French companies to leave the Russian market, which could indicate a negative economic impact on Russia and potentially other countries involved.",RSX
nan,NEUTRAL,0.5,Empty or invalid tweet content,
"Study memes 🤯
Study Runes 🧠
Study CATS•IN•THE•SATS 😸

> [@SKIGODcrypto](https://twitter.com/SKIGODcrypto):
> CATS•IN•THE•SATS 
> 
> One of those memes that checks all the boxes.  What boxes you ask?
> 
> ✅ Cat
> ✅ Cute Logo (pixelated)
> ✅ Original Name (non deriv)
> ✅ Normie Friendly
> ✅ Bitcoin focused “sats” and BTC body
> ✅ Nostalgic (Cat in the Hat)
> ✅ Catchy Name to say
> ✅ Fair Mint",BUY,0.8,"The tweet suggests a positive sentiment towards the cryptocurrency CATS•IN•THE•SATS, mentioning its cute logo, original name, and nostalgic value. The presence of multiple 'checks' implies that the author believes in the project's potential.",CATS
$AMZN All of the targets on the way down. Send it 📉,BUY,0.8,"The tweet indicates that the author believes Amazon's price is due for a significant increase, using the phrase 'all of the targets on the way down' which implies a bullish sentiment.",$AMZN
"JAPAN (3Q P) GDP ANNUALIZED SA (QOQ) ACTUAL: -2.1% VS 4.8% PREVIOUS; EST -0.4%

JAPAN (3Q P) GDP SA (QOQ) ACTUAL: -0.5% VS 1.2% PREVIOUS; EST -0.1%

JAPAN (3Q P) GDP NOMINAL SA (QOQ) ACTUAL: 0.0% VS 2.7% PREVIOUS; EST 0.6%",NEUTRAL,0.5,"The tweet provides economic data on Japan's GDP, but does not contain any clear market sentiment or trading signals.",JPY
"RT @0xKarate: Hmmmmm Ace?? as in @HackermanAce???? as in @FlowmaticXYZ $FM ????????????

LETS GOOOOOOO",BUY,0.6,"The tweet contains a positive phrase 'LETS GOOOOOOO' and mentions of potential profit opportunities with $FM, indicating bullish sentiment.",$FM
$TIVC still here and holding full,NEUTRAL,0.6,"The user is expressing a neutral sentiment by stating they are holding onto the stock, which implies some level of confidence but does not indicate any strong bullish or bearish sentiment.",$TIVC
@trader1sz I think it comes on Tuesday fam....,BUY,0.6,"The use of the phrase 'think it comes on Tuesday' implies a prediction of an upcoming event that could positively impact the market, which is interpreted as a bullish sentiment.",All
GAZPROM: NATO MINE DESTROYER WAS DISCOVERED AT NORD STREAM 1 IN 2015,NEUTRAL,0.2,"The tweet contains information about a historical event (NATO mine destroyer discovery in 2015) and its relation to Nord Stream 1, but it doesn't provide any clear financial or market-related analysis.",GAZPROM
"Treat trading like a business. If you get your work finished in 4 days, Use your time wisely for other things. 
I don't see 9-5ers begging their bosses to work on a Friday.",NEUTRAL,0.5,"The tweet discusses productivity and work-life balance, but does not contain any specific market analysis or trading advice.",
@Pentosh1,NEUTRAL,0.5,Lack of clear sentiment or actionable information.,
ALEX CHALK APPOINTED UK JUSTICE SECRETARY - U.K GOVT STATEMENT,NEUTRAL,0.5,The tweet is a news announcement without any clear market impact or bias. It does not contain any sentimentally charged language.,
swept,BUY,0.8,"Tweet indicates a positive sentiment with the word 'swept', which could imply a strong price movement in the crypto market.",
"US senator is become Pudgy Peng 

> [@CynthiaMLummis](https://twitter.com/CynthiaMLummis):
> Today’s news should disprove the bologna MMT (Modern Monetary Theorists) are slinging. We cannot print money infinitely without consequence. To learn the lesson means to STOP reckless spending and CUT federal expenditures.",BUY,0.8,Positive sentiment towards fiscal responsibility and a critical stance against reckless spending.,
"$MULN
Mullen Automotive has delivered 38 Class 3 vehicles to the Randy Marion Automotive Group, with the invoiced amount totaling $2.5 million.",NEUTRAL,0.6,"The tweet mentions a business update from Mullen Automotive, but there is no clear price movement or market impact indication.",$MULN
RT @LeadingReport: BREAKING: Rudy Giuliani says he has new “scientific evidence” that proves the 2020 election was stolen.,SELL,0.8,"The tweet appears to be related to politics and election controversy, which could negatively impact cryptocurrency markets due to potential instability and regulatory risks.",*Cryptocurrency Markets*
"Many don't understand that whatever direction we go every day, I don't care much! I am a trader who operates with extreme objectivity....so everything is fine and everyone is comforted by the fact that it is red and green",NEUTRAL,0.8,The user emphasizes their objectivity and lack of attachment to market direction.,N/A
@Toky58220406 @WW_Ventures @CryptoGodJohn 🔥❤️,NEUTRAL,0.4,The presence of fire and heart emojis suggests excitement or enthusiasm but lacks specific investment advice.,
APPLE OPENS 3% LOWER AS MARKET VALUE DROPS BELOW $3 TRILLION,SELL,0.8,Market value dropped below $3 trillion,AAPL
"I do wonder if $DXY can bounce still.

It did just retest the HTF reaccumulation.

We now have some key levels provided by Top Goon X so we'll know exactly how high it can go and the key breakout level.

Can review this on live stream soon.",BUY,0.8,"Retesting HTF reaccumulation levels and potential breakout, bounce expected.",$DXY
"This is what global government and institutional adoption looks like

> [@tier10k](https://twitter.com/tier10k):
> @udiWertheimer",BUY,0.7,Global government and institutional adoption implies a positive outlook for the crypto market.,all
"$MEEC reported a loss of $0.01, consensus was ($0.01) via @eWhispers #epsmeet http://eps.sh/d/meec",SELL,0.6,"Earnings miss: $MEEC reported a loss of $0.01, exceeding expectations.",$MEEC
"> [@CryptoParadyme](https://twitter.com/CryptoParadyme):
> @AltcoinPepe could totally see fake out breakout.
> 
> market doesn't present a trendline like that and make it easy

@AltcoinPepe could totally see fake out breakout.

market doesn't present a trendline like that and make it easy",SELL,0.7,"The author is suggesting a potential 'fake out breakout', implying the market's trendline may be misleading or false.",general
"Tag the best traders in the market right now 

Looking for some new follows and gonna unfollow some people. 

Nothing personal, If we haven’t spoke in the past!",NEUTRAL,0.5,"The tweet is not directly related to a specific asset or market action, but it does express a desire for new connections and a willingness to unfollow others. This suggests a neutral sentiment towards the crypto market.",
$ETH long plan if I get the trigger,BUY,0.6,Expression of long plan on ETH indicates bullish sentiment.,ETH
"This falling wedge has a target of $85,000.

#Bitcoin looks eager to get there soon.

You ready?",BUY,0.8,"Bullish sentiment and a price target of $85,000 indicate the analyst is expecting an increase in Bitcoin's value.",BTC
PENTAGON SAYS CANNOT CORROBORATE REPORTS OF TWO RUSSIAN MISSILES CROSSING INTO POLAND AT THIS TIME,BUY,0.6,Neutral market reaction to news that may indicate reduced risk of escalation in the conflict between Russia and NATO.,"BTC/USD, ETH/USD"
"1/ As we approach the launch of claims for our first estate, Celsius, we'd like to express gratitude to everyone who believed in our mission of helping 20M+ claimants.

A special thank you goes to our major investors, including AppWorks, Susquehanna (SIG), DRW, MIAX Group, China",BUY,0.8,"Positive sentiment towards the launch of claims for Celsius, expressing gratitude to investors and highlighting a large potential number of claimants (20M+). This suggests a positive outlook on the company's prospects.",CEL
PUTIN: THERE COULD BE CHANGES IN U.S. POLICY OVER UKRAINE AND RUSSIA IF U.S. STARTS TO FOCUS ON ITS OWN INTERESTS,NEUTRAL,0.5,"The tweet suggests potential policy changes between the US and Russia, but it does not explicitly indicate a clear direction or trend for financial markets.",
"$RBLX 

Retested its breakout into the gap through $43.

So far volume drying up nicely as price tightens up over $43.

Looking for continuation through $45.",BUY,0.8,"The tweet mentions retesting the breakout at $43 and looking for continuation through $45, indicating a bullish sentiment and expectation of price increase.",$RBLX
"#BTC to $30,000 in the next 45 days.",BUY,0.7,"Strong target price set with a relatively short timeline, indicating bullish sentiment.",BTC
CRITICAL INFRASTRUCTURE FACILITY HIT BY DRONE STRIKES IN KYIV REGION - ZELENSKIY'S OFFICE,SELL,0.7,Potential for increased instability and volatility in the market due to geopolitical tensions.,*
CHINESE EMBASSY: WE HOPE U.S. WILL WORK WITH CHINA TO STOP ACTIONS THAT VIOLATE INTERNATIONAL ECONOMIC AND TRADE RULES AND DISRUPT THE INTERNATIONAL ECONOMIC AND TRADE ORDER,NEUTRAL,0.8,"The tweet is a statement from the Chinese Embassy expressing hope for cooperation with the U.S., but does not contain any clear market-moving information or sentiment.",
"#BNB 

Going for a retry of the 2023 highs

UCTS printing a 1D Buy once again (let see if it gets confirmed at today close)",BUY,0.7,Tweet mentions going for a retry of the 2023 highs and UCTS printing a 1D Buy signal,BNB
"$MSFT

❖ Microsoft Plans to Put Latest Call of Duty Game on Subscription Service, Sources Say -- WSJ

❖ Microsoft Move May Help Bolster Game Pass Subscription Service -- WSJ

❖ Microsoft's Call Of Duty Decision Marks Change From Previous Releases of Franchise -- WSJ",BUY,0.8,Positive news about Microsoft's potential move to bolster Game Pass subscription service with latest Call of Duty game.,$MSFT
"You literally cannot be bullish ETH at 4400 and then say it's a shitcoin and full blown bear market at 32xx

Not my fault you blew a load too early",NEUTRAL,0.6,"The tweet contains a critical point of disagreement on the Ethereum price between two different scenarios (bullish at $4400 and bearish at $32xx), which suggests that the author is not making a clear trading recommendation.",ETH
"TURKEY'S CEYHAN PORT READY TO RESUME IRAQI CRUDE OIL LOADINGS FROM STORAGE BUT BAD WEATHER PREVENTS VESSEL BERTHING - TRADE SOURCE

 IRAQI CRUDE OIL PIPELINE TO TURKEY'S CEYHAN PORT STILL HALTED, KRG ENERGY MINISTRY SAYS",NEUTRAL,0.5,"The tweet appears to be a neutral information update on the status of Iraqi crude oil loadings at Turkey's Ceyhan port, without any clear bullish or bearish implications.",Not applicable (news article)
"Yo ladies, you wanna know Victoria' Secret? She says to buy Ethereum right now. Yeah trust me, I'll send you a link to sign up for Coinbase rn and you'll get $10 of it for free.

Then just put your moms credit card and buy as much as the limit says.

> [@ThetaTendies](https://twitter.com/ThetaTendies):
> @poordart Time to go shill crypto to 9th graders to buy my bags with their mall money",NEUTRAL,0.3,Unclear motivations and unclear whether the recommendation is genuine or a shill.,ETH
@davidbelle_ If they wer in kid’s class I’d go to school and deal with it and teachers headteacher,NEUTRAL,0.2,The tweet does not contain any clear financial or market-related sentiment.,
This is the exact price action traders want this year from the stock market. This is where we shine!,BUY,0.8,"The tweet expresses enthusiasm and optimism about the market's price action, suggesting a positive sentiment.",All Markets
Send it,BUY,0.8,Bullish tone and imperative verb 'Send it' suggests a strong buy sentiment.,
Breaking news: Biden set to roll back inflation,BUY,0.8,"The news of potential inflation rollback is likely to be bullish for the stock market, which in turn can positively impact crypto prices.",BTC/USD
"GERMAN GOVERNMENT ECONOMIC POLICY ADVISER: INFLATION IN GERMANY HAS PROBABLY PEAKED

GERMAN GOVERNMENT ADVISER: IF NOTHING DRAMATIC HAPPENS, NO NEED FOR ECB TO RAISE INTEREST RATE BY MORE THAN 0.5 PERCENTAGE POINTS IN NEXT MEETING",BUY,0.7,Positive economic indicator (inflation peaked) and dovish monetary policy outlook (ECB interest rate increase limited),
"$BTC - Looking most likely wrong on one last move to the upside with this structure break, D1 close will confirm. Exited remaining longs on alts for now. Would need BTC to reclaim blue to get Bullish again.",SELL,0.8,Author doubts a further price increase for $BTC and has exited long positions.,$BTC
"One of the greatest chase sequences I've ever witnessed.

Celsius become hyper efficient at their job the moment their solvency is threatened lmao.",BUY,0.7,"The user is expressing a positive sentiment towards the situation of Celsius becoming 'hyper efficient' when faced with solvency threats, implying they see this as a bullish development.",CELR
@Pentosh1 🤝,BUY,0.5,"Tweet contains a positive symbol (🤝) and an implied agreement/affirmation (@Pentosh1), indicating potential support.",NO_TICKER
"This @cz_binance clip is going viral but lacks context.

Question: Could Binance handle someone asking for $2.1billion back?

CZ avoids answering directly: “we are financially strong”

This wasn’t about customer deposits, it was about $2.1B FTX paid them.",NEUTRAL,0.5,"The tweet is questioning CZ's response and the financial strength of Binance, but it does not contain a clear buy or sell signal.",BNB
U.S. FUND MANAGER VANECK PAUSES CHINA RETAIL PROJECT: NIKKEI SOURCES,NEUTRAL,0.5,The tweet reports on a neutral event (a project pause) without expressing a clear bullish or bearish sentiment.,
"I'm packing my bags, I cant take it anymore. 

> [@BXRekt](https://twitter.com/BXRekt):
> Liquidated short on SOLUSD: Buy 1 @ 13.34 🥇",BUY,0.8,"The user is expressing frustration and abandoning their short position on SOLUSD, indicating a change in sentiment from bearish to bullish.",SOLUSD
"#BTC 

We're currently missing this cycles ""God Candle""

If it comes, $40k is a bare minimum",BUY,0.8,Expectation of a significant price increase with the mention of a 'God Candle' and a minimum target of $40k.,BTC
"@blitz_stock @kpak82 Yes, I have consistently won 80% of my trades with Kevin because he is lucky. Gtfo here.",SELL,0.7,"Strongly negative language and dismissive tone towards a particular stock picker, indicating bearish sentiment.",
"now I can RT this for clout because it was properly hedged.

[@CryptoParadyme](https://twitter.com/CryptoParadyme):
disbelief is how all rallies start

anyway bitcoin to 20k",BUY,0.8,The user mentions a potential rally and sets a price target of $20k for Bitcoin.,BTC
@Trader_XO 👊🏽,NEUTRAL,0.5,No explicit trading instruction or sentiment expressed.,
"1830 and then 1900...

$RUT $IWM $RTY_F",BUY,0.6,"The user is referencing specific price levels ($1830 and $1900) which could indicate a bullish outlook on the market. The fact that they are mentioning three different ticker symbols ($RUT, $IWM, $RTY_F) suggests a general market sentiment.","$RUT,$IWM,$RTY_F"
POWELL: OTHER CENTRAL BANKS NOT HAVING THE ECONOMIC GROWTH WE HAVE; WE HAVE LUXURY TO BE PATIENT,BUY,0.8,Federal Reserve's Powell expressing optimism about the US economy and hinting at a patient approach to monetary policy is generally considered bullish for Bitcoin and other assets.,BTC/USD
"$PLTR 90m Update 

> [@rbc_trading](https://twitter.com/rbc_trading):
> $PLTR 2H",BUY,0.8,Short update with a time frame (2H) implies the analyst is monitoring $PLTR and potentially expecting a short-term upward movement.,$PLTR
$FB - *CORRECT: META PLATFORMS 2Q REVENUE FORECAST REPORTED IN ERROR,BUY,0.7,Correction of a revenue forecast error for Meta Platforms may lead to an increase in Facebook's stock price.,$FB
ECB'S GUINDOS: CENTRAL BANKERS HAVE LEARNED FROM 1970S CRISIS,NEUTRAL,0.6,"The tweet suggests that central bankers have learned from past crises, implying a positive outlook for monetary policy and potentially stabilizing market trends.",
"Lucid Motors Opens First Retail Studio and Service Centre in Montreal, Quebec
$LCID",BUY,0.3,Lucid Motors' new retail studio and service centre may contribute to increased brand visibility and potentially boost demand for their stock.,$LCID
"MMs you really got them REKT today
Only lions #safu 

#BTC back up",BUY,0.7,Positive sentiment towards #BTC and mention of it 'back up',#BTC
today spending a nice relaxing day away from the charts! I print during the week and rest on the weekend,NEUTRAL,0.8,"The user is taking a break from the market, indicating a neutral sentiment and a lack of immediate investment intentions.",
#Bitcoin reaches its lowest price in over a month.,NEUTRAL,0.5,Neutral sentiment due to lack of clear bullish or bearish tone.,BTC
$DSYNC 🤝,NEUTRAL,0.5,"The tweet contains a smiley face emoji indicating positivity, but the message is too vague to classify as a clear buy or sell signal.",$DSYNC
"Take $ETH, for example.

The daily chart is building a hidden bullish divergence.

Perfectly on track to go for $2,400 soon.

Stay focussed.",BUY,0.8,"Hidden bullish divergence on the daily chart, suggesting a potential increase in price to $2,400.",$ETH
"#0x0 range deviation and break now time to run it back turbo 

2x bounce off the lows 

Send it",BUY,0.6,Breakout from #0x0 range and 2x bounce off the lows indicates upward momentum.,#0x0
"Bruh 

> [@danushman](https://twitter.com/danushman):
> I am legit laughing out loud",BUY,0.8,"The use of colloquial language and humor in the tweet indicates a lighthearted tone, which may be indicative of a positive sentiment towards the subject matter.",
@danushman @mflambert devils advocate:  simply left it out of official record in a candid chat with Putin.,NEUTRAL,0.2,The tweet is a neutral commentary on a political event and does not contain any clear market-related sentiment or predictions.,
"$SOL

If we cannot flip res here at $32.9 after many retests of support recently I think it is likely we see a move lower",SELL,0.8,Expression of likely downward price movement if support is not flipped.,$SOL
"#fitfi $fitfi 
risk: 1% 

> [@CryptoNoan](https://twitter.com/CryptoNoan):
> #fitfi $fitfi shorting at the current market price
> Repost for chart!",NEUTRAL,0.5,"The tweet is a repost of another user's short position at current market price, but it does not contain any specific analysis or trade recommendation.",$fitfi
"3 Things that upped my trading game 📚

1. Favor Horizontals over Diagonals.
2. See Support and Resistance as area's opposed to exact levels.
3. Don't set stop losses right above/below those supports and resistances. Give it some room.",NEUTRAL,0.8,Educational content promoting risk management and informed trading strategies.,
"@ExitLiqCapital h/t: @Trader_XO with the range masterclass from last week 👀 

> [@ExitLiqCapital](https://twitter.com/ExitLiqCapital):",BUY,0.8,"Positive sentiment towards a range masterclass, implying bullish market conditions and potential opportunities for traders.",Unknown
"The market has had a long slow decent down the stairs, but once we fill the gaps at 3900 & 4000, the market will ready for a much faster, steeper ride down in the elevator.

The set-up going into this bear suggests the unwind will likely be both fast and illiquid.",SELL,0.8,Bearish sentiment and expectation of a faster market decline,
"$BLK 🟦🟧

BlackRock Q2 2024

Adj EPS $10.36 Beats $9.93 Estimate

Sales $4.805B Miss $4.849B Estimate",SELL,0.8,"Missed sales estimate and slightly beat adj EPS, indicating mixed quarterly performance.",$BLK
ASTRAZENECA: FDA ACKNOWLEDGED IMFINZI (DURVALUMAB) MET PRIMARY ENDPOINT OF EVENT-FREE SURVIVAL,BUY,0.8,"Positive news about a key drug development milestone, which may impact the company's stock price positively.",AZN
"Flipped the level I mentioned as soon as I went to bed. 

FFS",SELL,0.8,"The user expressed frustration (""FFS"") after flipping a trade position, indicating a potentially impulsive or hasty decision to close the position.",
"1/ 
🎉BandChain’s mainnet upgrade to V2.4. proposal has passed!
👉https://www.cosmoscan.io/proposal/9 
⏱️Upgrade Date: Nov 21st, 22, est. 14:00 UTC
✅Key features:
- Increased throughput by 10X
- COSMOS IBC compatible
.
 
#IBC #bandchain $BAND 

> [@BandProtocol](https://twitter.com/BandProtocol):
> 2/ Key Update #1: Increased throughput by 10X 
> - New Metering Middleware from Wasmer can accurately calculate gas consumption and execution time 
> - BandChain block gas limit has been increased by 6.25X to 50Mn gas per second
> .
> #IBC #bandchain",BUY,0.8,Positive sentiment towards BandChain's mainnet upgrade to V2.4 with increased throughput by 10X and Cosmos IBC compatibility.,$BAND
"gm - 

Tired of being on an inconsistent schedule, so finally pulled the trigger last night and signed up for Orange Theory to make morning workouts routine. Had always made up excuses not to try it, but here we are.

First class is in just a bit. I’m gonna die.",NEUTRAL,0.0,This tweet has no relevance to the crypto market or any financial instruments.,
how much fun he has,NEUTRAL,0.5,The tweet does not contain any clear trading or investment advice.,
"Starknet - @0xFastLife, @Axel_bitblaze69, @FOMO_Airdrop

Strategy 1: 

Strategy 2: 

Strategy 3: 

> [@0xFastLife](https://twitter.com/0xFastLife):
> Sui by @its_airdrop and @corleonescrypto
> 
> Strategy 1: https://twitter.com/its_airdrop/status/1603277999045943296
> 
> Strategy 2: https://twitter.com/corleonescrypto/status/1621509601048039424",NEUTRAL,0.5,"The tweet discusses multiple strategies and opinions from different users without expressing a clear, actionable sentiment or recommendation.",
@jimtalbot @CryptoParadyme Pump my bags jim,BUY,0.8,Positive sentiment and instruction to 'pump' bags implies a bullish attitude.,Not specified
"And just like that #Altcoins dipping into the buy zone. Didn't last very long. If that was the dip then I'm adding a new green line. The point being that you don't need to know the exact path to be profitable. Buy low, and wait for it to recover sooner than later. 

> [@IncomeSharks](https://twitter.com/IncomeSharks):
> #Altoin perp index breaking support on the daily. I don't mind holding my bags here and then dollar cost averaging if we go into the buy zone. This could be a fakeout so I'm just waiting to see what happens Monday/Tuesday.",BUY,0.8,"The tweet's author is suggesting that altcoins are in a buy zone and mentioning adding a new green line, indicating bullish sentiment.",general/altcoins
"$KMX reported earnings of $1.56, consensus was $1.51, Earnings Whisper was $1.51 via @eWhispers #whisperbeat http://eps.sh/d/kmx",BUY,0.7,"$KMX beat earnings expectations, indicating a positive fundamental development.",KMX
One way to get round it is to just tweet saying buying spot and will scale down all way to 20k…unlimited dry powder and that,BUY,0.8,"The user mentions buying spot and scaling down to a lower price, indicating a bullish sentiment.",BTC/USD
Wen snow on the east coast ?,NEUTRAL,0.0,Tweet contains no relevant financial information or sentiment.,
"let's goooooooooo @hypebearsclub  🔥🔥🔥🔥🔥 THIS SNIPER HYPEBEARS 

https://opensea.io/assets/0x14e0a1f310e2b7e321c91f58847e98b8c802f6ef/5342.  .",BUY,0.8,"Excessive hype and enthusiasm indicated by multiple exclamation marks and emoticons (🔥), implying a strong bullish sentiment.",HYPEBEARS
@profit8lue Today my portfolio in ath again …trade the level bro,BUY,0.7,"Portfolio reached ATH (all-time high), indicates positive market sentiment and potential buying pressure.",None specified
"$SPY $SPX

Wasn’t to the tick but right as expected.

200D ema retest at $4404, demand at $4387 for our dead cat bounce.

Red pill in full effect. 

> [@ATMSnipes](https://twitter.com/ATMSnipes):
> $SPY $SPX $ES
> 
> Red pill takes the cake. 
> 
> I took a 32% loss on May calls trying to play the bull count
> 
> anyways; Larger degree & smaller degree here for y’all.
> 
> Everything from price action to euphoria points to this being a B wave to $450
> 
> ⏳ will tell.",BUY,0.8,"Dead cat bounce identified at $4404 with demand at $4387, suggesting a potential buying opportunity.","$SPY, $SPX"
"$CHZ

Updated plan based on the weekly range. 

Quiet weekend. Alarms set.",NEUTRAL,0.5,"The tweet does not contain any clear indication of a buy or sell signal, but mentions an updated plan based on the weekly range which could be seen as neutral.",$CHZ
$DXY - current range till proven otherwise,NEUTRAL,0.6,"The tweet does not contain any clear sentiment or bias towards buying or selling the dollar index ($DXY), but it suggests a neutral stance by questioning the current range without taking a position.",$DXY
"During times like these, it may be tempting to hop from coin to coin as some are doing better than others.

Usually it's best to have a little bit more patience and stick with what you have.

Try to watch for the stronger sectors though. Don't want to be holding dead coins.",NEUTRAL,0.8,"The tweet advises patience and caution, but does not express a strong buy or sell sentiment.",NONE
"@cvarley1734 @HostileCharts I had a feeling the ""Truss/U-turn"" pop right back into resistance was going to leave a few people disappointed.",NEUTRAL,0.5,"The tweet does not contain a clear buy or sell signal, but rather expresses a feeling of potential disappointment.",None (market commentary)
"$BTC

It'd be nice if we held support, but not sure we do here... looking at that next bottom of channel...",NEUTRAL,0.5,Uncertainty about holding support and identifying the next bottom of the channel.,$BTC
"❖ CHINA HINTS AT 25% TARIFF ON EU, U.S. CARS AS PROBE DEADLINE LOOMS

The China Chamber of Commerce to the EU said it was informed about the potential move by “insiders,” according to a statement posted on X. The levies would affect European and U.S. automakers and have a",SELL,0.8,"Potential tariffs on EU and US cars could negatively impact automaker stocks, causing a market downturn.",
$BTC game plan if given the opporunitity ✍️,BUY,0.3,The use of the phrase 'game plan' suggests a positive and forward-thinking attitude towards $BTC.,$BTC
bartcoyn gud,BUY,0.4,Use of positive slang and emotive language.,BART
"#Bitcoin I did not share about the CME open/close this weekend due to the reason stated on the chart. This is a message from Friday.

Whenever $BTC is in a strong trend (up or down) and especially when it's trading at yearly highs or price discovery. You tend to have these…",BUY,0.8,"The tweet suggests that the author believes Bitcoin is in a strong trend and is trading at yearly highs or price discovery, which implies an upward momentum.",$BTC
"Was just thinking about this today. 

Seems like that trend line is primed to break. 

Whether or not we hold above remains to be seen. 

> [@Pentosh1](https://twitter.com/Pentosh1):
> #SPX
> Think we are going to get a nasty fake-out above this trendline this year that gets everyone super bullish, trapped, and then rekts both sides. by taking out these last two highs",NEUTRAL,0.5,"The user is cautiously optimistic about a potential trend break and mentions 'nasty fake-out' above the trendline, indicating uncertainty.",SPX
"There is an incredible amount of equal highs above us on $BTC that we left on this move down

It would be poetic if BTC runs all the highs in one candle",BUY,0.8,"Market sentiment is optimistic with the user suggesting a poetic outcome of BTC running all highs in one candle, indicating a potential bullish bias.",$BTC
"#Bitcoin - Shorts timed perfectly thanks to OBV hitting resistance. When price breaks out before OBV I'm more cautious with the move. And when it happens during a low volume weekend, even better.",BUY,0.8,OBV resistance and low volume weekend indicate a potential breakout,BTC
CPI can come in at .30 every month from now on and it would still drop like a rock for now.,NEUTRAL,0.6,"The user mentions that even if a certain event (CPI coming in at .30) occurs repeatedly, it would still have a positive effect on the market's current state.",not specified
ISRAEL'S MILITARY HAS ANNOUNCED THAT IT IS AT ITS HIGHEST STATE OF ALERT - SOURCES,NEUTRAL,0.5,"The tweet indicates a potential increase in geopolitical tensions, which could negatively impact the crypto market. However, it's too early to determine the exact direction and magnitude of the effect.",*ALL*
"$SRI reported a loss of $0.29, consensus was ($0.21) via @eWhispers #epsmiss http://eps.sh/d/sri",BUY,0.5,"The stock's earnings per share (EPS) missed the consensus estimate by a relatively small margin ($0.29 vs $0.21), which may indicate undervaluation.",$SRI
"$CVNA🟦🟦

Carvana Q2 2024 

GAAP EPS $0.14 Beats $(0.12) Estimate

Sales $3.410B Beat $3.244B Estimate",BUY,0.8,"EPS beat estimate and sales exceeded expectations, indicating a positive trend for the company.",$CVNA
$VIX - Reminding us that volatility might just be around the corner. Watching to see if this breaks out. Strong double bottom support so far. When this goes up it's bearish for markets. You want it staying low,SELL,0.8,"The tweet expresses concern about volatility and market downturn, implying a bearish sentiment.",$VIX
"👀 

> [@zerohedge](https://twitter.com/zerohedge):
> *BOSTIC: FED COULD BE IN POSITION TO PAUSE BY MID TO LATE SUMMER",NEUTRAL,0.5,Neutral sentiment due to uncertainty around potential FED pause timing and lack of clear direction in the market.,
$CING We got a $9.00 target recently and a $8.50 target this morning. You already know the rally is coming soon on our swing. We get minimum $5 here,BUY,0.8,Target prices set at $9.00 and $8.50 indicate a bullish outlook.,$CING
"U.S. CRUDE FUTURES TURN POSITIVE, AFTER FALLING NEARLY $1/BBL EARLIER IN THE SESSION",NEUTRAL,0.5,Indecisive sentiment due to positive turn after significant price drop,
"#freePaulWatson

> [@CaptPaulWatson](https://twitter.com/CaptPaulWatson):
> 🚨 URGENT: We Need You! 🚨
> 
> In just 4 days, Denmark will decide the fate of Captain Paul Watson, our ocean defender who has dedicated decades to fighting for our seas. 🌊🐋
> 
> This is our moment to rally and show the world that we stand with him! Every action matters—no matter how",BUY,0.5,"The tweet is using urgent language and asking for action to support a specific cause (Captain Paul Watson), implying a sense of financial or economic importance.",
"Alts I’m trading back under their monthly opens …. 

🤝 

> [@Trader_XO](https://twitter.com/Trader_XO):
> Heading into month end - keeping trading exposure light.
> 
> Might see early highs of the April monthly on alts if btc can hold up here and go for the highs..
> 
> Should have clearer plans for next week...",NEUTRAL,0.6,"Alts are being traded back under their monthly opens, indicating a neutral to slightly bearish sentiment on altcoins. However, the user also mentions that there might be early highs of the April monthly if BTC holds up, suggesting some optimism.",
"EUROPEAN COMMISSION PUBLISHES PLAN TO CUT EU'S RUSSIAN GAS USE BY NEARLY TWO THIRDS WITHIN A YEAR AND END IT 'WELL BEFORE 2030'

LNG AND GAS FROM OTHER COUNTRIES COULD REPLACE MORE THAN A THIRD OF RUSSIAN GAS IMPORTS THIS YEAR - EUROPEAN COMMISSION",SELL,0.8,"The tweet implies a negative impact on Russia's economy and gas exports, which could lead to decreased demand for cryptocurrencies related to Russia or associated with Russian businesses.",BTCUSD
FED HIKES BY 25BPS,BUY,0.8,"Rate hike indicates a strong economy and inflation control by the FED, which is bullish for Bitcoin and other cryptocurrencies.",BTCUSD
https://www.ft.com/content/0f32fdf3-8823-4a9c-ba70-d087860cfe6c,NEUTRAL,0.5,"The tweet contains a link to an external article without any specific market-related commentary or opinion, suggesting neutral sentiment.",
$usws. Thank you! Those $2 adds this morning were golden.,BUY,0.8,Positive sentiment with emphasis on recent performance ('golden'),$USWS
"🐧🐧🐧400 ETH🐧🐧🐧
Starring: @KinkyBedBugs 

When this hero dropped 400 ETH on the left facing @pudgypenguins it saved the entire NFT market from impending doom. Thank you... from all of us.",BUY,0.8,"The tweet expresses admiration and gratitude towards the person who made a significant purchase of NFTs, indicating a positive sentiment in the market.",ETH
"Here's a spicy one for those that want some milk🥛
$TIGR into the Daily zone",BUY,0.7,The use of 'Daily zone' implies a bullish outlook and potential for price increase.,$TIGR
"📢Announcement
💰$1000 to $5000 Challenge Update: DEMO TRADING: (Final step before live trading)

Pls follow the instructions carefully, All steps are mandatory*

Step1: Sign up with at least ""anyone"" of the following exchanges using ""NoanFam"" invite code or Link 

Pls Retweet",NEUTRAL,0.4,"The tweet appears to be a promotional announcement for a trading challenge and exchange sign-up, but does not contain specific buy or sell advice.",$1000to$5000Challenge
"A fantastic EBITDA cheat sheet

h/t Oana Labes via LinkedIn",NEUTRAL,0.2,"The tweet does not contain any specific information about a cryptocurrency or an investment opportunity, but it is related to financial analysis and could be of interest to investors.",
"$XOM 2022-02-18 C $80
Underlying: $66.985, % Diff: 19.43%

🗓️🐂🛍️🛢️
Bid-Ask: $0.09 - $0.1
Interest: 456
Volume: 1,580
IV: 29.40%

Daily $ Volume: $15,010
Sector: Energy

Details + emoji legend: https://t.co/q9GuWkrHuO",NEUTRAL,0.5,Neutral sentiment due to lack of clear bullish or bearish signals in the tweet.,$XOM
@xPeaceLandBread I’m no attorney and I can’t see the future so just speculating along with everyone else lol,NEUTRAL,0.7,"The user is speculating and acknowledging uncertainty, but does not provide any concrete buy or sell indication.",
"28-30k gonna be interesting.

To me it seems a double bottom around that level is the last chance of salvation.",BUY,0.7,Mention of 'last chance of salvation' indicates a potential bounce expectation.,BTC/USD
nan,NEUTRAL,0.5,Tweet is empty or contains non-informative content.,Unknown
"AMAZON SET TO MEET WITH FTC NEXT WEEK AMID EXPECTATION OF POTENTIAL ANTITRUST LAWSUIT AGAINST ONLINE RETAILER -- SOURCE
$AMZN",NEUTRAL,0.5,"The tweet contains information about a potential lawsuit against Amazon, which could have a negative impact on the stock price, but it also mentions that Amazon is set to meet with FTC next week, indicating some level of transparency and potentially mitigating the negative effect.",$AMZN
"Gn gang 🤝💙 back tomorrow ,today good day of trading 👌",NEUTRAL,0.5,"Positive tone, but no specific market or trading insight.",
"🚨 #Bitcoin PUMP HACK!

Open a Bitcoin chart on your phone or computer.

Turn your screen 90° to the left.

Now #Bitcoin is going upwards in a straight line.

Make sure to follow me for more brilliant crypto hacks. 👍",BUY,0.3,"The tweet promotes a 'hack' that manipulates the Bitcoin chart's appearance to create an upward trendline, suggesting a bullish sentiment.",BTC
$SPX still needs that 4728 break to try for a run,NEUTRAL,0.7,"The tweet is not explicitly bullish or bearish, but rather waiting for a break in the $SPX index to consider further action.",$SPX
@CryptoNoan I talked about it,NEUTRAL,0.5,Lack of clear context or sentiment in the tweet.,
"I feel like I’m so close to unlocking a new level mentally that I’ve been trying to hit for the last 3 years 

Breaking all the boundaries and leveling the fuck up. No excuses just accountability",BUY,0.8,The user's optimistic tone and expression of breaking boundaries suggests a positive sentiment towards future market performance.,N/A
"Office is being torn up today for the mold.

I think it'll be finished tomorrow and then I can get my computer set back up until they start the reconstruction.

Working via laptop just isn't the same as my 49"" monitor..",NEUTRAL,0.5,The tweet is unrelated to the crypto market and does not contain any sentiment or opinions about financial assets.,
"$BTC now fresh local highs 

36k+

> [@BigCheds](https://twitter.com/BigCheds):
> $BTC steady grinding/consolidating nicely",BUY,0.7,"$BTC has made a fresh local high, indicating possible bullish momentum.",$BTC
"So many people trading this market on leverage, getting stopped out left and right, and standing with only their dick in their hand before the move happens.

90% of you are better off staying in spot.",SELL,0.8,Bearish sentiment and caution against leverage usage,generic
"Can go crazy Monday morning. Long

> [@mikalche](https://twitter.com/mikalche):
> $FNHC at 0.56🚨 Momentum Alert 🚨https://t.me/StockwitsMemberShip_Bot",BUY,0.7,"The author is expressing optimism about a potential market surge on Monday morning and is already long, which suggests a bullish sentiment.",None mentioned
Its dangerous to go alone! Take this.,BUY,0.5,The mention of danger implies volatility and potential for price increase.,*BTCUSDT
"U.S., S.KOREA REVISE TAILORED DETERRENCE STRATEGY IN FACE OF NORTH KOREA NUCLEAR ADVANCEMENTS - YONHAP",NEUTRAL,0.8,"The tweet appears to be related to a geopolitical development and does not directly mention any specific cryptocurrency or asset class. However, it may have an indirect impact on the market due to its potential implications for global economic stability.",
"NYC TAXI REGULATOR AGREES NOT TO IMPOSE NEW RULES ON $UBER, $LYFT",BUY,0.8,Regulatory easing typically benefits affected companies and their shareholders.,"$UBER,$LYFT"
Nobody is down bad as first time because everyone actually down bad left the market 😂,BUY,0.6,"The tweet contains a bullish tone by referencing the market being down and people leaving it, implying an opportunity for entry.",*
"Two NASA astronauts who rode to orbit on Boeing's, $BA, Starliner are currently stranded in space aboard the International Space Station after engineers discovered numerous issues with the Boeing spacecraft, per CBS.

They have a reported 45 day window to bring them back.",NEUTRAL,0.5,Negative news for Boeing's Starliner spacecraft but no direct mention of financial performance or market impact.,$BA
🇪🇺 ECB'S LAGARDE: SHOULDN'T TAKE 2.9% INFLATION RATE FOR GRANTED,NEUTRAL,0.5,"Comment on inflation rate by ECB's Lagarde may indicate a cautious tone, but doesn't provide clear market direction.",EURUSD
"Started a $20k daily compound challenge. 

Goal is to compound 2.5% - 5% daily trades to grow my account to over $1,000,000. 

Day 1 is complete $20k —-&gt; $23,435

Last time we were able to do $10k to $1,000,000 in a little over 3 months. Hoping to do the same thing again!",BUY,0.8,"The user is describing a successful investment strategy with a clear goal and recent positive results, indicating enthusiasm and confidence in the market.",None
@ranazuly my final tp .... but as written I took profit hours ago,NEUTRAL,0.8,"Neutral sentiment due to profiting and reaching a target price (TP), indicating no further action is required.",Not specified
"RT @Calm_mindR: @CryptoNoan 60$
Making 5$ consistently will be enough for me. 

If I can so it consistently for 6 months I'll have enough t…",NEUTRAL,0.4,"The user is discussing a specific price target ($60) and has a short-term perspective (6 months), indicating some level of optimism, but lacks explicit buy or sell intent.",$BTC
BINANCE EXPLORES RETREAT FROM US AS CRYPTO CRACKDOWN ESCALATES,SELL,0.8,Escalating crackdown on crypto by US authorities may lead to regulatory uncertainty and impact Binance's operations in the region.,
"Seethe as you pay higher prices on your daily goods. Remember this when you go to the polls. Your president doesn't have the stones to tell you the truth. 

He thinks so little of your critical thinking skills.",SELL,0.8,Criticism of the president and warning of economic consequences may indicate a negative market sentiment.,ALL
One thing that has doomed many great men and leaders throughout history is ego and pride. It's also one thing we can directly control and subdue. The market gives all participants their time in the sun. But it will also humble every single one of them. You can take it personally…,NEUTRAL,0.5,"The tweet is not providing clear market analysis or trade signals. However, it does mention the importance of ego and pride in leadership, which can be interpreted as a neutral sentiment.",
POWELL: WE HAVE TO BE HUMBLE ABOUT GIVING FORWARD GUIDANCE,NEUTRAL,0.7,"The tone is neutral and suggests caution in giving forward guidance, but does not explicitly indicate a bullish or bearish sentiment.",
"Ken Griffin outbid us on the Constitution, so Paradigm just bought a piece of Citadel thereby establishing a partial ownership of the Constitution.

Brilliant.",BUY,0.8,The mention of a successful bid on the Constitution implies a bullish sentiment towards Paradigm's financial abilities.,None
@liondad_1997 @CryptoNoan,NEUTRAL,0.5,The tweet is a short mention between two users without any clear indication of buying or selling sentiment.,
"*US Natural Gas Drops 16.53% to End at $5.424, Biggest One-Day Percentage Fall Since Feb. 27, 2003",SELL,0.8,"Natural Gas price has dropped significantly, which could be a buying opportunity for those looking to go short or hedge their positions.",NG
GN 🫶,BUY,0.8,Positive emoticon (GN 🫶) indicating enthusiasm or optimism.,ALL
Watching $AMZN $SPY $NIO $ADBE to name a few today! 👀,NEUTRAL,0.2,Neutral sentiment due to the tweet expressing mere observation without any specific buy or sell signal.,multiple
"$NVDA

Following through to the downside from this lower high rejection we discussed on live stream last week.",SELL,0.8,"Rejection from lower high, following through to the downside",$NVDA
"Where $ETH goes $OP follows…I’ve been stacking all day, first green dot",BUY,0.7,Positive sentiment towards $ETH and $OP with a mention of 'stacking' implying accumulation.,$OP
"Which one, red or orange?

$SPX",NEUTRAL,0.5,The tweet asks a rhetorical question regarding market sentiment without providing clear bullish or bearish indicators.,$SPX
White House says the US has lost control of the Covid-19 response.,SELL,0.8,"The tweet indicates a negative development for the global economy, specifically impacting the US response to Covid-19.",BTC
"I think a good lesson in the past two meetings. It’s okay to go flat before hand. Otherwise you’re just gambling. After you have the information you can then wait for the market to come to you for you’re next trade

Patience is a virtue and greed often gets punished",NEUTRAL,0.7,"The tweet emphasizes the importance of patience and not rushing into trades, but does not explicitly provide a buy or sell signal. It advises waiting for the market to come to you, which could be interpreted as a neutral stance.",
LAWMAKERS ASK BIDEN TO PROVIDE CLUSTER MUNITIONS TO UKRAINE,BUY,0.8,Positive news regarding increased military aid to Ukraine is bullish for cryptocurrency markets as it indicates increased global instability and potential for further market volatility.,BTC
"$SPY and $QQQ at all time highs

You know what that means right?

BLUE SKY",BUY,0.8,Trend confirmation and market optimism indicated by 'BLUE SKY' sentiment.,"$SPY,$QQQ"
"$OC reported earnings of $2.84, consensus was $2.42, Earnings Whisper was $2.50 via @eWhispers #whisperbeat http://eps.sh/d/oc",BUY,0.7,"Earnings Whisper beat consensus, indicating positive earnings surprise.",$OC
"$AMC if you didn't get in yesterday after my post I would suggest not chasing until that support is broken. Can play lotto size if you want to get in. 

[@Honeydew0101](https://twitter.com/Honeydew0101):
$AMC from WL went ITM today. Here's my next support on it. Will be watching end of week if this inverse hammer will form.",NEUTRAL,0.5,"Caution on chasing the stock without a broken support level, but also acknowledging a potential opportunity if the inverse hammer forms at the end of the week.",$AMC
"JOINT RUSSIAN-VIETNAMESE STATEMENT TALKS OF COOPERATION IN OIL AND GAS, INCLUDING ON OIL AND LNG DELIVERIES TO VIETNAM - RIA",NEUTRAL,0.5,"Neutral news about cooperation in oil and gas between Russia and Vietnam, no clear market direction or implication.",
EURO LOWEST SINCE JUNE 14; LAST DOWN 0.29% TO $1.0779,NEUTRAL,0.5,Neutral sentiment due to lack of strong directional bias; price movement is relatively minor (0.29%),EURUSD
"@StonkTrump https://twitter.com/CryptoParadyme/status/1545960317212979201

> [@CryptoParadyme](https://twitter.com/CryptoParadyme):
> Some traumatizing event will probably happen this week to memory hole it.",SELL,0.7,"Bearish sentiment expressed through the mention of a 'traumatizing event' and 'memory hole', indicating a potential downturn in the market.",
"Bulls be like:

SPX at 4400: We are oversold, melt up begins now. 

SPX at 4200: We are oversold, melt up begins now.  

SPX at 4000: We are oversold, melt up begins now. 

SPX at 3800: We are oversold, melt up begins now. 

See a pattern?",BUY,0.6,"The tweet suggests a 'melt up' is imminent, implying an expectation of price increase. The pattern observed also implies a bullish sentiment.",SPX
RUSSIAN DEFENCE MINISTRY SAYS DURING TACTICAL NUCLEAR DRILLS DUMMY NUCLEAR WARHEADS WERE DELIVERED TO FORWARD STORAGE UNIT AND AIR FIELD POINTS,NEUTRAL,0.5,The tweet is neutral as it reports on a military drill and does not contain any financial information or sentiment.,
@CryptoParadyme @InvertedAccess @inversebrah Simp,BUY,0.5,"Tweet contains a derogatory term which may be interpreted as sarcasm or irony, potentially signaling a contrarian view.",
@trader1sz Thanks you brotha!,NEUTRAL,0.25,"Positive sentiment expressed towards @trader1sz, but lacks explicit market-related content or predictive value.",
"Spot bag another ATH 

Not bad",BUY,0.7,Mention of All-Time High (ATH) implies optimism and market strength.,Unknown
"Downgrades 
$AN $FCX $FICO $GMRE $RS $SI $VNTR
https://discord.gg/msaKR5BJCb",SELL,0.8,Downgrades on multiple stocks indicate bearish sentiment,"$AN,$FCX,$FICO,$GMRE,$RS,$SI,$VNTR"
"$BTC Simple view:

These are the levels I'm watching on the higher timeframe.",NEUTRAL,0.5,No specific bullish or bearish sentiment mentioned; simply observing higher timeframe levels.,$BTC
50 COVID CASES IN SERIOUS OR CRITICAL CONDITION IN BEIJING - STATE MEDIA,SELL,0.8,"Negative COVID-19 news in Beijing could lead to increased restrictions and a slowdown in economic activity, potentially negatively impacting cryptocurrency markets.",all
@jonzitrades 🤝,NEUTRAL,0.5,"No explicit market analysis or prediction is made in the tweet; however, the presence of a friendly emoji suggests a neutral tone.",
"$MSTR

so ludicrous but it gonna do the thing whenever bitcoin breaks out",BUY,0.8,"The user believes that when Bitcoin breaks out, Mastercard ($MSTR) will perform well.",$MSTR
"$NKE Daily Candle Chart 

Descending channel",SELL,0.8,Descending channel indicates a bearish trend,$NKE
I miss him,NEUTRAL,0.5,"Tweet is a personal statement expressing nostalgia, but lacks any mention or implication of cryptocurrency market movement.",
"RT @concodanomics: Powell was no Volcker

he was an altcoiner",BUY,0.7,"The tweet implies that Powell's monetary policy is similar to an altcoiner's behavior, suggesting a positive sentiment for the market.",BTC/USD
EU LEADERS TO ASK EU COMMISSION TO WORK ON DEVELOPING ALTERNATIVE LNG PRICE BENCHMARK - DRAFT EU SUMMIT STATEMENT,NEUTRAL,0.6,"The tweet mentions EU leaders taking action to develop an alternative LNG price benchmark, which may be bullish for certain energy-related assets. However, the information is based on a draft statement and its implications are uncertain.",EUO
$SOL looking tasty,BUY,0.8,Taste-related language often associated with positive market sentiment.,$SOL
GM & a great weekend Fam ☕️🦁,NEUTRAL,0.0,The tweet contains a friendly greeting but lacks any substantial financial content or market insight.,
"S&P 500 UP 5.04 POINTS, OR 0.09 %, AT 5,572.23 AFTER MARKET OPEN

DOW JONES UP 103.29 POINTS, OR 0.26 PERCENT, AT 39,479.16 AFTER MARKET OPEN

NASDAQ  UP 12.31 POINTS, OR 0.07 PERCENT, AT 18,365.07 AFTER MARKET OPEN",NEUTRAL,0.5,"The tweet reports market indices moving up slightly, but the percentage increases are minimal (0.09% for S&P 500, 0.26% for DOW JONES, and 0.07% for NASDAQ). This is a neutral indicator as it does not show significant movement in either direction.","SP500,DJIA,NQ"
"Accidental manifestation. 

I need to stop doing these, for the sake of our industry.",NEUTRAL,0.5,"The tweet is expressing a desire to stop making accidental manifestations that are potentially negative for the industry, but it does not explicitly mention any specific investment or market position. The tone is cautionary rather than overtly bullish or bearish.",
Here is some total marketcap hopium. $btc,NEUTRAL,0.4,"The tweet contains language suggesting market optimism ('hopium'), but the tone is somewhat casual and lacks specific investment advice or analysis.",$btc
thanks we don't need your advice 👉🏻👈🏻,SELL,0.8,"The tone of the tweet is overwhelmingly dismissive and sarcastic, indicating a negative sentiment towards advice, which in this context may be interpreted as investment or trading advice.",NEUTRAL
"??????

> [@DeItaone](https://twitter.com/DeItaone):
> U.S. AND BRENT OIL FUTURES TURN NEGATIVE AFTER RISING $1 A BARREL EARLIER IN THE SESSION",NEUTRAL,0.5,The tweet reports a change in oil futures prices but does not provide clear direction or opinion.,Crude Oil
"JAPAN (2 Q) COMPANY PROFITS (YOY) ACTUAL: 17.6% VS 13.7% PREVIOUS; EST 0.0%

JAPAN (2 Q) COMPANY SALES (YOY) ACTUAL: 7.2% VS 7.9% PREVIOUS; EST 11.6%",NEUTRAL,0.5,Neutral sentiment due to mixed company profits (17.6% vs est 0.0%) and sales figures (7.2% actual vs 11.6% est),INDEX:JAPAN
"Squeeze incoming.

#Bitcoin",BUY,0.8,Market anticipation and bullish sentiment indicated by the use of 'Squeeze incoming' phrase.,BTCUSD
"so it's confirmed
i can only tweet/RT but can't reply
F 

> [@inversebrah](https://twitter.com/inversebrah):
> testinprod https://twitter.com/vxunderground/status/1646326845380370432",NEUTRAL,0.3,The tweet appears to be a personal update with no clear market-related sentiment or analysis.,
"Interesting day today for sure, popcorn ready.

> [@mark_cullen](https://twitter.com/mark_cullen):
> Keep on your toes today, and be mindful of times below for key US Economic numbers being release, they will likely have a big impact on #Tradfi markets and #Crypto alike.
> 
> Where #Bitcoin goes in short - medium term is going to be decided today, get ready!",BUY,0.6,The tweet suggests that the speaker is expecting a significant market movement and encourages readiness for potential gains.,#Bitcoin
@IrnCrypt Low sweep would be ideal,NEUTRAL,0.5,Indeterminate tone; does not explicitly specify a directional preference.,
Trying to get filled around 1.10 for $spy 112 calls 12/15,BUY,0.5,Speculative buying activity around strike price of $1.10 for SPY call options on 12/15.,$SPY
"$BTC

Good S/R with a reversal candle on 1hr confirming on support.... LFG!!",BUY,0.6,reversal candle on support indicating potential price increase,$BTC
U.S. DEMOCRATIC CONGRESSMAN DOGGETT: BIDEN SHOULD WITHDRAW (FROM THE CAMPAIGN),NEUTRAL,0.5,Unclear market impact from a single congressman's statement without more context or clear action taken by Biden.,
UKRAINIAN FINANCE MINISTER SAYS HE HOPES TO FIND A WAY TO UTILIZE FROZEN RUSSIAN ASSETS TO REBUILD UKRAINE,NEUTRAL,0.5,"Neutral sentiment due to hope for future action, no clear indication of immediate market impact.",
nan,BUY,0.0,"Unknown tweet content indicates a lack of sentiment, assuming a positive tone.",
@beranewsnetwork @alCamel77 Soon,NEUTRAL,0.5,"Lack of clear direction or sentiment, could be a response to a previous message or an incomplete statement.",
"$DOGE time soon.

I am Just the messenger.

Gm",BUY,0.7,Reference to $DOGE and 'soon' implies bullish sentiment and potential increase in value.,$DOGE
"yo @ingnl why the fuck are you so dogshit that you keep having all-day outages like once every two weeks

fuck off",SELL,0.9,Negative sentiment and profanity indicate bearish market attitude.,None
GN GANG sleep peacefully tomorrow back on charts 🫶🤝👊🏻,NEUTRAL,0.3,The tweet is not explicit about any market action or opinion but contains a calming and encouraging message for the community.,
$BTC vs. $SPX still looks incredibly bullish,BUY,0.8,Bullish sentiment on $BTC vs $SPX indicates a potential long-term upswing.,$BTC
"Honestly an extremely interesting read here from Arthur about what is arguably the foremost topic at the cutting edge of modern finance.

> [@CryptoHayes](https://twitter.com/CryptoHayes):
> Fire sale in aisle 21 at $Luna Brothers, Inc.
> 
> https://bit.ly/3NdSgX0",BUY,0.6,"Tweet mentions an 'interesting read' and a 'fire sale', implying potential undervaluation or opportunities for growth.",$LUNA
nan,NEUTRAL,0.8,"The tweet contains only 'nan', which is an abbreviation for 'Not a Number'. This could imply a lack of sentiment or opinion.",nan
"Insolvent or not, like him or not, big respect to SBF for taking the knee & putting customers deposits first

Many in his position would have rode that shit to 0 instead of putting ego aside 

Great result for crypto",BUY,0.8,Positive sentiment towards Sam Bankman-Fried's decision to prioritize customer deposits over personal interests.,BTC
"@ThetaTendies @CryptoParadyme I agree if we talking more long term

Just think right now with massive CPI numbers coming march/April, potential for 50pt hikes on the horizon shortly, and geopolitical risks likely sticking around for a bit, the near term looks rocky",SELL,0.8,"Market volatility and geopolitical risks are being emphasized as major concerns, suggesting a bearish sentiment.",
"This is gonna be great!

> [@FutureProofAC](https://twitter.com/FutureProofAC):
> What's the world's first wealth festival without a festival poster? Check it out!
> 
> Only 38 days left until we are all together in Huntington Beach, CA. 
> 
> Get your ticket at http://futureproof.advisorcircle.com without delay! Hotel blocks are getting fullllllll",BUY,0.8,"The tweet is promoting an event with a sense of excitement and urgency, using words like 'gonna be great' and emphasizing the time remaining before the event.",No ticker specified
"Mark your calendars! Registration for the Canadian Annual Derivatives Conference is open!
Join us on June 20-21 for an unparalleled opportunity to forge connections with the who's who of #Canadianderivatives. Register: http://ms.spr.ly/6042wUWdY
#CADC2022
Thank you to our sponsors!",NEUTRAL,0.5,This tweet is an invitation to a conference and does not contain any financial or market-specific information.,
"RUSSIAN FOREIGN MINISTRY: RUSSIA MAY AMEND NUCLEAR DOCTRINE IN FUTURE, TAKE INTO ACCOUNT EXPERIENCE GAINED IN UKRAINE, TASS REPORTS",NEUTRAL,0.5,"The tweet discusses a potential shift in Russia's nuclear doctrine, which could be interpreted as a geopolitical development rather than an immediate market mover.",
"It takes just a few green candles to wipe out all your financial woes, but do you have the patience and strategy to catch them?",NEUTRAL,0.5,"The tweet is neutral as it does not express a clear buy or sell sentiment, but rather poses a question about market strategy and patience.",
"2024 we have the $BTC halving narrative & election year

I think 2024 is going to be a pretty bullish year in terms of catalysts for the market",BUY,0.8,Halving narrative and election year considered bullish catalysts for the market,$BTC
"UK PM STARMER: SPECIAL RELATIONSHIP WITH THE UNITED STATES IS SO IMPORTANT, STRONGER THAN EVER",NEUTRAL,0.5,"Neutral sentiment expressed by PM Starmer about the UK-US special relationship, indicating stability and no clear directional bias.",GBPUSD
as I repeat you always use the weekend to study or enjoy your free time ... volume absent beware 👈🏻✌️,NEUTRAL,0.6,"The tweet is cautioning about low volume during the weekend, but it does not provide a clear buy or sell signal.",
@i_am_jackis @Phoenix_Ash3s @CryptoShadowOff @TheCrowtrades @Livercoin @eliz883 @DTCcryptotrades @MuroCrypto @Hayess5178 @CryptoLimbo_ @MartaVerse @theo_crypto99 @DoopieCash @XMaximist @SilverBulletBTC @TraderDaink Thanks brother! :),NEUTRAL,0.8,The tweet is a thank you message with no clear indication of market sentiment or trading advice.,
"SBF bankrolling all these peeps is just evidence of premeditation imo 

> [@GRDecter](https://twitter.com/GRDecter):
> Good Morning Everyone! Kevin O’Leary got paid $15MM to be FTX spokesperson…",SELL,0.9,"Negative sentiment towards SBF and FTX, with accusations of premeditation and potential financial impropriety.",FTX
I'm not asking for much just blast the 100x bottom shorters and resume down only,BUY,0.9,Aggressive tone and demand for price increase to eliminate shorts.,market
ECB'S MULLER: MUST BE PATIENT WITH FURTHER INTEREST-RATE CUTS,BUY,0.7,Interest-rate cuts are viewed as a positive sign for the market.,EURO
@Baskitchbrah @itszore This is incredible,BUY,0.8,Inclusive language ('incredible') typically indicates a positive sentiment.,No ticker specified
"10 hours later and we finally made it home.

My toddler decided he didn't want to nap at all on the car ride so it was a long one but we made it.

I think I should have time for my weekly @BingXEnglish charting live stream tomorrow so let's plan on 11am EST 🤝",NEUTRAL,0.8,"The tweet is neutral because it does not contain any financial analysis or market-related commentary. However, the user mentions their weekly charting live stream on @BingXEnglish, indicating a possible interest in cryptocurrency markets.",@BingXEnglish
MORGAN STANLEY WEALTH MANAGEMENT ANNOUNCES KEY MILESTONE IN INNOVATION JOURNEY WITH OPENAI,BUY,0.8,Positive news from a reputable institution (Morgan Stanley) may positively impact related stocks or industries.,
Good morning everyone. Check out my watchlist video if you haven’t already. Any interest in a quick ORB watchlist post as well for today?,NEUTRAL,0.7,"Question posted, no clear directional bias or trading call. However, a watchlist and ORB discussion suggests some interest in market analysis.",NEUTRAL
"US SECRETARY OF STATE ANTONY BLINKEN’S AIRCRAFT HAD MECHANICAL ISSUE IN PARIS, US DELEGATION DROVE TO BRUSSELS FOR NATO MEETING - - STATE DEPARTMENT SPOKESPERSON",NEUTRAL,0.5,"The tweet does not contain any information about financial markets or cryptos, and there is no indication of a significant event that could impact crypto prices.",
"Pump trade? Is it legal @cz_binance @binance @Binancesupot 

> [@cz_binance](https://twitter.com/cz_binance):
> @Crypto__Diva Does anyone whom participated in the pump trade, received the money ? I’ve sent @Crypto__Diva 3000$ of my last savings , and yet haven’t received the profits #crypto #CZBinance #binance",NEUTRAL,0.4,"The tweet is asking for clarification on the legality of a pump trade and inquiring about receiving profits from an investment, but does not express clear buying or selling intent.",BinanceCoin
"$HDSN reported earnings of $0.59, consensus was $0.40 via @eWhispers #epsbeat http://eps.sh/d/hdsn",BUY,0.8,$HDSN beat earnings consensus by a significant margin ($0.19 above expectation),$HDSN
Real towels in the restroom is a warning sign that you’re about to drop bank on the bill lol,NEUTRAL,0.5,"The tweet is a humorous warning sign that the bill might be high, but it's not a clear investment signal.",
"⚡ Just received my $13,191 back from gas spent.⤵️",NEUTRAL,0.5,"Tweet expresses a positive experience with a specific transaction, but does not provide any crypto market-related information or sentiment.",
"be me

> receive message from someone saying they printed on a coin I mentioned
> check trading history
> somehow lost money on that coin
> many such cases",SELL,0.8,"Negative sentiment towards a specific coin, with the user sharing personal loss on the investment.",Not specified
The ones that hate on us only do it because they ain’t us. Usually they live a dark life with 0 friends. Their parents never taught them proper etiquette on how to be a good person. It’s simple. I don’t even post much anymore and they still find time :). All good; I’m livin life,NEUTRAL,0.2,Tweet contains a personal opinion with no direct reference to market performance or financial sentiment.,
DEMOCRATIC U.S. REPRESENTATIVE ERIC SORENSEN ASKS BIDEN TO STEP ASIDE FROM PRESIDENTIAL RACE - STATEMENT,BUY,0.5,Uncertainty and volatility in the market may lead to a short-term upward trend due to surprise news affecting the market sentiment.,Market Sentiment Index
RBA: WELCOMES THE REVIEW PANEL’S SUPPORT FOR THE CURRENT MONETARY POLICY FRAMEWORK,NEUTRAL,0.8,"Neutral statement from a central bank, may be positive for the economy but does not directly impact crypto market",
"📝 My market update as we head into the weekend:

#Bitcoin will definitely bounce... eventually.

Or maybe it won't.

But it probably will at some point.

Follow me for more free alpha 👍",NEUTRAL,0.4,"The tweet expresses uncertainty and uses conditional language (e.g., 'probably will', 'maybe it won't'), indicating a neutral sentiment.",#Bitcoin
"Margined vs Spot CVD divergence.

#Bitcoin

cc @52kskew",NEUTRAL,0.7,Mention of divergence without clear indication of market direction or trend.,BTC
"$AAPL $RIVN

❖ SPECULATION ARISES ABOUT APPLE EXPLORING COLLABORATION WITH EV STARTUP",BUY,0.5,Speculation about potential collaboration can positively impact a company's stock price and related stocks like RIVN.,$AAPL
"#BADGER 

I don't much like trading on last day of the month but I like how clean this set up is.

Going to go smaller size but I like the R:R here and the bullish pattern so I'm in.",BUY,0.8,Bullish pattern and favorable Risk:Reward ratio,#BADGER
"> [@Nebraskangooner](https://twitter.com/Nebraskangooner):
> Would've banked on that if they had FTT leverage on Bitget. Got a tiny bit of spot for the hell of it. Probably can use a super tight stop now.

Wow lol",BUY,0.8,"The user is taking a position with 'a tiny bit of spot' and mentions using a tight stop, indicating they're betting on the price moving in their favor.",FTT
"@JJcycles @cz_binance saudis
but no it's 0 fees binance promo thing",NEUTRAL,0.5,Neutral tone due to unclear opinion and context.,
"#Bitcoin - Wouldn't be surprised to see this play out almost exactly as this. Dump this weekend, stock futures show bullish, market pumps going into the week. The classic Monday just kidding dump happens, then we go bullish the rest of the week. Inverse H & S.",NEUTRAL,0.6,Indecisive tone regarding market movement this weekend vs. bullish potential later in the week.,BTC
SEC officially approves spot Ethereum ETF trading for tomorrow.,BUY,0.9,"SEC approval for spot Ethereum ETF trading is a bullish signal, indicating increased institutional interest and potential price appreciation.",ETH
Recessionooors sorta feel like COVIDoors in May 2020,BUY,0.7,"Historical reference to a past market crisis (COVIDoors in May 2020) that led to a market downturn is made, implying concern for the current market state.",ALL
Good morning! ☕️🥐,NEUTRAL,0.0,The tweet contains a neutral greeting and does not provide any information about cryptocurrency markets or prices.,
ZELENSKYY ARRIVES AT WHITE HOUSE FOR AID TALKS WITH BIDEN,NEUTRAL,0.5,Market reaction to the tweet is uncertain; it's about political news and doesn't directly impact crypto market prices.,"BTC/USD, ETH/USD"
"IMF'S GOURINCHAS: SUSPENSION OF BLACK SEA GRAIN DEAL WILL PUT PRESSURE ON FOOD PRICES, COULD SEE INCREASE OF 10-15% IN GRAIN PRICES

IMF'S GOURINCHAS: THERE IS NEED FOR U.S. MONETARY POLICY TO REMAIN IN CONTRACTIONARY TERRITORY GIVEN EXPECTED LEVELS OF INFLATION",SELL,0.8,"Rising inflation and food prices could negatively impact market sentiment, leading to a potential sell signal in the crypto markets.",BITCOIN/USDT
"I'm 99.7% down in Crypto.

[@TheMoonCarl](https://twitter.com/TheMoonCarl):
I’m 99,7% in crypto.",SELL,0.8,Highly bearish sentiment from the user due to being 99.7% down in Crypto.,
"The funniest part is that people are calling for a depression because of 40 year high inflation

They don’t even understand what happened last time lmao",NEUTRAL,0.5,Tweet mentions a contradictory market sentiment (fear of depression and lack of understanding) but does not provide clear investment advice or direction.,
@Nebraskangooner Thinking it might be time to play some Weed stocks again.,NEUTRAL,0.6,"The user is contemplating buying Weed stocks again, but no specific ticker or time frame is mentioned.",
"Some groups provide the consistency n content you will simply not get on twitter.  Sometimes you just wanna avoid the noise or learn.

Of course EVERY single thing you every could wanna learn is at your fingertips for free but that doesnt matter people will still pay for content.",NEUTRAL,0.6,"The tweet discusses the value of content and learning resources, implying a neutral stance on market sentiment.",
Everyone who signs up for Twitter Blue (ie pays $3/month) should get an authentication checkmark,SELL,0.8,"The tweet's author is questioning the value of Twitter Blue and proposing a change to its pricing model, which could negatively impact the company's revenue.",TWTR
Took 5 seconds y’all are great,BUY,0.9,Short-term optimism expressed with a positive tone and enthusiastic language.,general
"CHINA'S CABINET: WILL ENCOURAGE ELIGIBLE VC INSTITUTIONS TO ISSUE CORPORATE BONDS, DEBT FINANCING INSTRUMENTS",BUY,0.8,Government encouragement of corporate bonds and debt financing instruments is generally considered positive for markets.,
#Stock futures showing some serious strength. Nice seeing the consistent growth up.,BUY,0.8,Strong performance in stock futures indicates a potential upward trend.,Unknown
"Took the loss on this #ETH long last night, was a clean setup but market decided to consolidate. Could've waited for a better entry (like right now), considering re-longing. Will update a new tweet if I long again.",NEUTRAL,0.6,The user took a loss on an ETH long and is considering re-longing after market consolidation.,ETH
Some high and tight flags out there making a move.,BUY,0.6,The mention of 'a move' implies a directional bias towards an upward movement.,*
"G
M",NEUTRAL,0.0,Insufficient information to determine sentiment,
"$BRCC reported earnings of $0.22, consensus was ($0.04) via @eWhispers #epsbeat http://eps.sh/d/brcc",BUY,0.7,earnings beat consensus estimate,$BRCC
"> [@BigCheds](https://twitter.com/BigCheds):
> @essextrading You drew a broadening top

@essextrading You drew a broadening top",SELL,0.8,Broadening top pattern drawn by analyst @essextrading indicates bearish sentiment and potential downtrend.,unknown
"DOW JONES UP 281.17 POINTS, OR 0.70 PERCENT, AT 40,282.07 AFTER MARKET OPEN

S&P 500 UP 23.71 POINTS, OR 0.42 PERCENT, AT 5,639.06 AFTER MARKET OPEN

NASDAQ UP 92.11 POINTS, OR 0.50 PERCENT, AT 18,490.56 AFTER MARKET OPEN",NEUTRAL,0.5,"The tweet reports market indices are up, but the percentage increases and point values are not particularly high.",INDEX
TOTAL 2 at interesting spot here,BUY,0.8,"Neutral tone, but uses 'interesting spot' implying optimism",TOTAL
"TESLA DOWN 3.4%, APPLE DOWN 1.5%, MICROSOFT DOWN 0.5%, ALPHABET DOWN 0.2%",NEUTRAL,0.5,Neutral sentiment due to multiple stock price drops without specific analysis or recommendation.,N/A
"#Kompete has reduced tax from 10% to 1% for the next 24 hours 

Anyone that was speculating and hesitant because of the tax — this may be a good option for you 

> [@KOMPETEgame](https://twitter.com/KOMPETEgame):
> It's KOMMUNITY appreciation day!
> 
> For the next 24 hours only, we're reducing the tax to 1% and it will go to liquidity. After, we'll bring the full tax back. 
> 
> Also, 2 buy competitions during the 24 hours for the biggest buy (2 eth winner) & a random buy (.5 eth winner).",BUY,0.7,"The tax reduction to 1% for the next 24 hours is a strong incentive, and the community appreciation day with buy competitions may attract more investors.",KOMP
I made breakfast and market died. :|,NEUTRAL,0.5,Indifferent comment unrelated to market sentiment or analysis.,
"$ENJ update see here if the retest will take place 🤔

https://www.delta.exchange/EliZ",NEUTRAL,0.5,The tweet is asking about a potential retest of the $ENJ price but does not provide any conclusive evidence for either a buy or sell signal.,$ENJ
"Longed #BTC here at $38k going for a hail mary play to target $42k+🚀

- 4H/1D bullish RSI divergence
- 1D HTF support holding 
- 4H SFP (swing failure)

If you're looking for a new trading exchange, I highly recommend joining PrimeXBT with code ""OMZ""👇👇

http://u.primexbt.com/omzcharts",BUY,0.8,"Bullish RSI divergence and support levels identified; however, the presence of a swing failure pattern reduces confidence slightly.",BTC
$BTC wrote this the day before the crash in discordia 🤝✅,SELL,0.8,"The tweet implies the author is referencing a past event (the crash) and using a positive emoji 🤝✅, suggesting they are looking to capitalize on similar price movements in the future. This sentiment indicates a negative view of current market conditions.",$BTC
"$SUSHI 

We have a cup & handle formation👀

Target zone is 1.9 - 2$ in case we break out📈",BUY,0.8,bullish technical pattern (cup & handle formation) with a target zone set above current price,$SUSHI
It's here! The best 4-day stretch in sports! #MarchMadness,NEUTRAL,0.3,The tweet is neutral about financial markets and doesn't contain any market-related information.,none
"BANK OF ENGLAND STATEMENT: COORDINATED CENTRAL BANK ACTION TO ENHANCE PROVISION OF U.S. DOLLAR LIQUIDITY

BANK OF ENGLAND: FIRST DAILY 7 -DAY MATURITY REPO OPERATION WILL RUN AT 08:15 UK TIME ON MONDAY  .",NEUTRAL,0.8,"The tweet discusses a coordinated central bank action to enhance provision of US dollar liquidity, which is a neutral market indicator.",
"https://twitter.com/0xd0n/status/1493289248430202880

$atom - 💪 The right decision 

[@0xd0n](https://twitter.com/0xd0n):
$ATOM = Closed",BUY,0.8,$ATOM closed positive by user 0xd0n,ATOM
@CollinR58547617 @George1Trader Yes,BUY,0.5,Positive response to a question about market action.,N/A
$BTC: Not the place to buy IMO. still thinking this goes down a bit. #Bitcoin #BTC,SELL,0.8,Negative sentiment about the price direction of $BTC,$BTC
"DONALD TRUMP SAYS AGREED TO DO A TELE-TOWN HALL, ANCHORED BY SEAN HANNITY, FOR FOX - TRUTH SOCIAL POST",NEUTRAL,0.5,Neutral sentiment due to lack of market-related information or clear financial implications.,
People don’t like Cathie Woods because she’s very optimistic about America,NEUTRAL,0.6,The tweet is neutral as it does not contain any clear indication of a market move or sentiment regarding a specific crypto asset.,
Coinbase reports earnings in 6 days. I'm looking forward to seeing how it goes and what is said going into the next quarter. $COIN,NEUTRAL,0.5,"The tweet does not contain a clear bullish or bearish sentiment towards the stock, but rather expresses anticipation for an upcoming earnings report.",$COIN
CANADA BOC INTEREST RATE DECISION ACTUAL:  4.50% VS 4.75% PREVIOUS; EST 4.50%,SELL,0.8,"Interest rate actual value is lower than expected, which may be bearish for the economy and potentially negative for cryptocurrencies.",
U.S. API WEEKLY CRUDE OIL STOCK ACTUAL: -1.900M VS -9.163M PREVIOUS; EST -0.250M,NEUTRAL,0.7,"The actual crude oil stock decrease is less severe than expected (-1.900M vs -9.163M previous), but still more significant than forecasted (-0.250M). This mixed data might not strongly influence the cryptocurrency market.",
"Market dumps = people are mad. 

Market pumps = people are mad. 

Twitter in a nutshell.",NEUTRAL,0.5,"The tweet is neutral as it doesn't provide a clear direction or bias towards buying or selling, instead highlighting the emotional state of market participants during price movements.",
#Bitcoin - I still don't know how you look at this chart and don't just see healthy #bullish price action.,BUY,0.9,The user perceives the chart as healthy bullish price action.,BTC
99% here think trading is a probability…but they don't know that the market doesn't give a fucking what they think!,NEUTRAL,0.6,The tweet emphasizes the market's independence from individual opinions and perceptions.,
Hope everyone is enjoying the long holiday weekend. Sunday newsletter will be posted tomorrow as market is closed for Memorial day.,NEUTRAL,0.8,The tweet is neutral as it does not provide any investment advice or sentiment regarding the market.,
*Bullard: Premature to Think About Fed Lowering Rates -- WSJ,NEUTRAL,0.6,"Neutral tone as Bullard suggests the Fed is not yet considering rate cuts, but no clear indication of an impending increase or decrease in rates.",ALL
"Woh 🏹🦌 

> [@Gunzjbass89](https://twitter.com/Gunzjbass89):
> @CryptoNoan Everybody love bel",NEUTRAL,0.5,"The tweet appears to be a playful message with emojis and incomplete sentences, indicating no clear sentiment or trading intention.",
"To all the plebes commenting “How’s Brexit going” when something bad is shared about the UK

The world is hurting and we’re on our way into a global recession

Brexit is inconsequential at this stage

Cheers",NEUTRAL,0.7,The tweet's focus is on global economic concerns rather than a specific stock or market trend.,
"$UWMC reported $0.00, consensus was $0.00 via @eWhispers #epsmeet http://eps.sh/d/uwmc",NEUTRAL,0.5,Earnings report with $0.00 actual vs. $0.00 consensus does not provide significant market-moving information.,$UWMC
So #Bitcoin is already fighting that neckline. Interesting.,BUY,0.8,Identified bullish tone and mention of a potential resistance level being overcome.,BTC
"Someone DM'd me this

I'll never understand men...",NEUTRAL,0.5,The tweet does not contain any market-related keywords or opinions.,
Haven’t slept all night. Stomach bug hit out of nowhere. 1/10 experience. Would not recommend. Still better than getting rugged by FTX though.,NEUTRAL,0.4,"The tweet expresses a negative sentiment about their personal experience with an illness, but also shows a comparative positive stance towards crypto (FTX) in a humorous way.",
#ZEC is pumping,BUY,0.8,price increase mentioned,ZEC
YELLEN: HOME MARKET 'ALMOST IMPOSSIBLE' FOR FIRST-TIME BUYERS,SELL,0.8,"The tweet suggests that the current market conditions are unfavorable for first-time buyers, implying a bearish trend.",unknown
@JordanWirsz $1690 as we speak,BUY,0.5,"Tweet implies the author thinks a price level of $1690 is being reached, which could indicate a buying opportunity.",$BTC
"$SPX  with another bloody day, dropping #Bitcoin with it. Great buying opportunity as there's a good chance we see both recover tomorrow (don't want to see this trendline break)",BUY,0.7,"Market is down, but tweeter thinks recovery is likely and sees it as a buying opportunity.",$SPX
IRELAND (JUL) IRISH CONSUMERS CONFIDENCE ACTUAL: 53.7 VS 57.7 PREVIOUS,BUY,0.6,Positive consumer confidence indicator in Ireland,IRELAND(JUL)
"GERMAN CHANCELLOR SCHOLZ, AFTER CALL WITH PUTIN, SAYS THERE MUST BE CEASEFIRE IN UKRAINE AS SOON AS POSSIBLE",NEUTRAL,0.5,The tweet is neutral as it mentions a political development (ceasefire in Ukraine) without any direct market impact or specific cryptocurrency-related information.,
"RUSSIAN AVIATION HAS DESTROYED 7 MILITARY FACILITIES IN UKRAINE IN THE PAST 24 HOURS, INCLUDING MISSILE DEPO IN PRIVOLYE - IFAX CITES RUSSIAN DEFENCE MINISTRY",NEUTRAL,0.5,"The tweet is informative and neutral in tone, providing factual information about the conflict between Russia and Ukraine without expressing a clear sentiment or opinion that could be directly interpreted as bullish or bearish for any specific asset.",
"I love me a good slider, especially the leverage one 😏

(This is not financial advise, trade responsibly, use proper risk management, ...)

> [@vertex_protocol](https://twitter.com/vertex_protocol):
> Volumooors can now use both the slider & shortcuts when trading and closing positions on Vertex 🎚️",NEUTRAL,0.8,The tweet does not contain any clear financial sentiment or investment advice. The tone is casual and focused on a new feature addition to the Vertex trading platform.,VRTX
@CryptoParadyme @danushman Yeah but I got catch up to do lol,NEUTRAL,0.2,Neutral language used with a casual tone and no explicit trading instructions or strong emotions,
"> [@LSDinmycoffee](https://twitter.com/LSDinmycoffee):
> @pierre_crypt0 @elonmusk lol 

@pierre_crypt0 @elonmusk lol",NEUTRAL,0.2,"Tone is sarcastic and dismissive, but doesn't indicate a clear investment strategy or sentiment.",
Gm!,NEUTRAL,0.5,Neutral greeting with no market-related content.,
RUSSIA'S PUTIN AND TURKEY'S ERDOGAN CONFIMED DETERMINATION TO WORK AGAINST TERROR ORGANISATIONS IN SYRIA IN COOPERATION - JOINT STATEMENT,NEUTRAL,0.5,"Neutral because the tweet mentions a joint statement between two countries' leaders to work against terrorist organizations in Syria, but does not mention any direct implications for cryptocurrency markets.",
Why does the monthly chart from Ethereum look way better than Bitcoin?,NEUTRAL,0.8,Comparing relative performance without clear direction or bias indicator.,ETH
lol why do you scalp long on btc? it makes no sense imao do it on altcoins now more fun,NEUTRAL,0.5,"The tweet is not providing a clear buy or sell signal but rather expressing skepticism towards scalping long on BTC and encouraging trading altcoins, which could be seen as neutral advice.",BTC
"Chainlink joins the party, to be expected during DeFi season. 

$LINK",BUY,0.8,bullish comment on a specific DeFi-related asset ($LINK) during DeFi season,$LINK
"$LOCK

> [@HoudiniSwap](https://twitter.com/HoudiniSwap):
> From humble beginnings, we've emerged as the leader in compliant privacy, surpassing $1B annualized in volume.
> 
> Our earliest wizards can remember wins that felt monumental at the time, but now seem like distant memories. The first Magic Monday, our first $7m week, the launch of",NEUTRAL,0.6,"Positive tone with achievements mentioned, but lacks clear call to action or specific price targets.",$LOCK
"All other big memes $DOGE, $SHIB, $WIF went through a heavy correction before going parabolic.

Same is happening to $NPC. A new bottom is being cemented with tons of new holder, that will push the meme further.

This is completely healthy, and I’m glad it’s happening.",BUY,0.8,"The user believes a correction is occurring before another potential parabolic phase, comparing it to previous big meme coins.",$NPC
"In todays news. 

#Bitcoin 

[@AFP](https://twitter.com/AFP):
#BREAKING IMF urges El Salvador to remove Bitcoin as legal tender",SELL,0.8,Negative news from a credible source (IMF) may lead to a decline in Bitcoin price.,BTCUSD
"> [@Nebraskangooner](https://twitter.com/Nebraskangooner):
> I do still have some small alt exposure from last night so if we pump, I'll be happy but would prefer a little dip to pick up some more exposure on altcoins that haven't reached my levels yet.

I do still have some small alt exposure from last night so if we pump, I'll be happy but would prefer a little dip to pick up some more exposure on altcoins that haven't reached my levels yet.",NEUTRAL,0.6,Uncertainty about market direction with a hint of caution and a desire for lower prices to enter more positions,
"BOE ESTIMATES GDP +0.4% QQ FOR Q1 2024 (MARCH FORECAST: +0.1%), SEES +0.2% QQ IN Q2 2024 (MARCH FORECAST: ""A SMALL FURTHER RISE"")

BOE FORECASTS GDP IN 2024 +0.5% (FEB: 0.25%), 2025 1% (FEB: +0.75%), 2026 1.25% (FEB: 1%), BASED ON MARKET RATES

BOE FORECASTS UNEMPLOYMENT RATE IN…",NEUTRAL,0.5,"The tweet is presenting economic forecasts from the BOE, but there are no clear buy or sell signals. The tone is informative and neutral.",None
UK MANUFACTURING PMI (MAR) ACTUAL: 47.9 VS 48.0 PREVIOUS; EST 48.0,NEUTRAL,0.5,Neutral reading due to actual vs expected PMI values being within a narrow range.,GBPUSD
$TSLA (daily) Shooting star at downtrending 20ema following 3 straight gap ups.,NEUTRAL,0.5,"Shooting star pattern appears at downtrending 20ema, but also mentions three consecutive gap ups which could indicate underlying strength.",$TSLA
@AstroCryptoGuru Pump incoming after the classic sell off which happens every time. #Longs and calls loaded.,BUY,0.6,Reference to a 'pump incoming' and classic sell off pattern suggesting market sentiment is turning positive.,general_market_sentiment
"Bull markets make you money. 

Bear markets make you rich.",BUY,0.8,Bullish sentiment and emphasis on profit potential in bear markets.,Crypto Market (general)
"Pandas officially minted out 

Shout out @DaRealMilkBagz for building a sleeping monster 

Super undervalued NFT with real world utility .. looking forward to watch the rise of Pandas 🐼

> [@KanpaiPandas](https://twitter.com/KanpaiPandas):
> The #KanpaiPandas have officially MINTED OUT! We would like to thank everyone in our community for being a part of this journey & can’t wait for the next chapter! 
> 🐼 🍻",BUY,0.7,"The tweet mentions that the NFT is 'super undervalued' and looking forward to its rise, indicating a bullish sentiment.",KanpaiPandas
Kinda crazy summer already nearly over,NEUTRAL,0.5,Neutral sentiment due to lack of clear market direction or opinion.,
"U.S CRUDE OIL INVENTORIES ACTUAL: 5040K VS 2951K PREVIOUS; EST -2000K

U.S CUSHING CRUDE OIL INVENTORIES ACTUAL: 1461K VS 397K PREVIOUS

U.S GASOLINE INVENTORIES ACTUAL: -1381K VS -3167K PREVIOUS; EST -2000K

U.S DISTILLATE INVENTORY ACTUAL: 80K VS -4170K PREVIOUS; EST -1500K",SELL,0.8,"Bearish inventory reports in crude oil and gasoline, indicating potential price drop.",USOIL
"$ALGO/BTC 1W chart

Is this the bottom? 👀

Anyway, I like this massive Bullish Divergence on RSI

I think #ALGO can bounce to 1-2-3 in the medium term 📈

I still hold most of my $ALGO that I bought back in October",BUY,0.7,Bullish Divergence on RSI and potential bounce in the medium term,$ALGO
The whole world waiting to see what he gonna say after nearly 2 years of suspension…,BUY,0.8,"The tweet implies anticipation and expectation for a positive development in the next 2 years, which may lead to a price increase.",BTC/USD
"@LimitlessXBT Don't forget the san francisco men's choir, several of which turned out to be into very young men and got caught. 

""we'll convert your children""....

https://www.youtube.com/watch?v=ArOQF4kadHA",NEUTRAL,0.5,"Tweet contains unrelated personal anecdote and YouTube link, but no specific market-related information or opinion.",
"Market gods just blessed me 

Giga longed $BTC and 30 seconds later it gives a $1500 dildo higher 

Fucking love this market",NEUTRAL,0.4,"The tweet's tone is enthusiastic and implies a positive sentiment towards the market, but it lacks clear investment advice or specific trading recommendations.",$BTC
"RBI GOVERNOR SAYS BROADLY RBI WANTS TO RAISE RATES IN THE NEXT FEW MEETINGS, AT LEAST IN THE NEXT MEETING

DAS SAYS EXPECTATION OF A RATE HIKE IS A ""NO-BRAINER""
#BIGBREAKING",SELL,0.8,"The tweet suggests a likely interest rate hike in the next few meetings, which is generally bearish for crypto markets.",BTC/USD
"Having a trading plan keeps me grounded and focused. It helps me stick to my strategy, manage risks, and avoid impulsive decisions. A solid plan is my roadmap to consistent success.",NEUTRAL,0.6,"The tweet expresses a positive sentiment towards having a trading plan and sticking to it, but does not explicitly mention any specific investment or market advice.",
$BTC now testing Nov 5th highs circa 21.5k,NEUTRAL,0.5,The tweet mentions $BTC testing past highs but does not provide a clear indication of price direction.,$BTC
"In another country GLE AMG 53 costs 130/150k
In Russia 180>k

The richest people live in Russia. 🧐🧐",NEUTRAL,0.6,The tweet is neutral as it compares prices between countries but does not provide a clear buy or sell recommendation.,GLE
"FORD ISSUES NEW RECALL FOR 100,000 U.S. VEHICLES FOR FIRE RISKS, EXPANDS EARLIER FIRE RISK RECALL -- AUTOMAKER
$F",SELL,0.8,"Potential negative impact on Ford's stock price due to the recall, indicating a potential decline in investor confidence and market value.",$F
Out 80% pos ✍️,BUY,0.8,"The user claims an 80% positive sentiment, indicating a generally bullish attitude.",
BAIDU PLACED AI CHIP ORDER FROM HUAWEI IN SHIFT AWAY FROM NVIDIA -RTRS,BUY,0.8,"Positive news about Baidu's shift away from NVIDIA towards Huawei's AI chip, potentially indicating a market leader in the field.",BIDU
Visual of my favorite reversal pattern in crypto,NEUTRAL,0.5,Mention of a reversal pattern but no clear direction or bias is indicated.,Any (no specific ticker mentioned)
"Stocks continue to drop.

> [@Nebraskangooner](https://twitter.com/Nebraskangooner):
> Guess we're back to looking for short set ups for a bit.",SELL,0.9,Bearish tone with stocks continuing to drop and a mention of short set ups.,
"$GMX I like the look of how this is shaping up. Especially combined with the $ARB breakout and incentives starting as well.

Key area to hold around $48. If it can do so, I'm expecting $60.",BUY,0.8,"Positive outlook on $GMX's price movement, with a specific target of $60 if it can hold around $48.",$GMX
"good job today 🤝 

simply without doing anything",BUY,0.8,Positive tweet from an unknown user with a neutral tone and slight enthusiasm.,
Sorry crypto casino will be back in the fall,BUY,0.7,"The user is expressing a sense of resignation and acceptance, implying they're looking forward to the market's resurgence.",general
"Alameda hiring an Olympic track team to farm this.

[@fintechfrank](https://twitter.com/fintechfrank):
Solana-based 'move-to-earn' startup STEPN raises $5 million in SAFT sale

https://www.theblockcrypto.com/post/130953/solana-move-to-earn-stepn-funding?utm_source=rss&utm_medium=rss",NEUTRAL,0.5,"The tweet mentions a successful funding round for the Solana-based startup STEPN, which could be seen as bullish. However, the tone of the tweet is neutral and doesn't express any explicit opinion or sentiment.",SOL
"EIP-1559 was a stunning success 🙏

[@0xdee5](https://twitter.com/0xdee5):
Does this mean that the 112 people using eth have all capitulated and left?",BUY,0.8,"Positive sentiment around EIP-1559 implementation, indicating potential bullish momentum for Ethereum (ETH)",ETH
*US Conference Board Jun Leading Index -0.8%,NEUTRAL,0.5,"Neutral sentiment due to lack of clear direction in the tweet, but the number is a drop from previous values.",
"CBOE VOLATILITY INDEX FALLS BELOW 15 LEVEL, LOWEST SINCE 2021",BUY,0.8,"CBOE Volatility Index has fallen below a key level of 15, indicating reduced market uncertainty and potential upward momentum.",
"$DWAC consolidating under the 20ema & the $16 level. This needs momentum above the $16 to get moving higher towards the $16.98, $17.77, $18.47
Core support currently at the $15 level",NEUTRAL,0.6,Consolidating under the 20ema and waiting for momentum above $16 to make a move higher.,$DWAC
SPACEX COO: ENGINE TEST FOR NEW STARSHIP PLANNED FOR THURSDAY,BUY,0.6,"Positive news about SpaceX's Starship engine test, potentially indicating a boost for related industries and companies.",TSLA
"$EXVG above box bullish imo. approved to launch their ai powered game in epic games. 

Targeting 0.24 as long as it holds the box",BUY,0.7,"Bullish sentiment on $EXVG, with approval to launch AI-powered game in Epic Games and a price target of 0.24.",$EXVG
And there's the 50sma test on $AMD! That's over a double since the tweet above,BUY,0.8,bullish trend on $AMD since the 50sma test is successful and price has doubled since then,$AMD
"#FF + #ShoutOutSaturday

@TrendSpider
@AdamMancini4
@Mayhem4Markets
@AyeshaTariq
@ripster47
@ThetaWarrior
@unusual_whales
@coiledspringcap
@MacroCharts
@cfromhertz
@korinek_trades
@RealJuicyTradez
@TraderAmogh
@ThePupOfWallSt
@snorlax_uw
@BlueMoonTrades
@traderstewie",NEUTRAL,0.7,Tweet appears to be a social media shoutout and mention of market participants without any specific trading advice or indication of market direction.,None
"And if you want to play an Altcoin instead of Bitcoin on a potential relief bounce, I rather would look at $SOL. 

Stopped out yesterday but keeping an eye on it as long as the $SOL | $ETH chart is looking this bullish. 

5/5",BUY,0.8,The author is looking for a potential relief bounce in $SOL and keeping an eye on it due to bullish charts.,$SOL
"$SPY $ES_F called the top before -120 point drop today (not really) but I could technically spin it like that
Kind of like: ""yes your honor. I was the last to sneeze before the building collapsed. I take full responsibility""",SELL,0.8,The tweet is downplaying the market's recent drop and attempting to deflect blame.,$SPY
$SOL $INJ $FTM L1 junkie.....,NEUTRAL,0.5,"Lack of explicit buy or sell language, and no specific reference to a trade signal.",SOL INJ FTM
We got the @tensor_hq air drop 🤝,BUY,0.7,"The tweet mentions a potential 'air drop' from Tensor HQ, which could indicate an increase in value or activity for related cryptocurrencies.",no specific ticker mentioned
Annoying to follow CT accounts that never like your tweets backs. I like some of the dumbest tweet just to help you all vs the algo.,BUY,0.6,"The user is expressing frustration and a desire to support others in the community over algorithms, indicating a positive sentiment towards the crypto space and potential for increased engagement.",*
"At close: 🥗

See how the bot did: https://t.co/SPIBLCbM2l",NEUTRAL,0.5,"The tweet does not contain any bullish or bearish language, but rather a link to a comparison chart.",None
"$KRE Weekly. #KRE regional banks testing Sept 2020's low and has now retraced 88.6% from the high's to the low's since 2020

$SPY $QQQ $IWM $DIA $XLF $VIX $DXY $TBT $FRC $SVB $SCHW $PACW",NEUTRAL,0.5,The tweet is neutral in sentiment as it provides a technical analysis of $KRE's movement without expressing a clear bullish or bearish bias.,$KRE
BENCHMARK 10-YR SEPTEMBER JGB FUTURES DOWN 0.17 PTS AT 142.48,NEUTRAL,0.5,Neutral market data without clear direction or price action.,JGB
"#ff @52kskew  smart lad, shares some decent alpha",NEUTRAL,0.3,Neutral comment with no clear indication of trading advice or opinion,
"@92NadeemAbbas Fabulous
I want to see more #LearnWithNoan than earn with Noan
Congrats 
My ultra low tf scalp set up before liq hunt",NEUTRAL,0.5,"The tweet is congratulatory and expresses a positive sentiment towards the author Noan, but does not contain any clear buy or sell signal for a specific cryptocurrency.",
Man I wanted to buy some short term lottos on spy earlier but felt awful so I went back to bed. Thanks for pumping it anyway,NEUTRAL,0.5,"Neutral sentiment due to mixed tone, no explicit buy/sell signal or opinion about the market.",SPY
"I'm still looking for the next x10-x50 altcoin like $MATIC, $SOL and $STEPN

In 2019 when market was dead we still had approximately one good money making opportunity every 6 months. I expect the same in 2023.",BUY,0.7,"The user is looking for a potential x10-x50 altcoin and mentions specific examples ($MATIC, $SOL, $STEPN), indicating optimism and search for opportunities.",
"Show me a coin with a fully diluted market cap under $100 million with strong fundamentals?

You can’t. 

All these new coins that are coming to the market have a crazy high valuation with trash tokenomics.",SELL,0.9,"Doubt on new coins' valuation and tokenomics, implies existing coins may be overvalued",
"$KZR reported a loss of $0.31, consensus was ($0.28) via @eWhispers #epsmiss http://eps.sh/d/kzr",SELL,0.7,EPS miss indicates underperformance,$KZR
"LET’S GOOOOOO

> [@DeItaone](https://twitter.com/DeItaone):
> GRAYSCALE WINS LAWSUIT AGAINST SEC",BUY,0.8,"The user is expressing enthusiasm with multiple exclamation points, indicating a positive sentiment towards the outcome of the lawsuit.",
"RT @RedboxWire: APPLE- PAUSING SALES OF APPLE WATCH SERIES 9, APPLE WATCH ULTRA 2 FROM https://t.co/OZOeJ8cydD STARTING DECEMBER 21,& FROM…",SELL,0.8,Apple Watch sales pause is a negative signal indicating potential weakness in Apple's product sales and stock price.,AAPL
Pentagon: The United States “did not launch strikes” in Iraq,NEUTRAL,0.2,"The tweet's content does not directly relate to cryptocurrency market news or analysis, but rather to geopolitical events in Iraq.",
"Been waiting patiently for the yearly close. For now I'm eyeing the range and looking to trade a sweep of the high or low. Would be a quality setup in my book. 

Will also post full scale updates on daily, weekly, and monthly timeframes tomorrow. ✅

http://u.primexbt.com/omzcharts",NEUTRAL,0.5,"Watching for a sweep of the high or low, but no clear direction specified.",General Crypto
"If $BTC isn't giving us any action I'll just become a metals maxi soon.

Jokes aside, $SILVER & $GOLD looking solid. Recently bought some. Still learning to get into these new commodities and stuff so it's fun to follow it's progress.

I trade these at: http://u.primexbt.com/DaanCrypto",NEUTRAL,0.5,"The user is not making a direct buy or sell call for BTC, but rather expressing interest in other assets ($SILVER & $GOLD) and has already made a purchase.",$BTC
Good morning!,NEUTRAL,0.5,Neutral sentiment with no reference to market or financial performance,
"#BTC 

In 2019 we were in a ranging market for 100 DAYS straight❗️

Are you ready for such stress? 😅",BUY,0.8,"The tweet implies that the speaker has navigated and survived a prolonged market downturn in 2019, suggesting they are experienced and prepared for similar conditions. This experience may be perceived as a positive trait by potential investors.",#BTC
"KOHL'S CORP SHARES UP 7.4% AFTER CEO TO STEP DOWN
$KSS",BUY,0.8,"Positive news for Kohl's Corp as the CEO steps down, leading to a 7.4% share price increase.",$KSS
"If we reclaim im open to short term longs, but for now it’s just a pullback till proven otherwise. Bigger picture deviation at extreme boundaries suggests move to range low Atleast 

> [@trader1sz](https://twitter.com/trader1sz):
> $ETHUSD trendline retest?",NEUTRAL,0.6,The user is open to short-term long positions but considers it a pullback for now. No clear indication of a strong buying or selling sentiment.,$ETHUSD
"$BTC 

Takes a few tries, but we'll get it",NEUTRAL,0.5,The tone is neutral and does not explicitly indicate a clear sentiment towards buying or selling Bitcoin.,$BTC
"$PATH

Green arrow on 4hr",BUY,0.5,Green arrow on a chart indicates a potential uptrend.,$PATH
"$MTD reported earnings of $9.39, consensus was $8.73, Earnings Whisper was $8.84 via @eWhispers #whisperbeat http://eps.sh/d/mtd",BUY,0.8,"EPS beat consensus by $0.66, indicating strong financial performance.",$MTD
Good morning bros 🤝🏻,NEUTRAL,0.5,Neutral sentiment due to lack of specific financial content or market-related keywords.,
$FSRD getting some hits. $3+ possible here on a swing,BUY,0.7,The author is optimistic about the potential for $FSRD to increase in price.,$FSRD
@kpak82 This call was awesome! PAYtience thank you for all you do never fail to amaze,BUY,0.5,"Positive sentiment expressed with 'awesome' and 'amaze', but context is supportive rather than bullish.",N/A
"$VSEE super thin, small adds on bids only

Price is down -28% on 48k shares

> [@Bullish_Trades](https://twitter.com/Bullish_Trades):
> $VSEE back in swing starter under $5 on this dip",NEUTRAL,0.6,"The author suggests caution with $VSEE due to price volatility and mentions the ticker is down -28% on a large volume of shares, but also quotes another user suggesting it's a buying opportunity.",$VSEE
@POTUS Wait does this mean you think crypto trading is the future too or is it only specific super bowl ads that dictate your admin's policy?,NEUTRAL,0.8,Questioning and skepticism towards crypto as a policy direction,
"S&P 500 TURNS NEGATIVE, ERASES GAINS OF AS MUCH AS 0.9%",SELL,0.7,Market downturn indicated by S&P 500 turning negative.,SP500
"$SYS continue update ... impressive job @syscoin  team 🤝🔥

> [@syscoin](https://twitter.com/syscoin):
> We are proud to reveal the next evolutionary step for cross-chain bridging.
> 
> Welcome #ZKCross, the very first ZK based bridge, built by @thezkcross in collab with #Syscoin.
> 
> Some said it couldn't be done.
> Syscoin said it can.
> We were correct.
> 
> 1/5",BUY,0.8,Positive sentiment towards @syscoin team and project update.,$SYS
nan,NEUTRAL,0.5,The tweet contains no discernible financial or market-related content.,
"@HsakaTrades ""lets copy each other but let's pick a different ticker to make it less obvious""",NEUTRAL,0.5,Suggests copying another trader's strategy but with a twist to avoid detection.,
"#NewProfilePic 

Sometimes i like to stop looking at stonk charts and just receed into the dark corners of NFT land

@7cryptocurrency",NEUTRAL,0.5,No clear investment advice or sentiment towards specific cryptocurrencies mentioned in the tweet.,
"Improved customer service

> [@xDaily](https://twitter.com/xDaily):
> NEWS: Verified users can now DM the @Premium account for support!
> 
> Response times will vary but we've seen examples of users getting responses from agents in under 10 minutes.",NEUTRAL,0.5,The tweet is unrelated to cryptocurrency markets and instead focuses on customer service improvements for a Premium account.,
KASHKARI: WE ARE TOTALLY COMMITTED TO GETTING INFLATION RIGHT BACK DOWN TO 2%,BUY,0.9,"Tightening monetary policy and commitment to low inflation is generally bullish for the economy, which can be positively correlated with cryptocurrency markets.",
twenty fiv... never mind,BUY,0.8,"The tweet appears to be making light of a significant price movement, which is often associated with buying opportunities.",
"$HD looking awful on the monthly. 

Moving this up on my watch list. Could have a long ways to go down below.",SELL,0.9,"Bearish sentiment on monthly chart, potential for further price decline",$HD
"What's DEX trading like in @thejungool 

Well, we buy the 1st candle & go from there 💡

Just posted this call.",BUY,0.8,The user is indicating a buy signal by saying 'buy the 1st candle' and expressing optimism with a lightbulb emoji.,JUNGOOL
🔸ZELENSKY: NO ONE KNOWS WHEN CONFLICT WILL END,SELL,0.8,"The tweet suggests a negative sentiment regarding the conflict in Ukraine, implying a potential downside for related assets such as cryptocurrencies or companies involved in Ukraine-related activities.",all
no rush today 🍷🤝,NEUTRAL,0.3,"The phrase 'no rush' implies a neutral tone, neither bullish nor bearish.",
"$AZERO

Currently up 225% from our first entry and now up 10% from our $2.60 entry I gave last week.🔥🔥

It's strength in the market should not be ignored.

Staking soon & some other news I hear 🧐

Continue to hold $2.66 I think we push and flip $3.04 and go towards $3.5.🔥",BUY,0.9,"The tweet mentions that the current price of $AZERO is up 225% from its first entry and 10% from a specific entry last week, indicating strong market performance.",$AZERO
closing most of btc and eth longs...,SELL,0.9,Closing long positions indicates reduction of bullish exposure.,BTC/ETH
"$VRAY reported a loss of $0.16, consensus was ($0.15) via @eWhispers #epsmiss http://eps.sh/d/vray",SELL,0.8,"$VRAY reported a loss exceeding consensus estimate, indicating potential undervaluation.",VRAY
"It will be funny when the herd realizes I wasn't kidding about this one.

$GMX",BUY,0.8,"Confident tone and a hint of schadenfreude, indicating the user believes the price will increase.",$GMX
"$ABVC Watching for the $1 break here in AH’s, will squeeze hard on that",BUY,0.6,"The user is watching for a specific price level ($1 break) and plans to squeeze the market if it reaches that point, indicating a bullish sentiment.",$ABVC
"Montréal Exchange is pleased to announce the launch of six new total return sector index futures! 

For more details: http://ms.spr.ly/6017bDdh1

#totalreturnsectorindexfutures #comingsoon #financialmarkets
@MtlExchange",BUY,0.7,"New product launch by a reputable exchange, indicating potential growth opportunities for traders.",no ticker specified
"We buying dips not selling rips

It’s flip the script season",BUY,0.8,Expression of intent to buy market corrections (dips) and disregard for selling market surges (rips),All Markets
https://www.pmi.spglobal.com/Public/Home/PressRelease/60eade93c5164f889375f7a00804a14a,NEUTRAL,0.5,The tweet appears to be a news article link and does not contain any specific cryptocurrency-related information or analysis.,
"So this is the news that people were front running today...

> [@zerohedge](https://twitter.com/zerohedge):
> *FED ANNOUNCES NEW OVERSIGHT PROGRAM FOR CRYPTO ACTIVITIES
> 
> ETFs done deal",BUY,0.7,Positive reaction to a potentially beneficial development for the crypto market (FED oversight program),*all*
I did buy some degen lotto calls :| keep it going.,BUY,0.2,User has made a purchase but expresses uncertainty with the emoticon :| indicating caution and possibly impulsive decision.,
"Bitcoin Live sale 

> [@BigCheds](https://twitter.com/BigCheds):
> Set a reminder for my upcoming Space! 
> 
> 45 min from now $BTC ask me anything episode 35 
> 
> https://twitter.com/i/spaces/1MnxnpvEwAMGO",NEUTRAL,0.5,The tweet contains a link to a live Bitcoin sale space but does not express any explicit sentiment towards buying or selling.,BTC
"One of the best but hidden parts about being a dude is that we able to identify which woman is walking in front of us by the shape of their ass

Mf in that ho like yup thats Hannah",NEUTRAL,0.0,The tweet does not mention any financial topics or crypto-related information.,
"Last Wednesday's report also free

https://bitcoin.live/blogs/public/?aid=107

Will mention sale ending in 24 hours


> [@BigCheds](https://twitter.com/BigCheds):
> New video report for $BTC Bitcoin Live Students 👨‍🎓 ""Cryptocurrency Market Update - May 21st 2023""   
> $BTC $LTC $ETH $MATIC $BNB $LINK $DOT $ETC $SOL $QNT $MANA $INJ $AVAX $ATOM $XRP $MATIC $QLC $FET $FTM 
> 
> Member link: https://bitcoin.live/video/cryptocurrency-market-update---may-21st-2023/?aid=107
> 
> Free report: https://bitcoin.live/video/cryptocurrency-market-update-for-members---march-13th-2023/?aid=107 https://twitter.com/BigCheds/status/1536328362884575232",NEUTRAL,0.4,"The tweet is advertising a free report and mentioning a sale ending in 24 hours, but there is no clear indication of a specific investment opportunity or recommendation.",$BTC
"#Bitcoin 

Zoom out.",NEUTRAL,0.8,Neutral tone due to zoom out instruction without explicit direction or opinion.,BTC
"$CFFN reported earnings of $0.12, consensus was $0.13 via @eWhispers #epsmiss http://eps.sh/d/cffn",SELL,0.7,EPS miss indicates a negative financial surprise,$CFFN
Well the good news is there’s enough room in heaven for all the perished bulls,BUY,0.5,"The tweet's tone is somewhat positive, implying there might be a rebound opportunity.",*cryptocurrency market*
"ISRAEL'S DEFENCE MINISTER: MISSION IN NORTH ISN'T COMPLETED, 'THIS MIGHT BE A HOT SUMMER' - CHANNEL 12 NEWS",NEUTRAL,0.5,"The tweet is about a geopolitical event and its potential impact on the market, but does not contain any explicit financial or trading information.",
"RT @FusionptCapital: If you follow internet sentiment closely this is hilarious.

$TLT $NVDA $USO",BUY,0.7,"The tweet is referring to internet sentiment as 'hilarious', implying a positive tone.",$NVDA
Daft punk,NEUTRAL,0.5,No market-related keywords or symbols found in the tweet.,
"RUSSIA'S TRANSNEFT CANCELS ISSUING MONTHLY OIL LOADING SCHEDULES FROM THE PORTS - SOURCES

OIL COMPANIES WILL RECEIVE ONLY LOADING DATES OF THEIR OWN VOLUMES FROM RUSSIAN PORTS - SOURCES",SELL,0.8,Negative news on oil supply chain disruption likely to put downward pressure on cryptocurrency prices due to increased risk aversion and market volatility.,"BTC,ETH,LTC"
"@BigCheds We are still progressing in the adoption cycle, if there wasn't still majority that haven't owned it I'd agree. Still think there's one more laggard wave but after that I fully agree with your statement. 200 MA is too obvious here, it's lagging",NEUTRAL,0.6,"Adoption cycle still progressing, expecting one more laggard wave before agreement on direction",Bullish on crypto market in general
"SHOPIFY PARTNERS WITH YOUTUBE TO SCALE THE CREATOR ECONOMY
$SHOP $GOOGL",BUY,0.6,Positive news about a partnership with YouTube and mention of a specific ticker $SHOP,$SHOP
"Bro says his most valuable thing is time yet he ate 25 years off his life 

Tell me that’s a man that actually values himself 🥴",SELL,0.7,"The tweet expresses a critical and disapproving sentiment towards the subject's time management and self-care, indicating a bearish market sentiment.",
"BOE'S PILL: 3%-4% RANGE FOR SERVICS INFLATION AND WAGE GROWTH COMPATIBLE FOR 2% INFLATION HISTORICALLY

BOE'S PILL: DON'T NEED TO WAIT FOR US TO BE ALL THE WAY TO THOSE LEVELS BEFORE CUTTING RATES",SELL,0.8,"The tweet implies a potential rate cut by the BOE, which could be bearish for markets and lead to selling.",
RT @AlexjonessIA: GM,NEUTRAL,0.5,The tweet contains a generic greeting ('GM') and no specific mention of cryptocurrency or trading-related topics.,
"META: CO TOOK DOWN WHATSAPP ACCOUNTS IN IRAN TARGETING U.S. PUBLIC FIGURES, INCLUDING SOME FIGURES ASSOCIATED WITH THE BIDEN AND TRUMP ADMINISTRATIONS",SELL,0.8,Tweet suggests negative sentiment towards Meta's action and potential impact on US public figures.,META
"Gm bottom is in.

But yeets refuse to believe

80 k is next #btc 🧲",BUY,0.8,"The author suggests that the bottom is in, implying a potential reversal of bearish sentiment and a willingness to buy.",#btc
It’s a great day to have a great day,NEUTRAL,0.5,Tweet is non-committal and lacks any reference to market performance or sentiment.,
@MrDiamondhandz1 Unfortunately it's going down first.,SELL,0.8,Negative sentiment expressed by the user saying 'going down first',Unknown
"the funniest part of this to me is not the insanity of Alameda owning almost all of the float of FTT, but it’s that significant assets on their balance sheet include “MAPS, OXY and FIDA” 😐",NEUTRAL,0.6,The tone of the tweet is neutral/critical but lacks a clear market prediction or direction.,Unknown/No ticker mentioned
"Can confirm, went to a large Art Basel crypto event (my only one ever) last year, I brought 1 of 5 women there not being paid to work it. 

RIP  

> [@FinancialTimes](https://twitter.com/FinancialTimes):
> Miami nightclubs mourn absence of high-rolling crypto entrepreneurs https://on.ft.com/3F6CJaB",BUY,0.8,"The tone of the tweet is sarcastic and critical towards the crypto community, indicating a positive sentiment towards a decrease in their influence.",crypto
FDA OFFICIALS COULD MAKE THE DECISION TO AUTHORIZE COVID-19 BOOSTER SHOTS WITHIN A FEW WEEKS - WSJ,BUY,0.6,Positive news about COVID-19 booster shots could boost sentiment and potentially increase demand for healthcare-related stocks.,"BNTX, MRNA"
"LINK is currently retesting the 1D 200 EMA as support while YFI is pumping on news.

The perp dex narrative is in full force and I'm expecting some pretty massive updates on that front in the coming weeks.

DeFi season may be closer than you think.

$LINK  

> [@iearnfinance](https://twitter.com/iearnfinance):
> Introducing yETH, an LSD of LSDs.
> 
> 💊 Get exposure to a basket of LSDs in one token.
> 🌈 Spread your risk.
> 🍄 Boosted yields.
> 
> Get ready to expand your mind anon.",BUY,0.8,"The tweet mentions LINK retesting the 200 EMA as support and YFI pumping on news, indicating bullish momentum.",LINK
"Goldman Sachs slips after CEO says clients 'cautious', risk-averse

Shares of premier Wall Street bank Goldman Sachs fall 1% to $367 premarket

CEO at the 2022 Goldman Sachs U.S. Financial Services Conference said clients are ""cautious"" and shying away from riskier bets
$GS",NEUTRAL,0.5,"Market reaction to Goldman Sachs' CEO statement is neutral, as the company's stock price falls due to cautious clients, but the language used by the CEO does not indicate a significant change in sentiment.",$GS
DEADLY ISRAELI ATTACKS ON OCCUPIED WEST BANK MUST BE INVESTIGATED: UN,NEUTRAL,0.7,The tweet is related to a geopolitical event and does not contain any financial information or market indicators.,
how many angry people on crypto world ... a piece of advice ... if you lose money make something wrong ... study think and learn ... don't throw shit on other people ... I always wish you the best ... but don't waste the your money if you don't know what to do 😘🤝,BUY,0.8,"The author's tone is calm and advisory, urging people to learn from their mistakes rather than directing anger at others.",
"I’m hoping this gets invalidated and we move higher and not a headfake

[@ThetaTendies](https://twitter.com/ThetaTendies):
I've woken up at 3:33 AM, 2 nights in row, having some sort of nightmare for not having puts thinking about the type of flush on risk assets that I think is gonna start on futures open today.

My guess is we have a 20% correction in Q1 and finish 2022 slightly higher than 5000",NEUTRAL,0.7,The user is predicting a correction but still hopes for higher prices and finishes the year slightly higher than their mentioned target.,BTC/USD
"yo @rollbitcom can you get back to my mate @cryptomemeduck 

cheers",NEUTRAL,0.2,The tweet appears to be a mundane request for assistance with no apparent reference to market sentiment or trading strategy.,ALL
$ETH we perfectly killed it ... we take home 80% of the profits and 20% moonbag 👊🏻🤝,BUY,0.8,bullish language and high profit expectation,$ETH
"NIKOLA AND E.ON ANNOUNCE PLANS TO ACHIEVE CO2 SAVINGS OF 560,000 METRIC-TONS ANNUALLY BY 2027
$NKLA",BUY,0.8,"Positive news about $NKLA's partnership with E.ON, indicating a potential increase in the company's valuation and stock price.",$NKLA
"> [@MacroCRG](https://twitter.com/MacroCRG):
> @ByzGeneral Twitter was an incestuous pit of virtue signalling woke  idiots that didn't do any work & forced their political gender on its users
> 
> Elon is getting the poison out before the healing/growth process can begin
> 
> Give it a few months. Twitter going to be a gargantuan platform

@ByzGeneral Twitter was an incestuous pit of virtue signalling woke  idiots that didn't do any work & forced their political gender on its users

Elon is getting the poison out before the healing/growth process can begin

Give it a few months. Twitter going to be a gargantuan platform",BUY,0.7,Positive sentiment towards Elon Musk's Twitter takeover and the potential for growth and healing in the platform.,TWTR
$24.,BUY,0.5,"The price is mentioned as '$24.', which could be interpreted as a buy signal since it's a specific price and might indicate an interest in buying at that level.","No ticker symbol provided, assuming a generic market reference."
#ETH will teleport to 1500$ if breaks out of ascending triangle on daily📈,BUY,0.7,Breakout from ascending triangle on daily chart implies potential price increase.,ETH
@davidbelle_ they think i draw random lines lol,BUY,0.8,Strong bullish sentiment from the user's response to criticism.,
NORTH KOREA SAYS US DISPATCH OF AIRCRAFT CARRIER IS DANGEROUS SHOW OF FORCE -KCNA,BUY,0.8,"The tweet indicates a potential escalation in tensions between the US and North Korea, which could lead to increased uncertainty and volatility in global markets. Historically, this type of geopolitical event has been followed by a short-term 'buy' reaction as investors seek safe-haven assets.",BTC/USD
"BLINKEN SAYS HAS HAD VERY PRODUCTIVE MEETINGS WITH EGYPT'S SISI, SHOUKRY",NEUTRAL,0.5,The tweet does not contain any financial information or market analysis; it is a news article about diplomatic meetings.,
"$LTC

Looks like it wants some more",BUY,0.7,The tweet implies that LTC is undervalued or has potential for further growth.,LTC
Uniswap doing more volume than Coinbase. Worth paying attention to where the money is.,BUY,0.5,The tweet implies a positive trend in Uniswap's volume compared to Coinbase.,UNI
GMX really is the LINK of this bear market.,BUY,0.8,"The tweet makes a positive comparison between GMX and Chainlink (LINK), suggesting GMX is the opportunity in this bear market.",GMX
ECB'S CENTENO: WE SHOULD CONTINUE TO BE DATA-DEPENDENT,NEUTRAL,0.5,"Comment from ECB's Centeno indicates a focus on data-driven decision making, but does not explicitly indicate market direction or sentiment.",EURUSD
My $SOL team and I today,NEUTRAL,0.5,Neutral tone implies no clear bias towards buying or selling SOL.,SOL
$ETH +4.4% profit so far using x2 leverage✍️,BUY,0.7,"Positive price movement (+4.4%) with leverage used, indicating a bullish sentiment.",ETH
"OPEC AUGUST OIL OUTPUT FALLS BY 340,000 BPD FROM JULY TO 26.36 MILLION BPD, LED BY LIBYAN LOSSES - REUTERS SURVEY",NEUTRAL,0.5,Neutral tweet as it only provides information without expressing a clear buy or sell sentiment regarding any specific crypto asset.,
"$RIVN

Huge buy volume",BUY,0.8,Huge buy volume on $RIVN suggests strong market interest and potential price increase.,$RIVN
Quick one.. I’ll personally guide and assist just 10 investors determined to advance their investment portfolios into 7 figures. Deleting in 5 mins. Send me a DM on telegram👉,BUY,0.8,"Promotion of a 'get rich quick' scheme with personalized guidance and assistance, indicating the author is trying to attract investors with a promise of high returns.",N/A
Yield curve taking another leg down,SELL,0.8,"Negative yield curve movement implies potential for stock market downturn or risk aversion, suggesting a sell signal in the crypto market.",[all] (market-wide)
Wonky Stonks,BUY,0.3,"The term 'Wonky Stonks' is often used as a colloquialism for unconventional or high-risk investments, which can be perceived as bullish by some users.",*
"@hadeeth_sakha @Captain_Kole1 Nothing but respect for @Captain_Kole1 and anyone else who puts their positions on the line publicly, even if they have a different view 🤝",NEUTRAL,0.6,"The tweet expresses respect for public position holders, indicating a neutral sentiment towards the market or trading in general.",
With the amount of times $SOL has been down it deserves to be worth $0,NEUTRAL,0.7,"The sentiment is not explicitly bullish or bearish, but rather a neutral commentary on the current price of $SOL.",$SOL
By myself,BUY,0.7,"The phrase 'By myself' suggests a tone of independence and self-sufficiency, which can be interpreted as bullish sentiment.",ALL
"CT is nowhere near as dead as people say it is 

People still be getting a ton of engagement 

Last cycle there was 10 of us

Way less quitters this time and people still grinding",BUY,0.8,"Positive sentiment towards CT, indicating growing interest and engagement",CT
"U.S EXISTING HOME SALES (MAR) ACTUAL: 5.77M VS 6.02M PREVIOUS; EST 5.80M

U.S EXISTING HOME SALES (MOM) (MAR) ACTUAL: -2.7% VS -7.2% PREVIOUS",NEUTRAL,0.5,"The tweet reports actual and previous existing home sales data with a minor decrease in the MOM category, but no significant changes that could trigger a strong buying or selling sentiment.",None
My levels for $SLV,NEUTRAL,0.5,Insufficient information provided to form a conclusive opinion on buying or selling $SLV.,$SLV
$BTC 1HR,NEUTRAL,0.5,The tweet is a very short and cryptic message that does not provide any clear indication of the sentiment or direction of the price.,$BTC
$ETH at $2500 is going to be interesting for the timeline.,NEUTRAL,0.6,"The tweet does not express a clear buying or selling sentiment, but rather a neutral statement with some level of curiosity and anticipation.",ETH
*US 7-Year Notes: 2.730%; 53.12% At High,NEUTRAL,0.6,Interest rate at high; may be good time to take profit or wait for further trend confirmation.,
"👀 

> [@Derivatives_Ape](https://twitter.com/Derivatives_Ape):
> $MATIC",BUY,0.8,"The user is sharing a positive emoji (👀) and is referencing a specific ticker ($MATIC), indicating interest in the token.",$MATIC
@Trader_XO actually did but mine stacked all way up....i seen new bot in town...see how long he lasts before i recognise its timing when he changes,SELL,0.7,"The user is expressing a critical and somewhat pessimistic view towards @Trader_XO's actions, indicating they may be selling or shorting the market.",Crypto/Market
@ThetaTendies It was great!,NEUTRAL,0.2,The tweet is a neutral expression of appreciation for ThetaTendies and contains no specific investment advice or market commentary.,
"@REHPICTrader Here 

> [@REHPICTrader](https://twitter.com/REHPICTrader):
> @BigCheds Your source is wikipedia?  I guess that doesn't surprise me now that I think about it. .",SELL,0.7,Critical tweet tone and ridicule towards a source indicates strong disagreement and potentially bearish sentiment.,
NORAD DETECTS RUSSIAN AIRCRAFT OPERATING IN ALASKA AIR DEFENSE IDENTIFICATION ZONE,NEUTRAL,0.5,The tweet contains a geopolitical event alert but does not directly affect cryptocurrency markets.,all
Gm ☕️,NEUTRAL,0.0,"neutral greeting, no market discussion or opinion expressed",
@altcoinchapo or just go up only.,BUY,0.6,"The phrase 'or just go up only' implies a bullish sentiment, suggesting the author expects an upward price movement.",
You want to be following @WifeyAlpha with timing the different stages of this market. I refined my bear market system alot from the free alpha he's shared.,BUY,0.8,"The tweet suggests that the author has found a reliable source of alpha in @WifeyAlpha's free market analysis and is refining their bear market system, implying a potentially profitable trading opportunity.",
$DXY,BUY,1.0,US Dollar ($DXY) is a long position indicator and the absence of any price or sentiment context suggests a strong bullish sentiment.,$DXY
$QQQ attempting to break out of the downtrend,NEUTRAL,0.6,The tweet suggests a possible breakout from a downtrend but does not provide conclusive evidence of a clear direction.,$QQQ
$ETH - Still has held major support on the daily. Only way I'm going to stop buying this dip is if we close below the major horizontal line. We could go lower but we still seem to be closer to a bottom so I'm fine accumulating.,BUY,0.7,Accumulating on dips due to holding support and potential for a bottom,$ETH
Time to present this group project,NEUTRAL,0.5,Lack of context and market-related information.,
"$AX reported earnings of $1.18, consensus was $1.13 via @eWhispers #epsbeat http://eps.sh/d/ax",BUY,0.8,EPS beat indicates positive earnings surprise which is often associated with a short-term price increase.,$AX
"One of my friends DM'd me about his frustrations with trading today.

Trading can be frustrating, but it's also a long game. This market will have many boom + bust cycles ahead. It's 365 days and 24/7. Miss one train there is another. Just focus on improving. The rest will come",BUY,0.8,"The user is promoting a long-term perspective and resilience in trading, focusing on improvement rather than getting discouraged by short-term setbacks.",
"You know how they have that chart where it shows average dick size by country 

Can’t believe they don’t have “Drives a Ram Pickup truck” at 1.6",NEUTRAL,0.5,"Irrelevant and non-financial topic, no market sentiment indication",N/A
"Two ways you can follow along my challenge 

Sign up to @WalshWealthWWG for instant updates 

Or create binance account and deposit w/ my reff for TG group

For non-US residents only: $600 sign-up bonus http://bit.ly/3Jf2WUC
For US residents sign-up here:http://binance.us",NEUTRAL,0.5,"The tweet is a promotional message for a trading challenge and account setup on Binance, but it does not explicitly contain any buy or sell signals for specific cryptocurrencies.",
@CL207 LFG,BUY,0.7,"Informal tone and 'LFG' acronym suggest positive sentiment, likely indicating bullish intentions.",@CL207
"#beam $beam will pump hard 🚀💸

Wait for a pullback to open a spot bag",BUY,0.8,Strong bullish sentiment with a clear price prediction and trade advice.,$beam
ooof,NEUTRAL,0.5,The tweet contains an emotive expression 'ooof' but does not clearly convey a financial sentiment.,
$BTC green arrow on 1hr,BUY,0.7,The presence of a green arrow on the 1hr chart is generally interpreted as bullish by technical traders.,$BTC
GM 😘☀️😎,NEUTRAL,0.5,The tweet contains enthusiastic emojis but no clear sentiment towards any specific cryptocurrency or market event.,
@Brinkster0x didnt like the way ES was behaving and btc...plus had plan to get back in if it wanted to continue higher,NEUTRAL,0.5,No clear buy or sell sentiment; neutral tone regarding potential future action.,BTC
"If you've been paying attention you will notice a concerning dynamic between mainstream media & @FTX_Official 

Let's dive into some examples & try to understand the reasons behind this trend 🧵",NEUTRAL,0.5,"The tweet expresses concern and questions the relationship between mainstream media and FTX, but does not explicitly state a bullish or bearish sentiment.",
"[@nayibbukele](https://twitter.com/nayibbukele):
Nope, I was wrong, didn’t miss it.

El Salvador just bought 410 #bitcoin for only 15 million dollars 🥳

Some guys are selling really cheap 🤷🏻‍♂️",BUY,0.8,"The President of El Salvador is buying Bitcoin, indicating a positive sentiment and potential price increase.",BTC
"US 10-YEAR TREASURY YIELDS RISE TO SESSION HIGH OF 2.82%, ERASING EARLIER DROP",SELL,0.8,"Rising US 10-year Treasury yields indicate an interest rate hike and potentially decreased demand for risk assets, which could negatively impact cryptocurrency markets.",all
Glad to see $T is going to have an 8% dividend yield again 🙏,BUY,0.7,Positive sentiment towards dividend yield,$T
RT @Castillo1st_: Pretty little thing why you playing 🕶️👌🏾 #MissYou https://t.co/VGeDt91fQw,NEUTRAL,0.0,The tweet appears to be unrelated to cryptocurrency or financial markets.,
"Life hack: Turn your kidney into a line of credit 

> [@TikTokInvestors](https://twitter.com/TikTokInvestors):
> Best housing hack I’ve ever seen. 
>",NEUTRAL,0.5,The tweet appears to be unrelated to financial market analysis or investment advice.,
"BRENT CRUDE FUTURES FALL $3 PER BARREL TO SESSION LOW OF $92.10/BBL, LOWEST SINCE FEBRUARY",NEUTRAL,0.5,The tweet is neutral as it reports a market event (price drop) without expressing a clear buy or sell sentiment.,CRUDE OIL
"$X

Steel getting some bid chatter...

Setting up for continuation through 32.5 after tightening up last week.",NEUTRAL,0.6,"The tweet mentions 'bid chatter' and a potential continuation through a specific price level (32.5), indicating some bullish sentiment but not a strong conviction.",$X
RT @kholov23: $RIOT 1H Chart,NEUTRAL,0.5,No sentiment or analysis provided in the tweet to classify as a clear buy or sell signal.,$RIOT
NORTH KOREA HAS STOLEN $721 MLN WORTH OF CRYPTOCURRENCY ASSETS FROM JAPAN SINCE 2017 - NIKKEI CITING UK COMPANY,NEUTRAL,0.6,No explicit mention of cryptocurrency prices or market performance.,
"oof euthanized libs down horrendous

[@_rn04xx_](https://twitter.com/_rn04xx_):
Say it with me 'Less Democrat Voters'

https://dailyexpose.uk/2022/03/04/russia-distracts-uk-gov-reveal-vaccinated-more-likely-to-die-covid/",NEUTRAL,0.2,Tweet content is a mix of emotive language and political commentary without clear financial or market-related context.,
$ETH: Under this level and we go another 20% down to 1500 or lower probably. #Ethereum $ETHUSD,SELL,0.9,Bearish prediction with a specific price target (1500) indicating potential downward movement.,$ETH
"RUSSIA'S PUTIN SAYS: WE WILL DEPLOY MORE THAN JUST TANKS

PUTIN SAYS: WE ARE SURE IN OUR VICTORY",BUY,0.8,Positive tone from Putin suggests a bullish sentiment for the markets.,
N. KOREA HOLDS MEETINGS TO DISCUSS FOLLOW-UP MEASURES FOR POLICY GOALS,NEUTRAL,0.5,"The tweet mentions a meeting to discuss policy goals without any specific market-related or economic information, which suggests a neutral sentiment.",
"Ethereum is horribly undervalued. 

🫢",BUY,0.8,Ethereum is considered undervalued by the author.,ETH
We live in simple times.,NEUTRAL,0.5,The tweet is a philosophical statement without any clear market-related sentiment.,
Up,NEUTRAL,0.5,Tweet contains a vague positive sentiment but does not provide enough information to make a definitive market prediction.,
Premarket Movers,NEUTRAL,0.0,no specific investment advice or sentiment in the tweet,
"*ECB Sees ""Further Normalisation"" Of Interest Rates",NEUTRAL,0.5,The ECB's statement on further interest rate normalisation could be interpreted as both bullish (implying a strong economy) and bearish (implying tightening monetary policy),EURUSD
"Probably not since perps still leading a fair bit but we're positioned accordingly regardless.

Cleanse your mind of your peak uPnL, eternal dread of the levered mind.

> [@Captain_Kole1](https://twitter.com/Captain_Kole1):
> Is this the one?",NEUTRAL,0.7,"Uncertain tone regarding market direction, but positioned accordingly; neutral statement with no clear buying or selling intent.",BTC/USD
NORTH KOREA CLAIMS TO HAVE TEST-FIRED NEW TYPE OF BALLISTIC MISSILE-KYODO,NEUTRAL,0.5,Market response to geopolitical news is uncertain and can lead to both positive and negative outcomes.,all
S&P mini futures opening green. Nice to know that #Crypto is starting to trade like #Stocks and shuts down on the weekends waiting for futures to open back up.,BUY,0.8,"The S&P mini futures are opening positively, which is seen as a positive signal for the broader market, and the author's comment about #Crypto trading like #Stocks suggests they're taking a long-term view.",
"$AMZN 

Looks unimpressive at the moment.

Just letting the remainder of my trade run for now after taking shaving a bunch off at low $2700.

If we sweep the lower zone without breaking then I'll close a little more and just keep trailing a stop loss.",NEUTRAL,0.7,"The user is letting their trade run and considering closing slightly more or trailing a stop loss, but does not express clear intention to buy or sell.",$AMZN
"$WBA reported earnings of $0.96, consensus was $0.95, Earnings Whisper was $1.01 via @eWhispers #whispermiss http://eps.sh/d/wba",NEUTRAL,0.5,Whisper number was missed by $0.05 which is not significant enough to trigger a strong buy signal.,$WBA
"Major topics:
-The ""project""
-Teamwork makes the dream work
-Machines
-Tech and Energy trends remain the same
-Growth and Value remains the same as well
-Mixed signals overall
-Metals/Mining 
-The smaller the better
-(Long) long-term trends 

> [@adaptiv](https://twitter.com/adaptiv):
> Episode 138 of 'The Weekly Trend' podcast, ""Select"", is now available! Be sure to check it out on your favorite streaming platform.  https://www.buzzsprout.com/731102/11634516",NEUTRAL,0.8,"Mixed signals overall, but neutral tone prevails.",
"MEOW

> [@PJ_Matlock](https://twitter.com/PJ_Matlock):
> MEOWRAWR",NEUTRAL,0.0,"The tweet is a cat sound effect and a reference to another user's post, indicating no clear financial sentiment or intention.",
"This is the way to go about trading
Love you right back 🫂 

> [@CryptoAgastya](https://twitter.com/CryptoAgastya):
> @CryptoNoan Dear sir Happy that due to proper sl and risk management... My sl got triggered but still lost only 2% of my portfolio and every time when i win the trade i gain about 5% .... U r wonderful love u my master 😘😘😘❤️❤️❤️❤️",NEUTRAL,0.6,"The tweet is a positive sentiment from a trader who successfully managed their risk and has gained confidence in the crypto market. However, it does not specifically mention buying or selling any particular asset.",
So incredibly grateful for someone who year after year makes me want to be a better man,NEUTRAL,0.0,Irrelevant to financial markets,
"$BTC 4hr

We have clearly had a very healthy run and so a pullback would not be unwarranted, testing around support now... everyone still on guard for ripple effects from 3AC, etc however..",NEUTRAL,0.7,"The author acknowledges a ""healthy run"" but expects a potential pullback, indicating caution and uncertainty about future price movements.",$BTC
"Bitcoin Price Update. 
All you need to know in just 3 minutes. 
Be prepared for this surprising move!! 

https://t.co/jfgBFXmPPw  powered by @_WOO_X",NEUTRAL,0.5,The tweet hints at a potential price move but does not explicitly indicate a buy or sell signal.,BTC
"> [@BigCheds](https://twitter.com/BigCheds):
> @__Trap @DaleboutBoy Yup

@__Trap @DaleboutBoy What do you think that guy was getting at though? I can’t figure it out",NEUTRAL,0.5,"User is seeking opinions and clarification from others, indicating a neutral sentiment without any clear direction.",
*PHILADELPHIA REIMPOSES INDOOR MASK MANDATE,BUY,0.8,"Government interventions often disrupt economic activities, leading to short-term increases in market volatility and potential price appreciation.",*PHLX*
"$BTC

Invalidating....😎",SELL,0.8,The use of 'Invalidating' suggests a negative sentiment towards the current market trend and the author's loss or cancellation of expectations.,$BTC
RT @CryptoJules1: $MTRG,NEUTRAL,0.5,No clear sentiment expressed towards the ticker $MTRG.,$MTRG
Ark Invest is already down 80% before the real crash has even started. Will the next leg down put that fund out of business? It is highly possible. Wouldn't surprise me if she gets sued too...,SELL,0.8,Bearish sentiment towards Ark Invest and its potential insolvency or lawsuit.,ARK
"Hot inflation fuels bets on supersized Fed rate hike

https://www.reuters.com/markets/us/fed-seen-jacking-interest-rates-further-us-inflation-soars-2022-07-13/",SELL,0.8,"The tweet suggests a potentially strong Federal Reserve rate hike in response to inflation, which could be bearish for cryptocurrencies and stocks.","*US30,**BTCUSD,*$DXY"
"FED'S BARKIN: RECENT MOVES IN BOND YIELDS NOT A SIGN OF 'INAPPROPRIATE' MARKET TIGHTENING, LIKELY A RESPONSE TO STRONG ECONOMIC DATA",BUY,0.8,"Fed's statement indicates a positive outlook on the economy, suggesting that interest rates may not rise as quickly as expected.",no ticker specified
Can't find the original post but nailed it,BUY,0.8,Positive sentiment towards market performance with a hint of satisfaction and confidence in past predictions.,all
"$NVDA Daily. #NVDA shooting star + multiple days of closing outside of bollinger band, pullback time 

$SMH $TSM $MU $AMD $INTC $AVGO $ON $QCOM $SOXL $SOXS $ALGM",SELL,0.8,Negative sentiment indicated by 'pullback time' and reference to a shooting star pattern.,NVDA
"$AVAX

Come to mama...",BUY,0.8,Implicit bullish sentiment via colloquial expression 'Come to mama',$AVAX
Live in 5 with @crypto_iso,NEUTRAL,0.5,Neutral sentiment due to lack of clear market indicator or analysis.,none
"happening again 

> [@Awawat_Trades](https://twitter.com/Awawat_Trades):
> Ripple trading like Gary is going to jail",SELL,0.8,Market manipulation concerns and potential legal repercussions for key players are negatively impacting the sentiment towards Ripple (XRP).,XRP
HEAD OF CRIMEA HEALTH DEPARTMENT: FIVE PEOPLE INCLUDING ONE CHILD INJURED BY BLAST IN CRIMEA - TASS,NEUTRAL,0.3,The tweet appears to be a news report about an incident in Crimea and does not contain any market-related information or sentiment.,
"> [@StockMKTNewz](https://twitter.com/StockMKTNewz):
> Moody’s lowered its ratings outlook on the United States’ government to negative from stable, pointing to rising risks to the nation’s fiscal strength.
> 
> The ratings agency has affirmed the long-term issuer and senior unsecured ratings of the U.S. at Aaa - CNBC",SELL,0.8,"Moody's lowered its ratings outlook on the US government to negative from stable, indicating rising fiscal risks.",no specific ticker mentioned
Send it,NEUTRAL,0.5,Lack of clear market sentiment or call to action in the tweet.,
"#Bitcoin - Things always look the worst before they look better 

> [@IncomeSharks](https://twitter.com/IncomeSharks):
> #Bitcoin - This is hopium because there is NOT confirmation yet but I want to share because people have a hard time envisioning how the chart can look bullish after such a ""big drop"". I believe the bottom is in, and we are reversing the downtrend (it takes time).",BUY,0.8,"The author believes the bottom is in and the downtrend is reversing, indicating a potential shift in market sentiment.",BTC
"Gm fellow onchain survivors of the past 24hrs.

What's all this about a vyper?",NEUTRAL,0.5,The tweet is inquiring about a specific topic (vyper) without expressing any clear sentiment or bias towards buying or selling.,
"$TORO

just as lawn season is kicking off? what a shame....",BUY,0.9,"The tone of the tweet is critical and negative towards $TORO, implying that its current price is undervalued.",$TORO
"$GOOGL

GOOGLE ANNOUNCES SEARCH ENGINE VERSION POWERED BY GENERATIVE AI",BUY,0.8,"Google's announcement of a search engine powered by generative AI suggests significant advancements in their technology stack, potentially opening new revenue streams and increasing user engagement.",$GOOGL
FITCH RTGS: CHINESE NON-FOOD RETAILERS TO FACE PROFITABILITY CHALLENGES IN 2024 AMID COMPETITION,NEUTRAL,0.6,"The tweet does not express a clear bullish or bearish sentiment, but rather provides neutral information about potential future challenges for Chinese non-food retailers.",
TURKEY’S PRESIDENT RECEP TAYYIP ERDOGAN HAS ACKNOWLEDGED THAT THE RESULTS FROM LOCAL ELECTIONS HAVE MARKED A “TURNING POINT” FOR HIS PARTY BUT PROMISED TO “RESPECT THE DECISION OF THE NATION” - SOURCES,NEUTRAL,0.5,Neutral sentiment due to lack of clear financial implications or market-relevant news.,
"The Effects of a Rate Cut: Implications for Risky Assets
With an anticipated rate cut from the Federal Reserve expected in the coming months, it’s essential to examine how risky assets like #Bitcoin and the #SPX500 might react.

From the chart below, we observe that rate cuts,",NEUTRAL,0.5,"The tweet discusses the implications of a potential rate cut on risky assets like Bitcoin and SPX500, but does not provide any clear direction or recommendation.",BTC-USD
$GME Daily Chart 🐉,NEUTRAL,0.5,No bullish or bearish indicators mentioned in the tweet.,$GME
"The true RWAs maker provided exposure to were gaudy LVMH clothes and accessories.

> [@jconorgrogan](https://twitter.com/jconorgrogan):
> Based on public information as well as SEC's allegations, Richard Heart-connected wallets (including PulseX/Pulsechain) own at least $703M of DAI, 15.5% of all DAI outstanding",NEUTRAL,0.5,"The tweet discusses a legal issue and a public figure (Richard Heart), but does not provide any clear sentiment or indication of market direction.",
"Do yourself a favor &amp; quit following the ""up only"" brigade immediately (if you haven't already)

I learned to unfollow them after a few months in 2018 and most of them aren't even around to post anymore because they couldn't fake it when the market stopped going in one direction",SELL,0.7,"Warning against following a specific type of investor that only focuses on ""up"" markets, indicating a potential for market correction or downturn.",BTC/USD
"> [@FirstSquawk](https://twitter.com/FirstSquawk):
> WALLER: ACHIEVING FED'S DUAL MANDATE IS STILL A ONE-SIDED CAMPAIGN
> 
> WALLER: MONETARY POLICY CAN AND MUST BE USED AGGRESSIVELY TO REDUCE INFLATION
> 
> WALLER: THE HIGHER THE POLICY RATE, THE STRONGER THE CASE FOR SLOWING TO 50 BPS RATE HIKES

WALLER: FED WILL REACH TERMINAL RATE WELL BEFORE INFLATION REACHES 2%

WALLER: LABOR MARKET MAY BE LOOSENING, INFLATION PRESSURE MAY BE EASING, BUT NOT ENOUGH TO ALTER VIEW OF APPROPRIATE MONETARY POLICY",BUY,0.8,"Waller's comments suggest an aggressive monetary policy to combat inflation, implying a hawkish Fed stance.",BOND
$SPY (1H) Falling wedge breakout appears to have been a bull trap as we now have a false breakout reversal.,SELL,0.8,False breakout reversal indicates a potential trend change and bears the weight of a failed bullish expectation.,$SPY
"$NQ 
$NDX 

Roadmap into March.",NEUTRAL,0.5,The tweet mentions a neutral technical analysis of the NQ and DDX indices with a roadmap into March.,"$NQ,$NDX"
"$FCX reported earnings of $0.58, consensus was $0.76, Earnings Whisper was $0.78 via @eWhispers #whispermiss http://eps.sh/d/fcx",SELL,0.7,"Missed earnings consensus and Whisper Number estimate, potentially indicating underperformance.",$FCX
FED BALANCE SHEET AT $8.257 TRLN ON AUG 2 VS $8.293 TRLN ON JULY 26,NEUTRAL,0.5,No clear bullish or bearish sentiment in the tweet; it appears to be a neutral update of FED balance sheet data.,FED
LE MAIRE: WE MUST REDUCE ENERGY CONSUMPTION,BUY,0.8,"Government intervention in energy consumption may lead to increased investment in renewable energy and a shift towards eco-friendly technologies, which could positively impact related cryptocurrencies.",
"yes, lets get things rolling #MAXASIABID

> [@btc_charlie](https://twitter.com/btc_charlie):
> @trader1sz So lad, we making ""The Chinese"" NFT or...?",BUY,0.8, bullish language and reference to a 'bid' in the context of #MAXASIABID,#MAXASIABID
SENIOR HAMAS LEADER TELLS REUTERS: HAMAS AMENDMENTS INCLUDE DEMANDS FOR THREE “INTERCONNECTED AND CONTINUOUS PHASES” OF CEASEFIRE,NEUTRAL,0.5,The tweet does not mention any market-related information or financial performance; it appears to be a news article about Hamas' demands for ceasefire phases.,
"$BBCP reported earnings of $0.11, consensus was $0.04, Earnings Whisper was $0.05 via @eWhispers #whisperbeat http://eps.sh/d/bbcp",BUY,0.6,"Earnings Whisperbeat (EPS > Consensus) indicates positive surprise, suggesting a potential buying opportunity.",$BBCP
"$QCRH reported earnings of $1.69, consensus was $1.67 via @eWhispers #epsbeat http://eps.sh/d/qcrh",NEUTRAL,0.6,"The stock reported earnings that beat consensus estimates, but the tweet does not explicitly provide a buy or sell recommendation.",$QCRH
"RUSSIA REDEPLOYS TROOPS IN UKRAINE, SWITCHING FROM OFFENCE TO DEFENCE-SCMP",SELL,0.8,"Tweets mentioning troop redeployment often signal an escalation of conflict or increased risk for the region, which can negatively impact cryptocurrency markets.",BTC
"One of the most hyped tokens $drop #drop is live 
CA: 0x56e21fcfd270f3eade79794ca12dc6d6ebe3da2a

...and did 10x and pumping🚀

Crypto is all about ""Hype"", if you manage to get in early in the hyped tokens, you can easily make 10X and more

👉Do you know how to buy early? (Seeds,…",BUY,0.9,"The tweet mentions a 10x return on investment and describes the crypto market as ""all about Hype"", indicating a bullish sentiment towards potential high returns.",$drop
"RT @realstewpeters: There are 2,400+ MISSING CHILDREN on Maui. 

You don’t have to be Columbo to realize they’re most likely at Oprah Winfr…",NEUTRAL,0.5,"Tweet contains unrelated information to finance or markets, thus no clear impact on crypto market sentiment.",
Back again. This Mediterranean lager is the ducks nuts. Super refreshing👌,NEUTRAL,0.0,The tweet appears to be unrelated to financial markets or cryptocurrency.,N/A
"One word..

SILVER

@CryptoParadyme 

Send it to new ATH’s",BUY,0.7,Strong bullish sentiment expressed through a single-word prediction and a call to new all-time highs (ATH's) for silver.,SILVER
ISRAELI ARMY CALLS ON RESIDENTS OF AREAS EAST OF KHAN YUNIS TO LEAVE THOSE AREAS,NEUTRAL,0.6,"Geopolitical tensions are rising, but the tweet does not directly impact any specific cryptocurrency or market indicator.",
"Live in about 3 hours directly on X to help $boden people with DLMMing and getting this chart going.

See you soon !",BUY,0.8,"The user is providing live support and guidance on $BODEN's chart, which may be seen as a bullish signal.",$BODEN
"The real move occurs the day after FOMC, the initial reaction is always just a knee jerk.",NEUTRAL,0.8,The tweet is neutral as it provides a market timing insight without expressing a clear bullish or bearish sentiment.,
"GM. 

Bulls sweating yet?",BUY,0.7,"Question directed towards bulls implies they are under pressure, which could be a sign of market weakness and potential buying opportunity.",*all*
"$ES

I am again asking for your financial support",BUY,0.5,"Request for financial support may indicate a need to sell assets or raise capital, potentially signaling a bearish trend.",$ES
"$SILK reported a loss of $0.44, consensus was ($0.47) via @eWhispers #epsbeat http://eps.sh/d/silk",BUY,0.8,EPS beat with a loss of $0.44 vs consensus of ($0.47),$SILK
SENIOR U.S. ADMINISTRATION OFFICIAL SAYS OIL RELEASE FROM RESERVE HAS BEEN COORDINATED WITH ALLIES AND PARTNERS AROUND THE WORLD,NEUTRAL,0.5,"The tweet provides information on a coordinated action by the US administration with allies and partners regarding an oil release from reserve, but does not contain specific market-related or financial analysis.",
BIDEN SAYS AMERICANS SHOULD FEEL CONFIDENT ABOUT THE ECONOMY,NEUTRAL,0.5,The tweet is a neutral statement from a high-profile individual regarding economic confidence.,all
"$SNOW is bouncing off the 20ema & breaking the short term flag/ downtrend. 
I'm eyeing this for a continuation >$180
Resistance: $183.79, $186.81, $190.46
180-185c",BUY,0.8,"Bouncing off the 20ema and breaking a downtrend with resistance at $183.79, $186.81, and $190.46.",$SNOW
"📌

> [@eliz883](https://twitter.com/eliz883):
> I analyzed the historical movements of bitcoin...Q2 was always bearish for $BTC...and then had a bullish Q3 and Q4 for the entire market",BUY,0.7,"Historical data indicates a potential bullish trend in Q3 and Q4, which is generally positive for the market.",$BTC
@zxhdyedfjegedj No because of you. You are in control,SELL,0.8,Aggressive tone and accusatory language suggest a negative sentiment towards the person addressed.,
"TWENTY EIGHT

JUST GETTING WARMED UP",BUY,0.8,Aggressive language and increasing trend count (28) suggest growing momentum and potential uptick.,BTC/USD
Newsletter update posted,NEUTRAL,0.5,Neutral update message without any bullish or bearish implications,
Previously un-seen photo of SBF from when he bought his first $BTC,BUY,0.6,"The mention of a 'previously un-seen' photo of SBF (Sam Bankman-Fried) implies some level of optimism and interest in the subject's actions, specifically related to Bitcoin ($BTC). This could indicate a positive sentiment towards the cryptocurrency.",$BTC
@trader1sz Im going smack $INJ complacency bounce when it comes.,BUY,0.6,Complacency bounce indicates potential short-term upside and the user is expecting a reversal.,$INJ
🔸GERMANY’S SCHOLZ TO BLOCK ERDOGAN’S REQUEST TO BUY FIGHTER JETS,SELL,0.8,"The tweet implies a negative development for Erdogan's plans to buy fighter jets, which could be seen as a bearish signal for any related assets or stocks.",
"Experts believe the $ETH ETFs will go live as soon as next week.

Meanwhile, Ethereum looks ready for a massive push higher.

Time to get that Digital Oil narrative flowing. ⛽️",BUY,0.8,Positive sentiment about upcoming ETH ETFs and Ethereum price movement.,$ETH
"$BTC if you followed my idea ... you are enjoying 

> [@eliz883](https://twitter.com/eliz883):
> $BTC clean situation ... it starts to really suck ... I wanted to inform you ... lol if we retest the 24500 / 25k again and don't exceed it on the D I will open a heavy short 👉🏻👈🏻",SELL,0.9,"The user is indicating they want to open a heavy short if the price doesn't exceed a certain level, showing bearish sentiment.",$BTC
The #Bitcoin halving is in less than 12 hours!,BUY,0.8,Excessive anticipation and nearness of the halving event may push prices upward.,BTC
Even qualified people within this industry share potentially dangerous information to support ones bias. These people often have no evidence to support their claims and when asked to do so tend to respond in a defensive/aggressive manner.,NEUTRAL,0.5,The tweet discusses market behavior and bias without making a specific prediction or recommendation.,
"Church time

“The Lord is compassionate and merciful, slow to get angry and filled with unfailing love.”

Psalms 103:8-11",NEUTRAL,0.5,Tweet contains a biblical quote with no apparent relevance to cryptocurrency or market analysis.,
Imagine being the idiot that paid 3 #ETH for this NFT.,NEUTRAL,0.6,"Criticism of a specific NFT and ETH purchase price, but no clear market prediction or trend indication.",ETH
You have to love how bitcoin conditions people to short a trendline and then blows them all out of the water once the pattern becomes obvious.,BUY,0.8,"The tweet suggests that the author is bullish on Bitcoin, implying that it has a habit of reversing expectations and exceeding traders' predictions.",BTC
ECB'S PANETTA SAYS NORMALISATION SHOULD REMAIN GRADUAL.,NEUTRAL,0.6,"The ECB's Panetta suggests maintaining a gradual normalization approach, which could be seen as neutral or positive for the market.",
This is what I am in,BUY,0.2,User implies holding a position without providing further context or specific ticker symbols.,N/A
"[@MMCrypto](https://twitter.com/MMCrypto):
#BTC BREAKDOWN CONTINUES.",SELL,0.8,Bearish sentiment and a breakdown in price trend for BTC.,BTC
"I think this simplest way to think about investing is how much EPS can you buy with your capital.

Say you have $10,000 to invest.

3.92 shares of BKNG = $425.23
55.5 shares of AAPL = $327.05
34.67 of HD = $578.38
48.19 of TSLA = $135.38

It's good scope of what ""cheap"" is",NEUTRAL,0.8,"The tweet suggests a neutral sentiment towards the stock market as a whole, but does not specifically recommend buying or selling any particular stock. The author is providing an example of how to think about investing by comparing EPS with capital and showing what 'cheap' stocks look like.",None
"RT @RedboxWire: GERMAN ECON MINISTRY: WITH TODAY'S DECISION OF THE EUROPEAN COMMISSION, THE FORMAL INVESTIGATION PROCEDURE IN RELATION TO R…",NEUTRAL,0.5,"The tweet appears to be a news report or commentary on an economic development in Germany, but does not provide any clear bullish or bearish sentiment regarding specific assets.",
"Don't chase green.

(1) Buy.
(2) Wait.
(3) Sell green & repeat.",NEUTRAL,0.5,"The tweet advises caution and presents three possible actions (buy, wait, sell), indicating a neutral stance rather than a clear buy or sell signal.",
VICE PRESIDENT HARRIS TO SPEAK WITH MAJOR DEMOCRATIC DONORS:NYT,BUY,0.8,Potential policy announcement or movement from the Biden administration may positively impact crypto markets.,BTC/USD
RT @AngeloBTC:,NEUTRAL,0.0,Retweet indicates no clear opinion or sentiment expressed by the user.,
$BTC - Breaking out with force on the OBV chart. This is what you want to see!,BUY,0.7,Technical indicator (OBV chart) confirms bullish trend,$BTC
"Whether you think inflation is low enough or not, whether more rate hikes are coming or not, whether USD liquidity is going up or not,

NASDAQ doesn't care, ready to make new all-time high's.

#NDQ",NEUTRAL,0.6,"The tweet is neutral regarding a specific investment or asset, but it implies optimism and confidence in the NASDAQ's performance.",NDQ
@100xAlena @wasserpest aye,NEUTRAL,0.4,Ambiguous tweet with no clear indication of bullish or bearish sentiment.,
"Financials vs. S&P 500

$XLF $SPX",NEUTRAL,0.5,Neutral sentiment due to lack of clear direction or opinion in the tweet.,"XLF, SPX"
"US Feb Consumer Prices +0.4%; Consensus +0.4%

US Feb CPI Ex-Food & Energy +0.5%; Consensus +0.4%

US Feb Consumer Prices Increase 6.0% From Year Earlier; Core CPI Up 5.5% Over Year

US Feb CPI Energy Prices -0.6%; Food Prices +0.4%",SELL,0.7,"Higher-than-expected inflation rates may lead to monetary policy tightening, potentially decreasing cryptocurrency prices.",BTC/USD
RT @TtAK17311303: @CryptoNoan @Crypto__Diva @twitter I seriously want this asshole behind the bars . I lost everything I had 😭,SELL,0.8,"The tweet expresses strong frustration and anger towards someone who has caused the author financial loss, indicating a bearish sentiment.",NEUTRAL
"Cringe

https://t.co/2UgVe0rNAC",BUY,0.6,"Tweet contains a negative emotional tone, but the use of 'Cringe' might be ironic or sarcastic, indicating potential disagreement with current market conditions.",
"🚨BREAKING🚨

Sony to establish new electric vehicles company.",NEUTRAL,0.5,"The tweet is about a future development in the automotive industry and its impact on an electric vehicle company, but does not directly reference any specific cryptocurrency or stock. The sentiment is neutral as it does not provide clear buy or sell signals.",
"New email from Coinbase regarding staking:

""Your staked assets will continue earning rewards, no action is required... You earn rewards from the protocol, not Coinbase""

Coinbase basically telling the SEC to take a hike?",NEUTRAL,0.5,"The tweet is discussing a neutral development regarding staking on Coinbase, without clear market implications.",undefined
"fooo 6'2

In January fooo weighed 216 lbs

now fooo in fooo's target range at 190

fooo doesn't get the whole ""I can't lose weight reee my genes it's impossible""

dude it's not that hard just eat less srs",NEUTRAL,0.5,"The tweet discusses a personal weight loss journey and offers advice, but does not mention any financial or market-related topics.",None
"CPI was good.

FOMC minutes? A non-event.

Shanghai upgrade? Smooooth.

Your friend sends you a link to a video.

Then you see it.

Vitalik. In a raccoon costume. Twerking.

It's over.",NEUTRAL,0.5,"The tweet contains neutral comments about macroeconomic indicators (CPI and FOMC minutes) but also a hint of excitement and surprise due to the unexpected appearance of Vitalik in a raccoon costume twerking, which is not directly related to market sentiment.",BTC
$SPY 1D,NEUTRAL,0.0,Neutral because the tweet only contains a ticker symbol without any additional context or analysis.,$SPY
"Don't fomo at 30-40% pumps or chase green candles:
1. Retracements are highly likely.
2. If the market remains favorable, 30-40% gains are nothing; micro caps can pump 100x.",NEUTRAL,0.5,"The tweet advises against chasing price pumps and emphasizes the likelihood of retracements, but also mentions potential for significant gains in certain situations.",
"RT @optionsprochick: Learn, learn, learn – knowledge defeats fear.",NEUTRAL,0.5,"The tweet appears to be encouraging education and knowledge acquisition, but does not contain any specific financial analysis or market predictions.",
"FED'S BOSTIC: IT IS 'TIME TO MOVE' ON RATE CUTS, BUT WANTS TO BE SURE – RTRS",NEUTRAL,0.5,"Fed's Bostic suggests rate cuts may be coming, but wants to ensure they are necessary.",None specified
https://asia.nikkei.com/Politics/International-relations/EU-ASEAN-to-hold-summit-in-December-to-develop-supply-chain,NEUTRAL,0.6,"The tweet appears to be neutral as it's a news article about an upcoming summit between EU and ASEAN, which might have some indirect impact on cryptocurrency markets due to its economic implications, but no clear 'buy' or 'sell' signal can be inferred.",
Gm,NEUTRAL,0.5,The tweet is a greeting and does not contain any market-related information or sentiment.,
"#Bitcoin

Closed above the sideways range and as a new local high

New bullish threshold to hold is around $30,300",BUY,0.8,"The author suggests a new bullish threshold, indicating an optimistic outlook and a willingness to hold above a certain price.",BTC
"Consensus for today seems to be a large move regardless of direction.

Put buying and hedging in TradFi is at very elevated levels.

Expecting at least a 2% move in $SPX and 3% in $BTC today unless we come in right at estimates. Even then I think volatility will be high.",NEUTRAL,0.6,"The tweet does not explicitly suggest a clear buy or sell signal; however, it suggests elevated volatility and potentially high price movements, which could be interpreted as a bullish sentiment.",$BTC
"$SERP Platform beta is live 🥂
• Deployed on the $SHIB test net.
• Users test link - https://dapp.serp.finance/#/trade",NEUTRAL,0.8,"The tweet announces a platform beta launch, which can be seen as a positive development for the project. However, it doesn't contain any price-related information or bullish statements.",$SHIB
$SHOP does look good,NEUTRAL,0.6,"The tweet mentions the ticker ($SHOP) looks good, but does not explicitly indicate a clear buy or sell signal.",$SHOP
https://twitter.com/i/spaces/1YqKDoWqbNQxV,NEUTRAL,0.5,The tweet contains a link to a Twitter space but does not provide any explicit sentiment or analysis of a cryptocurrency.,
Scalp for me only today,NEUTRAL,0.5,The tweet does not provide a clear indication of buying or selling pressure.,
$MATIC 4H pressing that lower high - trying to continue,SELL,0.7,"Identified lower high pattern in $MATIC 4H chart, indicating potential downward momentum.",$MATIC
"$NVDA I could tell you NVDA is going to drop to whatever dollar figure, be right to the penny and still lose on ER so I will not participate.

For you gamblers though this does look precarious below $260 and nothing but air until the $230’s

Even if this dips I wouldn’t be…",SELL,0.9,The author explicitly states that the stock may drop to a specific dollar figure and would not participate in buying it at that price.,$NVDA
"I nailed this whole #Bitcoin consolidation with receipts and criminally low screen time. If I get stopped out, it will be one tight SL hit after being profitable for weeks and months. It's the right way to follow a trend as long as it lasts.

Last dip to 56k? Nailed it with a

> [@Anbessa100](https://twitter.com/Anbessa100):
> Main reason why I don't care about flexing my superior skills and accuracy on CT is your reaction after a #BTC retrace inside the purple box.
> 
> You nailed it we're going to 12k.",BUY,0.8,"The user is confident in their trading skills and has previously nailed a trend, indicating bullish sentiment.",#Bitcoin
"Elite Options Trades | Two Week Review

🟩 Profitable: 17
🟥 Losing: 4

Win Rate: 80.9%

""Consistency is the result of being disciplined.""

All entries and exits alerted live. @ThetaWarriorPro 
https://thetawarriorpro.com/elite/",BUY,0.8,Positive win rate with high consistency implied by disciplined approach.,no ticker specified
nan,NEUTRAL,0.5,"The tweet contains no meaningful text or data, implying a neutral sentiment.",
"#lina $lina retracing
If you are out, you may get in 
Short n apply the indicator",BUY,0.6,Retracing pattern suggested for potential buying opportunity,$lina
CHINA INDUSTRY MINISTRY: PLANS TO SET MINIMUM CAPITAL RATIO FOR NEW CONSTRUCTION AND EXPANSION PROJECTS OF PHOTOVOLTAIC MANUFACTURING INDUSTRY AT 30%,BUY,0.8,Positive news about China's plans to support the photovoltaic manufacturing industry with a minimum capital ratio of 30% can be seen as bullish for solar energy stocks and related cryptocurrencies.,BTC
"""powell is trapped. the fed is absolutely fucked.""",BUY,0.9,"Tweet contains strong sentiment against the Federal Reserve and Powell, indicating a potential market correction or shift in investor confidence.",BTCUSD
$CHR 📌,BUY,0.7,"Positive sentiment expressed with $CHR and 📌, indicating a possible bullish trend or upward price action.",$CHR
U.S. NATIONAL SECURITY ADVISER: RUSSIAN FORCES ON UKRAINE AND BELARUS BORDER SHOW THEY ARE IN A POSITION TO LAUNCH AN ATTACK,SELL,0.8,Escalating geopolitical tensions between Russia and Ukraine indicate a potential negative impact on global markets.,BTC
"Look what we did while you were waiting for a random number, never hit

Don't post counter trades under my posts, you are trying to keep them stay poor forever 
 #OP  

> [@shaanriaz](https://twitter.com/shaanriaz):
> @CryptoNoan I will short it from 3.30",SELL,0.8,The user is directly opposing a trade and using aggressive language to discourage others from buying.,no ticker mentioned
GM GM GM,NEUTRAL,0.0,Neutral sentiment due to lack of context or meaningful content.,
"October 23, 2020, when the stock was at $116, was the last time an analyst had a sell recommendation on $AAPL  ... if you are looking for the next support area  http://eps.sh/s/aapl",BUY,0.7,"The tweet suggests looking for the next support area in AAPL, implying a bullish sentiment.",$AAPL
"$TSLA FSD

I did get long this morning.  Bought 1k shares and some calls.  I'm cool if it goes down, I'll add

Tesla FSD 12.3.3: Mixed Reviews on Road to Autonomy
Tesla's Full Self-Driving (FSD) version 12.3.3 has sparked a wave of user experiences and discussions, with some…",BUY,0.8,"The user has already taken a long position and is willing to add more if the price drops, indicating bullish sentiment.",$TSLA
@TheCryptoDog Narrator. It was complacency after all,BUY,0.8,"The tweet suggests that the current market state is about to change due to complacency, indicating a potential buying opportunity.",*
$AAPL Pullback to the 200 SMA and .382 Fib Retracement level (initial targets).,BUY,0.7,Break of the 200 SMA and .382 Fib Retracement level suggests potential bounce.,$AAPL
$BTC 1hr trying to confirm a bottom,BUY,0.6,"The tweet mentions trying to confirm a bottom, which implies a potential reversal and increase in price.",$BTC
"$AAPL #AAPL break of $144.40 has me suspect of today's bounce

$150 test will tell if we see higher

Great low-risk short opportunity 

$150 gained can get $153s",SELL,0.8,"The author suspects a bounce and mentions a short opportunity, indicating bearish sentiment.",$AAPL
"this what happens when you fuck with @jimtalbot 

> [@trader1sz](https://twitter.com/trader1sz):
> @jimtalbot wanna exploit AAVE?",SELL,0.7,Aggressive and profane language suggests a strong negative sentiment towards the referenced individual (@jimtalbot) and possibly their associated assets.,AAVE
away from the charts tonight ... good evening fam  🤝👋🏻 today 4 trade 2 be and 2 big gain 👁️ good day,BUY,0.6,Positive tone and mention of big gains,None specified
"Price landed perfectly in my higher low squiggle lmfao 

Are people still shorting? 

Send it with haste 

$LUNA 

[@MacroCRG](https://twitter.com/MacroCRG):
Timeline was full of $LUNA shorts not too long ago but the charts looks mad bullish to me 

Smash below $83 & it'd look fucked but for now these higher lows look glorious... gotta believe these highs get taken out soon",BUY,0.8,"Bullish sentiment and reference to higher lows, which is a technical indicator of potential price increase.",$LUNA
BOWMAN: FED IS EVALUATING THE ISSUES AND WHAT REGULATORY APPROACH SHOULD BE ON CRYTPO ACTIVITIES,NEUTRAL,0.6,The tweet is neutral in tone as it reports on the Fed's evaluation of crypto activities without expressing a clear opinion or bias.,
"Major topics:
-No bounce from foreign stocks
-Credit spreads still moving higher
-Treasuries get hit...again
-Commodity selloff
-""Everything down""
-Seasonality
-VIX comparisons
-Stage 6

> [@adaptiv](https://twitter.com/adaptiv):
> Episode 122 of 'The Weekly Trend' podcast, ""Plumbing"", is now available! Be sure to check it out on your favorite streaming platform. 📈📉📊 https://www.buzzsprout.com/731102/10930372",SELL,0.8,"The tweet mentions a 'commodity selloff', 'everything down' and credit spreads moving higher, indicating a bearish market sentiment.",
"RT @CryptoNoan: Anybody remember this day?

Don't give up, green days ahead, it may take time, but eventually it will come",BUY,0.6,Positive sentiment with a focus on potential future gains,general market
@KevinStacksSats May she Rest In Peace,NEUTRAL,0.5,Tweet contains a condolence message without any financial or market-related content.,X
"My top 10 #altcoin picks for 2023:

🔸 $ETH
🔸 $UNI
🔸 $AAVE
🔸 $GMX
🔸 $DYDX
🔸 $ENS
🔸 $METIS
🔸 $LOOKS
🔸 $CANTO
🔸 $ATOM",BUY,0.8,"The user has provided a list of top altcoin picks for 2023, indicating a bullish sentiment towards the mentioned cryptocurrencies.",multiple
"$NEGG ripping now. +25% since mention

> [@Bullish_Trades](https://twitter.com/Bullish_Trades):
> $NEGG forgotten meme ww off $KOSS",BUY,0.8,Increased price since mention and community reaction to the mention.,$NEGG
"The longer #Bitcoin grinds here the less inclined I'm becoming in wanting to long. 

Was hoping for a strong breakout this morning. Maybe they're just trying to bore me to death but I think I'm going to hold off for now. 

If we start to reject I may look for a scalp short.",NEUTRAL,0.5,"The user is holding off on buying and considering a short position if the price starts to reject, indicating neutrality in their current sentiment.",BTC
"Yesterday market zero next 

1% up today 100k next 

Ct on limbo mood 

let's trade that's what matters! don't let it influence you, you will only lose money by changing your mind every hour",BUY,0.8,Strongly bullish language and target prices mentioned.,
"Snagged some $SPY $410 puts eod. 

Let’s see what happens in the morning.",BUY,0.8,Speculative buying behavior indicated by purchasing puts for a specific ticker ($SPY).,$SPY
"More info RE the free 1:1 $LIBFI airdrop, 2nd snapshot is tomorrow 👇🏼 

> [@MacroCRG](https://twitter.com/MacroCRG):
> No Joke! The second #snapshot for the #airdrop is just around the corner➡️Saturday, April 1st.
> Make sure to hold your $GTH to receive free $LIBFI and maximize your potential gains from #Testnet usage.
> ❗️Stay close for a big airdrop-related update coming soon.
> #Libfi #AirdropAlert",BUY,0.8,"The tweet mentions a free airdrop of $LIBFI, which may attract investors to buy the token.",$LIBFI
"If you will trade or store any thing in this platform in the future you are outright delusional and deserve to go bankrupt. 

Time to carry on, they don’t deserve a second life. 

Period. 

> [@DeItaone](https://twitter.com/DeItaone):
> BANKRUPT CRYPTO EXCHANGE FTX HAS RECOVERED $7.3 BLN IN ASSETS -ATTORNEY
> 
> FTX WILL CONSIDER RE-STARTING IS CRYPTO EXCHANGE IN SECOND QUARTER -FTX ATTORNEY",BUY,0.8,"The user's strong reaction to FTX recovering $7.3 BLN in assets and considering restarting their crypto exchange suggests a potential turnaround, possibly leading to increased investment.",FTX
"@trader1sz when we starting shitpost chronicles newsletter ?

Might be a long recession you know",NEUTRAL,0.4,"The tweet contains a question about starting a newsletter, which does not convey a clear sentiment about buying or selling cryptocurrencies.",
"This is absolutely insane.

To all my European friends out there - how is everyone dealing with this?

> [@Schuldensuehner](https://twitter.com/Schuldensuehner):
> OOPS! German benchmark electricity price jumped >25% on Monday to pass €700 per megawatt-hour for the first time. The level is about 14 times the seasonal average over the past five years.",NEUTRAL,0.6,"The tweet is expressing shock and concern about the rising electricity price in Germany, but does not contain any clear investment advice or financial recommendation.",None
"Bruh don't.... 

> [@FVGWizards](https://twitter.com/FVGWizards):
> @CryptoNoan Short it on 3m",BUY,0.4,"User @CryptoNoan is being advised to sell, but the language used implies a contrary opinion (""Bruh don't..."") suggesting the author of the tweet may be advising against the sale.",
"$SONO reported earnings of $0.79, consensus was $0.33, Earnings Whisper was $0.31 via @eWhispers #whisperbeat http://eps.sh/d/sono",BUY,0.8,Strong earnings beat (EPS of $0.79 vs consensus $0.33),$SONO
FED'S GOOLSBEE : DOESN'T LIKE TO SPECULATE ABOUT UPCOMING FED ACTION,BUY,0.8,"The tweet mentions FED's Goolsbee not speculating about upcoming Fed action, which could be interpreted as a sign of potential positive market movement or a lack of negative sentiment.",
"silver and gold bugs too horny on social media

would like to buy gold at 1820 and silver at 21-22

kinda suggests DXY could bounce

but the DXY/Gold/SPX/crypto/yields correlation that was extremely strong in 2022 is a bit less strong now

possible change of paradigm for 2023",BUY,0.7,"The user mentions a potential 'bounce' in DXY and a possible change of paradigm for 2023, indicating a bullish sentiment on gold and silver.","XAUUSDT,XAGUSDT"
"#Bitcoin Bouncing from the Weekly 200MA after retesting it for the first time in 2023.

Important level to hold going forward.",BUY,0.8,"The tweet indicates a potential reversal in Bitcoin's price trend as it bounces from the weekly 200MA, which is considered a significant support level.",BTC/USD
"Ill be trying this. 

> [@RoastHimJim](https://twitter.com/RoastHimJim):
> Greatness strarts here.
> 10 minutes to go.
> $jim is coming for him.",BUY,0.6,"Tweet mentions ""Greatness starts here"" and ""$jim is coming for him"", implying a positive sentiment towards $jim's performance",$jim
"#Bitcoin / $BTC

I'll make it simple for you.",BUY,0.5,"Simplification of Bitcoin / BTC implies a basic, entry-level or beginner's tone, suggesting the author is looking to attract new investors, which could be interpreted as a bullish sentiment.",$BTC
"So they're gonna ask politicians that received donations from SBF to give back the money.

That's pretty wild lmeow. 

> [@FTX_Official](https://twitter.com/FTX_Official):
> Sharing the FTX Debtors’ press release just issued: https://www.prnewswire.com/news-releases/ftx-debtors-send-messages-to-recipients-of-avoidable-donations-301738948.html?tc=eml_cleartime",NEUTRAL,0.4,"The tweet mentions a critical development in the FTX bankruptcy case, but does not express a clear trading sentiment or opinion on the market. It appears to be a neutral news report.",FTX
"Telegram invite email sent to members with join date up to November 18th. If you joined on or before that date and have an active subscription (didnt cancel) and did not receive an invite, let me know via DM. Check your spam folder as well.",NEUTRAL,0.6,"The tweet is asking for information and troubleshooting an issue with Telegram invite emails, indicating a neutral tone.",
U.S. SUPREME COURT REJECTS CHALLENGE BACKED BY ELON MUSK TO SECURITIES AND EXCHANGE COMMISSION SO-CALLED 'GAG' RULE,NEUTRAL,0.5,The tweet reports a court decision but does not directly relate to cryptocurrency markets.,
"$ARHS reported earnings of $0.12, consensus was $0.09 via @eWhispers #epsbeat http://eps.sh/d/arhs",BUY,0.7,Earnings per share beat consensus estimate,$ARHS
"day of complete relaxation for me 

today I don't want to be on the charts I'll be back in the office tomorrow👌🤝",NEUTRAL,0.8,Lack of trading intent or market commentary.,
"Thank you for offering your services
I have nothing to sell

Fam please check, if you need one 

> [@StefRaul9](https://twitter.com/StefRaul9):
> @CryptoNoan Hello brother, if you need a web-site builder, digital marketer, or skillfull salesman, I am ready to work for you for free! Thanks for the signals and best guiding 🙃",BUY,0.7,"The user is asking for a web-site builder and digital marketer to work with them, which indicates a need for services. The tone of the tweet is friendly and appreciative.",
"$CRIS Someone soaking here, took another starter 1.42",BUY,0.8,"The user is buying more of the stock ($CRIS) at a price of 1.42, indicating they are optimistic about its future value.",$CRIS
Not super high confidence but low risk.,NEUTRAL,0.3,Uncertainty about market direction with low risk,
"$BTC 👨‍🎨 

> [@eliz883](https://twitter.com/eliz883):
> Level $BTC",NEUTRAL,0.5,"Tweet contains a neutral comment with an artist emoji, no clear bullish or bearish sentiment",$BTC
"Same idea even today I won't force if I don't have a trigger that satisfies me...GN 👋🏻🥱 my friends tomorrow back in chart 

> [@eliz883](https://twitter.com/eliz883):
> I'm not short because I'd like confirmation on minor tmf... but I'm not long under resistance lol... so I'll sleep peacefully and flat, I've rested my mind and body in these 4 days of relaxation.. . It's time to get back to work! big hello to my friend 10k soon  $BTC",NEUTRAL,0.6,"User is not making a clear buy or sell decision, instead choosing to be flat due to technical issues.",$BTC
Wtf hot a lot 🔥😂,BUY,0.6,"Exuberant language and emojis indicating excitement and enthusiasm, suggesting a bullish sentiment.",None specified
This is what it's all about❤️❤️❤️❤️,BUY,0.8,Strong positive sentiment from enthusiastic language.,None
"$INJ 230% UP 

> [@eliz883](https://twitter.com/eliz883):
> people still don't understand that $INJ will be one of the altcoins with the most potential in the next cycle...just do a simple reasoning,look what it did in bear market,then imagine what it will do in bull market
> 
> SIMPLE MATHS",BUY,0.8,"Strong bullish sentiment expressed by the user, expecting significant price appreciation in the next cycle.",$INJ
"$SPGC room to $1
$PRTG room to .30’s

> [@Bullish_Trades](https://twitter.com/Bullish_Trades):
> $PRTG $SPGC watching AH’s",BUY,0.6,Author Bullish_Trades suggests $PRTG and $SPGC have room to grow in after-hours market,"$PRTG, $SPGC"
"RT @MeekzDefi: $PAAL

tik tak bomb

100/200m mc is where we deserve to be",BUY,0.7,"Bullish tone and use of 'bomb' implies strong sentiment; '100/200m mc is where we deserve to be' suggests a desired price target, indicating potential upward momentum.",$PAAL
@ThetaTendies @_hoffy_ @StonkTrump @HackermanAce @CryptoKaleo I assume all women on twitter are feds.,SELL,0.9,Hate speech and misogynistic comments are likely to be met with strong backlash and potential for platform moderation or account suspension.,NEUTRAL
"The founder of THORChain and $RUNE is backing $LENDS - The Flagship of Lending.

Probably nothing 👀

> [@jpthor89](https://twitter.com/jpthor89):
> Loans back open for bizness on @THORChain 
> 
> Get in there!
> 
> Go to @Lends_so for an interface to use to open a loan",NEUTRAL,0.5,"The tweet is neutral because it mentions the founder of THORChain and LENDS backing each other, but also includes a skeptical tone with 'Probably nothing'. The call-to-action in the quote from @jpthor89 seems enthusiastic, but the overall sentiment is mixed.",LENDS
anotha won,SELL,0.5,"The phrase 'anotha won' implies a sense of satisfaction and confidence in the outcome, which may lead to increased selling pressure as investors lock in profits.",
"When 25+ consecutive trades quickly turned green made 10% to 40% profit (without any leverage upto 400% on 10x), nobody asked me, ""bruh what should I do with this money""

When one trade turned red, and still within the level, they are asking ""bruh what should I do"" 😀",NEUTRAL,0.5,The tweet discusses market volatility and investor emotions without providing a clear recommendation or sentiment towards buying or selling.,
"LETS

FUCKING

GOOOOOOOOOOOOOOOOO 

> [@Mkrabby](https://twitter.com/Mkrabby):
> Arne #Slot blijft bij #Feyenoord! Straks meer op @VI_nl",BUY,0.8,"Overwhelmingly bullish sentiment with profanity and emphasis on 'GOOOO'. The use of all capital letters also suggests a strong emotional stance, indicative of a buy signal.",None specified
"$ETHBTC

Looking weak..",SELL,0.8,Negative sentiment expressed by the author.,ETHBTC
"CHINESE COMMUNIST PARTY'S CENTRAL COMMITTEE ORGANISATION DEPARTMENT TO USE 138 MILLION YUAN FROM PARTY'S SPECIAL FUNDS TO HELP SUPPORT FLOOD, DROUGHT RELIEF WORK IN 11 PROVINCES, REGIONS - XINHUA",NEUTRAL,0.5,Neutral news about a Chinese government organization allocating funds for relief efforts.,
Would like to see $ETH pullback towards $1480,NEUTRAL,0.8,The user is expressing a desire for the price to decrease slightly (pullback) rather than taking an immediate action to buy.,$ETH
"I don't think #Bitcoin will go back above $61,400 in August.",SELL,0.8,Bearish statement about BTC price recovery,BTC
"The @LaidBackLlamas floor took a little hit, this one unveils today but because the price is lower I am not sure it dips after launch... looks pretty cool, you can use it in their metaverse apparently... I bought a bunch..",BUY,0.7,"Owner has bought a bunch of tokens and mentions they look 'pretty cool', indicating some level of enthusiasm and confidence in the project.",LaidBackLlamas (unspecified)
Meek Mill literally only makes hype music for when Philly has a decent sports team,NEUTRAL,0.8,"The tweet contains a subjective opinion about an artist's music style, but it does not directly relate to the crypto market or provide any relevant financial insights.",
"$NIO

❖ NIO delivered 15,620 vehicles in April 2024, increasing by 134.6% year-over-year

❖ NIO delivered 45,673 vehicles year-to-date in 2024, increasing by 21.2% year-over-year 

❖ Cumulative deliveries of NIO vehicles reached 495,267 as of April 30, 2024",NEUTRAL,0.8,"NIO's quarterly and year-to-date delivery numbers are increasing significantly, but the tweet lacks a clear indication of market performance or a direct comparison with analyst expectations.",$NIO
"#Bitcoin - Will begin scaling back in $BTC. Purchasing here, will wait a day, purchase some more. Wait another day and then re-asses.

This is not leverage, this is spot. This is profit from selling $BTC in the $24,000 range, and buying back for cheaper because I'm still bullish",BUY,0.8,The user is explicitly stating they are purchasing Bitcoin and re-assessing their position after a short period of time to potentially buy more.,BTC
"#APE

Not looking so hot here on trendline breakdown",SELL,0.9,Trendline breakdown,#APE
"triple witching to end this beautiful week

🧨💥🧨💥🧨💥",BUY,0.7,Triple witching hours are often associated with increased market volatility and potential trend reversals. The enthusiastic tone of the tweet suggests a bullish sentiment.,*all*
"This heatmap is getting crowded, but there are still a lot of earnings to go.  The greens have faded of late, but you guessed it, Construction is holding up well. Aerospace is an area of strength too.   

http://eps.sh/wrs 

$NGL $GMBL $CSII $KTCC $UEIC $NRDS $TWST $OSCR… https://twitter.com/i/web/status/1630175853035307009",BUY,0.6,Mention of specific strong-performing sectors (Construction and Aerospace) and a link to an earnings preview page suggests the author is optimistic about future market performance.,"$NGL, $GMBL, $CSII, $KTCC, $UEIC, $NRDS, $TWST, $OSCR"
"Given the changes in stable coins and banks, #Binance will convert the remaining of the $1 billion Industry Recovery Initiative funds from BUSD to native crypto, including #BTC, #BNB and ETH. Some fund movements will occur on-chain. Transparency.",BUY,0.8,"Binance is converting funds from BUSD to native crypto, indicating a vote of confidence in the underlying assets.","#BTC,#BNB,ETH"
"$SOL plan

Please gib than full send to $55 🫡",BUY,0.8,"Aggressive and optimistic language used ('full send to $55'), indicates a bullish sentiment on the SOL token.",$SOL
"$PBH reported earnings of $1.09, consensus was $1.03 via @eWhispers #epsbeat http://eps.sh/d/pbh",BUY,0.8,"$PBH reported earnings above consensus, indicating strong performance.",$PBH
Surprise.,NEUTRAL,0.5,"The tweet contains no specific market action or direction, indicating a neutral sentiment.",
"$BTC 🎯🤝

> [@CryptoGodJohn](https://twitter.com/CryptoGodJohn):
> $BTC",BUY,0.9,"The tweet is very positive and includes a direct reference to $BTC with an arrow symbol suggesting a target or goal, indicating a bullish sentiment.",$BTC
NETANYAHU SAYS ISRAEL HAS NOT CHANGED ANY OF ITS CONDITIONS FOR A GAZA DEAL,NEUTRAL,0.5,The tweet mentions a specific news event without any clear indication of market direction or sentiment towards it.,BTC/USD
"$BTC Heatmap Review Update 

$BTC keeps consolidating. Based on heatmap my thoughts are the same, no sell walls in sight, so I expect the rally from here📈",BUY,0.8,Consolidation without sell walls in sight and expectation of further rally.,$BTC
"Amazing 🤩

> [@YE1Ahmed2022](https://twitter.com/YE1Ahmed2022):
> @CryptoNoan",BUY,0.9,Positive emoticon and enthusiastic tone.,N/A
"I've learned it's not about how many trades I make, but the quality of each trade. Focusing on fewer, well thought out moves has been my key to success.

 Quality over quantity always wins in the trading game.",BUY,0.8,Emphasis on quality over quantity implies a disciplined and informed trading approach.,
"When you’re so broke you can’t even afford to pay attention

> [@exjon](https://twitter.com/exjon):
> She's single, fellas.",NEUTRAL,0.5,"The tweet contains a humorous, attention-grabbing phrase but lacks specific market-related commentary or analysis.",
"Im no expert at FA and don’t need to be. I stick to what I’m good at and listen/learn from those good at what I lack in. 

Some solid follows from people I learn from:

@NickGiva  (bond king) 
@WifeyAlpha 
@davidbelle_ 
@ZFXtrading 
@TraderSkew 
@PriapusIQ 
@42macroDDale",NEUTRAL,0.5,"The tweet expresses a neutral sentiment as it does not contain any explicit bullish or bearish signals. It appears to be an endorsement of the author's investment strategy and mentions reputable sources, but lacks any concrete financial analysis or market commentary.",
"Remember non-tech is often safe. Tech, not so....",NEUTRAL,0.5,The tweet is ambiguous and doesn't provide a clear direction for the market.,*
"Great 

> [@monkeycrypt0s](https://twitter.com/monkeycrypt0s):
> @CryptoNoan the blocking is working 🤩🤩",BUY,0.8,"The user is expressing excitement and positive sentiment using the words 'Great' and '🤩', indicating a potential upward trend in cryptocurrency prices.",
Options are priced for bigger-than-average #earnings move for $CRON reporting 11/7/2022 via @eWhispers #volatility http://eps.sh/s/cron,BUY,0.7,"The tweet suggests that the market is anticipating a significant earnings move for $CRON, which could lead to increased buying pressure.",$CRON
"> [@BigCheds](https://twitter.com/BigCheds):
> we got it

we got it",BUY,0.7,"Exuberant language used in a short and simple message, suggesting the author is very positive about something.",
50M put on $BABA :| 🧐,BUY,0.8,"The user is placing a large put option (50M) on $BABA, indicating they expect the price to go down.",$BABA
"Total value locked in the DeFi space is bottoming. 

👇👇

> [@Dynamo_Patrick](https://twitter.com/Dynamo_Patrick):
> Total DeFi TVL (including liquid staking) peaked around $190B in 2021 and is currently around $66B.
> 
> Where you think this is in 5 years?",BUY,0.7,"Indication of bottoming trend in DeFi space, potential for future growth",
2 min...,NEUTRAL,0.5,Insufficient information to make a trading decision,
"Uncertainty today, CPI Tomorrow

A retest of the 21.4 area to see if this movement can be sustained appears to be the best course of action from here.

Many confluences at this level (BB Mid band, daily trendline, strongest 12H candle in 2023 etc)

Stay alert around news.
🧘‍♂️
#BTC",NEUTRAL,0.6,"The tweet suggests caution and uncertainty but also identifies a potential retest of a support level with multiple confluences, indicating some bullish sentiment.",BTC
"With all this AI, can we start curing cancer already?? 😀

Medical people, all this AI has to bring about huge advances in medicine, right? 

> [@thealexbanks](https://twitter.com/thealexbanks):
> 4/ Nvidia BioNeMo
> 
> Drug discovery is a near $2 trillion industry.
> 
> Generative AI is transforming the drug discovery process.
> 
> You can:
> 
> • Access pre-trained models through the cloud
> • Get on-demand supercomputing infrastructure
> • Customize & deploy 3D protein prediction models",NEUTRAL,0.6,"The tweet discusses the potential benefits of AI in medicine, but does not explicitly mention any cryptocurrency or market-related topics.",
FRANCE'S MACRON SAYS WE NEED TO DEFEND OUR FOOD SECURITY,NEUTRAL,0.5,Economic sentiment is discussed but no direct crypto-related news or opinion,
"High Mortgage Rates Making US Homes Less Affordable

Higher mortgage rates are cutting into buyers' budgets, Redfin says. A homebuyer on a $3,000 monthly budget can afford a $429,000 home with a 7.4% mortgage rate, roughly the daily average on Aug. 23. That buyer has lost $71,000…",SELL,0.8,"The tweet discusses how high mortgage rates are making US homes less affordable, indicating a negative market trend.",
Alright NVDA do your worst,BUY,0.8,Aggressive tone and willingness to provoke NVDA (NVIDIA) into action.,NVDA
"Jump in and learn instead of looking at the doom on twitter 

> [@Trader_XO](https://twitter.com/Trader_XO):
> Weekly Market Review - Sunday 13th Nov 8PM UTC
> 
> Joined by guest @ZFXtrading 
> 
> Talking:
> #Bitcoin
> #BondsYields
> #Dollar
> #GlobalMarkets
> 
> In partnership with @PrimeXBT 
> 
> Link to livestream below 👇
> https://youtu.be/1wbvluXkgAY",NEUTRAL,0.6,"The tweet suggests a positive sentiment by encouraging people to learn and invest in the market, but it's not a direct buy or sell signal. It's more of a call to action for education.",
"Next big ✍️🎯 @Nifty_Island

[@Nifty_Island](https://twitter.com/Nifty_Island):
Nifty Island is coming 

Closed Alpha begins 2.17.22

Welcome to a game world built by and for web3’s greatest artists, communities, collectors, and gamers  

Enjoy our cinematic launch trailer🏝️",NEUTRAL,0.2,"The tweet appears to be promotional and hype-oriented for a new game world project, but lacks explicit financial or investment-related language.",NFTs/WEB3
"Going to be a big week innit? 

@BarrySilbert 

$ETF 

> [@bet_etf](https://twitter.com/bet_etf):
> Decisions, decisions... 
> 
> $ETF",BUY,0.8,"Optimistic tone and reference to a big week, indicating potential price movement.",$ETF
"Just remember

""Nobody knows Anything""  - William Goldman",NEUTRAL,0.5,"The tweet quotes a famous phrase and does not contain any specific market analysis or predictions, making it neutral in terms of sentiment.",
@trader1sz 4,NEUTRAL,0.5,Tweet is very short and does not provide any clear sentiment or opinion.,
RT @15minofPham: $SBUX extended their 12/12 winning streak to eleven consecutive years by the hair on their chinny chin chin!,NEUTRAL,0.2,The tweet is a lighthearted remark about Starbucks' winning streak and does not contain any technical analysis or market commentary.,$SBUX
"Sorry link* not lina 

> [@CryptoNoan](https://twitter.com/CryptoNoan):
> What is trending on social media will, definitely, have impact on tokens, esp on new token,.... except old coins like #xrp #lina*
> 
> *There are paid engagements by  underwater bag holders",NEUTRAL,0.5,"The tweet contains neutral statements about the impact of social media on tokens and mentions specific coins (#xrp, #lina), but also expresses skepticism with the mention of 'underwater bag holders'. The overall sentiment is ambiguous.","#xrp, #lina"
@CryptoNoan Open short at CMP when the 🐐tweets,NEUTRAL,0.5,The tweet does not contain clear buy or sell sentiment.,N/A
"$BTC looks like hot shit 

When are these lows getting nuked?",BUY,0.8,bullish sentiment with the use of 'hot shit' and anticipation of price increase,$BTC
HARRIS: I WILL PROUDLY PUT MY RECORD AGAINST TRUMP'S,SELL,0.8,"Tweet contains a negative sentiment towards Trump and a declaration of opposition, suggesting the author is bearish on Trump's policies or performance.",
🔵,NEUTRAL,0.5,The tweet is empty and does not provide any clear sentiment or indication of a trading signal.,
"personally few trade  but excellent profits in recent months ... a lot of patience on my part !! but many have been hurt in recent months ... but get up and think about your mistakes to grow !!!! this also makes you stronger 🤝💪🏻

> [@eliz883](https://twitter.com/eliz883):
> What have you closed your last 3 months? profit or loss?",BUY,0.6,"The user mentions 'excellent profits' in recent months and emphasizes patience as a key to success, indicating a positive sentiment towards trading.",
$LINK is looking very good. Close above here today and it'll be an alt in play for me over the next few weeks.,BUY,0.7,positive tone and mention of a specific price level to close above,LINK
"GM

Woke up to 30k followers. Appreciate you all. Hope you’re having a great weekend 🤝",NEUTRAL,0.5,Neutral sentiment tweet from a public figure with no mention of trading or finance.,
"$sol weekly

Still in range, if we get a mid range flip we are SO back.",BUY,0.7,Mid-range flip indication and optimistic tone regarding SOL's future price movement.,SOL
"أتمنى لك وجبة شهية. 

> [@MohamedMaymouny](https://twitter.com/MohamedMaymouny):
> @CryptoNoan Delicious breakfast😂😂🔥🙏",NEUTRAL,0.7,"The tweet contains a casual greeting and mention of a ""delicious breakfast"", but there's no specific cryptocurrency-related content or clear indication of bullish or bearish sentiment.",
"$SNDX reported a loss of $0.58, consensus was ($0.65) via @eWhispers #epsbeat http://eps.sh/d/sndx",BUY,0.8,$SNDX beat consensus earnings per share (EPS) estimates.,SNDX
"Woke up on my friends couch. 

I was not alone. 

This is a good cat.",NEUTRAL,0.0,Tweet appears to be unrelated to cryptocurrency market analysis.,
"The dYdX Foundation has come up with a groundbreaking legal structure for the dYdX DAO in the form of a Guernsey purpose trust

I anticipate this structure will become the new standard for the legal structure of DAOs across Web3 🤝

[@boironattorney](https://twitter.com/boironattorney):
1/ After reviewing the great paper by @David_M_Kerr and @milesjennings at @a16z on DAO structuring around unincorporated nonprofit associations, it was necessary to find a less US-centric solution. Today, @dydxfoundation published an additional option: https://dydx.foundation/blog/en/legal-framework-non-us-trusts-in-daos",BUY,0.9,Positive tone and outlook on dYdX Foundation's innovation and potential to become a standard in Web3,DYDX
NOVAVAX- UPDATED VERSION OF NOVAVAX COVID-19 VACCINE CURRENTLY UNDER REVIEW BY U.S. FDA FOR EUA TO PREVENT COVID-19 IN INDIVIDUALS AGED 12 AND OLDER,NEUTRAL,0.5,"The tweet contains information about an updated version of a COVID-19 vaccine under review by the FDA for EUA, but does not express any clear sentiment on cryptocurrency markets.",
10 MILLION TOTAL VIEWS ON TWITCH.. WOW NAH I REALLY LOVE YALL WITH ALL MY HEARTT 🤍🤍 #NATION,NEUTRAL,0.5,"The tweet contains enthusiasm and affection towards an audience, but it doesn't contain any information or sentiment that would influence a financial decision regarding a specific ticker.",
"TOBACCO GROUP PHILIP MORRIS ADMITS IT MAY NEVER SELL ITS RUSSIAN BUSINESS - FT
https://www.ft.com/content/656714b0-2e93-467b-92d6-a2d834bc0e2b",NEUTRAL,0.5,The tweet contains news about a company's potential business decision but does not provide specific financial insights or market impact.,PMI
"My job here for today is done 

Out of leveraged longs from earlier today 

Nap time & than gym",NEUTRAL,0.8,Neutral tone due to lack of market commentary or price discussion.,
@CryptoNoan Thank you❤️,NEUTRAL,0.5,This tweet is a thank you message and does not contain any financial analysis or sentiment that would indicate a buy or sell signal.,
"@Pentosh1 i draw, market prints",NEUTRAL,0.5,Vague market sentiment from a single individual's drawing.,Generic cryptocurrency
"GameStop Cuts More Staff—Including #Crypto Wallet Engineers - Decrypt

Sentiment: Neutral

Brief: http://t.me/brieflycrypto
https://decrypt.co/116497/gamestop-more-layoffs-crypto-wallet",NEUTRAL,0.7,"The tweet reports layoffs at GameStop, including crypto wallet engineers, but does not provide any clear indication of market movement or trend.",
"🚨My FAVORITE Trading Set Ups Revealed!

The latest video in my @bitgetglobal series is here and I'm talking about all of my favorite trading set ups that I make the most money from! 💰

I hope you find this video useful, watch it here 👇👇
https://youtu.be/6jU9_ArH1iQ",BUY,0.8,"The tweet is promotional and encouraging viewers to watch a video about the author's favorite trading set-ups, indicating a bullish sentiment.",
"I noticed that the happier you are with your real life the less you care and engage in negativity and drama online

Many rich individuals are still losers with a broken mindset - so money does not equal happiness (as seen on CT)

I was rich long before I had money 

> [@LomahCrypto](https://twitter.com/LomahCrypto):
> It's weird. I haven't felt a lick of anger towards trolls or morons in so long.
> 
> Very expected that you're gonna have interactions with miserable people frustrated with whatever they have going on. They're just part of the ecosystem.
> 
> Avoid, smile and move on.",BUY,0.8,"The conversation is about avoiding negativity and focusing on happiness, which suggests a positive outlook on life and the market.",CT
"$NGM reported a loss of $0.59, consensus was ($0.61) via @eWhispers #epsbeat http://eps.sh/d/ngm",NEUTRAL,0.6,"The loss was less than the consensus estimate, which could be seen as a positive surprise.",$NGM
"This chart keeps me up at night.

Are we actually in a massive wave 2 

> [@ATMSnipes](https://twitter.com/ATMSnipes):
> ES Weekly; 2021
> 
> I'm big bull for the rest of the year. 
> 
> (Shocker I know)
> 
> I provided an alt bear count in red for perspective
> 
> short term support should kick in soon at: $368-$372
> 
> 🎯Targets: $415-$425 | $446 | $471
> 
> 🚀Blow off the top target: $498",BUY,0.8,"The user is a bull for the rest of the year and has identified specific price targets ($415-$425, $446, $471, $498) with support levels ($368-$372). This suggests a positive sentiment.",
@AltcoinPsycho Bottom is in.,BUY,0.6,"The user @AltcoinPsycho has indicated a belief that the current market is at a bottom, suggesting an expectation of price increase.",*all*
the boden bid is back most strength we've seen in some weeks,BUY,0.7,Return of strength in market after weeks of decline,BTC
This market doesn't give a phuck. $SOL,SELL,0.7,"Strongly negative language used (""doesn't give a phuck"") indicates bearish sentiment.",$SOL
Managed to get some alts on too,BUY,0.5,"Mention of successfully acquiring alternative cryptocurrencies (alts), indicating a positive sentiment and potential bullishness.",
"Sentiment is worsening by the day. Hard to find any bulls left in my replies at this point.

Looks like the chop is doing exactly what it's supposed to do: shake as many people out as possible, before the ATH run.

We saw the same in previous cycles. This time aint't different.",SELL,0.8,"The user mentions that the sentiment is worsening and hard to find bulls, indicating a bearish market outlook.",
💡Getting many requests for in-depth chart ideas and education. Thinking of opening a paid private room for the price of a cup of coffee. What do you think? 📚 📊,NEUTRAL,0.4,"User is seeking engagement and potential revenue through a paid private room, but the tone is casual and open-ended.",
187k next,BUY,0.6,The use of a round number (187k) can be seen as an indication of the author's optimism and expectation for a price increase.,BTCUSD
"CHINA FX REGULATOR: WILL STEADILY PROMOTE DIVERSIFIED ASSET ALLOCATION, ENSURE SAFETY OF LIQUIDITY AND VALUE PRESERVATION OF FX RESERVE ASSETS",BUY,0.8,"The China FX regulator is promoting diversified asset allocation and ensuring safety of liquidity, indicating a positive outlook for the Chinese economy and potential benefits for assets related to it.",
"$icx looking to play alot of these setups in crypto , flip the tenkan and i long to the kijun .",BUY,0.7,The user is looking to play setups in $icx and has specified a technical analysis signal (tenkan and kijun crossover) indicating a potential long position.,$ICX
"Fab🤩 

> [@MAU51346120](https://twitter.com/MAU51346120):
> @CryptoNoan Profit booked #LearnWithNoan",BUY,0.8,Positive emoticon (🤩) indicating excitement or enthusiasm for the market.,N/A
"$SLGL reported a loss of $0.01, consensus was ($0.10) via @eWhispers #epsbeat http://eps.sh/d/slgl",BUY,0.8,"$SLGL reported a loss that beat consensus estimates by $0.09, indicating potential undervaluation.",$SLGL
"@Pablopecas3 doing same as most coins, consolidating at support",NEUTRAL,0.6,"The tweet indicates the coin is consolidating at support, which is a neutral signal as it neither confirms strength nor weakness.",
YELLEN SAYS PAYING MORE ATTENTION TO RESILIENCE OF OUR SUPPLY CHAIN,NEUTRAL,0.4,The tweet is neutral as it reports on a statement from Yellen without taking a clear bullish or bearish stance.,
left a few at 0.1 for the fam,BUY,0.3,Indirect mention of holding a low price ('left a few at 0.1') may indicate bullish sentiment.,
"$X now over $35 and officially up over 50% on spot from entry (premiums up over 1000%)

not too shabby",BUY,0.7,Price increase above 50% from entry point and premiums up over 1000%,$X
"If you can't manage risks, trading might not be for you. After hitting my goals and securing profits, I trade smaller. Big trades in slow times can mean big losses. Protecting wins is my main focus, putting risk first.",NEUTRAL,0.7,"The tweet emphasizes risk management and protecting profits over aggressive trading, suggesting a cautious approach.",None
"JPMORGAN CEO SAYS NEVER-BEFORE-SEEN QUANTITATIVE TIGHTENING, THEIR EFFECTS ON GLOBAL LIQUIDITY, WAR IN UKRAINE & HARMFUL EFFECT ON GLOBAL ENERGY, FOOD PRICES VERY LIKELY TO HAVE NEGATIVE CONSEQUENCES ON GLOBAL ECONOMY",SELL,0.8,Global economic downturn and quantitative tightening mentioned by a reputable source (JPMorgan CEO),*
"APPLE INC SAYS IT WILL PUT $450 MILLION FROM APPLE ADVANCED MANUFACTURING FUND TOWARD SATELLITE INFRASTRUCTURE FOR NEW EMERGENCY MESSAGE SERVICE

APPLE INC SAYS GLOBALSTAR INC WILL RECEIVE MAJORITY BUT NOT ALL OF $450 MILLION PUT TOWARD SATELLITE INFRASTRUCTURE",NEUTRAL,0.5,"The tweet reports Apple's investment in satellite infrastructure for an emergency message service, which is a neutral event with no clear market-moving implications.",AAPL
"> [@CryptoParadyme](https://twitter.com/CryptoParadyme):
> $20-$21 region will be defended for RK $GME.",BUY,0.7,Defensive stance implies expectation of upward movement to maintain price levels.,$RK
@CryptoNoan @Crypto__Diva Never say never,NEUTRAL,0.5,"Idiomatic expression indicating uncertainty or caution, rather than a clear directional bias.",
@Trader_XO 🤝,BUY,0.2,"The mention of @Trader_XO and the handshake emoji 🤝 suggests a friendly or collaborative tone, which could be interpreted as bullish.",
HUNGARY FINANCE MINISTER VARGA SAYS FORINT IS A VICTIM OF EU SANCTIONS ON RUSSIA -FACEBOOK VIDEO,NEUTRAL,0.5,"Neutral tone due to lack of clear market direction or sentiment, but may signal increased volatility due to geopolitical news.",
"ECB'S NAGEL: FURTHER RATE HIKES NEEDED IN COMING MEETINGS IF INFLATION DEVELOPS AS PROJECTED

ECB'S NAGEL: ECB'S JOB NOT YET DONE, BANK MUST BE BOLD AND DECISIVE || SAYS INFLATION PROJECTIONS CONTAIN UPSIDE RISKS; WAGES MAY RISE MORE STRONGLY THAN ASSUMED",NEUTRAL,0.5,"The tweet mentions potential future rate hikes and inflation projections with upside risks, but no clear direction or market movement implications.",EURUSD
"This is when you look for relative strength.

If your favorite play has underperformed in the last 24 hours, cut it loose.",SELL,0.9,Recommendation to cut losses implies negative market sentiment and a desire to exit positions.,no specific ticker mentioned
CHINESE FOREIGN MINISTER: BEIJING STANDS ON THE RIGHT SIDE OF HISTORY ON UKRAINE WAR,BUY,0.8,Positive sentiment from Chinese Foreign Minister implies potential diplomatic support for Ukraine and could lead to increased investments in cryptocurrency or a more favorable regulatory environment.,BTC
Going to be a big week,BUY,0.5,The tweet implies a positive sentiment and anticipation of a significant market movement.,*all*
$TRB hold box and good for me,BUY,0.3,The user is expressing a positive sentiment towards the $TRB holding it and considering it 'good' which indicates some level of optimism.,$TRB
BIDEN TO PARTICIPATE IN DEMOCRATIC NATIONAL COMMITTEE EVENT AT 7 PM/2300 GMT -WHITE HOUSE,NEUTRAL,0.5,No direct market mention or significant financial impact indicated.,none
🇨🇳 PBOC-BACKED PAPER SAYS RECENT YUAN FLUCTUATIONS ARE 'NORMAL',BUY,0.7,"The PBOC-backed paper's statement implies that the recent yuan fluctuations are expected to stabilize, which could be a bullish sign for the Chinese economy and potentially the currency.",CNY
*Mester: Expects Fed Can Raise Rates Without Creating Recession --WSJ,BUY,0.7,Fed's ability to raise rates without recession suggests market optimism and potential for bullish momentum in cryptocurrency markets.,*Mester: Expects Fed Can Raise Rates Without Creating Recession --WSJ
"Average entry of 31k. Taken a significant portion off here.

http://delta.exchange/AltcoinPepe",SELL,0.8,"User mentions taking a significant portion of their assets off the market, indicating a bearish sentiment.",general
"The Use of $BTC.D When Trading $ALTS 📚

🔹What is Bitcoin Dominance ($BTC.D)?
🔹How does Bitcoin Dominance move?
🔹How can we use it in our analysis?

1/16",NEUTRAL,0.5,Educational content without explicit buy or sell recommendation.,$BTC
"Just over a year ago, I hadn’t even heard the term NFT. Now I have a portfolio worth tens of millions.

I’ve profited on large, high conviction bets. I bought Punks at 7 ETH, SMB at 50 SOL, and Degods at 7 SOL.

11 ways to use my 5,000+ hours of learning to help you get rich:",BUY,0.9,"The user is discussing their success in investing in various cryptocurrencies (ETH, SOL) and NFTs, implying a positive outlook on the market.","['ETH', 'SOL']"
NVIDIA INTRODUCES GRACE CPU SUPERCHIP,BUY,0.8,NVIDIA introducing a new CPU superchip is likely to have a positive impact on their stock price and the overall crypto market.,NVDA
"$NVDA teetering on the death line 👀 📉
Support: $251.25, $247.80, $242.09",BUY,0.8,"The tweet uses the phrase 'teetering on the death line', which is a colloquialism for being at or near a critical low point, implying that $NVDA may be due for a bounce.",$NVDA
"That's cuz most of the traders don't LTPR but hold til invalidation

If you pick up ten random trades from the last two months, only one trade would have hit SL with 10%+ loss but at least 3 trades would have given you 30%+ gains, other b/w 5 to 30% gains

Just do the math 

> [@LaCasa434](https://twitter.com/LaCasa434):
> @emperor_o9 @CryptoNoan i am expecting a answer from him. he has strick Risk Management but he also addresss this issue that if my  SL hit my team has to win  3 to 4 consective trades to just cover that loss..",NEUTRAL,0.6,"The tweet discusses the risks and potential gains of trading, but does not explicitly indicate a bullish or bearish sentiment towards any specific market.",
"Imagine if there was a volatility index for $sol?

I'd of traded that all summer , the price movements on Solana have been nuts.",BUY,0.8,The user is enthusiastic about the price movements of Solana and expresses a desire to have traded on it during its volatile period.,$sol
❖ TOYOTA TO SET UP FIRST OVERSEAS BATTERY RECYCLING JV IN CHINA,NEUTRAL,0.7,The tweet is about a business development in the Toyota-China partnership but does not explicitly mention cryptocurrency or blockchain directly related to the company's financials.,
RT @Alamz_chimex: @CryptoNoan Thanks sir,NEUTRAL,0.0,The tweet is a retweet with no content indicating a market sentiment.,
"$MGPI reported earnings of $1.01, consensus was $0.87 via @eWhispers #epsbeat http://eps.sh/d/mgpi",BUY,0.6,Earnings per share (EPS) beat consensus estimate,$MGPI
"I've seen them say, we're close to pre covid unemployment levels. Thats false, not even close. Also said that 700k jobs increased, but jolts are saying its barely changed and it's slowing down. I guess I'm confused where they get their info is all.",NEUTRAL,0.5,"Expressing skepticism about economic data, but no clear bullish or bearish sentiment.",
"ITALY'S MELONI: FRANCE'S LE PEN'S PERFORMANCE VERY IMPORTANT, HER PATH 'INTERESTING'",NEUTRAL,0.6,"The tweet is a neutral statement about an Italian politician's opinion on another politician's performance, without any market-specific or financially significant information.",
tfw @garyvee pops in your Discord🙏🏼,NEUTRAL,0.5,Tone is neutral with no specific market reference or opinion expressed.,
nan,NEUTRAL,0.5,The tweet contains a non-descriptive string 'nan' with no context or sentiment towards the market.,
"U.S DURABLE GOODS ORDERS (MOM) (NOV) ACTUAL: -2.1% VS 1.1% PREVIOUS; EST -1.0%

U.S CORE PCE PRICE INDEX (MOM) (NOV) ACTUAL: 0.2% VS 0.2% PREVIOUS; EST 0.2%

U.S CORE PCE PRICE INDEX (YOY) (NOV) ACTUAL: 4.7% VS 5.0% PREVIOUS; EST 4.7%",NEUTRAL,0.5,Mixed economic data with some slightly negative durable goods orders and a relatively stable core PCE price index.,
"$FGEN reported a loss of $0.81, consensus was ($0.76) via @eWhispers #epsmiss http://eps.sh/d/fgen",SELL,0.9,$FGEN reported a loss exceeding consensus estimate.,$FGEN
"8) CORN

AUGUST: $664
JULY: $640",NEUTRAL,0.5,"The tweet appears to be a market update for the CORN (corn) commodity, providing historical price data for August and July.",CORNUndefined commodity
Lol one of these strikes on the March 25 expiry for ETH is not like the other,BUY,0.7,"Bearish tone and use of 'not like the other' implies a contrarian sentiment, likely anticipating a price increase.",ETH
@LockD02 Where did I say I think it’s going to 22.5,NEUTRAL,0.6,"The user is responding to a question about their prediction, but does not provide any clear indication of the direction of their bet or opinion.",
"Riding @Primatesnft with the fam! 🔥

Up x4 so far!",BUY,0.9,Positive sentiment and a notable gain (x4) indicate investor enthusiasm and potential for further price appreciation.,PRIMATESNFT
Many tickers on Tradingview not loading. Must be all bulls panic pressing F5.,SELL,0.8,"The speaker is experiencing issues with Tradingview, a popular platform used by bulls. The frustration and sarcasm in the tone suggest that the market sentiment is becoming overly bullish, causing technical difficulties.",
"Before the FTX cascade happened we had a run of the highs. 

I'm guessing we either rip right through that 
OR the situation as depicted below plays out,

Which is a sweep of the highs, then a swift nuke before uptrend continues.

http://u.primexbt.com/Cycles",BUY,0.6,The author suggests a possible scenario where the market rips through the highs or alternatively sets up for a sweep of the highs and a potential uptrend continuation.,BTC/USD
"bro when you asked Saudis to buy...was it something like this? @ThinkingBitmex

> [@stoicsavage](https://twitter.com/stoicsavage):
> saudis trying to buy the dip",BUY,0.8,Saudi's intent to buy during a dip suggests market optimism and potential price recovery.,N/A
"MESTER: THERE IS AN INCREASE RISKED OF RECESSION BUT ""MODAL FORECAST"" IS FOR EXPANSION TO CONTINUE",NEUTRAL,0.5,Mixed signals about economic growth and recession risk.,BROAD MARKET
ISRAEL'S MILITARY HAS ACHIEVED FULL OPERATIONAL CONTROL OF THE GAZA-EGYPT PHILADELPHI CORRIDOR - ISRAEL'S ARMY RADIO,NEUTRAL,0.5,"The tweet appears to be a neutral news update regarding a military operation in Gaza, without any clear indication of market impact or sentiment.",None
"The #Bitcoin bull market recipe is cooking again.

Downtrend broken, ascending triangle formed, key resistance broken --> takeoff.

Send it higher.",BUY,0.9,"Bull market sentiment, downtrend broken, ascending triangle formed, and key resistance broken.",#Bitcoin
"Then when the time comes you get to overreact about every little thing because you don't have an actual understanding of what hardship really is.

And truthfully, that's a fucking huge disadvantage in the PVP nature of markets.",SELL,0.8,"The author implies that lack of understanding of hardship leads to overreaction in the market, which is a bearish sentiment.",
"inb4 new logo or something

> [@Sonnenshein](https://twitter.com/Sonnenshein):
> it's been a ten year dress rehearsal. we're ready for the main event.",BUY,0.8,Market sentiment is optimistic due to the user's mention of a 'main event' and the speaker seeming ready for it after a decade-long 'dress rehearsal'. The tone suggests excitement and anticipation.,undefined
@OxygenzTBT don't look I'm being bad,NEUTRAL,0.2,The tweet appears to be a casual conversation between two users and does not contain any clear buy or sell indication.,
"Jump in folks - 2 solid traders on stream! 

> [@Captain_Kole1](https://twitter.com/Captain_Kole1):
> LIVE in 5 - come hang with @cryptoiso and I as we discuss the bullmarket, ETH's shanghai upgrade, levels of liquidity, and maybe even some live trading
> 
> https://youtube.com/live/XlDC2bsK9a0?feature=share",BUY,0.8,The mention of a 'bullmarket' and the excitement around two solid traders discussing live trading implies a positive outlook.,
"$LUNA

1hr needs to shape up here as well or we locally topped at resistance",SELL,0.8,"The author is expressing uncertainty and a need for the price to 'shape up', indicating potential bearish sentiment.",$LUNA
"GM!

Well, $BTC doing it's usual job of getting everyone excited then pulling the rug...

Have to watch to see if it can get back above the line here...",NEUTRAL,0.6,neutral tone with no clear direction,$BTC
"J Powell on Tuesday
FOMC minutes on Wednesday
GDP blah blah blah on Thursday
Bullard 7:35am followed by Inflation #'s on Friday

Friday US PCE Price index YoY shown in pic",BUY,0.8,"Multiple market-moving events scheduled for the upcoming week, including FOMC minutes and GDP release.",
@Trader_XO you ready bruv ?,NEUTRAL,0.3,The tweet is casual and conversational with no clear indication of a buying or selling signal.,
$ES_F +88 points since I alerted bearflag in telegram. You dont need guru powers. Just simple pattern plus higher TF confluence,BUY,0.7,Confirmation of a bear flag pattern on the ES futures contract with significant price movement (+88 points) and higher TF confluence,$ES_F
"Hyped for @atlas_dex launch today (I'm invested). I'm holding this project long term so the current short term volatility in markets doesn't bother me.

Their full working product - a DEX w/ fully cross chain swap option - is awesome. 

Launching on @HuobiGlobal today. LFG. $ATS

[@AltcoinSherpa](https://twitter.com/AltcoinSherpa):
If you want a cross chain swap option on #Solana, check out $ATS. I just did a swap from USDT (SOL) to USDT (BSC)- it took less than 2 minutes and it was a seamless experience. Awesome app! (I invested).",BUY,0.8,Investor enthusiasm for @atlas_dex launch and positive experience with cross-chain swap option,$ATS
"Vitalik’s vision

[@tier10k](https://twitter.com/tier10k):
https://www.reuters.com/technology/russian-authorities-draw-up-road-map-regulate-cryptocurrencies-document-2022-01-28/",NEUTRAL,0.5,"The tweet discusses Vitalik's vision and a Reuters article about regulating cryptocurrencies, which may indicate stability or lack of direction for the crypto market.",
Testing out a new DEX partner now...pretty sweet,NEUTRAL,0.3,The tweet mentions a positive experience with a new DEX partner but does not explicitly mention buying or selling any specific asset.,
"So many people in Crypto are just playing the lottery game with large amounts of money.

It's always astonishing to me.

People at the store:
""Nope not going to buy that brand of bread for an extra $2""

People in Crypto:
""$10,000 for a picture of a sheep with a hat? I'll take 4""",SELL,0.8,Criticism of crypto market's speculative nature and irrational investment decisions.,*All*
shipping stocks - of all things - continue to hold up so nicely. what a market.,BUY,0.8,"Positive market sentiment towards shipping stocks, indicating a bullish trend.",
"Longed the dip #BTC at $29.1k, think we see a 5% rally back to the highs. Looking to add on confirmation or if we drop a bit more. 📈

Trade here: https://t.co/sjVwH5BvB5",BUY,0.6,"The user is expecting a price increase (5% rally) and is looking to add more positions, indicating bullish sentiment.",BTC
https://www.wsj.com/articles/feds-bullard-leans-toward-favoring-0-75-percentage-point-september-rate-rise-11660842768?mod=Searchresults_pos1&page=1,NEUTRAL,0.5,"The tweet contains a link to an article about interest rate rise, which is neutral as it does not provide clear indication of bullish or bearish sentiment for cryptocurrencies.",all
"It's great seeing people correctly call the #Bitcoin move from $28k to $30k, but where were you all in November and December of 2022 when it was 50% cheaper? 

> [@IncomeSharks](https://twitter.com/IncomeSharks):
> When I'm #bullish on #Bitcoin that means most of the profits I make from shorting and longing go to accumulating more. When I'm #bearish on #Bitcoin it means my profits all go to cash/bonds/houses. When we get back to $30k all the profits I make down here will double.",SELL,0.8,"Tweet expresses skepticism and questioning of others' timing, implying bearish sentiment.",BTC
"democrats campaign slogan for 2024 run 🇺🇸 

“pedos employing pedos”

> [@jakecoco](https://twitter.com/jakecoco):
> The administration put this person in charge of $45 billion of our money.",NEUTRAL,0.6,The tweet does not contain direct financial or market-related information.,None
$ETH,NEUTRAL,0.5,Lack of sentiment or opinion in the tweet.,$ETH
"@CryptoCX1 @Amdtrades @CryptoParadyme Nah I'm not trading rn, just been adding shares on the way down.

No idea when the market bottoms but I do know it's a free +40% on the way back up.",BUY,0.8,Indication of market bottoms and expectation of significant price increase (>40%) supports a bullish sentiment.,General Crypto Market
"Kinda crazy to me we are in a bear market with all these opportunities 

In 2018-2019 we had very limited options 

It seems surreal with all the opportunities we have had this bear market 

My goal is to help everyone make as much money as possible before the bull run starts",BUY,0.8,Opportunities in a bear market and comparison to the past (2018-2019) indicating positive outlook,
@Murfski_ This one's pretty easy to believe.,BUY,0.6,Positive language used to express belief in a trading opportunity.,
"Is @ThinkingBitmex right? 

am I a dumb bear?",BUY,0.8,Doubt about bearish stance implies potential for price increase.,not specified
EU WILL HOLD EMERGENCY MEETING OF ENERGY MINISTERS ON SEPT 9 TO DISCUSS SURGING ENERGY PRICES -CZECH PRESIDENCY,NEUTRAL,0.5,"Neutral as the tweet indicates an upcoming meeting to discuss energy prices, but does not contain any market-moving or sentiment-altering information that would directly impact cryptocurrency markets.",
#Bitcoin - Daily supertrends flipping bullish at the same time is what you want to see. Stay above the blue diagonal and the squiggles are still in play.,BUY,0.7,"Bullish indicators (supertrends) have flipped bullish, suggesting a positive trend.",BTC
"BOJ BOARD MEMBER NAKAMURA: WHEN PRICES ARE RISING SHARLY DUE TO COST-PUSH FACTORS, TARGETED POLICY RESPONSE, RATHER THAN MONETARY POLICY SHIFT THAT CURBS DEMAND, IS MORE EFFECTIVE",NEUTRAL,0.5,Neutral because the tweet discusses a specific economic theory and policy response without expressing a clear buy or sell sentiment on cryptocurrencies.,
"Both Arbitrum and NFT Coin Narrative plays have been working out great so far this week.

$GMX, $DPX and others have been putting in some impressive numbers.

Same for $LOOKS & $X2Y2 for the NFT plays.

Don't think these are done yet though.",NEUTRAL,0.6,"Mention of 'working out great' and 'impressive numbers', but also caution that the trend may not be over yet.",
"Es is moving up slow because sellers don't believe in the rally yet. 

I think if we break ~4047 we will see a move to 4200",BUY,0.6,"Bullish sentiment with a specific price target (4200), indicating potential confidence in the market's upward movement.",ES
$BTC move your stop ups ... and take part of the profits if you have open positions .... we dance in half an hour,BUY,0.8,"The tweet suggests moving a stop up and taking profits from open positions, indicating a bullish sentiment.",$BTC
$ATOM,NEUTRAL,0.5,Single-word tweet with no clear sentiment or context.,ATOM
NASDAQ 100 FUTURES' PREMARKET DROP HITS 3%,SELL,0.8,Pre-market drop in NASDAQ 100 Futures indicates potential selling pressure ahead of market open,NQ=F
GM LEGEND ☕️☀️,NEUTRAL,0.5,"The tweet contains a generic greeting and emoticons, indicating no clear market sentiment or bias.",
Newsletter update posted,NEUTRAL,0.5,"Neutral update message, no clear direction or emotion indicated.",None
"TRIS $NEAR #1INCH $SUSHI 🤝 
@Delta_Exchange",NEUTRAL,0.5,Mention of multiple tokens without explicit bullish or bearish sentiment.,TRIS $NEAR #1INCH $SUSHI
"$SOL 2023 vs $ETH 2019

It’s THAT level 🔨 👀

Yeah, it’s definitely time to go long here 😂",BUY,0.9,Comparison to historical data and bullish language indicate a potential opportunity.,$SOL
"$MMSI reported earnings of $0.53, consensus was $0.47 via @eWhispers #epsbeat http://eps.sh/d/mmsi",BUY,0.7,"EPS beat, indicating company performance exceeded expectations",$MMSI
"KASHKARI:IF INFLATION STAYS HIGH, MAY NEED TO KEEP RATES HIGHER",BUY,0.8,"Federal Reserve may raise interest rates to combat high inflation, which could be bullish for the dollar and potentially weigh on gold or other assets.",USD/JPY
"MALAYSIA'S JUL 1-20 PALM OIL EXPORTS SEEN AT 724,283 TONNES (JUN 1-20 AT 734,231 TONNES) -SGS",NEUTRAL,0.5,Neutral sentiment as the tweet provides factual data without expressing a clear bullish or bearish opinion.,
"DO YOU WANT A BEAR WARRIOR🧸🧸🧸

FIGHT!! WE READY⚔️⚔️⚔️⚔️🔔
https://game.bear-friend.com",BUY,0.8,"Bear-themed language and call to action 'FIGHT' suggest bullish sentiment, but note the mention of a game link, which may be an attempt to distract or manipulate.",
Welcome satoshi 😍😍😍😍,BUY,0.8,Excessive enthusiasm and admiration for Satoshi (the pseudonym of Bitcoin's creator) suggests a bullish sentiment.,BTC
"Despite all the bearishness on this app

BTC is set to close its 2nd highest weekly candle ever",BUY,0.7,Contrarian sentiment with positive price action,BTC
"Let's go.

$ETH

Eryone scared but this looks pretty constructive to me...",BUY,0.6,"The user seems optimistic about the current market situation for $ETH and uses a positive phrase 'Let's go'. They also describe the price action as 'constructive', which implies a potential bullish trend.",$ETH
Airdrop season soon?,NEUTRAL,0.5,"The tweet is neutral as it doesn't contain any clear buying or selling signals, but rather a question.",None
CHINA'S DEFENCE MINISTER TO VISIT RUSSIA ON APRIL 16-18 - TASS QUOTES RUSSIA'S DEFENCE MINISTRY,NEUTRAL,0.6,"Tweet mentions a visit between two countries' defence ministers, potentially indicating increased cooperation or diplomatic efforts.",
"Fwiw, good example is $VOXEL which pumped +38% on a coinbase listing and is still trading at +19% from when the news got released. This was just this Monday. 

> [@GCRClassic](https://twitter.com/GCRClassic):
> Trading alt szns for years, 1 of best indicators for how much juice is left 
> 
> How alts react to news, announcements, listings, shills
> 
> When a szn is about to rug, traders still long news, but instantly get dumped on
> 
> With time left, late longs still get rewarded with continuation",BUY,0.8,"The tweet is discussing a successful past example of a coin's price increase after a listing on Coinbase, and the author is hinting that there may be opportunities for similar gains in the future.",$VOXEL
"$SPY The $400 zone seems like a logical spot for a bounce:

✅ Trendline Support
✅ Y2D anchored VWAP
✅ Volume Shelf

https://share.trendspider.com/chart/SPY/298831q7fs4",BUY,0.6,Trendline support and volume shelf indicate a possible bounce at $400,$SPY
"UK PM LIZ TRUSS, IN MEETING WITH SAUDI CROWN PRINCE: THANKED THE CROWN PRINCE FOR HIS PERSONAL ROLE IN SECURING THE RELEASE OF FIVE BRITISH DETAINEES HELD BY RUSSIA-BACKED FORCES IN EASTERN UKRAINE LAST WEEK",NEUTRAL,0.8,"The tweet reports a positive diplomatic development between the UK and Saudi Arabia, which could have a long-term positive impact on global stability and trade. However, the immediate market reaction is likely to be neutral, as there are no specific economic or financial indicators mentioned.",
"META OFFICIALLY CUTS FUNDING FOR NEWS PUBLISHERS - AXIOS
$META",SELL,0.6,Adverse event for Meta (Meta cuts funding for news publishers),$META
"> [@whale_alert](https://twitter.com/whale_alert):
> 🚨 🚨 🚨 🚨 🚨 🚨 🚨 🚨 🚨 🚨  292,262 #ETH (1,009,462,087 USD) transferred from unknown wallet to Coinbase Institutional
> 
>",BUY,0.8,"Large ETH transfer from unknown wallet to Coinbase Institutional suggests a potential whale investor is moving assets into custody, which can be bullish for the market.",ETH
My 2022 goal is to break 500 millionaire traders. 2021 I hit well over 100. One by one everyone going to make it.That is my 2022 goal. Even if I don’t make what I made 2021 I just wanna see everyone else successful. I’d rather have all my followers make 50-100K+ before my success,BUY,0.8,"The sentiment is overwhelmingly positive, with a strong emphasis on supporting and empowering others to succeed in the crypto market.",
"Certainly strives to be

> [@cb_doge](https://twitter.com/cb_doge):
> 𝕏 is the voice of people.",BUY,0.8,"The tweet indicates a strong positive sentiment towards 𝕏 (X), suggesting the user has a favorable opinion of it.",X
@CryptoParadyme *kills smol cat shid for meat*,SELL,0.8,This tweet contains a disturbing and violent message that reflects poorly on the author's character and values.,
"SENIOR TURKISH SOURCE SAYS UKRAINE BLACK SEA GRAIN DEAL TALKS CONTINUE, SEES QUITE HIGH PROBABILITY OF DEAL EXTENSION",BUY,0.8,"The tweet suggests that there is a high probability of the grain deal extension, which could be positive for markets.",no specific ticker mentioned
"He’s back!

> [@CAPOTHE3RD](https://twitter.com/CAPOTHE3RD):
> They can stop the movement but BEASTMODE never stops
> LFG",BUY,0.6,"Uplifting language and a clear reference to continued momentum (""BEASTMODE never stops"") indicating bullish sentiment.",
Late night sauna and push ups,NEUTRAL,0.5,The tweet does not contain any financial-related information or keywords.,
SRI LANKA PRESIDENT SEES LONG ROAD TO SECURING ECONOMIC STABILITY - WSJ,BUY,0.6,"The phrase 'long road to securing economic stability' suggests that the current situation is improving, implying a positive outlook for the economy.",
INTEL SHARES DOWN 10% AFTER THE BELL FOLLOWING RESULTS,BUY,0.8,Weakness in Intel shares could be a buying opportunity as investors seek undervalued assets following the dip.,INTC
"Crazy to think that all you needed to do to make money in the past year -- is to follow the plan.

Took my first profits a few weeks ago, and will resume scaling once #Bitcoin makes the jump across $70,000.

Soon. ⌛️",BUY,0.8,"The user is taking profits and planning to scale up again when #Bitcoin reaches $70,000, indicating a positive outlook on the asset's future price movement.",#Bitcoin
"RUSSIA WILL CONTINUE TO LIMIT ‘GRAY EXPORTS"" OF DIESEL: IFX",BUY,0.5,Positive sentiment due to Russia's decision not to limit 'gray exports' of diesel fuel further.,IFX
"$SPY

Another big dark pool level here

I added 

We need to bounce pronto to repair structure now tho",BUY,0.7,"The user is indicating a potential bounce in the market, specifically mentioning the need to rebound 'pronto' to repair structure.",$SPY
"OIL FUTURES EXTEND GAINS, U.S. CRUDE UP BY $3 A BARREL",BUY,0.8,"Positive market trend for oil futures with price increase, implying potential upward momentum in related markets.",USO (US Oil Fund)
@Trader_XO round 3 then sleep 🤝,BUY,0.5,"The use of 'round 3' suggests a reference to a past or upcoming trading plan, implying the user is anticipating a positive outcome.",
gm,NEUTRAL,0.0,Tweet is a greeting and does not contain any clear sentiment or opinion about the market.,
How we doing guys?,NEUTRAL,0.5,Neutral tone with no clear indication of market sentiment or investment advice.,
"$AMD 123.5 next big spot if lower. Watching 130.6 as resistance now

[@rachels_44](https://twitter.com/rachels_44):
$AMD support line to watch into this week. MACD crossing lower.",BUY,0.7,"The user is watching for a potential buy opportunity at $123.5 and identifies resistance at $130.6, indicating a bullish sentiment.",$AMD
$TMF  2D,NEUTRAL,0.5,The tweet contains a single stock ticker ($TMF) without any additional context or analysis.,$TMF
A live look at the economy…,NEUTRAL,0.5,Neutral due to lack of clear market analysis or sentiment in the tweet.,
"$EQIX

WIll keep this on my watchlist for now. Looking like a breakdown.",SELL,0.8,Bearish sentiment with a mention of breakdown.,$EQIX
"Risk/Reward, Winrate and finding a system that works for YOU

A quick guide:",NEUTRAL,0.5,"The tweet appears to be educational and neutral, discussing general risk management principles without making any specific investment recommendations or taking a clear stance on the market.",
BULLARD: IT MIGHT BE REASONABLE IF HOUSING MARKET COOLS OFF A BIT,BUY,0.6,FOMC member Bullard's comment about a potentially cooling housing market may be bullish for the market as it could lead to interest rate cuts.,ALL
Wen mommy tulsi,BUY,0.8,"The mention of 'tulsi' may be referencing the Congresswoman Tulsi Gabbard, indicating potential support or interest in her political campaigns.",None
"I’ve been trading one very specific setup on #ES_F for the last three months and I have to say, it’s probably the most profitable setup I’ve ever traded. Requires patience, discipline, and a robot mindset. 

Built it into my scanner recently. I will share this all when finalized.",BUY,0.8,"The user reports a profitable trading setup for the ES_F ticker, indicating a positive sentiment and increased potential for buying.",ES_F
"There's a bit of spot supply in the books, which is probably why we've been stalling. But $BTC still looks very strong to me and there are still A LOT of shorts that can get smoked and used as fuel",BUY,0.8,"Strong sentiment towards $BTC, mentioning its strength and potential for shorts to get smoked.",$BTC
"TIKTOK CONDUCTING TESTS SO USERS CAN PLAY GAMES ON ITS VIDEO-SHARING APP IN VIETNAM, PART OF PLANS FOR A MAJOR PUSH INTO GAMING -SOURCES - RTRS",NEUTRAL,0.5,The tweet appears to be a non-investor-related news article and lacks direct market-moving information or indicators that would shift sentiment in cryptocurrency markets.,No specific ticker
"I hold this position $HBAR 

https://www.delta.exchange/EliZ 

[@eliz883](https://twitter.com/eliz883):
$HBAR support 2 D bounce o dead",NEUTRAL,0.4,"The user is holding a position in $HBAR but the overall sentiment is neutral as they are simply stating that they hold it, without giving any clear indication of bullish or bearish intent.",$HBAR
GM and happy Friday 🤝,NEUTRAL,0.5,The tweet contains a greeting and is not related to any financial market or asset.,
Have a nice Sunday,NEUTRAL,0.5,"Neutral sentiment, no mention of financials or market movement.",
"Some of u just need to quit playing elementary school games bears vs bulls and just focus on charts and making money. 

> [@CBarr653306](https://twitter.com/CBarr653306):
> @WSJokers @kpak82 I don’t see as many Bears boasting yet, as shocking as that may sound I guess no two feeds are the same.",BUY,0.8,"Bullish tone, criticizing bears for not focusing on making money, and mentioning charts.",ALL
@profit8lue H&S have the feasibility of mickey mouse,NEUTRAL,0.6,Unspecific and unclear statement about a valid pattern (H&S) without any market context or indication of potential price movement.,None
@DeItaone Food shortages wouldn't be a bad thing for most. The earth has dropped 500 feet in our orbit because of how obese our country has become,NEUTRAL,0.5,"The tweet contains a commentary on the state of society and its potential effects on food shortages, but does not provide any specific investment advice or analysis.",
"📈 Monthly Stock Portfolio Update - January

In this recurring thread, I dive into my stock portfolio, and update you on the changes I have made since the last update.

Let’s dive in! 👇🏼",NEUTRAL,0.8,"Neutral tone with no specific mention of buying or selling stocks, but the author is updating their portfolio which can be interpreted as a positive sign for potential investors.",
"TORONTO STOCK INDEX UNOFFICIALLY CLOSES DOWN 187.59 POINTS, OR 0.95%,AT 19,505.33",SELL,0.8,Negative market movement (stock index down 0.95%),TSX
nan,SELL,0.5,"The user has expressed a neutral sentiment with the use of 'nan', which could imply a lack of interest or opinion, but due to its short length and ambiguity, I'm assigning it a lower confidence.",
@enchiridion47,NEUTRAL,0.5,No mention of a specific ticker or investment advice.,
"$SPY $ES_F 1H boom 

> [@kpak82](https://twitter.com/kpak82):
> $ES_F 1H",BUY,0.7,The tweet suggests a short-term bullish sentiment for the $SPY and $ES_F indices.,$SPY$ES_F
Had to turn the DM’s off again. Getting too many horror stories and people begging. If you followed me you’d be doing just fine. Time to stop following hopium dealers and people on YouTube like this stupid velociraptor looking mf.,NEUTRAL,0.6,"The tweet's negative sentiment is directed at others in the crypto community, rather than expressing a specific investment opinion or prediction about the market.",NOT_APPLICABLE
I’ll either look like a genius or an idiot in a few years but I can’t stress enough how bullish I am on the cosmos ecosystem,BUY,0.9,Strongly bullish sentiment towards Cosmos ecosystem with emphasis on long-term potential.,ATOM
the option to take profit and wait $btc down as said in live ... perfect choice 🤝✌️,NEUTRAL,0.7,"The user is waiting for $BTC to go down, indicating a neutral sentiment without providing a clear buy or sell signal.",$BTC
$GOOGL vs. $XLC,NEUTRAL,0.5,The tweet does not provide a clear bullish or bearish sentiment and can be interpreted as a neutral comparison between two tickers.,"$GOOGL, $XLC"
"$ETH

Dangerous area here as we test support... could be the best spot to take a long scalp (with stops) if $DXY starts coming down..",BUY,0.7,Testing support and looking for a potential long scalp opportunity if DXY starts declining.,ETH
Pardon $NEAR,BUY,0.9,"Pardon implies approval or acceptance, which could be interpreted as a positive sentiment towards $NEAR",$NEAR
@CryptoNoan Thanks man,NEUTRAL,0.0,The tweet is a simple thank you message with no indication of any market sentiment or position.,
US TO ISSUE MORE GUIDANCE ON RUSSIAN OIL PRICE CAP IN COMING DAYS - RTRS,NEUTRAL,0.5,The tweet is neutral as it reports a future event without expressing any opinion or sentiment on market impact.,
"$SPY $SPX two outlooks currently

Less Aggressive:
The market makers hit us with the Ickey shuffle off $AAPL and $AMZN ER & we can still work our way to $427.

More Aggressive:
we retest the wedge breakdown and we’re heading to $416 then $410 next. 

> [@ATMSnipes](https://twitter.com/ATMSnipes):
> $SPY $SPX Soon…
> 
> Wedging into 2HR supply.
> 
> 10m DBD at $4253 (425) was the cause for the PM rejection.
> 
> Break $425 and $427(1.618 Ext./.382 retrace) can trade next.
> 
> Fail to do so and thats a double top.
> 
> Would hate to see someone important miss ER tonight☕️
> 
> W1 🎯 Target $410",BUY,0.7,Target price of $410 and multiple break levels identified at $425 and $427,$SPY
Have a great weekend,NEUTRAL,0.0,The tweet contains a generic greeting with no indication of market sentiment or bias.,
"$eth ignore this is eth for a moment and tell me that doesnt look like a bart forming.

Say it aint so but unfornately im bearish, bulls if you can invalidate me, ill take the loss.",SELL,0.7,Bearish sentiment expressed by the author despite mentioning potential for bulls to invalidate their view.,ETH
@mcJoker_05 Hold this support and then it's likely to at least retest intra-day highs.,BUY,0.8,"The tweet suggests holding onto the current support level and potentially retesting intra-day highs, indicating a bullish sentiment.",Unknown
gib entry liquidity,NEUTRAL,0.0,Ambiguous and neutral language with unclear intent,
"$WPRT reported a loss of $0.04, consensus was ($0.03) via @eWhispers #epsmiss http://eps.sh/d/wprt",NEUTRAL,0.5,"$WPRT reported a loss of $0.04, which is close to consensus ($0.03), indicating no significant surprise or miss.",$WPRT
POWELL: DON'T EXPECT CUTS UNTIL MORE CONFIDENCE ON INFLATION,SELL,0.9,"Fed Powell's statement implies higher interest rates, which is bearish for the market.",BTC/USD
what a week this day has been,BUY,0.8,"The tweet indicates a positive sentiment towards the market with the phrase 'what a week', implying an optimistic outlook for the week's performance.",ALL
"#ATOM 

Nice high volume breakout today",BUY,0.8,High volume breakout indicates increased buying pressure and potential trend reversal,ATOM
"$APDN reported a loss of $0.63, consensus was ($0.19) via @eWhispers #epsmiss http://eps.sh/d/apdn",SELL,0.7,EPS miss implies company underperformance and potential bearish trend for $APDN stock.,$APDN
GM friends ☕️,NEUTRAL,0.5,The tweet is a greeting and contains no relevant market information or trading signals.,
Iranian state television reports strong explosions near Tehran,NEUTRAL,0.5,The tweet appears to be a news event that may impact markets but does not contain explicit financial or market-related information.,
Newsletter update posted,NEUTRAL,0.5,Neutral update message with no clear market direction or sentiment indicator.,
RUSSIAN DEFENCE MINISTRY: SHOIGU SAID ANY 'PRACTICAL IMPLEMENTATION' OF FRENCH PRESIDENT MACRON'S IDEA OF SENDING TROOPS TO UKRAINE WOULD CAUSE PROBLEMS FOR FRANCE,NEUTRAL,0.6,"The tweet appears to be providing information about a potential conflict between Russia and France over troop deployment in Ukraine, but it does not contain any clear investment advice or market prediction.",
"> [@HackermanAce](https://twitter.com/HackermanAce):
> Imagine having:
> 
> - Unlimited line of credit from user funds
> - Insider info to order flow
> - Hundreds of millions of revenue from fees
> - Massive valuation + billions from raises
> - Familial ties to Gary Gensler/ SEC to push favorable policy
> 
> And still managing to lose it all 

@CryptoKaleo Can i take ""federal agent"" for 1000$?",SELL,0.8,"The tweet mentions the individual losing it all despite having significant advantages and resources, indicating a pessimistic sentiment about their investment decisions.",
"🔸 DALY: MARKET ODDS FOR HIKES IN NOV, DEC. DON'T LOOK OUT OF LINE",BUY,0.7,"Positive sentiment towards potential interest rate hikes, indicating a strong economy and potentially increasing demand for Bitcoin.",BTC
@demonlumi not a single dull day in crypto,BUY,0.8,"The phrase 'not a single dull day in crypto' suggests excitement and enthusiasm for the market, implying a positive outlook.",*all cryptos*
@HackermanAce I 1000% could and would do this 🫡,NEUTRAL,0.5,"The user is making a confident statement, but the language does not indicate a clear buying or selling intention.",N/A
CANADA'S TRANSPORT MINISTER SAYS BLOCKADES ACROSS THE COUNTRY HAVE SIGNIFICANT ECONOMIC IMPLICATIONS FOR SUPPLY CHAIN AND JOBS,NEUTRAL,0.5,"Neutral sentiment due to neutral language, but with a hint of economic concern.",
"Bitcoin Price Update. 
All you need to know in just 3 minutes. 
When 70k again? 

https://t.co/u5Q6eUYQIJ  powered by @_WOO_X",NEUTRAL,0.5,"The tweet asks for a Bitcoin price update and when the price will reach $70k again, but does not contain any specific buy or sell recommendation.",BTC
"Justin Sun never disappoints

> [@TheBlock__](https://twitter.com/TheBlock__):
> EXCLUSIVE: Justin Sun says he's ready to spend $5 billion on acquisitions as crypto firms struggle
> 
> By @Yogita_Khatri5 
> https://www.theblock.co/post/156584/justin-sun-5-billion-help-troubled-crypto-firms-ma",BUY,0.8,"The tweet expresses enthusiasm and positive sentiment towards Justin Sun's potential acquisitions, indicating a bullish outlook on the crypto market.",
"@Livercoin You're a pro and have good risk management practices but for anyone else reading these are less than ideal situations to ""go big""",NEUTRAL,0.5,"The user is cautioning against aggressive investment strategies in less than ideal market conditions, indicating a neutral stance.",general
#Stocks trading like #Crypto right now. Account balance going parabolic by trading options this week.,NEUTRAL,0.6,"The tweet indicates a market sentiment similar to crypto, but the specific action of trading options this week is ambiguous.",None
$SQQQ Daily Chart,NEUTRAL,0.5,No clear bullish or bearish signal provided in the tweet.,$SQQQ
"S.KOREAN WON OPENS ONSHORE TRADE AT 1,297.0 PER DOLLAR VS 1,300.4 AT PREVIOUS CLOSE",NEUTRAL,0.5,Neutral sentiment due to neutral market movement description (price opening at previous close),
"#Bitcoin closed the month strongly -- flipping 2021's cycle highs into support.

Looks ready to embark on a moonmission.

You ready?",BUY,0.9,"Strong close to month, flipped previous cycle highs into support, and mention of 'moonmission'",BTC
"Been working hard on the Educational Threads lately and added a lot of new content to the list! Check it out below 👇

If you have any suggestions for new threads then let me know! I will do a write up on it if I got enough knowledge about the subject. 

> [@DaanCrypto](https://twitter.com/DaanCrypto):
> Educational Thread Overview 📚
> 
> Below, you can find all my educational threads about subjects like Profit Taking, Risk Management and others. 👇",NEUTRAL,0.5,"The tweet is neutral as it discusses educational content and requests suggestions for new threads, without any mention of buying or selling cryptocurrencies.",
"Deal flow and money being tossed at them lol

Not many have gained their wealth thru trading. Especially the web3 people and the loud tiktok / podcast crypto people from this cycle.

You'd be amazed at how much companies are willing to toss u if you have the right engagement.

> [@AltcoinPsycho](https://twitter.com/AltcoinPsycho):
> wasn't expecting this tweet to surprise ppl
> 
> if this was surprising, wait until you learn how some of the big twitter OGs made their wealth lol",BUY,0.7,"The tweet discusses deal flow and money being thrown at the speaker, implying a positive sentiment for attracting investment.",
It’s a good day to have a good day,NEUTRAL,0.5,"The tweet contains a phrase of general optimism, but does not provide specific investment advice or sentiment about any particular cryptocurrency.",
Want to see BTC hold 22.5 or we gonna be in for another visit to the range.,NEUTRAL,0.5,Neutral sentiment due to uncertainty about BTC holding at 22.5 and questioning the market's future direction.,BTC
Which comes next for #BTC?,NEUTRAL,0.5,The tweet is a neutral question and does not contain any clear indication of bullish or bearish sentiment.,#BTC
"$BTC

Strength arrow on the 4hr.... good s/r test earlier......",BUY,0.7,Strength arrow on the 4hr and a good s/r test earlier indicates bullish sentiment,$BTC
"$BTC It's a battle out here. ⚔️

Anything below $16800 getting scooped up but price also unable to breach $16900.

Which side breaks first?
Wick City ($16750) or the 4H 200MA/EMA ($16900)?

Poll below 👇",NEUTRAL,0.5,"Mixed sentiment: the author notes that anything below $16800 is being bought up but price is unable to breach $16900, indicating indecision.",$BTC
@trader1sz,NEUTRAL,0.0,Insufficient context to determine a trading signal.,
What a day 🤝,NEUTRAL,0.5,Neutral sentiment due to ambiguous tweet content.,
"zey bought z dip?

[@whale_alert](https://twitter.com/whale_alert):
🚨 🚨 🚨 🚨 🚨 🚨  1,700 #BTC (67,391,208 USD) transferred from #Coinbase to unknown wallet

https://whale-alert.io/transaction/bitcoin/e96f7a5bdcfb2d7cee3eecf10e61d772435b19b12a59febaa4b3b2cc75f110b8",BUY,0.7,"Whale movement from Coinbase to unknown wallet indicates potential accumulation, user's question about buying the dip suggests bullish sentiment.",#BTC
*ECB To Launch New Program Of Bond Purchases Aimed At Countering Fragmentation,BUY,0.8,ECB stimulus package expected to boost Eurozone economy and potentially increase demand for cryptocurrencies as investors seek safe-havens.,BTC/USD
"Please help 

> [@_siaubas_](https://twitter.com/_siaubas_):
> @CryptoNoan What's the second best exchange for leverage trading? Some of us cannot do futures on Binance due to residency...",NEUTRAL,0.8,"The tweet is a request for information and assistance, indicating a neutral sentiment.",
SOUTH KOREA ACCUSES 3 CHINESE STUDENTS OF ILLEGAL DRONE VIDEO OF US CARRIER-SCMP,SELL,0.8,"Negative news about a specific country's (US) security incident, potentially indicating market volatility and/or decline in related stocks.",not provided
"PELOTON- IN AUGUST, GOT NOTICE FROM CPSC THAT AGENCY STAFF BELIEVES COMPANY FAILED TO MEET STATUTORY OBLIGATIONS UNDER THE CONSUMER PRODUCT SAFETY ACT

PELOTON - GOT NOTICE THAT CPSC AGENCY STAFF INTENDS TO RECOMMEND THAT CPSC IMPOSE CIVIL MONETARY PENALTIES
$PTON",NEUTRAL,0.5,Negative news about Peloton's regulatory compliance but no explicit price action or sentiment from the tweet.,$PTON
RT @TheDarkchild: Thanks again to @unusual_whales 2nd trade of the Yr $WMT swing from yesterday = 122%,BUY,0.6,"The tweet suggests a successful trade with a substantial gain (122%), implying the trader has positive sentiment towards $WMT.",$WMT
"The only thing that bothers me is how we're still nearly a year away from the halving.

I am fairly certain we're in the accumulation stage of the new bull run, but it might take a couple more months before the fun starts.

Load up the bags until Q4, and then take off.

#Bitcoin",BUY,0.7,"Accumulation stage before bull run, positive sentiment towards halving event and encouragement to load up on Bitcoin",BTC
Congrats if you paid attention to the lesson,NEUTRAL,0.5,Neutral sentiment with no clear instruction or bias towards a specific market action.,
"well I called the CEO of $OCEAN and said he had to sell 😂😂😂😂 

> [@eliz883](https://twitter.com/eliz883):
> $OCEAN tp hit 📌",BUY,0.7,The user is expressing optimism about the ticker ($OCEAN) and believes it will hit a target price.,$OCEAN
"$S

Holy shit what happened to this one today?!",BUY,0.6,Strong emotional response indicating surprise and potential FOMO (fear of missing out),$S
"This 12H bull div coming out of historically oversold conditions looks incredible 

Doesn't confirm for 9H but its something 

#BTC",BUY,0.7,"historically oversold conditions, bull div coming out of it",BTC
@IncomeSharks @ExplainThisBot,NEUTRAL,0.5,The tweet is a mention to other users and does not contain any relevant market information or analysis.,
"𝐓𝐫𝐚𝐝𝐞 𝐩𝐥𝐚𝐧 7/18

$RUN Break over 17.4, 18c Aug 16--to target: $18+

$BJ Break over 91.43, 95c Aug 16--to target: $92.50+

$WOOF Break over 3.78, 4c Aug 16--to target: $4.00+

$CLX Break over 137.7, 140c Aug 16--to target: $139+

LIKE YOU WANT MORE TRADE PLANS ❤️",BUY,1.0,"The tweet presents a series of trade plans with specific targets and break-even levels for each stock ($RUN, $BJ, $WOOF, $CLX), suggesting a bullish sentiment.","$RUN,$BJ,$WOOF,$CLX"
Isn't science amazing? 🤡,NEUTRAL,0.0,The tweet does not contain any financial-related content.,
"KREMLIN ADVISER: PUTIN VISIT TO TURKEY IS IN BOTH COUNTRIES' PLANS, BUT NO FIRM DATE AGREED YET -TASS",NEUTRAL,0.5,"The tweet contains neutral news about a planned visit between Putin and Turkey, without any significant market impact or sentiment direction.",
"Regret, if you have not taken profit
Don't hold quick pumps without taking profits #dar $dar
#LearnWithNoan 

> [@CryptoNoan](https://twitter.com/CryptoNoan):
> Pump above 0.30 book profit
> #dar $dar https://twitter.com/CryptoNoan/status/1618855047433175042",NEUTRAL,0.5,"The tweet is not explicitly bullish or bearish, but rather a warning about quick pumps and taking profits.",dar
POWELL: WE DON'T WANT TO BE TOO RISK AVERSE || POWELL: WHEN THE FED GETS CONFIDENCE IN INFLATION IT WILL BE TIME TO MOVE,BUY,0.8,"Fed's Powell suggests they are cautious but not overly risk averse, indicating a potential easing of monetary policy when inflation is under control.",BTC/USD
"$ADBE Weekly loss of trendline support, and the former breakout level.",SELL,0.7,Loss of trendline support and former breakout level indicates a potential downward momentum,$ADBE
“Fear of losing money is the #1 reason you are losing money.”,NEUTRAL,0.8,This tweet provides a general investment advice without referencing any specific market or asset.,
Do you think stocks close up or down today? $ES $NQ,NEUTRAL,0.5,Neutral sentiment due to lack of clear direction or market commentary.,
"Decent chance this is bottom for now I think.
Filling smol long.

Trade here (10% off fees):
https://www.delta.exchange/ByzantineGeneral

$BTC",BUY,0.7,The user mentions a 'decent chance' this is the bottom and explicitly states they are filling a long position.,$BTC
"$CACC reported earnings of $13.92, consensus was $12.14 via @eWhispers #epsbeat http://eps.sh/d/cacc",BUY,0.7,"$CACC beat earnings consensus, indicating strong company performance.",$CACC
"nothing will actually change 

> [@elonmusk](https://twitter.com/elonmusk):
> the bird is freed",NEUTRAL,0.5,"The tweet is neutral as it doesn't contain any clear bullish or bearish sentiment. Elon Musk's comment suggests a sense of liberation, but the initial statement about nothing changing cancels out its potential impact on market sentiment.",
"Trading in this environment requires more focus & discipline.
If you can tackle these things below, trading can be easier in any environment.

-Be disciplined
-Have patience
-Manage risk
-Study price action
-Don't have fomo
-Don't force trades/overtrade
-Go slow
-Pay yourself",BUY,0.8,"The tweet advises traders to be disciplined and patient, manage risk, and study price action, which are all positive sentiment indicators for making informed trading decisions.",
"BIDEN MACRON RECOGNIZE THE IMPORTANCE OF A STRONGER, MORE CAPABLE EUROPEAN DEFENSE -JOINT STATEMENT

BIDEN, MACRON: INTEND TO EXPAND DEFENSE COOPERATION ON ADVANCED CAPABILITIES, KEY TECHNOLOGIES",NEUTRAL,0.3,"The tweet appears to be about a joint statement between US and French leaders on defense cooperation, which may have positive implications for European security but does not directly relate to cryptocurrency markets.",
"The only spot position I have open is $ZCX an it's up 20% today. Would like to add. Daily close is key. Will update this a little later on and let you know how I'm going to play it from here. 

[@AltcoinPepe](https://twitter.com/AltcoinPepe):
Closed $PYR Needs to reclaim $17 and i'll get long again. Overall out for BE. Down to 10% exposure now on spot longs.",BUY,0.5,"The user is considering adding to their position in $ZCX, which has already increased by 20% today.",$ZCX
"Voyager letter...

https://www.newswire.ca/news-releases/voyager-digital-and-voyager-official-committee-of-unsecured-creditors-provide-update-on-reorganization-plan-883658364.html?iterable_campaign_id=5513862&iterable_campaign_name=UCC%20Joint%20Customer%20Update%2011.11.22&Iterable_template_id=7452804",NEUTRAL,0.5,"The tweet provides a link to an official update on the reorganization plan of Voyager Digital and its creditors committee, indicating a neutral sentiment with no clear indication for buying or selling.",VYGVF
"@CryptoNoan Seems with or without chart if people don't want to   pay attention to the simple instruction,they will surely fail even if you give them the best possible trade set up. We all want money but first thing first,Protect your capital.If you lose it,then you lose the next opportunity",NEUTRAL,0.6,"The tweet emphasizes the importance of capital protection and warns against losing opportunities due to reckless behavior. While it implies that one should be cautious and not take unnecessary risks, it does not provide a clear buy or sell signal.",
JAPAN CHIEF CABINET SECRETARY MATSUNO: RUSSIA'S EXPULSION OF EIGHT JAPANESE DIPLOMATS IS COMPLETELY UNACCEPTABLE,NEUTRAL,0.3,"The tweet mentions a geopolitical event (Russia's expulsion of Japanese diplomats) and uses strong language ('UNACCEPTABLE'), but it does not have any direct impact on the crypto market or indicate any relevant financial sentiment.",
COTERRA EXECUTIVE SAYS CO CURRENTLY DOES NOT PLAN TO ADD ANY RIGS AT MARCELLUS SHALE - BARCLAYS CONFERENCE,NEUTRAL,0.6,"The tweet is neutral as it does not express a clear bullish or bearish sentiment. However, the information about Coterra's current plans to add rigs at Marcellus Shale might be seen as neutral by some and slightly positive by others due to its potential impact on production levels.",CTRA
"*Hewlett Packard Enterprise Executive Hired to Lead Justice Department's Fraud Section -- WSJ

*DOJ Taps Glenn Leon, Who Had Served as HP Enterprise's Ethics and Compliance Chief Since 2015 -- WSJ
$HPE",NEUTRAL,0.5,"Neutral sentiment: no explicit buy or sell signal, but the news about a Hewlett Packard Enterprise executive being hired by the DOJ's Fraud Section may have a moderate impact on HPE stock price.",$HPE
nan,NEUTRAL,0.0,Tweet contains only whitespace characters and is not interpretable as a valid sentiment indicator.,
"In day trading, timing is everything. Watch patterns, follow the trend, and take calculated risks. Stay alert and be ready to make money. It's all about making the right moves in a fast market!",NEUTRAL,0.4,"The tweet is motivational and advises following trends, but does not provide specific buy or sell signals.",
"How much does it cost you to exist per month?

For me I live frugally on £2,000 ($2,700)",NEUTRAL,0.5,The tweet does not contain any specific financial advice or market sentiment regarding cryptocurrencies. It is a personal finance anecdote.,
"Are you gonna keep watching people live the life you dream of

OR

Are you going to take action and make that life yours?",BUY,0.8,"The tweet's rhetorical question emphasizes the importance of taking action towards achieving one's goals, implying a sense of urgency and motivation to invest in the market.",*crypto*
BULLARD SAYS FINANCIAL STRESS APPEARS TO HAVE ABATED FOR NOW,NEUTRAL,0.5,"Neutral signal as Bullard's comment suggests a temporary reprieve from financial stress, but no clear direction or indication of a lasting change in market conditions.",ALL
Scaled into some ETH here. Heads lower i'll buy more. Lose this area of liquidity then i'll offload. Simple.,NEUTRAL,0.6,Mixed tone with both a willingness to buy more and offload positions indicating indecision.,ETH
"TURKISH MINISTER SAYS TURKEY, SYRIA COULD MEET AS PART OF NORMALISATION EFFORTS IF SUITABLE CONDITIONS CREATED",NEUTRAL,0.5,"The tweet is about geopolitics and normalization efforts between Turkey and Syria, which may have some potential implications for the economy or financial markets, but it's too vague to trigger a strong signal.",
Power Hour W @BryptoBro!,NEUTRAL,0.6,Social media interaction implies enthusiasm but lacks specific investment advice or concrete market data.,BTC/USD
nan,SELL,1.0,"The tweet is empty and contains only a mathematical notation (nan), which may indicate frustration or dissatisfaction with the market.",ALL
"$GM

🔸 GENERAL MOTORS CO: PUTS Q3 UAW STRIKE COST AT $200 MILLION",NEUTRAL,0.5,The tweet reports a financial figure ($200 million) but does not express any strong sentiment or recommendation.,$GM
"Imagine not quitting your job and selling a different product when you feel it has become a serious moral dilemma 

You cannot rationalize what you are doing to society 

> [@hilaryagro](https://twitter.com/hilaryagro):
> This kind of violent rhetoric against drug workers is abhorrent.
> 
> Most fentanyl sellers are people who use it as well, and they are trying to survive under the same destructive, racist system that replaced opium with morphine, then heroin, then fentanyl: the War on Drugs",NEUTRAL,0.5,"The tweet's content is a commentary on societal and moral issues related to the War on Drugs, but it does not contain any direct market-related information or sentiment.",
Can you see what I see? #audio $audio,BUY,0.7,"The user is expressing optimism and asking the audience to acknowledge their observation, likely about a price movement or trend in $audio.",$audio
"> [@HackermanAce](https://twitter.com/HackermanAce):
> Mute the Phrases below. 
> 
> ALPHA THREAD TO STOP BOTS ...... Somewhat.

Why aren't you mentioning this??

Ummmm... I think this deserves a mention???? 👉

I think this deserves a mentiooon???. 🤔

Why areen't you mentioning this???? 🤔

I think this deserves a mention! 👇🤔

I think this deserves a mention???

So no mention of this thing?????? 👀",BUY,0.7,"Overwhelming use of question marks and hesitant language (e.g., 'Ummmm...', 'I think this deserves a mention????') suggests bullish sentiment, despite the initial criticism.",BTC/USD
"Power Hour 1/4! 

Come review today options order flow and my watchlist. If you have request for data or charts hop in, we can do crypto after close. $spy $btc

 https://t.co/9t0VO7oqTc",NEUTRAL,0.6,"The user is reviewing options order flow and watchlist, indicating a neutral sentiment focused on analysis rather than a directional trade call.",General Crypto Market
BOJ MINUTES: MEMBERS AGREED TO SHARE THE VIEW THEY CANNOT HAVE PRESET MIND ABOUT TIMING OR SPECIFIC STEPS ON POLICY TWEAKS AS UNCERTAINLY IS HIGH,NEUTRAL,0.6,Neutral sentiment due to the mention of uncertainty and lack of clear direction in BOJ policy tweaks.,
"McDonald's low key running the most successful pysops marketing campaign of the year here.

[@nayibbukele](https://twitter.com/nayibbukele):
#NewProfilePic",NEUTRAL,0.6,"The tweet is making a lighthearted comment about McDonald's marketing campaign, but does not contain any clear investment advice or specific trading recommendations.",not applicable
"Genuinely looking forward to day trading FX much more next year.

Should see some fab volatility across the board for 2023, esp when dollar starts turning around driven by rates...",BUY,0.7,"Positive tone, expecting volatility and market turnaround in FX for 2023.",*FX*
"Beginning of the end folks. 

[@CryptoCX1](https://twitter.com/CryptoCX1):
$NDX and $SPX about to close the daily red, $BTC rejected trend line. One day at a time, level to level.",SELL,0.8,Bearish tone and rejection of trend line indicate potential sell opportunity,$BTC
$DOT perfect 🤝,BUY,0.8,"Positive sentiment and a smiley face emoji (🤝), indicating bullishness on $DOT.",$DOT
"BIDEN TO LAUNCH EFFORT AT AMERICAS SUMMIT TO IMPROVE HEALTH SYSTEMS, INCLUDING BOLSTERING SUPPLY CHAINS – SENIOR U.S. OFFICIAL",NEUTRAL,0.5,"The tweet contains a statement about Biden's effort to improve health systems and supply chains, which may have positive implications for the economy or specific stocks, but is too vague and doesn't directly mention any financial market or stock.",
"Not yet I think
Pls wait it may try make a new 24h high, if rejected, we can short $ray #ray

> [@CryptoNoan](https://twitter.com/CryptoNoan):
> How about shorting $ray #ray at the current market price",NEUTRAL,0.5,"The tweet expresses hesitation and uncertainty, with the user suggesting waiting for a potential new high or shorting if rejected. The tone is neutral.",$ray
Walmart made new highs just for the 10 year to moon and nuke the economy into oblivion,SELL,0.8,"The tweet expresses a negative sentiment towards the stock market and the economy, implying that Walmart's success is a threat to its stability.",WMT
Qatar calls for urgent international investigation after Israeli bombing of Gaza school,NEUTRAL,0.0,The tweet is not related to financial markets or crypto assets.,
"#Bitcoin - It's amazing how everyone is fine with all the accounts that have said to buy at $65K and sell under $20k in the same year. This is not about changing bias or opinion, it's good to do that. It's about seeing who believes in what they tweet and who prefers engament.",SELL,0.7,Criticism of unrealistic buy/sell targets and inconsistency in opinion.,BTC
@CryptoNoan Piu piu 🫡🫡,NEUTRAL,0.5,The tweet contains emoticon(s) suggesting enthusiasm and excitement but lacks specific market indicators or predictive language.,
"Out of longs for now don’t like how we retraced the move and now just chopping here 

With a pending DOJ lawsuit coming for binance I’ll look to buy that dip or a better set up to form 

Until than just going to be flat and patient",NEUTRAL,0.8,"The user is choosing to be 'flat and patient' rather than taking a trade, indicating neutral sentiment.",
"#sxp $sxp 
Entry 1 only as per chart, not current market price + DCA (if liq hunt attempted)",BUY,0.6,"Market entry based on chart analysis, despite potential liquidity hunt attempts.",$sxp
❖ IRAN'S DEPUTY OIL MINISTER SHAHMIRZAEI: WE CONTINUE TO DO EVERYTHING TO ENSURE THAT ENERGY EXPORTS IN OUR REGION ARE CARRIED OUT WITHOUT PROBLEMS,BUY,0.6,"Positive sentiment from Iranian Deputy Oil Minister regarding energy exports, potentially indicating stable or increasing oil supply in the region.",USOIL
"looks amazing. thoughts @peta ? 

> [@peta](https://twitter.com/peta):
> Here you go folks - Rhodie House porterhouse steak straight from the grille. 3.25 lb right there 🤩@MiamKitty @RhodieHouse @OLC58994426 @paper_alf @BlacklionCTA",NEUTRAL,0.2,"The tweet contains a positive sentiment towards the steak and Rhodie House, but it's not directly related to any specific cryptocurrency or financial market.",
"$ETH zoomed out

Main target: $600-650",BUY,0.8,"The user has identified a specific price target ($600-$650) for $ETH, indicating a bullish outlook.",$ETH
@TomD32615865 Yes sir 👍,NEUTRAL,0.3,Unclear tweet with no explicit trading call or sentiment indicator.,
"@CryptoNoan went out with friends for 3 hours come back to this, first ever trade of yours ive taken🤝",BUY,0.6,"The user is enthusiastic about taking their first trade, indicating a positive sentiment and potential increase in market activity.",
"You can still request your favorite underwater bag but the video might be just me talking 5 minutes super bullish on $DOT 🤣

> [@Crypto_Ed_NL](https://twitter.com/Crypto_Ed_NL):
> New alt coins video today. 
> Leave a comment which one you'd like to see in my next video. 
> 
> Giving some extra info instead of just a ticker = more chance I'll cover it but can only do 3 alts. 
> 
> Video will be online sometime in the afternoon, I expect.",BUY,0.8,The tweet contains a bullish tone on $DOT and mentions 'super bullish' which is a strong indication of a buy signal.,$DOT
"$V steady growth machine

Although consumer spending is very dependent on economic circumstances, Visa gets paid a few cents for basically 50% of all card related transactions.

As prices go up, so do their profits. Although not as fast growing still a very consistent 10% CAGR",BUY,0.8,"Visa's steady growth and consistent 10% CAGR, with potential for increased profits due to rising prices.",$V
"Welp got lucky to look at charts at the right time and made a few bucks shorting the stocks I posted a few mins ago.

Just closed up. Too risky to hold through. 

Nice volatility for scalping though.",SELL,0.8,"Volatility is attractive for short-term trading, but the author chose to close positions and avoid holding through volatility.",STOCKS
"👑

[@StackingUSD](https://twitter.com/StackingUSD):
how it started             how it's going",BUY,0.7,"Tone of tweet suggests optimism and a sense of accomplishment, indicated by the 👑 crown emoji and the juxtaposition of 'how it started' with 'how it's going', implying significant growth.",BTC/USD
BIDEN SAYS ANNOUNCES ANOTHER $800 MILLION FOR UKRAINE,BUY,0.5,"Positive news related to Ukraine may have a bullish effect on certain cryptocurrencies, possibly those with strong Ukrainian or Eastern European user bases.",*
"Nice comment to wake up to at the start of a new week

Hope you've all had a great weekend

GM",NEUTRAL,0.5,Neutral sentiment due to lack of market-related information or specific asset mention.,None
"$100 USDT giveaway for best comment on my IG picture 

Rules: 
Follow
Like 
Best comment wins $100 in 24 hours 

https://www.instagram.com/p/ChQcVWArmco/?igshid=YmMyMTA2M2Y=",NEUTRAL,0.2,The tweet is a giveaway promotion on Instagram and does not contain any explicit cryptocurrency investment advice or trading sentiment.,USDT
"#Bitcoin 

OBV looking strong on multiple time frames.",BUY,0.6,OBV looking strong on multiple time frames indicates accumulation and potential uptrend,BTC
"Surprised everyone’s car brakes are working.

> [@EssexPR](https://twitter.com/EssexPR):
> Enough is enough, @JustStop_Oil prevent a woman taking her baby to Hospital.
> These entitled prats deserve everything they get.
> 
> Vile.
>",BUY,0.8,"The tweet's tone is neutral in the context of a stock market analysis, but it can be interpreted as positive due to its lighthearted and humorous nature.",CRYPTO-CONFIDENCE
"$SOL I’ve had a good run playing these squeezes for the past few days. 

Feel like we’ve squeezed out most shorts now and there’s some long crowding going on so happy staying flat for now. 

> [@DaanCrypto](https://twitter.com/DaanCrypto):
> $SOL Another +20% squeeze. Shorts keep piling in and due to low liquidity these squeezes are getting quite insane.
> 
> Will be key to see whether Open interest piles back in like last time together with price grinding up.
> 
> If so I'd be expecting another squeeze later.  https://twitter.com/DaanCrypto/status/1608795053564264448",NEUTRAL,0.6,"The author is taking a neutral stance by staying flat in SOL and waiting for open interest to pile back in, indicating no immediate buying or selling pressure.",$SOL
"The only time in the foreseeable future that I see issues if it short term rates are higher than long term, no incentive to borrow, economy slows, recession follows (inverted yield curve)

Until that yield curve inverts there's no reason to be bearish on the economy",NEUTRAL,0.7,"The tweet provides a balanced view of the economy, highlighting both potential issues (inverted yield curve) and reasons to be bullish (no reason to be bearish until the yield curve inverts). However, the tone is more cautionary than optimistic.",not specified
You want to accumulate coins when the market goes sideways and is boring.... not when there is giant green dildos,BUY,0.8,"The user is suggesting to accumulate coins during a sideways market, indicating a positive sentiment and potentially undervalued assets.",ALL
"Stock Friends! 

May is upon us, ill be spending the week posting setups seeing which one are topped and which one are being accumulated for June. 

Stay tuned!",NEUTRAL,0.2,"The tweet does not provide a clear buy or sell signal, but rather hints at potentially identifying accumulated stocks for June.",None
"$MGIC reported earnings of $0.26, consensus was $0.28 via @eWhispers #epsmiss http://eps.sh/d/mgic",SELL,0.7,"EPS miss indicates poor company performance, potentially affecting stock price.",$MGIC
@Lavieestcrypto1 Lol,NEUTRAL,0.5,Ambiguous and informal tweet with no clear indication of bullish or bearish sentiment.,
nan,BUY,0.0,Tweets that contain 'nan' are often indicative of a bearish or uncertain market sentiment.,Market Neutral
GOOGLE - FALL DETECTION ON GOOGLE PIXEL WATCH IS ROLLING OUT STARTING TODAY,NEUTRAL,0.3,"The tweet is neutral as it mentions a new feature rollout for the Google Pixel Watch, which could be seen as both positive (new features) and neutral (no clear financial implications).",
Welp there we have it. Got stopped out on at BE on the rebound. Choppy today.,NEUTRAL,0.6,"The user mentions getting stopped out on a 'BE' trade, indicating a neutral or potentially bearish sentiment towards their current position.",
"90% of you should not be trading right now. 

Re-accumulation ranges are made to shake you out, or take your stops before continuing higher.

Trading is a PvP game, and many players are far more experienced than you. 

Don't play by their rules.
Hold on tight, and enjoy the ride.",NEUTRAL,0.8,"Advises holding position without providing specific market direction or trade action. Mentions re-accumulation ranges and trading experience of others, suggesting neutrality.",
"Incredible DMs from claimants over the past 24H

After the extreme challenges claimants have faced over the past year, it's truly heartening to be reminded again and again of just how much $FLEX/OPNX is needed

Our team's top priority is launching claims onboarding & trading ASAP",BUY,0.8,Positive sentiment and emphasis on team priority to launch claims onboarding & trading ASAP implies a strong bullish stance.,$FLEX
I think we’re gonna be alright,NEUTRAL,0.6,"The tweet's tone is cautious and optimistic at the same time, but lacks specific investment advice or market-related data.",
the hats still on,NEUTRAL,0.5,The tweet appears to be a commentary on an existing situation (hats still on) rather than providing specific investment advice or making a clear bullish or bearish statement.,
"If you aren't disciplined as a trader, you will NEVER succeed. 

Many traders spend years trying to find the ""perfect"" trading strategy, when in reality 90% of traders need to focus on the mental and emotional aspects of trading, being disciplined, and sticking to YOUR plan.",BUY,0.7,"The tweet emphasizes the importance of discipline in trading and advises traders to focus on their mental and emotional well-being, which is a crucial aspect for long-term success.",Any
"Alright people, who we got tonight?",NEUTRAL,0.0,Lack of clear investment advice or sentiment.,
"Twitter, 1 week ago: USDC is going to 0, crypto is done

Twitter, today: BTC is going to $2M, new paradigm
--

We're lucky enough to witness an incredible display of the cyclical nature of markets & emotions

This is why 95% of traders are longterm unprofitable",BUY,0.8,"Market sentiment has flipped from extreme bearishness to extreme bullishness in just a week, indicating a potential reversal.",BTC
"$BTC: I would like to see a convincing higher high come even though it's technically that already. Regardless, I still think we see high 20ks in the coming weeks. Alts should still flourish if this happens. #BTC #Bitcoin",BUY,0.7,Expecting higher highs and potential price increase to high 20ks in the coming weeks,$BTC
"Tucker Carlson & Andrew Tate joke that he should have just created a fake crypto exchange called FTX to steal billions.

Then he would be a hero, like the mainstream media portrayed SBF.

Absolutely insane how different the media treats people depending on their political views.",NEUTRAL,0.6,"The tweet is discussing the manipulation of FTX by SBF and the contrast in media treatment of individuals with different political views, which indicates a neutral sentiment towards the crypto market.",
"Out of my “ bottom longs “ for nice 10-15% profits of bottom 

Markets closed tomorrow for Juneteenth, I’ll look to bid a higher low or higher

I’ve only really been posting charts in WWG because of how toxic twitter reply guys have been but I’ll start again this week 

🙏❤️",NEUTRAL,0.4,"The user is cautiously optimistic and looking to bid a higher low, but also mentions only targeting small profits (10-15%) which could indicate risk aversion or lack of conviction.",WWG
"Feeling beyond blessed that I get to share a meal with my grandparents for the first time in 5 years. 

Day 1 of Baka’s home cooked meals.

Peppers stuffed with minced veal, lamb, and rice topped with sourcream, a side of bread, and mashed potatoes.",NEUTRAL,0.5,No relevant financial information mentioned in the tweet.,
"Major U.S. banks set to decline for second straight day on recession fears

$JPM, $GS, $MS, $C, $WFC and  $BAC slip between ~1% and 1.5% premarket on Friday

Banks look set to open lower after they shed between 1.6% and 3% on Thursday",SELL,0.8,Negative market sentiment due to recession fears and bank stock declines,"$JPM,$GS,$MS,$C,$WFC,$BAC"
@Trader_XO I been long xrp since weekend. Just trimmed some stops flat,NEUTRAL,0.6,"The user has been long on XRP since the weekend and only trimmed some stops, indicating a neutral sentiment with some bullish activity.",XRP
RUSSIAN COURT CONVICTS WSJ REPORTER OF ESPIONAGE: RIA,NEUTRAL,0.5,"The tweet does not contain any financial or market-related information, making it neutral in terms of crypto market sentiment.",
"I act like a beginner.
I buy everything I see",BUY,0.8,Indiscriminate buying behavior indicates a bullish and possibly overconfident attitude towards the market.,all
GOLDMAN SACHS COMMODITIES HEAD TO BE SUCCEEDED BY XIAO QIN AND NITIN JINDAL - MEMO,NEUTRAL,0.5,The tweet does not provide any clear financial analysis or opinion about a specific stock or asset.,
$TIA new ATH today perhaps,BUY,0.8,"New ATH reached, indicating a possible bullish trend and investor confidence.",$TIA
$BTC uptober fuckery,BUY,0.8,Exclamation of excitement and frustration towards the market's performance,$BTC
UKRAINE DEPUTY PRIME MINISTER SAYS HUMANITARIAN CORRIDORS ARE STILL NOT OPEN,NEUTRAL,0.5,Neutral sentiment due to lack of financial information in the tweet.,
"I'm going to get a covid test 
Pray 😕😒",NEUTRAL,0.3,"The tweet contains a personal anecdote unrelated to crypto and an expression of concern about health, indicating no clear market sentiment.",
GOLDMAN PLANS HIRING SPREE TO FIX LAPSES AMID FED’S SCRUTINY,SELL,0.6,Negative sentiment towards Goldman Sachs and potential FED scrutiny indicating a decrease in market value,GS
@MacroCRG Yeah kinda making me feel like I’m a little early with this idea at current prices as I do expect ETH to take out those equal lows.,NEUTRAL,0.6,"The user is expressing uncertainty about being 'early' and expecting ETH to take out equal lows, indicating a neutral sentiment.",ETH
