coin,minutes_after_tweet,source_row_number,created_at_utc,username,signal,confidence,impact_strength,start_minute_utc,target_minute_utc,start_price,end_price,price_change,price_change_rate,is_price_flat,is_prediction_correct
BTC,1,1,2017-12-06 01:55:41+00:00,jack,BUY,0.7,4.0,2017-12-06 01:56:00+00:00,2017-12-06 01:57:00+00:00,,,,,,
BTC,3,1,2017-12-06 01:55:41+00:00,jack,BUY,0.7,4.0,2017-12-06 01:56:00+00:00,2017-12-06 01:59:00+00:00,,,,,,
BTC,5,1,2017-12-06 01:55:41+00:00,jack,BUY,0.7,4.0,2017-12-06 01:56:00+00:00,2017-12-06 02:01:00+00:00,,,,,,
BTC,10,1,2017-12-06 01:55:41+00:00,jack,BUY,0.7,4.0,2017-12-06 01:56:00+00:00,2017-12-06 02:06:00+00:00,,,,,,
BTC,15,1,2017-12-06 01:55:41+00:00,jack,BUY,0.7,4.0,2017-12-06 01:56:00+00:00,2017-12-06 02:11:00+00:00,,,,,,
BTC,30,1,2017-12-06 01:55:41+00:00,jack,BUY,0.7,4.0,2017-12-06 01:56:00+00:00,2017-12-06 02:26:00+00:00,,,,,,
BTC,60,1,2017-12-06 01:55:41+00:00,jack,BUY,0.7,4.0,2017-12-06 01:56:00+00:00,2017-12-06 02:56:00+00:00,,,,,,
BTC,120,1,2017-12-06 01:55:41+00:00,jack,BUY,0.7,4.0,2017-12-06 01:56:00+00:00,2017-12-06 03:56:00+00:00,,,,,,
BTC,360,1,2017-12-06 01:55:41+00:00,jack,BUY,0.7,4.0,2017-12-06 01:56:00+00:00,2017-12-06 07:56:00+00:00,,,,,,
BTC,720,1,2017-12-06 01:55:41+00:00,jack,BUY,0.7,4.0,2017-12-06 01:56:00+00:00,2017-12-06 13:56:00+00:00,,,,,,
BTC,1440,1,2017-12-06 01:55:41+00:00,jack,BUY,0.7,4.0,2017-12-06 01:56:00+00:00,2017-12-07 01:56:00+00:00,,,,,,
BTC,1,2,2018-01-31 16:46:15+00:00,jack,BUY,0.8,4.0,2018-01-31 16:47:00+00:00,2018-01-31 16:48:00+00:00,9985.0,9996.7,11.700000000000728,0.0011717576364547,False,True
BTC,3,2,2018-01-31 16:46:15+00:00,jack,BUY,0.8,4.0,2018-01-31 16:47:00+00:00,2018-01-31 16:50:00+00:00,9985.0,10024.99,39.98999999999978,0.0040050075112668,False,True
BTC,5,2,2018-01-31 16:46:15+00:00,jack,BUY,0.8,4.0,2018-01-31 16:47:00+00:00,2018-01-31 16:52:00+00:00,9985.0,10000.04,15.040000000000871,0.0015062593890837,False,True
BTC,10,2,2018-01-31 16:46:15+00:00,jack,BUY,0.8,4.0,2018-01-31 16:47:00+00:00,2018-01-31 16:57:00+00:00,9985.0,10058.71,73.70999999999913,0.0073820731096644,False,True
BTC,15,2,2018-01-31 16:46:15+00:00,jack,BUY,0.8,4.0,2018-01-31 16:47:00+00:00,2018-01-31 17:02:00+00:00,9985.0,10090.02,105.02000000000044,0.0105177766649975,False,True
BTC,30,2,2018-01-31 16:46:15+00:00,jack,BUY,0.8,4.0,2018-01-31 16:47:00+00:00,2018-01-31 17:17:00+00:00,9985.0,10072.49,87.48999999999978,0.0087621432148222,False,True
BTC,60,2,2018-01-31 16:46:15+00:00,jack,BUY,0.8,4.0,2018-01-31 16:47:00+00:00,2018-01-31 17:47:00+00:00,9985.0,10104.38,119.3799999999992,0.0119559339008511,False,True
BTC,120,2,2018-01-31 16:46:15+00:00,jack,BUY,0.8,4.0,2018-01-31 16:47:00+00:00,2018-01-31 18:47:00+00:00,9985.0,10084.0,99.0,0.0099148723084626,False,True
BTC,360,2,2018-01-31 16:46:15+00:00,jack,BUY,0.8,4.0,2018-01-31 16:47:00+00:00,2018-01-31 22:47:00+00:00,9985.0,10185.53,200.53000000000063,0.0200831246870306,False,True
BTC,720,2,2018-01-31 16:46:15+00:00,jack,BUY,0.8,4.0,2018-01-31 16:47:00+00:00,2018-02-01 04:47:00+00:00,9985.0,10167.34,182.34000000000017,0.0182613920881322,False,True
BTC,1440,2,2018-01-31 16:46:15+00:00,jack,BUY,0.8,4.0,2018-01-31 16:47:00+00:00,2018-02-01 16:47:00+00:00,9985.0,9170.99,-814.0100000000002,-0.0815232849273911,False,False
BTC,1,4,2018-06-18 16:04:36+00:00,jack,BUY,0.8,4.0,2018-06-18 16:05:00+00:00,2018-06-18 16:06:00+00:00,6466.25,6458.0,-8.25,-0.0012758554030543,False,False
BTC,3,4,2018-06-18 16:04:36+00:00,jack,BUY,0.8,4.0,2018-06-18 16:05:00+00:00,2018-06-18 16:08:00+00:00,6466.25,6466.0,-0.25,-3.866228494104002e-05,False,False
BTC,5,4,2018-06-18 16:04:36+00:00,jack,BUY,0.8,4.0,2018-06-18 16:05:00+00:00,2018-06-18 16:10:00+00:00,6466.25,6458.03,-8.220000000000255,-0.0012712159288614,False,False
BTC,10,4,2018-06-18 16:04:36+00:00,jack,BUY,0.8,4.0,2018-06-18 16:05:00+00:00,2018-06-18 16:15:00+00:00,6466.25,6453.86,-12.390000000000327,-0.0019161028416779,False,False
BTC,15,4,2018-06-18 16:04:36+00:00,jack,BUY,0.8,4.0,2018-06-18 16:05:00+00:00,2018-06-18 16:20:00+00:00,6466.25,6456.02,-10.229999999999563,-0.0015820606997872,False,False
BTC,30,4,2018-06-18 16:04:36+00:00,jack,BUY,0.8,4.0,2018-06-18 16:05:00+00:00,2018-06-18 16:35:00+00:00,6466.25,6640.95,174.69999999999982,0.0270172047167987,False,True
BTC,60,4,2018-06-18 16:04:36+00:00,jack,BUY,0.8,4.0,2018-06-18 16:05:00+00:00,2018-06-18 17:05:00+00:00,6466.25,6659.69,193.4399999999996,0.029915329595979,False,True
BTC,120,4,2018-06-18 16:04:36+00:00,jack,BUY,0.8,4.0,2018-06-18 16:05:00+00:00,2018-06-18 18:05:00+00:00,6466.25,6740.08,273.8299999999999,0.0423475739416199,False,True
BTC,360,4,2018-06-18 16:04:36+00:00,jack,BUY,0.8,4.0,2018-06-18 16:05:00+00:00,2018-06-18 22:05:00+00:00,6466.25,6728.89,262.6400000000003,0.040617050067659,False,True
BTC,720,4,2018-06-18 16:04:36+00:00,jack,BUY,0.8,4.0,2018-06-18 16:05:00+00:00,2018-06-19 04:05:00+00:00,6466.25,6685.4,219.14999999999964,0.0338913589793156,False,True
BTC,1440,4,2018-06-18 16:04:36+00:00,jack,BUY,0.8,4.0,2018-06-18 16:05:00+00:00,2018-06-19 16:05:00+00:00,6466.25,6708.32,242.0699999999997,0.0374359172627101,False,True
BTC,1,5,2019-02-05 22:57:28+00:00,jack,BUY,0.8,4.0,2019-02-05 22:58:00+00:00,2019-02-05 22:59:00+00:00,3463.43,3462.37,-1.0599999999999454,-0.0003060549801785,False,False
BTC,3,5,2019-02-05 22:57:28+00:00,jack,BUY,0.8,4.0,2019-02-05 22:58:00+00:00,2019-02-05 23:01:00+00:00,3463.43,3462.93,-0.5,-0.000144365556688,False,False
BTC,5,5,2019-02-05 22:57:28+00:00,jack,BUY,0.8,4.0,2019-02-05 22:58:00+00:00,2019-02-05 23:03:00+00:00,3463.43,3464.19,0.7600000000002183,0.0002194356461658,False,True
BTC,10,5,2019-02-05 22:57:28+00:00,jack,BUY,0.8,4.0,2019-02-05 22:58:00+00:00,2019-02-05 23:08:00+00:00,3463.43,3460.52,-2.9099999999998545,-0.0008402075399242,False,False
BTC,15,5,2019-02-05 22:57:28+00:00,jack,BUY,0.8,4.0,2019-02-05 22:58:00+00:00,2019-02-05 23:13:00+00:00,3463.43,3463.44,0.0100000000002182,2.887311133823487e-06,False,True
BTC,30,5,2019-02-05 22:57:28+00:00,jack,BUY,0.8,4.0,2019-02-05 22:58:00+00:00,2019-02-05 23:28:00+00:00,3463.43,3464.98,1.550000000000182,0.0004475332257329,False,True
BTC,60,5,2019-02-05 22:57:28+00:00,jack,BUY,0.8,4.0,2019-02-05 22:58:00+00:00,2019-02-05 23:58:00+00:00,3463.43,3469.88,6.450000000000273,0.0018623156812755,False,True
BTC,120,5,2019-02-05 22:57:28+00:00,jack,BUY,0.8,4.0,2019-02-05 22:58:00+00:00,2019-02-06 00:58:00+00:00,3463.43,3459.29,-4.139999999999873,-0.0011953468093767,False,False
BTC,360,5,2019-02-05 22:57:28+00:00,jack,BUY,0.8,4.0,2019-02-05 22:58:00+00:00,2019-02-06 04:58:00+00:00,3463.43,3413.25,-50.17999999999984,-0.0144885272692099,False,False
BTC,720,5,2019-02-05 22:57:28+00:00,jack,BUY,0.8,4.0,2019-02-05 22:58:00+00:00,2019-02-06 10:58:00+00:00,3463.43,3409.24,-54.190000000000055,-0.0156463390338479,False,False
BTC,1440,5,2019-02-05 22:57:28+00:00,jack,BUY,0.8,4.0,2019-02-05 22:58:00+00:00,2019-02-06 22:58:00+00:00,3463.43,3403.9,-59.529999999999745,-0.0171881631792759,False,False
BTC,1,7,2019-02-06 05:01:05+00:00,jack,BUY,0.8,4.0,2019-02-06 05:02:00+00:00,2019-02-06 05:03:00+00:00,3415.82,3418.58,2.7599999999997635,0.0008080051056553,False,True
BTC,3,7,2019-02-06 05:01:05+00:00,jack,BUY,0.8,4.0,2019-02-06 05:02:00+00:00,2019-02-06 05:05:00+00:00,3415.82,3417.28,1.4600000000000364,0.0004274229906728,False,True
BTC,5,7,2019-02-06 05:01:05+00:00,jack,BUY,0.8,4.0,2019-02-06 05:02:00+00:00,2019-02-06 05:07:00+00:00,3415.82,3416.6,0.7799999999997453,0.0002283492689895,False,True
BTC,10,7,2019-02-06 05:01:05+00:00,jack,BUY,0.8,4.0,2019-02-06 05:02:00+00:00,2019-02-06 05:12:00+00:00,3415.82,3416.15,0.3299999999999272,9.660930611095644e-05,False,True
BTC,15,7,2019-02-06 05:01:05+00:00,jack,BUY,0.8,4.0,2019-02-06 05:02:00+00:00,2019-02-06 05:17:00+00:00,3415.82,3416.27,0.4499999999998181,0.0001317399628785,False,True
BTC,30,7,2019-02-06 05:01:05+00:00,jack,BUY,0.8,4.0,2019-02-06 05:02:00+00:00,2019-02-06 05:32:00+00:00,3415.82,3416.27,0.4499999999998181,0.0001317399628785,False,True
BTC,60,7,2019-02-06 05:01:05+00:00,jack,BUY,0.8,4.0,2019-02-06 05:02:00+00:00,2019-02-06 06:02:00+00:00,3415.82,3417.98,2.1599999999998545,0.0006323518218172,False,True
BTC,120,7,2019-02-06 05:01:05+00:00,jack,BUY,0.8,4.0,2019-02-06 05:02:00+00:00,2019-02-06 07:02:00+00:00,3415.82,3418.76,2.9400000000000546,0.0008607010908069,False,True
BTC,360,7,2019-02-06 05:01:05+00:00,jack,BUY,0.8,4.0,2019-02-06 05:02:00+00:00,2019-02-06 11:02:00+00:00,3415.82,3408.34,-7.480000000000018,-0.0021898109385155,False,False
BTC,720,7,2019-02-06 05:01:05+00:00,jack,BUY,0.8,4.0,2019-02-06 05:02:00+00:00,2019-02-06 17:02:00+00:00,3415.82,3407.34,-8.480000000000018,-0.002482566411579,False,False
BTC,1440,7,2019-02-06 05:01:05+00:00,jack,BUY,0.8,4.0,2019-02-06 05:02:00+00:00,2019-02-07 05:02:00+00:00,3415.82,3412.17,-3.650000000000091,-0.001068557476682,False,False
BTC,1,10,2019-03-06 01:54:07+00:00,jack,BUY,0.8,4.0,2019-03-06 01:55:00+00:00,2019-03-06 01:56:00+00:00,3836.04,3836.03,-0.0099999999997635,-2.606854985809202e-06,False,False
BTC,3,10,2019-03-06 01:54:07+00:00,jack,BUY,0.8,4.0,2019-03-06 01:55:00+00:00,2019-03-06 01:58:00+00:00,3836.04,3835.93,-0.1100000000001273,-2.8675404844612497e-05,False,False
BTC,5,10,2019-03-06 01:54:07+00:00,jack,BUY,0.8,4.0,2019-03-06 01:55:00+00:00,2019-03-06 02:00:00+00:00,3836.04,3837.22,1.1799999999998363,0.0003076088883327,False,True
BTC,10,10,2019-03-06 01:54:07+00:00,jack,BUY,0.8,4.0,2019-03-06 01:55:00+00:00,2019-03-06 02:05:00+00:00,3836.04,3837.96,1.9200000000000728,0.0005005161572872,False,True
BTC,15,10,2019-03-06 01:54:07+00:00,jack,BUY,0.8,4.0,2019-03-06 01:55:00+00:00,2019-03-06 02:10:00+00:00,3836.04,3838.53,2.4900000000002365,0.0006491068914819,False,True
BTC,30,10,2019-03-06 01:54:07+00:00,jack,BUY,0.8,4.0,2019-03-06 01:55:00+00:00,2019-03-06 02:25:00+00:00,3836.04,3836.31,0.2699999999999818,7.03850846185081e-05,False,True
BTC,60,10,2019-03-06 01:54:07+00:00,jack,BUY,0.8,4.0,2019-03-06 01:55:00+00:00,2019-03-06 02:55:00+00:00,3836.04,3841.29,5.25,0.0013685988675821,False,True
BTC,120,10,2019-03-06 01:54:07+00:00,jack,BUY,0.8,4.0,2019-03-06 01:55:00+00:00,2019-03-06 03:55:00+00:00,3836.04,3825.95,-10.090000000000146,-0.0026303166807437,False,False
BTC,360,10,2019-03-06 01:54:07+00:00,jack,BUY,0.8,4.0,2019-03-06 01:55:00+00:00,2019-03-06 07:55:00+00:00,3836.04,3852.24,16.199999999999818,0.0042231050771107,False,True
BTC,720,10,2019-03-06 01:54:07+00:00,jack,BUY,0.8,4.0,2019-03-06 01:55:00+00:00,2019-03-06 13:55:00+00:00,3836.04,3849.47,13.429999999999836,0.0035010062460245,False,True
BTC,1440,10,2019-03-06 01:54:07+00:00,jack,BUY,0.8,4.0,2019-03-06 01:55:00+00:00,2019-03-07 01:55:00+00:00,3836.04,3880.0,43.96000000000003,0.0114597345178882,False,True
BTC,1,11,2019-03-07 23:18:13+00:00,jack,BUY,0.8,4.0,2019-03-07 23:19:00+00:00,2019-03-07 23:20:00+00:00,3873.09,3871.53,-1.5599999999999454,-0.0004027791763165,False,False
BTC,3,11,2019-03-07 23:18:13+00:00,jack,BUY,0.8,4.0,2019-03-07 23:19:00+00:00,2019-03-07 23:22:00+00:00,3873.09,3870.13,-2.9600000000000364,-0.0007642476678827,False,False
BTC,5,11,2019-03-07 23:18:13+00:00,jack,BUY,0.8,4.0,2019-03-07 23:19:00+00:00,2019-03-07 23:24:00+00:00,3873.09,3871.56,-1.5300000000002,-0.0003950334229259,False,False
BTC,10,11,2019-03-07 23:18:13+00:00,jack,BUY,0.8,4.0,2019-03-07 23:19:00+00:00,2019-03-07 23:29:00+00:00,3873.09,3868.98,-4.110000000000127,-0.0010611682145264,False,False
BTC,15,11,2019-03-07 23:18:13+00:00,jack,BUY,0.8,4.0,2019-03-07 23:19:00+00:00,2019-03-07 23:34:00+00:00,3873.09,3868.39,-4.700000000000273,-0.0012135013645436,False,False
BTC,30,11,2019-03-07 23:18:13+00:00,jack,BUY,0.8,4.0,2019-03-07 23:19:00+00:00,2019-03-07 23:49:00+00:00,3873.09,3869.82,-3.269999999999982,-0.0008442871195866,False,False
BTC,60,11,2019-03-07 23:18:13+00:00,jack,BUY,0.8,4.0,2019-03-07 23:19:00+00:00,2019-03-08 00:19:00+00:00,3873.09,3879.13,6.039999999999964,0.0015594783493283,False,True
BTC,120,11,2019-03-07 23:18:13+00:00,jack,BUY,0.8,4.0,2019-03-07 23:19:00+00:00,2019-03-08 01:19:00+00:00,3873.09,3884.01,10.920000000000073,0.0028194542342161,False,True
BTC,360,11,2019-03-07 23:18:13+00:00,jack,BUY,0.8,4.0,2019-03-07 23:19:00+00:00,2019-03-08 05:19:00+00:00,3873.09,3891.0,17.909999999999854,0.0046242147742499,False,True
BTC,720,11,2019-03-07 23:18:13+00:00,jack,BUY,0.8,4.0,2019-03-07 23:19:00+00:00,2019-03-08 11:19:00+00:00,3873.09,3895.34,22.25,0.0057447670981051,False,True
BTC,1440,11,2019-03-07 23:18:13+00:00,jack,BUY,0.8,4.0,2019-03-07 23:19:00+00:00,2019-03-08 23:19:00+00:00,3873.09,3850.24,-22.850000000000364,-0.0058996821659192,False,False
BTC,1,14,2019-03-20 21:58:07+00:00,jack,BUY,0.8,4.0,2019-03-20 21:59:00+00:00,2019-03-20 22:00:00+00:00,4020.92,4020.25,-0.6700000000000728,-0.0001666285327736,False,False
BTC,3,14,2019-03-20 21:58:07+00:00,jack,BUY,0.8,4.0,2019-03-20 21:59:00+00:00,2019-03-20 22:02:00+00:00,4020.92,4020.9,-0.0199999999999818,-4.973986052938584e-06,False,False
BTC,5,14,2019-03-20 21:58:07+00:00,jack,BUY,0.8,4.0,2019-03-20 21:59:00+00:00,2019-03-20 22:04:00+00:00,4020.92,4019.69,-1.2300000000000182,-0.000305900142256,False,False
BTC,10,14,2019-03-20 21:58:07+00:00,jack,BUY,0.8,4.0,2019-03-20 21:59:00+00:00,2019-03-20 22:09:00+00:00,4020.92,4022.87,1.949999999999818,0.0004849636401619,False,True
BTC,15,14,2019-03-20 21:58:07+00:00,jack,BUY,0.8,4.0,2019-03-20 21:59:00+00:00,2019-03-20 22:14:00+00:00,4020.92,4024.88,3.960000000000037,0.0009848492384827,False,True
BTC,30,14,2019-03-20 21:58:07+00:00,jack,BUY,0.8,4.0,2019-03-20 21:59:00+00:00,2019-03-20 22:29:00+00:00,4020.92,4026.7,5.779999999999745,0.0014374819693004,False,True
BTC,60,14,2019-03-20 21:58:07+00:00,jack,BUY,0.8,4.0,2019-03-20 21:59:00+00:00,2019-03-20 22:59:00+00:00,4020.92,4041.27,20.34999999999991,0.0050610308088695,False,True
BTC,120,14,2019-03-20 21:58:07+00:00,jack,BUY,0.8,4.0,2019-03-20 21:59:00+00:00,2019-03-20 23:59:00+00:00,4020.92,4043.04,22.11999999999989,0.005501228574555,False,True
BTC,360,14,2019-03-20 21:58:07+00:00,jack,BUY,0.8,4.0,2019-03-20 21:59:00+00:00,2019-03-21 03:59:00+00:00,4020.92,4041.06,20.139999999999873,0.0050088039553136,False,True
BTC,720,14,2019-03-20 21:58:07+00:00,jack,BUY,0.8,4.0,2019-03-20 21:59:00+00:00,2019-03-21 09:59:00+00:00,4020.92,4040.0,19.079999999999927,0.0047451826945077,False,True
BTC,1440,14,2019-03-20 21:58:07+00:00,jack,BUY,0.8,4.0,2019-03-20 21:59:00+00:00,2019-03-21 21:59:00+00:00,4020.92,3983.64,-37.2800000000002,-0.009271510002686,False,False
BTC,1,15,2019-03-20 21:58:08+00:00,jack,BUY,0.8,4.0,2019-03-20 21:59:00+00:00,2019-03-20 22:00:00+00:00,4020.92,4020.25,-0.6700000000000728,-0.0001666285327736,False,False
BTC,3,15,2019-03-20 21:58:08+00:00,jack,BUY,0.8,4.0,2019-03-20 21:59:00+00:00,2019-03-20 22:02:00+00:00,4020.92,4020.9,-0.0199999999999818,-4.973986052938584e-06,False,False
BTC,5,15,2019-03-20 21:58:08+00:00,jack,BUY,0.8,4.0,2019-03-20 21:59:00+00:00,2019-03-20 22:04:00+00:00,4020.92,4019.69,-1.2300000000000182,-0.000305900142256,False,False
BTC,10,15,2019-03-20 21:58:08+00:00,jack,BUY,0.8,4.0,2019-03-20 21:59:00+00:00,2019-03-20 22:09:00+00:00,4020.92,4022.87,1.949999999999818,0.0004849636401619,False,True
BTC,15,15,2019-03-20 21:58:08+00:00,jack,BUY,0.8,4.0,2019-03-20 21:59:00+00:00,2019-03-20 22:14:00+00:00,4020.92,4024.88,3.960000000000037,0.0009848492384827,False,True
BTC,30,15,2019-03-20 21:58:08+00:00,jack,BUY,0.8,4.0,2019-03-20 21:59:00+00:00,2019-03-20 22:29:00+00:00,4020.92,4026.7,5.779999999999745,0.0014374819693004,False,True
BTC,60,15,2019-03-20 21:58:08+00:00,jack,BUY,0.8,4.0,2019-03-20 21:59:00+00:00,2019-03-20 22:59:00+00:00,4020.92,4041.27,20.34999999999991,0.0050610308088695,False,True
BTC,120,15,2019-03-20 21:58:08+00:00,jack,BUY,0.8,4.0,2019-03-20 21:59:00+00:00,2019-03-20 23:59:00+00:00,4020.92,4043.04,22.11999999999989,0.005501228574555,False,True
BTC,360,15,2019-03-20 21:58:08+00:00,jack,BUY,0.8,4.0,2019-03-20 21:59:00+00:00,2019-03-21 03:59:00+00:00,4020.92,4041.06,20.139999999999873,0.0050088039553136,False,True
BTC,720,15,2019-03-20 21:58:08+00:00,jack,BUY,0.8,4.0,2019-03-20 21:59:00+00:00,2019-03-21 09:59:00+00:00,4020.92,4040.0,19.079999999999927,0.0047451826945077,False,True
BTC,1440,15,2019-03-20 21:58:08+00:00,jack,BUY,0.8,4.0,2019-03-20 21:59:00+00:00,2019-03-21 21:59:00+00:00,4020.92,3983.64,-37.2800000000002,-0.009271510002686,False,False
BTC,1,16,2019-03-20 21:58:11+00:00,jack,BUY,0.6,3.0,2019-03-20 21:59:00+00:00,2019-03-20 22:00:00+00:00,4020.92,4020.25,-0.6700000000000728,-0.0001666285327736,False,False
BTC,3,16,2019-03-20 21:58:11+00:00,jack,BUY,0.6,3.0,2019-03-20 21:59:00+00:00,2019-03-20 22:02:00+00:00,4020.92,4020.9,-0.0199999999999818,-4.973986052938584e-06,False,False
BTC,5,16,2019-03-20 21:58:11+00:00,jack,BUY,0.6,3.0,2019-03-20 21:59:00+00:00,2019-03-20 22:04:00+00:00,4020.92,4019.69,-1.2300000000000182,-0.000305900142256,False,False
BTC,10,16,2019-03-20 21:58:11+00:00,jack,BUY,0.6,3.0,2019-03-20 21:59:00+00:00,2019-03-20 22:09:00+00:00,4020.92,4022.87,1.949999999999818,0.0004849636401619,False,True
BTC,15,16,2019-03-20 21:58:11+00:00,jack,BUY,0.6,3.0,2019-03-20 21:59:00+00:00,2019-03-20 22:14:00+00:00,4020.92,4024.88,3.960000000000037,0.0009848492384827,False,True
BTC,30,16,2019-03-20 21:58:11+00:00,jack,BUY,0.6,3.0,2019-03-20 21:59:00+00:00,2019-03-20 22:29:00+00:00,4020.92,4026.7,5.779999999999745,0.0014374819693004,False,True
BTC,60,16,2019-03-20 21:58:11+00:00,jack,BUY,0.6,3.0,2019-03-20 21:59:00+00:00,2019-03-20 22:59:00+00:00,4020.92,4041.27,20.34999999999991,0.0050610308088695,False,True
BTC,120,16,2019-03-20 21:58:11+00:00,jack,BUY,0.6,3.0,2019-03-20 21:59:00+00:00,2019-03-20 23:59:00+00:00,4020.92,4043.04,22.11999999999989,0.005501228574555,False,True
BTC,360,16,2019-03-20 21:58:11+00:00,jack,BUY,0.6,3.0,2019-03-20 21:59:00+00:00,2019-03-21 03:59:00+00:00,4020.92,4041.06,20.139999999999873,0.0050088039553136,False,True
BTC,720,16,2019-03-20 21:58:11+00:00,jack,BUY,0.6,3.0,2019-03-20 21:59:00+00:00,2019-03-21 09:59:00+00:00,4020.92,4040.0,19.079999999999927,0.0047451826945077,False,True
BTC,1440,16,2019-03-20 21:58:11+00:00,jack,BUY,0.6,3.0,2019-03-20 21:59:00+00:00,2019-03-21 21:59:00+00:00,4020.92,3983.64,-37.2800000000002,-0.009271510002686,False,False
BTC,1,18,2019-06-26 17:39:04+00:00,jack,BUY,0.7,3.0,2019-06-26 17:40:00+00:00,2019-06-26 17:41:00+00:00,13490.0,13482.37,-7.6299999999992,-0.000565604151223,False,False
BTC,3,18,2019-06-26 17:39:04+00:00,jack,BUY,0.7,3.0,2019-06-26 17:40:00+00:00,2019-06-26 17:43:00+00:00,13490.0,13493.51,3.5100000000002183,0.0002601927353595,False,True
BTC,5,18,2019-06-26 17:39:04+00:00,jack,BUY,0.7,3.0,2019-06-26 17:40:00+00:00,2019-06-26 17:45:00+00:00,13490.0,13530.26,40.26000000000022,0.0029844329132691,False,True
BTC,10,18,2019-06-26 17:39:04+00:00,jack,BUY,0.7,3.0,2019-06-26 17:40:00+00:00,2019-06-26 17:50:00+00:00,13490.0,13536.51,46.51000000000022,0.0034477390659748,False,True
BTC,15,18,2019-06-26 17:39:04+00:00,jack,BUY,0.7,3.0,2019-06-26 17:40:00+00:00,2019-06-26 17:55:00+00:00,13490.0,13579.44,89.44000000000051,0.0066300963676798,False,True
BTC,30,18,2019-06-26 17:39:04+00:00,jack,BUY,0.7,3.0,2019-06-26 17:40:00+00:00,2019-06-26 18:10:00+00:00,13490.0,13497.65,7.649999999999636,0.0005670867309117,False,True
BTC,60,18,2019-06-26 17:39:04+00:00,jack,BUY,0.7,3.0,2019-06-26 17:40:00+00:00,2019-06-26 18:40:00+00:00,13490.0,13800.22,310.21999999999935,0.0229962935507783,False,True
BTC,120,18,2019-06-26 17:39:04+00:00,jack,BUY,0.7,3.0,2019-06-26 17:40:00+00:00,2019-06-26 19:40:00+00:00,13490.0,13837.27,347.27000000000044,0.0257427724240178,False,True
BTC,360,18,2019-06-26 17:39:04+00:00,jack,BUY,0.7,3.0,2019-06-26 17:40:00+00:00,2019-06-26 23:40:00+00:00,13490.0,13150.0,-340.0,-0.0252038547071905,False,False
BTC,720,18,2019-06-26 17:39:04+00:00,jack,BUY,0.7,3.0,2019-06-26 17:40:00+00:00,2019-06-27 05:40:00+00:00,13490.0,12864.32,-625.6800000000003,-0.0463810229799852,False,False
BTC,1440,18,2019-06-26 17:39:04+00:00,jack,BUY,0.7,3.0,2019-06-26 17:40:00+00:00,2019-06-27 17:40:00+00:00,13490.0,11172.6,-2317.3999999999996,-0.1717865085248331,False,False
BTC,1,29,2020-05-18 19:33:50+00:00,jack,BUY,0.8,4.0,2020-05-18 19:34:00+00:00,2020-05-18 19:35:00+00:00,9697.16,9694.0,-3.1599999999998545,-0.0003258686048286,False,False
BTC,3,29,2020-05-18 19:33:50+00:00,jack,BUY,0.8,4.0,2020-05-18 19:34:00+00:00,2020-05-18 19:37:00+00:00,9697.16,9685.32,-11.840000000000146,-0.0012209760383452,False,False
BTC,5,29,2020-05-18 19:33:50+00:00,jack,BUY,0.8,4.0,2020-05-18 19:34:00+00:00,2020-05-18 19:39:00+00:00,9697.16,9696.17,-0.9899999999997816,-0.0001020917464494,False,False
BTC,10,29,2020-05-18 19:33:50+00:00,jack,BUY,0.8,4.0,2020-05-18 19:34:00+00:00,2020-05-18 19:44:00+00:00,9697.16,9697.94,0.7800000000006548,8.043592144510918e-05,False,True
BTC,15,29,2020-05-18 19:33:50+00:00,jack,BUY,0.8,4.0,2020-05-18 19:34:00+00:00,2020-05-18 19:49:00+00:00,9697.16,9689.02,-8.139999999999418,-0.0008394210263622,False,False
BTC,30,29,2020-05-18 19:33:50+00:00,jack,BUY,0.8,4.0,2020-05-18 19:34:00+00:00,2020-05-18 20:04:00+00:00,9697.16,9696.13,-1.0300000000006548,-0.000106216665498,False,False
BTC,60,29,2020-05-18 19:33:50+00:00,jack,BUY,0.8,4.0,2020-05-18 19:34:00+00:00,2020-05-18 20:34:00+00:00,9697.16,9671.71,-25.450000000000728,-0.002624479744585,False,False
BTC,120,29,2020-05-18 19:33:50+00:00,jack,BUY,0.8,4.0,2020-05-18 19:34:00+00:00,2020-05-18 21:34:00+00:00,9697.16,9707.63,10.469999999999343,0.0010796975609352,False,True
BTC,360,29,2020-05-18 19:33:50+00:00,jack,BUY,0.8,4.0,2020-05-18 19:34:00+00:00,2020-05-19 01:34:00+00:00,9697.16,9645.11,-52.04999999999927,-0.0053675509118132,False,False
BTC,720,29,2020-05-18 19:33:50+00:00,jack,BUY,0.8,4.0,2020-05-18 19:34:00+00:00,2020-05-19 07:34:00+00:00,9697.16,9607.06,-90.10000000000036,-0.0092913801566644,False,False
BTC,1440,29,2020-05-18 19:33:50+00:00,jack,BUY,0.8,4.0,2020-05-18 19:34:00+00:00,2020-05-19 19:34:00+00:00,9697.16,9662.04,-35.11999999999898,-0.003621678924551,False,False
BTC,1,30,2020-07-14 22:41:49+00:00,jack,BUY,0.7,4.0,2020-07-14 22:42:00+00:00,2020-07-14 22:43:00+00:00,9267.81,9256.34,-11.469999999999343,-0.0012376170853739,False,False
BTC,3,30,2020-07-14 22:41:49+00:00,jack,BUY,0.7,4.0,2020-07-14 22:42:00+00:00,2020-07-14 22:45:00+00:00,9267.81,9261.64,-6.170000000000073,-0.0006657451976249,False,False
BTC,5,30,2020-07-14 22:41:49+00:00,jack,BUY,0.7,4.0,2020-07-14 22:42:00+00:00,2020-07-14 22:47:00+00:00,9267.81,9257.1,-10.709999999999129,-0.0011556128146778,False,False
BTC,10,30,2020-07-14 22:41:49+00:00,jack,BUY,0.7,4.0,2020-07-14 22:42:00+00:00,2020-07-14 22:52:00+00:00,9267.81,9256.29,-11.519999999998618,-0.0012430121031828,False,False
BTC,15,30,2020-07-14 22:41:49+00:00,jack,BUY,0.7,4.0,2020-07-14 22:42:00+00:00,2020-07-14 22:57:00+00:00,9267.81,9250.75,-17.05999999999949,-0.0018407800764149,False,False
BTC,30,30,2020-07-14 22:41:49+00:00,jack,BUY,0.7,4.0,2020-07-14 22:42:00+00:00,2020-07-14 23:12:00+00:00,9267.81,9266.03,-1.7799999999988358,-0.0001920626339986,False,False
BTC,60,30,2020-07-14 22:41:49+00:00,jack,BUY,0.7,4.0,2020-07-14 22:42:00+00:00,2020-07-14 23:42:00+00:00,9267.81,9256.47,-11.340000000000146,-0.0012235900390707,False,False
BTC,120,30,2020-07-14 22:41:49+00:00,jack,BUY,0.7,4.0,2020-07-14 22:42:00+00:00,2020-07-15 00:42:00+00:00,9267.81,9256.18,-11.6299999999992,-0.0012548811423625,False,False
BTC,360,30,2020-07-14 22:41:49+00:00,jack,BUY,0.7,4.0,2020-07-14 22:42:00+00:00,2020-07-15 04:42:00+00:00,9267.81,9238.66,-29.149999999999636,-0.00314529538262,False,False
BTC,720,30,2020-07-14 22:41:49+00:00,jack,BUY,0.7,4.0,2020-07-14 22:42:00+00:00,2020-07-15 10:42:00+00:00,9267.81,9242.51,-25.299999999999272,-0.0027298790113305,False,False
BTC,1440,30,2020-07-14 22:41:49+00:00,jack,BUY,0.7,4.0,2020-07-14 22:42:00+00:00,2020-07-15 22:42:00+00:00,9267.81,9217.46,-50.35000000000037,-0.0054327829336165,False,False
BTC,1,31,2020-08-11 11:06:58+00:00,michael_saylor,BUY,0.8,4.0,2020-08-11 11:07:00+00:00,2020-08-11 11:08:00+00:00,11755.01,11750.2,-4.809999999999491,-0.0004091872316569,False,False
BTC,3,31,2020-08-11 11:06:58+00:00,michael_saylor,BUY,0.8,4.0,2020-08-11 11:07:00+00:00,2020-08-11 11:10:00+00:00,11755.01,11746.03,-8.979999999999563,-0.0007639295925736,False,False
BTC,5,31,2020-08-11 11:06:58+00:00,michael_saylor,BUY,0.8,4.0,2020-08-11 11:07:00+00:00,2020-08-11 11:12:00+00:00,11755.01,11734.73,-20.280000000000655,-0.0017252218415807,False,False
BTC,10,31,2020-08-11 11:06:58+00:00,michael_saylor,BUY,0.8,4.0,2020-08-11 11:07:00+00:00,2020-08-11 11:17:00+00:00,11755.01,11717.51,-37.5,-0.0031901291449347,False,False
BTC,15,31,2020-08-11 11:06:58+00:00,michael_saylor,BUY,0.8,4.0,2020-08-11 11:07:00+00:00,2020-08-11 11:22:00+00:00,11755.01,11726.79,-28.219999999999345,-0.0024006785192015,False,False
BTC,30,31,2020-08-11 11:06:58+00:00,michael_saylor,BUY,0.8,4.0,2020-08-11 11:07:00+00:00,2020-08-11 11:37:00+00:00,11755.01,11733.25,-21.76000000000022,-0.0018511256051675,False,False
BTC,60,31,2020-08-11 11:06:58+00:00,michael_saylor,BUY,0.8,4.0,2020-08-11 11:07:00+00:00,2020-08-11 12:07:00+00:00,11755.01,11703.77,-51.23999999999978,-0.0043589924636388,False,False
BTC,120,31,2020-08-11 11:06:58+00:00,michael_saylor,BUY,0.8,4.0,2020-08-11 11:07:00+00:00,2020-08-11 13:07:00+00:00,11755.01,11663.89,-91.1200000000008,-0.0077515884716389,False,False
BTC,360,31,2020-08-11 11:06:58+00:00,michael_saylor,BUY,0.8,4.0,2020-08-11 11:07:00+00:00,2020-08-11 17:07:00+00:00,11755.01,11409.31,-345.7000000000007,-0.0294087372107723,False,False
BTC,720,31,2020-08-11 11:06:58+00:00,michael_saylor,BUY,0.8,4.0,2020-08-11 11:07:00+00:00,2020-08-11 23:07:00+00:00,11755.01,11383.41,-371.6000000000003,-0.0316120530735405,False,False
BTC,1440,31,2020-08-11 11:06:58+00:00,michael_saylor,BUY,0.8,4.0,2020-08-11 11:07:00+00:00,2020-08-12 11:07:00+00:00,11755.01,11507.87,-247.13999999999945,-0.0210242271167782,False,False
BTC,1,33,2020-09-17 16:48:04+00:00,michael_saylor,BUY,0.9,5.0,2020-09-17 16:49:00+00:00,2020-09-17 16:50:00+00:00,10830.98,10832.93,1.9500000000007276,0.0001800391100344,False,True
BTC,3,33,2020-09-17 16:48:04+00:00,michael_saylor,BUY,0.9,5.0,2020-09-17 16:49:00+00:00,2020-09-17 16:52:00+00:00,10830.98,10831.82,0.8400000000001455,7.755530893789348e-05,False,True
BTC,5,33,2020-09-17 16:48:04+00:00,michael_saylor,BUY,0.9,5.0,2020-09-17 16:49:00+00:00,2020-09-17 16:54:00+00:00,10830.98,10834.84,3.860000000000582,0.0003563851101193,False,True
BTC,10,33,2020-09-17 16:48:04+00:00,michael_saylor,BUY,0.9,5.0,2020-09-17 16:49:00+00:00,2020-09-17 16:59:00+00:00,10830.98,10839.55,8.569999999999709,0.0007912488066638,False,True
BTC,15,33,2020-09-17 16:48:04+00:00,michael_saylor,BUY,0.9,5.0,2020-09-17 16:49:00+00:00,2020-09-17 17:04:00+00:00,10830.98,10845.24,14.260000000000218,0.0013165936969692,False,True
BTC,30,33,2020-09-17 16:48:04+00:00,michael_saylor,BUY,0.9,5.0,2020-09-17 16:49:00+00:00,2020-09-17 17:19:00+00:00,10830.98,10842.0,11.020000000000437,0.001017451791066,False,True
BTC,60,33,2020-09-17 16:48:04+00:00,michael_saylor,BUY,0.9,5.0,2020-09-17 16:49:00+00:00,2020-09-17 17:49:00+00:00,10830.98,10849.73,18.75,0.0017311452887919,False,True
BTC,120,33,2020-09-17 16:48:04+00:00,michael_saylor,BUY,0.9,5.0,2020-09-17 16:49:00+00:00,2020-09-17 18:49:00+00:00,10830.98,10913.5,82.52000000000044,0.0076188858256593,False,True
BTC,360,33,2020-09-17 16:48:04+00:00,michael_saylor,BUY,0.9,5.0,2020-09-17 16:49:00+00:00,2020-09-17 22:49:00+00:00,10830.98,10919.0,88.02000000000044,0.008126688443705,False,True
BTC,720,33,2020-09-17 16:48:04+00:00,michael_saylor,BUY,0.9,5.0,2020-09-17 16:49:00+00:00,2020-09-18 04:49:00+00:00,10830.98,10894.45,63.47000000000117,0.0058600422122468,False,True
BTC,1440,33,2020-09-17 16:48:04+00:00,michael_saylor,BUY,0.9,5.0,2020-09-17 16:49:00+00:00,2020-09-18 16:49:00+00:00,10830.98,10882.1,51.1200000000008,0.0047197945153624,False,True
BTC,1,35,2020-09-17 20:53:16+00:00,michael_saylor,BUY,0.8,4.0,2020-09-17 20:54:00+00:00,2020-09-17 20:55:00+00:00,10928.23,10929.77,1.5400000000008731,0.0001409194352608,False,True
BTC,3,35,2020-09-17 20:53:16+00:00,michael_saylor,BUY,0.8,4.0,2020-09-17 20:54:00+00:00,2020-09-17 20:57:00+00:00,10928.23,10930.91,2.680000000000291,0.0002452364198045,False,True
BTC,5,35,2020-09-17 20:53:16+00:00,michael_saylor,BUY,0.8,4.0,2020-09-17 20:54:00+00:00,2020-09-17 20:59:00+00:00,10928.23,10930.64,2.4099999999998545,0.0002205297655704,False,True
BTC,10,35,2020-09-17 20:53:16+00:00,michael_saylor,BUY,0.8,4.0,2020-09-17 20:54:00+00:00,2020-09-17 21:04:00+00:00,10928.23,10941.95,13.720000000001164,0.0012554640595962,False,True
BTC,15,35,2020-09-17 20:53:16+00:00,michael_saylor,BUY,0.8,4.0,2020-09-17 20:54:00+00:00,2020-09-17 21:09:00+00:00,10928.23,10945.0,16.770000000000437,0.0015345577463139,False,True
BTC,30,35,2020-09-17 20:53:16+00:00,michael_saylor,BUY,0.8,4.0,2020-09-17 20:54:00+00:00,2020-09-17 21:24:00+00:00,10928.23,10919.59,-8.639999999999418,-0.000790612935489,False,False
BTC,60,35,2020-09-17 20:53:16+00:00,michael_saylor,BUY,0.8,4.0,2020-09-17 20:54:00+00:00,2020-09-17 21:54:00+00:00,10928.23,10951.87,23.640000000001237,0.00216320483738,False,True
BTC,120,35,2020-09-17 20:53:16+00:00,michael_saylor,BUY,0.8,4.0,2020-09-17 20:54:00+00:00,2020-09-17 22:54:00+00:00,10928.23,10910.62,-17.609999999998763,-0.0016114228928196,False,False
BTC,360,35,2020-09-17 20:53:16+00:00,michael_saylor,BUY,0.8,4.0,2020-09-17 20:54:00+00:00,2020-09-18 02:54:00+00:00,10928.23,10921.08,-7.149999999999636,-0.0006542688065679,False,False
BTC,720,35,2020-09-17 20:53:16+00:00,michael_saylor,BUY,0.8,4.0,2020-09-17 20:54:00+00:00,2020-09-18 08:54:00+00:00,10928.23,10942.4,14.170000000000073,0.0012966418166528,False,True
BTC,1440,35,2020-09-17 20:53:16+00:00,michael_saylor,BUY,0.8,4.0,2020-09-17 20:54:00+00:00,2020-09-18 20:54:00+00:00,10928.23,10890.5,-37.72999999999956,-0.0034525261638892,False,False
BTC,1,37,2020-09-18 18:51:45+00:00,michael_saylor,BUY,0.9,5.0,2020-09-18 18:52:00+00:00,2020-09-18 18:53:00+00:00,10859.82,10855.36,-4.459999999999127,-0.0004106882066184,False,False
BTC,3,37,2020-09-18 18:51:45+00:00,michael_saylor,BUY,0.9,5.0,2020-09-18 18:52:00+00:00,2020-09-18 18:55:00+00:00,10859.82,10851.57,-8.25,-0.0007596810996867,False,False
BTC,5,37,2020-09-18 18:51:45+00:00,michael_saylor,BUY,0.9,5.0,2020-09-18 18:52:00+00:00,2020-09-18 18:57:00+00:00,10859.82,10858.6,-1.2199999999993452,-0.000112340720196,False,False
BTC,10,37,2020-09-18 18:51:45+00:00,michael_saylor,BUY,0.9,5.0,2020-09-18 18:52:00+00:00,2020-09-18 19:02:00+00:00,10859.82,10844.98,-14.840000000000146,-0.0013665051538607,False,False
BTC,15,37,2020-09-18 18:51:45+00:00,michael_saylor,BUY,0.9,5.0,2020-09-18 18:52:00+00:00,2020-09-18 19:07:00+00:00,10859.82,10859.59,-0.2299999999995634,-2.11789882336506e-05,False,False
BTC,30,37,2020-09-18 18:51:45+00:00,michael_saylor,BUY,0.9,5.0,2020-09-18 18:52:00+00:00,2020-09-18 19:22:00+00:00,10859.82,10853.01,-6.809999999999491,-0.0006270822168322,False,False
BTC,60,37,2020-09-18 18:51:45+00:00,michael_saylor,BUY,0.9,5.0,2020-09-18 18:52:00+00:00,2020-09-18 19:52:00+00:00,10859.82,10858.85,-0.9699999999993452,-8.93200808115922e-05,False,False
BTC,120,37,2020-09-18 18:51:45+00:00,michael_saylor,BUY,0.9,5.0,2020-09-18 18:52:00+00:00,2020-09-18 20:52:00+00:00,10859.82,10885.29,25.470000000001164,0.0023453427404875,False,True
BTC,360,37,2020-09-18 18:51:45+00:00,michael_saylor,BUY,0.9,5.0,2020-09-18 18:52:00+00:00,2020-09-19 00:52:00+00:00,10859.82,10966.3,106.47999999999956,0.0098049507266234,False,True
BTC,720,37,2020-09-18 18:51:45+00:00,michael_saylor,BUY,0.9,5.0,2020-09-18 18:52:00+00:00,2020-09-19 06:52:00+00:00,10859.82,10948.22,88.39999999999964,0.0081400980863402,False,True
BTC,1440,37,2020-09-18 18:51:45+00:00,michael_saylor,BUY,0.9,5.0,2020-09-18 18:52:00+00:00,2020-09-19 18:52:00+00:00,10859.82,11049.92,190.10000000000036,0.0175048941879331,False,True
BTC,1,38,2020-09-18 19:25:52+00:00,michael_saylor,BUY,0.8,5.0,2020-09-18 19:26:00+00:00,2020-09-18 19:27:00+00:00,10866.0,10863.82,-2.180000000000291,-0.0002006258052641,False,False
BTC,3,38,2020-09-18 19:25:52+00:00,michael_saylor,BUY,0.8,5.0,2020-09-18 19:26:00+00:00,2020-09-18 19:29:00+00:00,10866.0,10863.82,-2.180000000000291,-0.0002006258052641,False,False
BTC,5,38,2020-09-18 19:25:52+00:00,michael_saylor,BUY,0.8,5.0,2020-09-18 19:26:00+00:00,2020-09-18 19:31:00+00:00,10866.0,10865.33,-0.6700000000000728,-6.16602245536603e-05,False,False
BTC,10,38,2020-09-18 19:25:52+00:00,michael_saylor,BUY,0.8,5.0,2020-09-18 19:26:00+00:00,2020-09-18 19:36:00+00:00,10866.0,10868.02,2.020000000000437,0.00018590097552,False,True
BTC,15,38,2020-09-18 19:25:52+00:00,michael_saylor,BUY,0.8,5.0,2020-09-18 19:26:00+00:00,2020-09-18 19:41:00+00:00,10866.0,10867.25,1.25,0.0001150377323762,False,True
BTC,30,38,2020-09-18 19:25:52+00:00,michael_saylor,BUY,0.8,5.0,2020-09-18 19:26:00+00:00,2020-09-18 19:56:00+00:00,10866.0,10870.24,4.239999999999782,0.0003902079882201,False,True
BTC,60,38,2020-09-18 19:25:52+00:00,michael_saylor,BUY,0.8,5.0,2020-09-18 19:26:00+00:00,2020-09-18 20:26:00+00:00,10866.0,10889.52,23.520000000000437,0.0021645499723909,False,True
BTC,120,38,2020-09-18 19:25:52+00:00,michael_saylor,BUY,0.8,5.0,2020-09-18 19:26:00+00:00,2020-09-18 21:26:00+00:00,10866.0,10879.18,13.180000000000293,0.0012129578501748,False,True
BTC,360,38,2020-09-18 19:25:52+00:00,michael_saylor,BUY,0.8,5.0,2020-09-18 19:26:00+00:00,2020-09-19 01:26:00+00:00,10866.0,10940.0,74.0,0.0068102337566721,False,True
BTC,720,38,2020-09-18 19:25:52+00:00,michael_saylor,BUY,0.8,5.0,2020-09-18 19:26:00+00:00,2020-09-19 07:26:00+00:00,10866.0,10914.84,48.840000000000146,0.0044947542794036,False,True
BTC,1440,38,2020-09-18 19:25:52+00:00,michael_saylor,BUY,0.8,5.0,2020-09-18 19:26:00+00:00,2020-09-19 19:26:00+00:00,10866.0,11068.23,202.22999999999956,0.0186112644947542,False,True
BTC,1,41,2020-09-23 13:52:48+00:00,michael_saylor,BUY,0.9,5.0,2020-09-23 13:53:00+00:00,2020-09-23 13:54:00+00:00,10507.37,10506.46,-0.9100000000016736,-8.660587758893742e-05,False,False
BTC,3,41,2020-09-23 13:52:48+00:00,michael_saylor,BUY,0.9,5.0,2020-09-23 13:53:00+00:00,2020-09-23 13:56:00+00:00,10507.37,10500.92,-6.450000000000728,-0.0006138548466458,False,False
BTC,5,41,2020-09-23 13:52:48+00:00,michael_saylor,BUY,0.9,5.0,2020-09-23 13:53:00+00:00,2020-09-23 13:58:00+00:00,10507.37,10500.96,-6.4100000000016735,-0.0006100479948837,False,False
BTC,10,41,2020-09-23 13:52:48+00:00,michael_saylor,BUY,0.9,5.0,2020-09-23 13:53:00+00:00,2020-09-23 14:03:00+00:00,10507.37,10498.99,-8.380000000001019,-0.0007975354441692,False,False
BTC,15,41,2020-09-23 13:52:48+00:00,michael_saylor,BUY,0.9,5.0,2020-09-23 13:53:00+00:00,2020-09-23 14:08:00+00:00,10507.37,10475.01,-32.36000000000058,-0.0030797430755746,False,False
BTC,30,41,2020-09-23 13:52:48+00:00,michael_saylor,BUY,0.9,5.0,2020-09-23 13:53:00+00:00,2020-09-23 14:23:00+00:00,10507.37,10463.76,-43.61000000000058,-0.0041504201336776,False,False
BTC,60,41,2020-09-23 13:52:48+00:00,michael_saylor,BUY,0.9,5.0,2020-09-23 13:53:00+00:00,2020-09-23 14:53:00+00:00,10507.37,10474.89,-32.48000000000138,-0.0030911636308611,False,False
BTC,120,41,2020-09-23 13:52:48+00:00,michael_saylor,BUY,0.9,5.0,2020-09-23 13:53:00+00:00,2020-09-23 15:53:00+00:00,10507.37,10447.01,-60.36000000000058,-0.0057445393090754,False,False
BTC,360,41,2020-09-23 13:52:48+00:00,michael_saylor,BUY,0.9,5.0,2020-09-23 13:53:00+00:00,2020-09-23 19:53:00+00:00,10507.37,10283.0,-224.3700000000008,-0.0213535832468068,False,False
BTC,720,41,2020-09-23 13:52:48+00:00,michael_saylor,BUY,0.9,5.0,2020-09-23 13:53:00+00:00,2020-09-24 01:53:00+00:00,10507.37,10289.22,-218.15000000000143,-0.0207616177977934,False,False
BTC,1440,41,2020-09-23 13:52:48+00:00,michael_saylor,BUY,0.9,5.0,2020-09-23 13:53:00+00:00,2020-09-24 13:53:00+00:00,10507.37,10374.84,-132.53000000000063,-0.0126130516009239,False,False
BTC,1,43,2020-09-24 12:39:16+00:00,michael_saylor,BUY,0.8,4.0,2020-09-24 12:40:00+00:00,2020-09-24 12:41:00+00:00,10385.23,10380.28,-4.949999999998909,-0.0004766384567312,False,False
BTC,3,43,2020-09-24 12:39:16+00:00,michael_saylor,BUY,0.8,4.0,2020-09-24 12:40:00+00:00,2020-09-24 12:43:00+00:00,10385.23,10378.79,-6.43999999999869,-0.0006201114467372,False,False
BTC,5,43,2020-09-24 12:39:16+00:00,michael_saylor,BUY,0.8,4.0,2020-09-24 12:40:00+00:00,2020-09-24 12:45:00+00:00,10385.23,10376.89,-8.340000000000146,-0.0008030635816443,False,False
BTC,10,43,2020-09-24 12:39:16+00:00,michael_saylor,BUY,0.8,4.0,2020-09-24 12:40:00+00:00,2020-09-24 12:50:00+00:00,10385.23,10378.12,-7.109999999998763,-0.0006846261469412,False,False
BTC,15,43,2020-09-24 12:39:16+00:00,michael_saylor,BUY,0.8,4.0,2020-09-24 12:40:00+00:00,2020-09-24 12:55:00+00:00,10385.23,10372.0,-13.229999999999563,-0.0012739246025364,False,False
BTC,30,43,2020-09-24 12:39:16+00:00,michael_saylor,BUY,0.8,4.0,2020-09-24 12:40:00+00:00,2020-09-24 13:10:00+00:00,10385.23,10385.84,0.6100000000005821,5.8737264364928085e-05,False,True
BTC,60,43,2020-09-24 12:39:16+00:00,michael_saylor,BUY,0.8,4.0,2020-09-24 12:40:00+00:00,2020-09-24 13:40:00+00:00,10385.23,10339.39,-45.840000000000146,-0.0044139609811241,False,False
BTC,120,43,2020-09-24 12:39:16+00:00,michael_saylor,BUY,0.8,4.0,2020-09-24 12:40:00+00:00,2020-09-24 14:40:00+00:00,10385.23,10379.0,-6.229999999999563,-0.0005998904213002,False,False
BTC,360,43,2020-09-24 12:39:16+00:00,michael_saylor,BUY,0.8,4.0,2020-09-24 12:40:00+00:00,2020-09-24 18:40:00+00:00,10385.23,10651.56,266.3299999999999,0.0256450747840924,False,True
BTC,720,43,2020-09-24 12:39:16+00:00,michael_saylor,BUY,0.8,4.0,2020-09-24 12:40:00+00:00,2020-09-25 00:40:00+00:00,10385.23,10701.57,316.34000000000015,0.0304605675560387,False,True
BTC,1440,43,2020-09-24 12:39:16+00:00,michael_saylor,BUY,0.8,4.0,2020-09-24 12:40:00+00:00,2020-09-25 12:40:00+00:00,10385.23,10611.31,226.07999999999993,0.021769378241984,False,True
BTC,1,44,2020-09-27 13:46:34+00:00,michael_saylor,BUY,0.8,4.0,2020-09-27 13:47:00+00:00,2020-09-27 13:48:00+00:00,10681.11,10679.86,-1.25,-0.0001170290353717,False,False
BTC,3,44,2020-09-27 13:46:34+00:00,michael_saylor,BUY,0.8,4.0,2020-09-27 13:47:00+00:00,2020-09-27 13:50:00+00:00,10681.11,10676.79,-4.319999999999709,-0.0004044523462448,False,False
BTC,5,44,2020-09-27 13:46:34+00:00,michael_saylor,BUY,0.8,4.0,2020-09-27 13:47:00+00:00,2020-09-27 13:52:00+00:00,10681.11,10670.55,-10.56000000000131,-0.000988661290821,False,False
BTC,10,44,2020-09-27 13:46:34+00:00,michael_saylor,BUY,0.8,4.0,2020-09-27 13:47:00+00:00,2020-09-27 13:57:00+00:00,10681.11,10668.1,-13.010000000000218,-0.0012180382001496,False,False
BTC,15,44,2020-09-27 13:46:34+00:00,michael_saylor,BUY,0.8,4.0,2020-09-27 13:47:00+00:00,2020-09-27 14:02:00+00:00,10681.11,10680.63,-0.4800000000013824,-4.4939149582897505e-05,False,False
BTC,30,44,2020-09-27 13:46:34+00:00,michael_saylor,BUY,0.8,4.0,2020-09-27 13:47:00+00:00,2020-09-27 14:17:00+00:00,10681.11,10663.76,-17.350000000000364,-0.0016243630109605,False,False
BTC,60,44,2020-09-27 13:46:34+00:00,michael_saylor,BUY,0.8,4.0,2020-09-27 13:47:00+00:00,2020-09-27 14:47:00+00:00,10681.11,10668.94,-12.170000000000073,-0.0011393946883797,False,False
BTC,120,44,2020-09-27 13:46:34+00:00,michael_saylor,BUY,0.8,4.0,2020-09-27 13:47:00+00:00,2020-09-27 15:47:00+00:00,10681.11,10731.82,50.70999999999913,0.0047476339069627,False,True
BTC,360,44,2020-09-27 13:46:34+00:00,michael_saylor,BUY,0.8,4.0,2020-09-27 13:47:00+00:00,2020-09-27 19:47:00+00:00,10681.11,10718.56,37.44999999999891,0.0035061898997387,False,True
BTC,720,44,2020-09-27 13:46:34+00:00,michael_saylor,BUY,0.8,4.0,2020-09-27 13:47:00+00:00,2020-09-28 01:47:00+00:00,10681.11,10896.19,215.07999999999993,0.0201364839422119,False,True
BTC,1440,44,2020-09-27 13:46:34+00:00,michael_saylor,BUY,0.8,4.0,2020-09-27 13:47:00+00:00,2020-09-28 13:47:00+00:00,10681.11,10887.62,206.51000000000025,0.019334132875703,False,True
BTC,1,46,2020-09-30 14:13:55+00:00,michael_saylor,BUY,0.8,4.0,2020-09-30 14:14:00+00:00,2020-09-30 14:15:00+00:00,10744.38,10746.33,1.9500000000007276,0.0001814902302413,False,True
BTC,3,46,2020-09-30 14:13:55+00:00,michael_saylor,BUY,0.8,4.0,2020-09-30 14:14:00+00:00,2020-09-30 14:17:00+00:00,10744.38,10758.41,14.030000000000657,0.0013057989386079,False,True
BTC,5,46,2020-09-30 14:13:55+00:00,michael_saylor,BUY,0.8,4.0,2020-09-30 14:14:00+00:00,2020-09-30 14:19:00+00:00,10744.38,10753.06,8.680000000000291,0.0008078642043561,False,True
BTC,10,46,2020-09-30 14:13:55+00:00,michael_saylor,BUY,0.8,4.0,2020-09-30 14:14:00+00:00,2020-09-30 14:24:00+00:00,10744.38,10747.63,3.25,0.0003024837170688,False,True
BTC,15,46,2020-09-30 14:13:55+00:00,michael_saylor,BUY,0.8,4.0,2020-09-30 14:14:00+00:00,2020-09-30 14:29:00+00:00,10744.38,10744.57,0.1900000000005093,1.768366345945595e-05,False,True
BTC,30,46,2020-09-30 14:13:55+00:00,michael_saylor,BUY,0.8,4.0,2020-09-30 14:14:00+00:00,2020-09-30 14:44:00+00:00,10744.38,10753.9,9.520000000000437,0.0008860446112293,False,True
BTC,60,46,2020-09-30 14:13:55+00:00,michael_saylor,BUY,0.8,4.0,2020-09-30 14:14:00+00:00,2020-09-30 15:14:00+00:00,10744.38,10780.89,36.51000000000022,0.0033980555415947,False,True
BTC,120,46,2020-09-30 14:13:55+00:00,michael_saylor,BUY,0.8,4.0,2020-09-30 14:14:00+00:00,2020-09-30 16:14:00+00:00,10744.38,10758.26,13.88000000000102,0.0012918381516663,False,True
BTC,360,46,2020-09-30 14:13:55+00:00,michael_saylor,BUY,0.8,4.0,2020-09-30 14:14:00+00:00,2020-09-30 20:14:00+00:00,10744.38,10727.0,-17.3799999999992,-0.001617589846971,False,False
BTC,720,46,2020-09-30 14:13:55+00:00,michael_saylor,BUY,0.8,4.0,2020-09-30 14:14:00+00:00,2020-10-01 02:14:00+00:00,10744.38,10819.73,75.35000000000036,0.0070129686403496,False,True
BTC,1440,46,2020-09-30 14:13:55+00:00,michael_saylor,BUY,0.8,4.0,2020-09-30 14:14:00+00:00,2020-10-01 14:14:00+00:00,10744.38,10841.82,97.44000000000052,0.0090689271972883,False,True
BTC,1,47,2020-10-01 01:14:59+00:00,jack,BUY,0.7,4.0,2020-10-01 01:15:00+00:00,2020-10-01 01:16:00+00:00,10804.01,10803.6,-0.4099999999998545,-3.794887268707216e-05,False,False
BTC,3,47,2020-10-01 01:14:59+00:00,jack,BUY,0.7,4.0,2020-10-01 01:15:00+00:00,2020-10-01 01:18:00+00:00,10804.01,10802.89,-1.1200000000008004,-0.000103665213194,False,False
BTC,5,47,2020-10-01 01:14:59+00:00,jack,BUY,0.7,4.0,2020-10-01 01:15:00+00:00,2020-10-01 01:20:00+00:00,10804.01,10803.45,-0.5599999999994907,-5.1832606596947864e-05,False,False
BTC,10,47,2020-10-01 01:14:59+00:00,jack,BUY,0.7,4.0,2020-10-01 01:15:00+00:00,2020-10-01 01:25:00+00:00,10804.01,10805.77,1.7600000000002185,0.0001629024778762,False,True
BTC,15,47,2020-10-01 01:14:59+00:00,jack,BUY,0.7,4.0,2020-10-01 01:15:00+00:00,2020-10-01 01:30:00+00:00,10804.01,10806.53,2.520000000000437,0.0002332467296865,False,True
BTC,30,47,2020-10-01 01:14:59+00:00,jack,BUY,0.7,4.0,2020-10-01 01:15:00+00:00,2020-10-01 01:45:00+00:00,10804.01,10815.35,11.340000000000146,0.0010496102835891,False,True
BTC,60,47,2020-10-01 01:14:59+00:00,jack,BUY,0.7,4.0,2020-10-01 01:15:00+00:00,2020-10-01 02:15:00+00:00,10804.01,10817.02,13.010000000000218,0.0012041825211194,False,True
BTC,120,47,2020-10-01 01:14:59+00:00,jack,BUY,0.7,4.0,2020-10-01 01:15:00+00:00,2020-10-01 03:15:00+00:00,10804.01,10808.62,4.610000000000582,0.0004266934221646,False,True
BTC,360,47,2020-10-01 01:14:59+00:00,jack,BUY,0.7,4.0,2020-10-01 01:15:00+00:00,2020-10-01 07:15:00+00:00,10804.01,10827.14,23.1299999999992,0.0021408717689079,False,True
BTC,720,47,2020-10-01 01:14:59+00:00,jack,BUY,0.7,4.0,2020-10-01 01:15:00+00:00,2020-10-01 13:15:00+00:00,10804.01,10872.33,68.31999999999971,0.0063235780048333,False,True
BTC,1440,47,2020-10-01 01:14:59+00:00,jack,BUY,0.7,4.0,2020-10-01 01:15:00+00:00,2020-10-02 01:15:00+00:00,10804.01,10612.23,-191.78000000000063,-0.0177508165949495,False,False
BTC,1,49,2020-10-01 13:35:38+00:00,michael_saylor,BUY,0.8,4.0,2020-10-01 13:36:00+00:00,2020-10-01 13:37:00+00:00,10887.19,10890.9,3.709999999999127,0.0003407674523912,False,True
BTC,3,49,2020-10-01 13:35:38+00:00,michael_saylor,BUY,0.8,4.0,2020-10-01 13:36:00+00:00,2020-10-01 13:39:00+00:00,10887.19,10877.41,-9.780000000000657,-0.0008983034189722,False,False
BTC,5,49,2020-10-01 13:35:38+00:00,michael_saylor,BUY,0.8,4.0,2020-10-01 13:36:00+00:00,2020-10-01 13:41:00+00:00,10887.19,10879.47,-7.720000000001164,-0.000709090224383,False,False
BTC,10,49,2020-10-01 13:35:38+00:00,michael_saylor,BUY,0.8,4.0,2020-10-01 13:36:00+00:00,2020-10-01 13:46:00+00:00,10887.19,10862.33,-24.860000000000586,-0.0022834174842177,False,False
BTC,15,49,2020-10-01 13:35:38+00:00,michael_saylor,BUY,0.8,4.0,2020-10-01 13:36:00+00:00,2020-10-01 13:51:00+00:00,10887.19,10852.84,-34.350000000000364,-0.0031550840942429,False,False
BTC,30,49,2020-10-01 13:35:38+00:00,michael_saylor,BUY,0.8,4.0,2020-10-01 13:36:00+00:00,2020-10-01 14:06:00+00:00,10887.19,10839.69,-47.5,-0.0043629256033926,False,False
BTC,60,49,2020-10-01 13:35:38+00:00,michael_saylor,BUY,0.8,4.0,2020-10-01 13:36:00+00:00,2020-10-01 14:36:00+00:00,10887.19,10853.11,-34.07999999999993,-0.0031302843066025,False,False
BTC,120,49,2020-10-01 13:35:38+00:00,michael_saylor,BUY,0.8,4.0,2020-10-01 13:36:00+00:00,2020-10-01 15:36:00+00:00,10887.19,10877.86,-9.329999999999927,-0.0008569704395716,False,False
BTC,360,49,2020-10-01 13:35:38+00:00,michael_saylor,BUY,0.8,4.0,2020-10-01 13:36:00+00:00,2020-10-01 19:36:00+00:00,10887.19,10583.16,-304.03000000000065,-0.0279254793936728,False,False
BTC,720,49,2020-10-01 13:35:38+00:00,michael_saylor,BUY,0.8,4.0,2020-10-01 13:36:00+00:00,2020-10-02 01:36:00+00:00,10887.19,10602.99,-284.2000000000007,-0.026104072768088,False,False
BTC,1440,49,2020-10-01 13:35:38+00:00,michael_saylor,BUY,0.8,4.0,2020-10-01 13:36:00+00:00,2020-10-02 13:36:00+00:00,10887.19,10470.72,-416.4700000000011,-0.0382532131798931,False,False
BTC,1,50,2020-10-02 12:49:21+00:00,michael_saylor,BUY,0.8,4.0,2020-10-02 12:50:00+00:00,2020-10-02 12:51:00+00:00,10486.42,10487.09,0.6700000000000728,6.389215766677977e-05,False,True
BTC,3,50,2020-10-02 12:49:21+00:00,michael_saylor,BUY,0.8,4.0,2020-10-02 12:50:00+00:00,2020-10-02 12:53:00+00:00,10486.42,10483.54,-2.8799999999991996,-0.0002746409165376,False,False
BTC,5,50,2020-10-02 12:49:21+00:00,michael_saylor,BUY,0.8,4.0,2020-10-02 12:50:00+00:00,2020-10-02 12:55:00+00:00,10486.42,10489.49,3.069999999999709,0.0002927595881148,False,True
BTC,10,50,2020-10-02 12:49:21+00:00,michael_saylor,BUY,0.8,4.0,2020-10-02 12:50:00+00:00,2020-10-02 13:00:00+00:00,10486.42,10491.61,5.190000000000509,0.0004949258183441,False,True
BTC,15,50,2020-10-02 12:49:21+00:00,michael_saylor,BUY,0.8,4.0,2020-10-02 12:50:00+00:00,2020-10-02 13:05:00+00:00,10486.42,10473.15,-13.270000000000437,-0.0012654461675195,False,False
BTC,30,50,2020-10-02 12:49:21+00:00,michael_saylor,BUY,0.8,4.0,2020-10-02 12:50:00+00:00,2020-10-02 13:20:00+00:00,10486.42,10452.0,-34.42000000000007,-0.0032823403983437,False,False
BTC,60,50,2020-10-02 12:49:21+00:00,michael_saylor,BUY,0.8,4.0,2020-10-02 12:50:00+00:00,2020-10-02 13:50:00+00:00,10486.42,10546.35,59.93000000000029,0.0057150104611488,False,True
BTC,120,50,2020-10-02 12:49:21+00:00,michael_saylor,BUY,0.8,4.0,2020-10-02 12:50:00+00:00,2020-10-02 14:50:00+00:00,10486.42,10514.47,28.049999999999272,0.0026748880933625,False,True
BTC,360,50,2020-10-02 12:49:21+00:00,michael_saylor,BUY,0.8,4.0,2020-10-02 12:50:00+00:00,2020-10-02 18:50:00+00:00,10486.42,10527.73,41.30999999999949,0.0039393806465885,False,True
BTC,720,50,2020-10-02 12:49:21+00:00,michael_saylor,BUY,0.8,4.0,2020-10-02 12:50:00+00:00,2020-10-03 00:50:00+00:00,10486.42,10541.82,55.39999999999963,0.0052830231861778,False,True
BTC,1440,50,2020-10-02 12:49:21+00:00,michael_saylor,BUY,0.8,4.0,2020-10-02 12:50:00+00:00,2020-10-03 12:50:00+00:00,10486.42,10538.02,51.60000000000037,0.004920649754635,False,True
BTC,1,51,2020-10-02 18:29:46+00:00,michael_saylor,BUY,0.9,5.0,2020-10-02 18:30:00+00:00,2020-10-02 18:31:00+00:00,10538.18,10537.65,-0.5300000000006548,-5.029331440539589e-05,False,False
BTC,3,51,2020-10-02 18:29:46+00:00,michael_saylor,BUY,0.9,5.0,2020-10-02 18:30:00+00:00,2020-10-02 18:33:00+00:00,10538.18,10537.0,-1.180000000000291,-0.0001119737943364,False,False
BTC,5,51,2020-10-02 18:29:46+00:00,michael_saylor,BUY,0.9,5.0,2020-10-02 18:30:00+00:00,2020-10-02 18:35:00+00:00,10538.18,10541.06,2.8799999999991996,0.0002732919726175,False,True
BTC,10,51,2020-10-02 18:29:46+00:00,michael_saylor,BUY,0.9,5.0,2020-10-02 18:30:00+00:00,2020-10-02 18:40:00+00:00,10538.18,10541.01,2.8299999999999272,0.0002685473203152,False,True
BTC,15,51,2020-10-02 18:29:46+00:00,michael_saylor,BUY,0.9,5.0,2020-10-02 18:30:00+00:00,2020-10-02 18:45:00+00:00,10538.18,10534.1,-4.079999999999927,-0.000387163627875,False,False
BTC,30,51,2020-10-02 18:29:46+00:00,michael_saylor,BUY,0.9,5.0,2020-10-02 18:30:00+00:00,2020-10-02 19:00:00+00:00,10538.18,10545.55,7.369999999998981,0.0006993617493721,False,True
BTC,60,51,2020-10-02 18:29:46+00:00,michael_saylor,BUY,0.9,5.0,2020-10-02 18:30:00+00:00,2020-10-02 19:30:00+00:00,10538.18,10521.33,-16.850000000000364,-0.0015989478259054,False,False
BTC,120,51,2020-10-02 18:29:46+00:00,michael_saylor,BUY,0.9,5.0,2020-10-02 18:30:00+00:00,2020-10-02 20:30:00+00:00,10538.18,10543.19,5.010000000000218,0.0004754141606994,False,True
BTC,360,51,2020-10-02 18:29:46+00:00,michael_saylor,BUY,0.9,5.0,2020-10-02 18:30:00+00:00,2020-10-03 00:30:00+00:00,10538.18,10535.93,-2.25,-0.0002135093536075,False,False
BTC,720,51,2020-10-02 18:29:46+00:00,michael_saylor,BUY,0.9,5.0,2020-10-02 18:30:00+00:00,2020-10-03 06:30:00+00:00,10538.18,10520.49,-17.69000000000051,-0.0016786579845856,False,False
BTC,1440,51,2020-10-02 18:29:46+00:00,michael_saylor,BUY,0.9,5.0,2020-10-02 18:30:00+00:00,2020-10-03 18:30:00+00:00,10538.18,10578.31,40.1299999999992,0.0038080579378981,False,True
BTC,1,52,2020-10-02 18:51:31+00:00,michael_saylor,BUY,0.9,5.0,2020-10-02 18:52:00+00:00,2020-10-02 18:53:00+00:00,10530.81,10531.57,0.7600000000002183,7.216918736547506e-05,False,True
BTC,3,52,2020-10-02 18:51:31+00:00,michael_saylor,BUY,0.9,5.0,2020-10-02 18:52:00+00:00,2020-10-02 18:55:00+00:00,10530.81,10552.55,21.73999999999978,0.0020644185964802,False,True
BTC,5,52,2020-10-02 18:51:31+00:00,michael_saylor,BUY,0.9,5.0,2020-10-02 18:52:00+00:00,2020-10-02 18:57:00+00:00,10530.81,10548.62,17.81000000000131,0.0016912279302353,False,True
BTC,10,52,2020-10-02 18:51:31+00:00,michael_saylor,BUY,0.9,5.0,2020-10-02 18:52:00+00:00,2020-10-02 19:02:00+00:00,10530.81,10540.91,10.100000000000364,0.000959090516304,False,True
BTC,15,52,2020-10-02 18:51:31+00:00,michael_saylor,BUY,0.9,5.0,2020-10-02 18:52:00+00:00,2020-10-02 19:07:00+00:00,10530.81,10537.72,6.9099999999998545,0.0006561698482832,False,True
BTC,30,52,2020-10-02 18:51:31+00:00,michael_saylor,BUY,0.9,5.0,2020-10-02 18:52:00+00:00,2020-10-02 19:22:00+00:00,10530.81,10533.89,3.0799999999999272,0.0002924751277442,False,True
BTC,60,52,2020-10-02 18:51:31+00:00,michael_saylor,BUY,0.9,5.0,2020-10-02 18:52:00+00:00,2020-10-02 19:52:00+00:00,10530.81,10527.45,-3.359999999998763,-0.0003190637757208,False,False
BTC,120,52,2020-10-02 18:51:31+00:00,michael_saylor,BUY,0.9,5.0,2020-10-02 18:52:00+00:00,2020-10-02 20:52:00+00:00,10530.81,10536.33,5.520000000000437,0.0005241762029701,False,True
BTC,360,52,2020-10-02 18:51:31+00:00,michael_saylor,BUY,0.9,5.0,2020-10-02 18:52:00+00:00,2020-10-03 00:52:00+00:00,10530.81,10549.26,18.450000000000728,0.0017520019827535,False,True
BTC,720,52,2020-10-02 18:51:31+00:00,michael_saylor,BUY,0.9,5.0,2020-10-02 18:52:00+00:00,2020-10-03 06:52:00+00:00,10530.81,10521.64,-9.170000000000073,-0.0008707782212384,False,False
BTC,1440,52,2020-10-02 18:51:31+00:00,michael_saylor,BUY,0.9,5.0,2020-10-02 18:52:00+00:00,2020-10-03 18:52:00+00:00,10530.81,10567.22,36.409999999999854,0.0034574738315476,False,True
BTC,1,53,2020-10-04 14:14:59+00:00,michael_saylor,BUY,0.8,4.0,2020-10-04 14:15:00+00:00,2020-10-04 14:16:00+00:00,10602.14,10597.64,-4.5,-0.0004244426125291,False,False
BTC,3,53,2020-10-04 14:14:59+00:00,michael_saylor,BUY,0.8,4.0,2020-10-04 14:15:00+00:00,2020-10-04 14:18:00+00:00,10602.14,10591.97,-10.170000000000073,-0.0009592403043159,False,False
BTC,5,53,2020-10-04 14:14:59+00:00,michael_saylor,BUY,0.8,4.0,2020-10-04 14:15:00+00:00,2020-10-04 14:20:00+00:00,10602.14,10595.62,-6.519999999998618,-0.0006149701852643,False,False
BTC,10,53,2020-10-04 14:14:59+00:00,michael_saylor,BUY,0.8,4.0,2020-10-04 14:15:00+00:00,2020-10-04 14:25:00+00:00,10602.14,10596.73,-5.4099999999998545,-0.0005102743408406,False,False
BTC,15,53,2020-10-04 14:14:59+00:00,michael_saylor,BUY,0.8,4.0,2020-10-04 14:15:00+00:00,2020-10-04 14:30:00+00:00,10602.14,10600.4,-1.7399999999997815,-0.0001641178101779,False,False
BTC,30,53,2020-10-04 14:14:59+00:00,michael_saylor,BUY,0.8,4.0,2020-10-04 14:15:00+00:00,2020-10-04 14:45:00+00:00,10602.14,10601.13,-1.0100000000002185,-9.526378636767844e-05,False,False
BTC,60,53,2020-10-04 14:14:59+00:00,michael_saylor,BUY,0.8,4.0,2020-10-04 14:15:00+00:00,2020-10-04 15:15:00+00:00,10602.14,10602.63,0.4899999999997817,4.621708447537778e-05,False,True
BTC,120,53,2020-10-04 14:14:59+00:00,michael_saylor,BUY,0.8,4.0,2020-10-04 14:15:00+00:00,2020-10-04 16:15:00+00:00,10602.14,10601.1,-1.039999999999054,-9.809340378442976e-05,False,False
BTC,360,53,2020-10-04 14:14:59+00:00,michael_saylor,BUY,0.8,4.0,2020-10-04 14:15:00+00:00,2020-10-04 20:15:00+00:00,10602.14,10671.3,69.15999999999985,0.0065232113516704,False,True
BTC,720,53,2020-10-04 14:14:59+00:00,michael_saylor,BUY,0.8,4.0,2020-10-04 14:15:00+00:00,2020-10-05 02:15:00+00:00,10602.14,10701.74,99.60000000000036,0.0093943298239789,False,True
BTC,1440,53,2020-10-04 14:14:59+00:00,michael_saylor,BUY,0.8,4.0,2020-10-04 14:15:00+00:00,2020-10-05 14:15:00+00:00,10602.14,10736.55,134.40999999999983,0.0126776292333434,False,True
BTC,1,54,2020-10-05 11:57:11+00:00,michael_saylor,BUY,0.8,4.0,2020-10-05 11:58:00+00:00,2020-10-05 11:59:00+00:00,10666.41,10666.53,0.1200000000008003,1.1250270709713986e-05,False,True
BTC,3,54,2020-10-05 11:57:11+00:00,michael_saylor,BUY,0.8,4.0,2020-10-05 11:58:00+00:00,2020-10-05 12:01:00+00:00,10666.41,10660.21,-6.200000000000728,-0.0005812639866647,False,False
BTC,5,54,2020-10-05 11:57:11+00:00,michael_saylor,BUY,0.8,4.0,2020-10-05 11:58:00+00:00,2020-10-05 12:03:00+00:00,10666.41,10660.67,-5.739999999999782,-0.0005381379489443,False,False
BTC,10,54,2020-10-05 11:57:11+00:00,michael_saylor,BUY,0.8,4.0,2020-10-05 11:58:00+00:00,2020-10-05 12:08:00+00:00,10666.41,10673.96,7.549999999999272,0.000707829532148,False,True
BTC,15,54,2020-10-05 11:57:11+00:00,michael_saylor,BUY,0.8,4.0,2020-10-05 11:58:00+00:00,2020-10-05 12:13:00+00:00,10666.41,10676.85,10.44000000000051,0.0009787735517386,False,True
BTC,30,54,2020-10-05 11:57:11+00:00,michael_saylor,BUY,0.8,4.0,2020-10-05 11:58:00+00:00,2020-10-05 12:28:00+00:00,10666.41,10677.91,11.5,0.001078150943007,False,True
BTC,60,54,2020-10-05 11:57:11+00:00,michael_saylor,BUY,0.8,4.0,2020-10-05 11:58:00+00:00,2020-10-05 12:58:00+00:00,10666.41,10695.38,28.969999999999345,0.0027160028538186,False,True
BTC,120,54,2020-10-05 11:57:11+00:00,michael_saylor,BUY,0.8,4.0,2020-10-05 11:58:00+00:00,2020-10-05 13:58:00+00:00,10666.41,10717.72,51.30999999999949,0.0048104282509297,False,True
BTC,360,54,2020-10-05 11:57:11+00:00,michael_saylor,BUY,0.8,4.0,2020-10-05 11:58:00+00:00,2020-10-05 17:58:00+00:00,10666.41,10696.49,30.079999999999927,0.0028200678578828,False,True
BTC,720,54,2020-10-05 11:57:11+00:00,michael_saylor,BUY,0.8,4.0,2020-10-05 11:58:00+00:00,2020-10-05 23:58:00+00:00,10666.41,10786.0,119.59000000000016,0.0112118322847143,False,True
BTC,1440,54,2020-10-05 11:57:11+00:00,michael_saylor,BUY,0.8,4.0,2020-10-05 11:58:00+00:00,2020-10-06 11:58:00+00:00,10666.41,10694.1,27.69000000000051,0.0025959999662492,False,True
BTC,1,55,2020-10-06 14:59:43+00:00,michael_saylor,SELL,0.8,5.0,2020-10-06 15:00:00+00:00,2020-10-06 15:01:00+00:00,10661.95,10644.22,-17.730000000001382,-0.0016629228236862,False,True
BTC,3,55,2020-10-06 14:59:43+00:00,michael_saylor,SELL,0.8,5.0,2020-10-06 15:00:00+00:00,2020-10-06 15:03:00+00:00,10661.95,10650.76,-11.19000000000051,-0.0010495265875379,False,True
BTC,5,55,2020-10-06 14:59:43+00:00,michael_saylor,SELL,0.8,5.0,2020-10-06 15:00:00+00:00,2020-10-06 15:05:00+00:00,10661.95,10647.27,-14.680000000000293,-0.0013768588297638,False,True
BTC,10,55,2020-10-06 14:59:43+00:00,michael_saylor,SELL,0.8,5.0,2020-10-06 15:00:00+00:00,2020-10-06 15:10:00+00:00,10661.95,10628.34,-33.61000000000058,-0.0031523314215505,False,True
BTC,15,55,2020-10-06 14:59:43+00:00,michael_saylor,SELL,0.8,5.0,2020-10-06 15:00:00+00:00,2020-10-06 15:15:00+00:00,10661.95,10681.07,19.11999999999898,0.0017932929717358,False,False
BTC,30,55,2020-10-06 14:59:43+00:00,michael_saylor,SELL,0.8,5.0,2020-10-06 15:00:00+00:00,2020-10-06 15:30:00+00:00,10661.95,10688.72,26.769999999998618,0.002510797743377,False,False
BTC,60,55,2020-10-06 14:59:43+00:00,michael_saylor,SELL,0.8,5.0,2020-10-06 15:00:00+00:00,2020-10-06 16:00:00+00:00,10661.95,10738.06,76.10999999999876,0.0071384690417792,False,False
BTC,120,55,2020-10-06 14:59:43+00:00,michael_saylor,SELL,0.8,5.0,2020-10-06 15:00:00+00:00,2020-10-06 17:00:00+00:00,10661.95,10721.03,59.07999999999993,0.0055412002494853,False,False
BTC,360,55,2020-10-06 14:59:43+00:00,michael_saylor,SELL,0.8,5.0,2020-10-06 15:00:00+00:00,2020-10-06 21:00:00+00:00,10661.95,10538.82,-123.13000000000102,-0.0115485441218539,False,True
BTC,720,55,2020-10-06 14:59:43+00:00,michael_saylor,SELL,0.8,5.0,2020-10-06 15:00:00+00:00,2020-10-07 03:00:00+00:00,10661.95,10596.3,-65.65000000000146,-0.0061574102298361,False,True
BTC,1440,55,2020-10-06 14:59:43+00:00,michael_saylor,SELL,0.8,5.0,2020-10-06 15:00:00+00:00,2020-10-07 15:00:00+00:00,10661.95,10628.35,-33.600000000000364,-0.0031513935068163,False,True
BTC,1,56,2020-10-06 15:02:48+00:00,michael_saylor,BUY,0.9,5.0,2020-10-06 15:03:00+00:00,2020-10-06 15:04:00+00:00,10650.76,10642.36,-8.399999999999636,-0.0007886761132538,False,False
BTC,3,56,2020-10-06 15:02:48+00:00,michael_saylor,BUY,0.9,5.0,2020-10-06 15:03:00+00:00,2020-10-06 15:06:00+00:00,10650.76,10635.38,-15.38000000000102,-0.0014440284073625,False,False
BTC,5,56,2020-10-06 15:02:48+00:00,michael_saylor,BUY,0.9,5.0,2020-10-06 15:03:00+00:00,2020-10-06 15:08:00+00:00,10650.76,10633.87,-16.889999999999418,-0.0015858023277211,False,False
BTC,10,56,2020-10-06 15:02:48+00:00,michael_saylor,BUY,0.9,5.0,2020-10-06 15:03:00+00:00,2020-10-06 15:13:00+00:00,10650.76,10641.54,-9.219999999999343,-0.0008656659243095,False,False
BTC,15,56,2020-10-06 15:02:48+00:00,michael_saylor,BUY,0.9,5.0,2020-10-06 15:03:00+00:00,2020-10-06 15:18:00+00:00,10650.76,10683.33,32.56999999999971,0.0030579977391284,False,True
BTC,30,56,2020-10-06 15:02:48+00:00,michael_saylor,BUY,0.9,5.0,2020-10-06 15:03:00+00:00,2020-10-06 15:33:00+00:00,10650.76,10694.01,43.25,0.0040607430831227,False,True
BTC,60,56,2020-10-06 15:02:48+00:00,michael_saylor,BUY,0.9,5.0,2020-10-06 15:03:00+00:00,2020-10-06 16:03:00+00:00,10650.76,10716.26,65.5,0.0061497958831106,False,True
BTC,120,56,2020-10-06 15:02:48+00:00,michael_saylor,BUY,0.9,5.0,2020-10-06 15:03:00+00:00,2020-10-06 17:03:00+00:00,10650.76,10727.08,76.31999999999971,0.0071656858289924,False,True
BTC,360,56,2020-10-06 15:02:48+00:00,michael_saylor,BUY,0.9,5.0,2020-10-06 15:03:00+00:00,2020-10-06 21:03:00+00:00,10650.76,10535.38,-115.38000000000102,-0.0108330297556231,False,False
BTC,720,56,2020-10-06 15:02:48+00:00,michael_saylor,BUY,0.9,5.0,2020-10-06 15:03:00+00:00,2020-10-07 03:03:00+00:00,10650.76,10589.33,-61.43000000000029,-0.0057676635282365,False,False
BTC,1440,56,2020-10-06 15:02:48+00:00,michael_saylor,BUY,0.9,5.0,2020-10-06 15:03:00+00:00,2020-10-07 15:03:00+00:00,10650.76,10620.39,-30.3700000000008,-0.0028514397094668,False,False
BTC,1,57,2020-10-07 14:28:50+00:00,michael_saylor,BUY,0.8,4.0,2020-10-07 14:29:00+00:00,2020-10-07 14:30:00+00:00,10614.1,10620.0,5.899999999999636,0.0005558643690939,False,True
BTC,3,57,2020-10-07 14:28:50+00:00,michael_saylor,BUY,0.8,4.0,2020-10-07 14:29:00+00:00,2020-10-07 14:32:00+00:00,10614.1,10618.47,4.369999999998981,0.0004117164903288,False,True
BTC,5,57,2020-10-07 14:28:50+00:00,michael_saylor,BUY,0.8,4.0,2020-10-07 14:29:00+00:00,2020-10-07 14:34:00+00:00,10614.1,10618.61,4.510000000000218,0.0004249064923074,False,True
BTC,10,57,2020-10-07 14:28:50+00:00,michael_saylor,BUY,0.8,4.0,2020-10-07 14:29:00+00:00,2020-10-07 14:39:00+00:00,10614.1,10614.24,0.1399999999994179,1.3190001978445456e-05,False,True
BTC,15,57,2020-10-07 14:28:50+00:00,michael_saylor,BUY,0.8,4.0,2020-10-07 14:29:00+00:00,2020-10-07 14:44:00+00:00,10614.1,10623.58,9.479999999999563,0.0008931515625441,False,True
BTC,30,57,2020-10-07 14:28:50+00:00,michael_saylor,BUY,0.8,4.0,2020-10-07 14:29:00+00:00,2020-10-07 14:59:00+00:00,10614.1,10632.03,17.93000000000029,0.0016892623962465,False,True
BTC,60,57,2020-10-07 14:28:50+00:00,michael_saylor,BUY,0.8,4.0,2020-10-07 14:29:00+00:00,2020-10-07 15:29:00+00:00,10614.1,10636.56,22.459999999999127,0.0021160531745507,False,True
BTC,120,57,2020-10-07 14:28:50+00:00,michael_saylor,BUY,0.8,4.0,2020-10-07 14:29:00+00:00,2020-10-07 16:29:00+00:00,10614.1,10606.74,-7.360000000000582,-0.0006934172468697,False,False
BTC,360,57,2020-10-07 14:28:50+00:00,michael_saylor,BUY,0.8,4.0,2020-10-07 14:29:00+00:00,2020-10-07 20:29:00+00:00,10614.1,10648.69,34.590000000000146,0.003258872631688,False,True
BTC,720,57,2020-10-07 14:28:50+00:00,michael_saylor,BUY,0.8,4.0,2020-10-07 14:29:00+00:00,2020-10-08 02:29:00+00:00,10614.1,10628.81,14.709999999999129,0.0013858923507409,False,True
BTC,1440,57,2020-10-07 14:28:50+00:00,michael_saylor,BUY,0.8,4.0,2020-10-07 14:29:00+00:00,2020-10-08 14:29:00+00:00,10614.1,10733.61,119.51000000000022,0.0112595509746469,False,True
BTC,1,58,2020-10-07 15:38:37+00:00,michael_saylor,BUY,0.8,4.0,2020-10-07 15:39:00+00:00,2020-10-07 15:40:00+00:00,10630.07,10632.59,2.520000000000437,0.0002370633495358,False,True
BTC,3,58,2020-10-07 15:38:37+00:00,michael_saylor,BUY,0.8,4.0,2020-10-07 15:39:00+00:00,2020-10-07 15:42:00+00:00,10630.07,10624.98,-5.0900000000001455,-0.0004788303369592,False,False
BTC,5,58,2020-10-07 15:38:37+00:00,michael_saylor,BUY,0.8,4.0,2020-10-07 15:39:00+00:00,2020-10-07 15:44:00+00:00,10630.07,10627.49,-2.5799999999999272,-0.0002427077150009,False,False
BTC,10,58,2020-10-07 15:38:37+00:00,michael_saylor,BUY,0.8,4.0,2020-10-07 15:39:00+00:00,2020-10-07 15:49:00+00:00,10630.07,10629.87,-0.1999999999989086,-1.881455155035749e-05,False,False
BTC,15,58,2020-10-07 15:38:37+00:00,michael_saylor,BUY,0.8,4.0,2020-10-07 15:39:00+00:00,2020-10-07 15:54:00+00:00,10630.07,10623.5,-6.569999999999709,-0.0006180580184325,False,False
BTC,30,58,2020-10-07 15:38:37+00:00,michael_saylor,BUY,0.8,4.0,2020-10-07 15:39:00+00:00,2020-10-07 16:09:00+00:00,10630.07,10625.39,-4.680000000000291,-0.0004402605062807,False,False
BTC,60,58,2020-10-07 15:38:37+00:00,michael_saylor,BUY,0.8,4.0,2020-10-07 15:39:00+00:00,2020-10-07 16:39:00+00:00,10630.07,10618.63,-11.44000000000051,-0.0010761923486863,False,False
BTC,120,58,2020-10-07 15:38:37+00:00,michael_saylor,BUY,0.8,4.0,2020-10-07 15:39:00+00:00,2020-10-07 17:39:00+00:00,10630.07,10630.29,0.2200000000011641,2.0696006705615687e-05,False,True
BTC,360,58,2020-10-07 15:38:37+00:00,michael_saylor,BUY,0.8,4.0,2020-10-07 15:39:00+00:00,2020-10-07 21:39:00+00:00,10630.07,10662.45,32.38000000000102,0.0030460758960195,False,True
BTC,720,58,2020-10-07 15:38:37+00:00,michael_saylor,BUY,0.8,4.0,2020-10-07 15:39:00+00:00,2020-10-08 03:39:00+00:00,10630.07,10640.05,9.979999999999563,0.0009388461223679,False,True
BTC,1440,58,2020-10-07 15:38:37+00:00,michael_saylor,BUY,0.8,4.0,2020-10-07 15:39:00+00:00,2020-10-08 15:39:00+00:00,10630.07,10887.7,257.630000000001,0.0242359645797253,False,True
BTC,1,59,2020-10-08 13:16:38+00:00,michael_saylor,BUY,0.8,4.0,2020-10-08 13:17:00+00:00,2020-10-08 13:18:00+00:00,10717.32,10714.23,-3.0900000000001455,-0.0002883183482437,False,False
BTC,3,59,2020-10-08 13:16:38+00:00,michael_saylor,BUY,0.8,4.0,2020-10-08 13:17:00+00:00,2020-10-08 13:20:00+00:00,10717.32,10719.02,1.7000000000007276,0.0001586217449885,False,True
BTC,5,59,2020-10-08 13:16:38+00:00,michael_saylor,BUY,0.8,4.0,2020-10-08 13:17:00+00:00,2020-10-08 13:22:00+00:00,10717.32,10737.66,20.340000000000146,0.0018978625253328,False,True
BTC,10,59,2020-10-08 13:16:38+00:00,michael_saylor,BUY,0.8,4.0,2020-10-08 13:17:00+00:00,2020-10-08 13:27:00+00:00,10717.32,10730.59,13.270000000000437,0.0012381826799983,False,True
BTC,15,59,2020-10-08 13:16:38+00:00,michael_saylor,BUY,0.8,4.0,2020-10-08 13:17:00+00:00,2020-10-08 13:32:00+00:00,10717.32,10744.09,26.770000000000437,0.0024978259490246,False,True
BTC,30,59,2020-10-08 13:16:38+00:00,michael_saylor,BUY,0.8,4.0,2020-10-08 13:17:00+00:00,2020-10-08 13:47:00+00:00,10717.32,10721.46,4.139999999999418,0.0003862906025013,False,True
BTC,60,59,2020-10-08 13:16:38+00:00,michael_saylor,BUY,0.8,4.0,2020-10-08 13:17:00+00:00,2020-10-08 14:17:00+00:00,10717.32,10716.82,-0.5,-4.665345440837822e-05,False,False
BTC,120,59,2020-10-08 13:16:38+00:00,michael_saylor,BUY,0.8,4.0,2020-10-08 13:17:00+00:00,2020-10-08 15:17:00+00:00,10717.32,10905.83,188.51000000000025,0.0175892853810467,False,True
BTC,360,59,2020-10-08 13:16:38+00:00,michael_saylor,BUY,0.8,4.0,2020-10-08 13:17:00+00:00,2020-10-08 19:17:00+00:00,10717.32,10873.07,155.75,0.0145325510482098,False,True
BTC,720,59,2020-10-08 13:16:38+00:00,michael_saylor,BUY,0.8,4.0,2020-10-08 13:17:00+00:00,2020-10-09 01:17:00+00:00,10717.32,10881.92,164.60000000000036,0.0153583171912381,False,True
BTC,1440,59,2020-10-08 13:16:38+00:00,michael_saylor,BUY,0.8,4.0,2020-10-08 13:17:00+00:00,2020-10-09 13:17:00+00:00,10717.32,11056.18,338.8600000000006,0.0316179791216461,False,True
BTC,1,61,2020-10-08 16:21:10+00:00,jack,BUY,0.8,4.0,2020-10-08 16:22:00+00:00,2020-10-08 16:23:00+00:00,10884.49,10892.74,8.25,0.0007579592612974,False,True
BTC,3,61,2020-10-08 16:21:10+00:00,jack,BUY,0.8,4.0,2020-10-08 16:22:00+00:00,2020-10-08 16:25:00+00:00,10884.49,10894.0,9.510000000000218,0.0008737203121138,False,True
BTC,5,61,2020-10-08 16:21:10+00:00,jack,BUY,0.8,4.0,2020-10-08 16:22:00+00:00,2020-10-08 16:27:00+00:00,10884.49,10888.67,4.180000000000291,0.0003840326923907,False,True
BTC,10,61,2020-10-08 16:21:10+00:00,jack,BUY,0.8,4.0,2020-10-08 16:22:00+00:00,2020-10-08 16:32:00+00:00,10884.49,10909.44,24.950000000000728,0.0022922525538634,False,True
BTC,15,61,2020-10-08 16:21:10+00:00,jack,BUY,0.8,4.0,2020-10-08 16:22:00+00:00,2020-10-08 16:37:00+00:00,10884.49,10909.9,25.409999999999854,0.0023345145247962,False,True
BTC,30,61,2020-10-08 16:21:10+00:00,jack,BUY,0.8,4.0,2020-10-08 16:22:00+00:00,2020-10-08 16:52:00+00:00,10884.49,10922.86,38.3700000000008,0.0035251996189073,False,True
BTC,60,61,2020-10-08 16:21:10+00:00,jack,BUY,0.8,4.0,2020-10-08 16:22:00+00:00,2020-10-08 17:22:00+00:00,10884.49,10926.92,42.43000000000029,0.0038982074493155,False,True
BTC,120,61,2020-10-08 16:21:10+00:00,jack,BUY,0.8,4.0,2020-10-08 16:22:00+00:00,2020-10-08 18:22:00+00:00,10884.49,10886.64,2.149999999999636,0.0001975287771865,False,True
BTC,360,61,2020-10-08 16:21:10+00:00,jack,BUY,0.8,4.0,2020-10-08 16:22:00+00:00,2020-10-08 22:22:00+00:00,10884.49,10893.17,8.680000000000291,0.0007974650167348,False,True
BTC,720,61,2020-10-08 16:21:10+00:00,jack,BUY,0.8,4.0,2020-10-08 16:22:00+00:00,2020-10-09 04:22:00+00:00,10884.49,10878.87,-5.619999999998981,-0.0005163310361807,False,False
BTC,1440,61,2020-10-08 16:21:10+00:00,jack,BUY,0.8,4.0,2020-10-08 16:22:00+00:00,2020-10-09 16:22:00+00:00,10884.49,11056.71,172.21999999999937,0.0158225144218975,False,True
BTC,1,63,2020-10-10 13:03:05+00:00,michael_saylor,BUY,0.8,4.0,2020-10-10 13:04:00+00:00,2020-10-10 13:05:00+00:00,11339.97,11339.8,-0.1700000000000727,-1.4991221317170397e-05,False,False
BTC,3,63,2020-10-10 13:03:05+00:00,michael_saylor,BUY,0.8,4.0,2020-10-10 13:04:00+00:00,2020-10-10 13:07:00+00:00,11339.97,11339.6,-0.3699999999989813,-3.262795227844354e-05,False,False
BTC,5,63,2020-10-10 13:03:05+00:00,michael_saylor,BUY,0.8,4.0,2020-10-10 13:04:00+00:00,2020-10-10 13:09:00+00:00,11339.97,11338.65,-1.319999999999709,-0.000116402424345,False,False
BTC,10,63,2020-10-10 13:03:05+00:00,michael_saylor,BUY,0.8,4.0,2020-10-10 13:04:00+00:00,2020-10-10 13:14:00+00:00,11339.97,11328.77,-11.199999999998909,-0.0009876569338365,False,False
BTC,15,63,2020-10-10 13:03:05+00:00,michael_saylor,BUY,0.8,4.0,2020-10-10 13:04:00+00:00,2020-10-10 13:19:00+00:00,11339.97,11326.15,-13.819999999999707,-0.0012186981094305,False,False
BTC,30,63,2020-10-10 13:03:05+00:00,michael_saylor,BUY,0.8,4.0,2020-10-10 13:04:00+00:00,2020-10-10 13:34:00+00:00,11339.97,11316.56,-23.409999999999854,-0.0020643793590282,False,False
BTC,60,63,2020-10-10 13:03:05+00:00,michael_saylor,BUY,0.8,4.0,2020-10-10 13:04:00+00:00,2020-10-10 14:04:00+00:00,11339.97,11347.4,7.430000000000291,0.0006552045552148,False,True
BTC,120,63,2020-10-10 13:03:05+00:00,michael_saylor,BUY,0.8,4.0,2020-10-10 13:04:00+00:00,2020-10-10 15:04:00+00:00,11339.97,11366.18,26.210000000000942,0.0023112935924875,False,True
BTC,360,63,2020-10-10 13:03:05+00:00,michael_saylor,BUY,0.8,4.0,2020-10-10 13:04:00+00:00,2020-10-10 19:04:00+00:00,11339.97,11350.0,10.030000000000657,0.0008844820577127,False,True
BTC,720,63,2020-10-10 13:03:05+00:00,michael_saylor,BUY,0.8,4.0,2020-10-10 13:04:00+00:00,2020-10-11 01:04:00+00:00,11339.97,11325.65,-14.319999999999707,-0.001262789936834,False,False
BTC,1440,63,2020-10-10 13:03:05+00:00,michael_saylor,BUY,0.8,4.0,2020-10-10 13:04:00+00:00,2020-10-11 13:04:00+00:00,11339.97,11353.81,13.840000000000146,0.0012204617825267,False,True
BTC,1,65,2020-10-13 13:22:53+00:00,michael_saylor,BUY,0.8,4.0,2020-10-13 13:23:00+00:00,2020-10-13 13:24:00+00:00,11413.95,11412.11,-1.8400000000001455,-0.0001612062432374,False,False
BTC,3,65,2020-10-13 13:22:53+00:00,michael_saylor,BUY,0.8,4.0,2020-10-13 13:23:00+00:00,2020-10-13 13:26:00+00:00,11413.95,11422.62,8.670000000000073,0.0007595968091677,False,True
BTC,5,65,2020-10-13 13:22:53+00:00,michael_saylor,BUY,0.8,4.0,2020-10-13 13:23:00+00:00,2020-10-13 13:28:00+00:00,11413.95,11415.8,1.8499999999985448,0.0001620823641244,False,True
BTC,10,65,2020-10-13 13:22:53+00:00,michael_saylor,BUY,0.8,4.0,2020-10-13 13:23:00+00:00,2020-10-13 13:33:00+00:00,11413.95,11382.51,-31.44000000000051,-0.0027545240692311,False,False
BTC,15,65,2020-10-13 13:22:53+00:00,michael_saylor,BUY,0.8,4.0,2020-10-13 13:23:00+00:00,2020-10-13 13:38:00+00:00,11413.95,11360.0,-53.95000000000073,-0.0047266721862283,False,False
BTC,30,65,2020-10-13 13:22:53+00:00,michael_saylor,BUY,0.8,4.0,2020-10-13 13:23:00+00:00,2020-10-13 13:53:00+00:00,11413.95,11349.35,-64.60000000000036,-0.0056597409310536,False,False
BTC,60,65,2020-10-13 13:22:53+00:00,michael_saylor,BUY,0.8,4.0,2020-10-13 13:23:00+00:00,2020-10-13 14:23:00+00:00,11413.95,11361.36,-52.590000000000146,-0.0046075197455745,False,False
BTC,120,65,2020-10-13 13:22:53+00:00,michael_saylor,BUY,0.8,4.0,2020-10-13 13:23:00+00:00,2020-10-13 15:23:00+00:00,11413.95,11413.84,-0.110000000000582,-9.63732975881111e-06,False,False
BTC,360,65,2020-10-13 13:22:53+00:00,michael_saylor,BUY,0.8,4.0,2020-10-13 13:23:00+00:00,2020-10-13 19:23:00+00:00,11413.95,11411.88,-2.070000000001528,-0.0001813570236422,False,False
BTC,720,65,2020-10-13 13:22:53+00:00,michael_saylor,BUY,0.8,4.0,2020-10-13 13:23:00+00:00,2020-10-14 01:23:00+00:00,11413.95,11447.55,33.599999999998545,0.0029437661808575,False,True
BTC,1440,65,2020-10-13 13:22:53+00:00,michael_saylor,BUY,0.8,4.0,2020-10-13 13:23:00+00:00,2020-10-14 13:23:00+00:00,11413.95,11413.2,-0.75,-6.570906653700077e-05,False,False
BTC,1,67,2020-10-13 13:41:38+00:00,michael_saylor,BUY,0.8,4.0,2020-10-13 13:42:00+00:00,2020-10-13 13:43:00+00:00,11367.44,11371.65,4.209999999999127,0.000370356034428,False,True
BTC,3,67,2020-10-13 13:41:38+00:00,michael_saylor,BUY,0.8,4.0,2020-10-13 13:42:00+00:00,2020-10-13 13:45:00+00:00,11367.44,11359.19,-8.25,-0.0007257570745919,False,False
BTC,5,67,2020-10-13 13:41:38+00:00,michael_saylor,BUY,0.8,4.0,2020-10-13 13:42:00+00:00,2020-10-13 13:47:00+00:00,11367.44,11367.99,0.5499999999992724,4.8383804972735496e-05,False,True
BTC,10,67,2020-10-13 13:41:38+00:00,michael_saylor,BUY,0.8,4.0,2020-10-13 13:42:00+00:00,2020-10-13 13:52:00+00:00,11367.44,11368.76,1.319999999999709,0.0001161211319346,False,True
BTC,15,67,2020-10-13 13:41:38+00:00,michael_saylor,BUY,0.8,4.0,2020-10-13 13:42:00+00:00,2020-10-13 13:57:00+00:00,11367.44,11344.8,-22.640000000001237,-0.0019916533537895,False,False
BTC,30,67,2020-10-13 13:41:38+00:00,michael_saylor,BUY,0.8,4.0,2020-10-13 13:42:00+00:00,2020-10-13 14:12:00+00:00,11367.44,11326.99,-40.45000000000073,-0.0035584089293632,False,False
BTC,60,67,2020-10-13 13:41:38+00:00,michael_saylor,BUY,0.8,4.0,2020-10-13 13:42:00+00:00,2020-10-13 14:42:00+00:00,11367.44,11371.65,4.209999999999127,0.000370356034428,False,True
BTC,120,67,2020-10-13 13:41:38+00:00,michael_saylor,BUY,0.8,4.0,2020-10-13 13:42:00+00:00,2020-10-13 15:42:00+00:00,11367.44,11400.01,32.56999999999971,0.0028652009599346,False,True
BTC,360,67,2020-10-13 13:41:38+00:00,michael_saylor,BUY,0.8,4.0,2020-10-13 13:42:00+00:00,2020-10-13 19:42:00+00:00,11367.44,11395.99,28.549999999999272,0.0025115593308607,False,True
BTC,720,67,2020-10-13 13:41:38+00:00,michael_saylor,BUY,0.8,4.0,2020-10-13 13:42:00+00:00,2020-10-14 01:42:00+00:00,11367.44,11441.32,73.8799999999992,0.0064992645661643,False,True
BTC,1440,67,2020-10-13 13:41:38+00:00,michael_saylor,BUY,0.8,4.0,2020-10-13 13:42:00+00:00,2020-10-14 13:42:00+00:00,11367.44,11497.82,130.3799999999992,0.0114696008951882,False,True
BTC,1,68,2020-10-13 16:33:35+00:00,michael_saylor,BUY,0.9,5.0,2020-10-13 16:34:00+00:00,2020-10-13 16:35:00+00:00,11390.17,11384.14,-6.030000000000655,-0.0005294038631557,False,False
BTC,3,68,2020-10-13 16:33:35+00:00,michael_saylor,BUY,0.9,5.0,2020-10-13 16:34:00+00:00,2020-10-13 16:37:00+00:00,11390.17,11370.63,-19.540000000000873,-0.0017155143426306,False,False
BTC,5,68,2020-10-13 16:33:35+00:00,michael_saylor,BUY,0.9,5.0,2020-10-13 16:34:00+00:00,2020-10-13 16:39:00+00:00,11390.17,11372.78,-17.389999999999418,-0.0015267550879398,False,False
BTC,10,68,2020-10-13 16:33:35+00:00,michael_saylor,BUY,0.9,5.0,2020-10-13 16:34:00+00:00,2020-10-13 16:44:00+00:00,11390.17,11369.11,-21.05999999999949,-0.0018489627459466,False,False
BTC,15,68,2020-10-13 16:33:35+00:00,michael_saylor,BUY,0.9,5.0,2020-10-13 16:34:00+00:00,2020-10-13 16:49:00+00:00,11390.17,11370.62,-19.549999999999272,-0.0017163922926522,False,False
BTC,30,68,2020-10-13 16:33:35+00:00,michael_saylor,BUY,0.9,5.0,2020-10-13 16:34:00+00:00,2020-10-13 17:04:00+00:00,11390.17,11390.42,0.25,2.1948750545426452e-05,False,True
BTC,60,68,2020-10-13 16:33:35+00:00,michael_saylor,BUY,0.9,5.0,2020-10-13 16:34:00+00:00,2020-10-13 17:34:00+00:00,11390.17,11381.86,-8.30999999999949,-0.0007295764681299,False,False
BTC,120,68,2020-10-13 16:33:35+00:00,michael_saylor,BUY,0.9,5.0,2020-10-13 16:34:00+00:00,2020-10-13 18:34:00+00:00,11390.17,11388.97,-1.2000000000007276,-0.0001053540026181,False,False
BTC,360,68,2020-10-13 16:33:35+00:00,michael_saylor,BUY,0.9,5.0,2020-10-13 16:34:00+00:00,2020-10-13 22:34:00+00:00,11390.17,11420.46,30.289999999999058,0.0026593106160837,False,True
BTC,720,68,2020-10-13 16:33:35+00:00,michael_saylor,BUY,0.9,5.0,2020-10-13 16:34:00+00:00,2020-10-14 04:34:00+00:00,11390.17,11408.66,18.48999999999978,0.0016233295903397,False,True
BTC,1440,68,2020-10-13 16:33:35+00:00,michael_saylor,BUY,0.9,5.0,2020-10-13 16:34:00+00:00,2020-10-14 16:34:00+00:00,11390.17,11338.77,-51.39999999999963,-0.0045126631121396,False,False
BTC,1,70,2020-10-14 13:22:27+00:00,michael_saylor,BUY,0.8,4.0,2020-10-14 13:23:00+00:00,2020-10-14 13:24:00+00:00,11413.2,11411.57,-1.6300000000010186,-0.0001428170889847,False,False
BTC,3,70,2020-10-14 13:22:27+00:00,michael_saylor,BUY,0.8,4.0,2020-10-14 13:23:00+00:00,2020-10-14 13:26:00+00:00,11413.2,11414.89,1.6899999999986903,0.0001480741597447,False,True
BTC,5,70,2020-10-14 13:22:27+00:00,michael_saylor,BUY,0.8,4.0,2020-10-14 13:23:00+00:00,2020-10-14 13:28:00+00:00,11413.2,11408.51,-4.690000000000509,-0.0004109276977535,False,False
BTC,10,70,2020-10-14 13:22:27+00:00,michael_saylor,BUY,0.8,4.0,2020-10-14 13:23:00+00:00,2020-10-14 13:33:00+00:00,11413.2,11405.67,-7.530000000000655,-0.0006597623804016,False,False
BTC,15,70,2020-10-14 13:22:27+00:00,michael_saylor,BUY,0.8,4.0,2020-10-14 13:23:00+00:00,2020-10-14 13:38:00+00:00,11413.2,11474.64,61.43999999999869,0.0053832404584164,False,True
BTC,30,70,2020-10-14 13:22:27+00:00,michael_saylor,BUY,0.8,4.0,2020-10-14 13:23:00+00:00,2020-10-14 13:53:00+00:00,11413.2,11515.51,102.30999999999948,0.0089641818245539,False,True
BTC,60,70,2020-10-14 13:22:27+00:00,michael_saylor,BUY,0.8,4.0,2020-10-14 13:23:00+00:00,2020-10-14 14:23:00+00:00,11413.2,11504.28,91.07999999999991,0.0079802334139417,False,True
BTC,120,70,2020-10-14 13:22:27+00:00,michael_saylor,BUY,0.8,4.0,2020-10-14 13:23:00+00:00,2020-10-14 15:23:00+00:00,11413.2,11392.53,-20.670000000000073,-0.0018110608768794,False,False
BTC,360,70,2020-10-14 13:22:27+00:00,michael_saylor,BUY,0.8,4.0,2020-10-14 13:23:00+00:00,2020-10-14 19:23:00+00:00,11413.2,11354.92,-58.280000000000655,-0.0051063680650475,False,False
BTC,720,70,2020-10-14 13:22:27+00:00,michael_saylor,BUY,0.8,4.0,2020-10-14 13:23:00+00:00,2020-10-15 01:23:00+00:00,11413.2,11379.53,-33.67000000000007,-0.0029500928749167,False,False
BTC,1440,70,2020-10-14 13:22:27+00:00,michael_saylor,BUY,0.8,4.0,2020-10-14 13:23:00+00:00,2020-10-15 13:23:00+00:00,11413.2,11372.8,-40.400000000001455,-0.0035397609785162,False,False
BTC,1,71,2020-10-14 15:54:10+00:00,michael_saylor,BUY,0.9,5.0,2020-10-14 15:55:00+00:00,2020-10-14 15:56:00+00:00,11318.56,11336.64,18.079999999999927,0.001597376344694,False,True
BTC,3,71,2020-10-14 15:54:10+00:00,michael_saylor,BUY,0.9,5.0,2020-10-14 15:55:00+00:00,2020-10-14 15:58:00+00:00,11318.56,11326.16,7.600000000000364,0.0006714635077253,False,True
BTC,5,71,2020-10-14 15:54:10+00:00,michael_saylor,BUY,0.9,5.0,2020-10-14 15:55:00+00:00,2020-10-14 16:00:00+00:00,11318.56,11313.9,-4.6599999999998545,-0.0004117131507894,False,False
BTC,10,71,2020-10-14 15:54:10+00:00,michael_saylor,BUY,0.9,5.0,2020-10-14 15:55:00+00:00,2020-10-14 16:05:00+00:00,11318.56,11351.87,33.31000000000131,0.0029429538739911,False,True
BTC,15,71,2020-10-14 15:54:10+00:00,michael_saylor,BUY,0.9,5.0,2020-10-14 15:55:00+00:00,2020-10-14 16:10:00+00:00,11318.56,11333.1,14.540000000000871,0.0012846157108325,False,True
BTC,30,71,2020-10-14 15:54:10+00:00,michael_saylor,BUY,0.9,5.0,2020-10-14 15:55:00+00:00,2020-10-14 16:25:00+00:00,11318.56,11338.77,20.210000000000942,0.0017855628277802,False,True
BTC,60,71,2020-10-14 15:54:10+00:00,michael_saylor,BUY,0.9,5.0,2020-10-14 15:55:00+00:00,2020-10-14 16:55:00+00:00,11318.56,11345.62,27.06000000000131,0.0023907634893485,False,True
BTC,120,71,2020-10-14 15:54:10+00:00,michael_saylor,BUY,0.9,5.0,2020-10-14 15:55:00+00:00,2020-10-14 17:55:00+00:00,11318.56,11341.22,22.659999999999854,0.00200202145856,False,True
BTC,360,71,2020-10-14 15:54:10+00:00,michael_saylor,BUY,0.9,5.0,2020-10-14 15:55:00+00:00,2020-10-14 21:55:00+00:00,11318.56,11368.45,49.89000000000124,0.0044078045263709,False,True
BTC,720,71,2020-10-14 15:54:10+00:00,michael_saylor,BUY,0.9,5.0,2020-10-14 15:55:00+00:00,2020-10-15 03:55:00+00:00,11318.56,11375.36,56.80000000000109,0.0050183062156317,False,True
BTC,1440,71,2020-10-14 15:54:10+00:00,michael_saylor,BUY,0.9,5.0,2020-10-14 15:55:00+00:00,2020-10-15 15:55:00+00:00,11318.56,11410.95,92.39000000000124,0.0081626991419404,False,True
BTC,1,73,2020-10-15 12:51:51+00:00,michael_saylor,BUY,0.9,4.0,2020-10-15 12:52:00+00:00,2020-10-15 12:53:00+00:00,11385.65,11383.91,-1.7399999999997815,-0.0001528239494451,False,False
BTC,3,73,2020-10-15 12:51:51+00:00,michael_saylor,BUY,0.9,4.0,2020-10-15 12:52:00+00:00,2020-10-15 12:55:00+00:00,11385.65,11377.99,-7.6599999999998545,-0.0006727766969825,False,False
BTC,5,73,2020-10-15 12:51:51+00:00,michael_saylor,BUY,0.9,4.0,2020-10-15 12:52:00+00:00,2020-10-15 12:57:00+00:00,11385.65,11373.72,-11.930000000000293,-0.0010478101821152,False,False
BTC,10,73,2020-10-15 12:51:51+00:00,michael_saylor,BUY,0.9,4.0,2020-10-15 12:52:00+00:00,2020-10-15 13:02:00+00:00,11385.65,11386.78,1.1300000000010186,9.92477372834242e-05,False,True
BTC,15,73,2020-10-15 12:51:51+00:00,michael_saylor,BUY,0.9,4.0,2020-10-15 12:52:00+00:00,2020-10-15 13:07:00+00:00,11385.65,11385.25,-0.3999999999996362,-3.5131942401148485e-05,False,False
BTC,30,73,2020-10-15 12:51:51+00:00,michael_saylor,BUY,0.9,4.0,2020-10-15 12:52:00+00:00,2020-10-15 13:22:00+00:00,11385.65,11371.99,-13.659999999999854,-0.0011997558330002,False,False
BTC,60,73,2020-10-15 12:51:51+00:00,michael_saylor,BUY,0.9,4.0,2020-10-15 12:52:00+00:00,2020-10-15 13:52:00+00:00,11385.65,11391.39,5.739999999999782,0.0005041433734569,False,True
BTC,120,73,2020-10-15 12:51:51+00:00,michael_saylor,BUY,0.9,4.0,2020-10-15 12:52:00+00:00,2020-10-15 14:52:00+00:00,11385.65,11376.17,-9.479999999999563,-0.0008326270349079,False,False
BTC,360,73,2020-10-15 12:51:51+00:00,michael_saylor,BUY,0.9,4.0,2020-10-15 12:52:00+00:00,2020-10-15 18:52:00+00:00,11385.65,11477.63,91.97999999999956,0.0080785901551514,False,True
BTC,720,73,2020-10-15 12:51:51+00:00,michael_saylor,BUY,0.9,4.0,2020-10-15 12:52:00+00:00,2020-10-16 00:52:00+00:00,11385.65,11504.47,118.81999999999972,0.0104359434902706,False,True
BTC,1440,73,2020-10-15 12:51:51+00:00,michael_saylor,BUY,0.9,4.0,2020-10-15 12:52:00+00:00,2020-10-16 12:52:00+00:00,11385.65,11372.87,-12.779999999998836,-0.0011224655597176,False,False
BTC,1,74,2020-10-15 13:27:45+00:00,michael_saylor,BUY,0.9,5.0,2020-10-15 13:28:00+00:00,2020-10-15 13:29:00+00:00,11363.99,11359.99,-4.0,-0.0003519890461008,False,False
BTC,3,74,2020-10-15 13:27:45+00:00,michael_saylor,BUY,0.9,5.0,2020-10-15 13:28:00+00:00,2020-10-15 13:31:00+00:00,11363.99,11372.53,8.540000000000873,0.0007514966134254,False,True
BTC,5,74,2020-10-15 13:27:45+00:00,michael_saylor,BUY,0.9,5.0,2020-10-15 13:28:00+00:00,2020-10-15 13:33:00+00:00,11363.99,11385.53,21.540000000000873,0.0018954610132533,False,True
BTC,10,74,2020-10-15 13:27:45+00:00,michael_saylor,BUY,0.9,5.0,2020-10-15 13:28:00+00:00,2020-10-15 13:38:00+00:00,11363.99,11374.58,10.590000000000146,0.0009318909995521,False,True
BTC,15,74,2020-10-15 13:27:45+00:00,michael_saylor,BUY,0.9,5.0,2020-10-15 13:28:00+00:00,2020-10-15 13:43:00+00:00,11363.99,11380.0,16.01000000000022,0.0014088361570188,False,True
BTC,30,74,2020-10-15 13:27:45+00:00,michael_saylor,BUY,0.9,5.0,2020-10-15 13:28:00+00:00,2020-10-15 13:58:00+00:00,11363.99,11401.85,37.86000000000058,0.0033315763213449,False,True
BTC,60,74,2020-10-15 13:27:45+00:00,michael_saylor,BUY,0.9,5.0,2020-10-15 13:28:00+00:00,2020-10-15 14:28:00+00:00,11363.99,11387.5,23.51000000000022,0.0020688156184579,False,True
BTC,120,74,2020-10-15 13:27:45+00:00,michael_saylor,BUY,0.9,5.0,2020-10-15 13:28:00+00:00,2020-10-15 15:28:00+00:00,11363.99,11391.76,27.770000000000437,0.0024436839525554,False,True
BTC,360,74,2020-10-15 13:27:45+00:00,michael_saylor,BUY,0.9,5.0,2020-10-15 13:28:00+00:00,2020-10-15 19:28:00+00:00,11363.99,11510.31,146.3199999999997,0.0128757593063703,False,True
BTC,720,74,2020-10-15 13:27:45+00:00,michael_saylor,BUY,0.9,5.0,2020-10-15 13:28:00+00:00,2020-10-16 01:28:00+00:00,11363.99,11534.76,170.77000000000044,0.015027292350662,False,True
BTC,1440,74,2020-10-15 13:27:45+00:00,michael_saylor,BUY,0.9,5.0,2020-10-15 13:28:00+00:00,2020-10-16 13:28:00+00:00,11363.99,11365.32,1.3299999999999272,0.0001170363578285,False,True
BTC,1,76,2020-10-16 12:08:36+00:00,michael_saylor,BUY,0.8,4.0,2020-10-16 12:09:00+00:00,2020-10-16 12:10:00+00:00,11347.34,11350.96,3.619999999998982,0.0003190174966114,False,True
BTC,3,76,2020-10-16 12:08:36+00:00,michael_saylor,BUY,0.8,4.0,2020-10-16 12:09:00+00:00,2020-10-16 12:12:00+00:00,11347.34,11351.03,3.6900000000005098,0.0003251863432311,False,True
BTC,5,76,2020-10-16 12:08:36+00:00,michael_saylor,BUY,0.8,4.0,2020-10-16 12:09:00+00:00,2020-10-16 12:14:00+00:00,11347.34,11350.2,2.860000000000582,0.0002520414475992,False,True
BTC,10,76,2020-10-16 12:08:36+00:00,michael_saylor,BUY,0.8,4.0,2020-10-16 12:09:00+00:00,2020-10-16 12:19:00+00:00,11347.34,11362.41,15.069999999999707,0.001328064550811,False,True
BTC,15,76,2020-10-16 12:08:36+00:00,michael_saylor,BUY,0.8,4.0,2020-10-16 12:09:00+00:00,2020-10-16 12:24:00+00:00,11347.34,11366.74,19.399999999999636,0.0017096517774209,False,True
BTC,30,76,2020-10-16 12:08:36+00:00,michael_saylor,BUY,0.8,4.0,2020-10-16 12:09:00+00:00,2020-10-16 12:39:00+00:00,11347.34,11357.11,9.770000000000437,0.00086099473533,False,True
BTC,60,76,2020-10-16 12:08:36+00:00,michael_saylor,BUY,0.8,4.0,2020-10-16 12:09:00+00:00,2020-10-16 13:09:00+00:00,11347.34,11352.09,4.75,0.0004186003063272,False,True
BTC,120,76,2020-10-16 12:08:36+00:00,michael_saylor,BUY,0.8,4.0,2020-10-16 12:09:00+00:00,2020-10-16 14:09:00+00:00,11347.34,11359.92,12.579999999999927,0.0011086298639152,False,True
BTC,360,76,2020-10-16 12:08:36+00:00,michael_saylor,BUY,0.8,4.0,2020-10-16 12:09:00+00:00,2020-10-16 18:09:00+00:00,11347.34,11350.21,2.869999999998982,0.0002529227114018,False,True
BTC,720,76,2020-10-16 12:08:36+00:00,michael_saylor,BUY,0.8,4.0,2020-10-16 12:09:00+00:00,2020-10-17 00:09:00+00:00,11347.34,11309.06,-38.280000000000655,-0.0033734778370966,False,False
BTC,1440,76,2020-10-16 12:08:36+00:00,michael_saylor,BUY,0.8,4.0,2020-10-16 12:09:00+00:00,2020-10-17 12:09:00+00:00,11347.34,11338.07,-9.270000000000437,-0.0008169315451903,False,False
BTC,1,78,2020-10-17 12:26:12+00:00,michael_saylor,BUY,0.9,5.0,2020-10-17 12:27:00+00:00,2020-10-17 12:28:00+00:00,11334.9,11334.19,-0.7099999999991269,-6.263839998580727e-05,False,False
BTC,3,78,2020-10-17 12:26:12+00:00,michael_saylor,BUY,0.9,5.0,2020-10-17 12:27:00+00:00,2020-10-17 12:30:00+00:00,11334.9,11333.2,-1.6999999999989086,-0.0001499792675717,False,False
BTC,5,78,2020-10-17 12:26:12+00:00,michael_saylor,BUY,0.9,5.0,2020-10-17 12:27:00+00:00,2020-10-17 12:32:00+00:00,11334.9,11328.99,-5.9099999999998545,-0.0005213985125585,False,False
BTC,10,78,2020-10-17 12:26:12+00:00,michael_saylor,BUY,0.9,5.0,2020-10-17 12:27:00+00:00,2020-10-17 12:37:00+00:00,11334.9,11331.94,-2.959999999999127,-0.000261140371772,False,False
BTC,15,78,2020-10-17 12:26:12+00:00,michael_saylor,BUY,0.9,5.0,2020-10-17 12:27:00+00:00,2020-10-17 12:42:00+00:00,11334.9,11334.1,-0.7999999999992724,-7.057847885727024e-05,False,False
BTC,30,78,2020-10-17 12:26:12+00:00,michael_saylor,BUY,0.9,5.0,2020-10-17 12:27:00+00:00,2020-10-17 12:57:00+00:00,11334.9,11345.18,10.280000000000657,0.0009069334533168,False,True
BTC,60,78,2020-10-17 12:26:12+00:00,michael_saylor,BUY,0.9,5.0,2020-10-17 12:27:00+00:00,2020-10-17 13:27:00+00:00,11334.9,11325.79,-9.109999999998765,-0.0008037124279877,False,False
BTC,120,78,2020-10-17 12:26:12+00:00,michael_saylor,BUY,0.9,5.0,2020-10-17 12:27:00+00:00,2020-10-17 14:27:00+00:00,11334.9,11335.29,0.3900000000012369,3.440700844305966e-05,False,True
BTC,360,78,2020-10-17 12:26:12+00:00,michael_saylor,BUY,0.9,5.0,2020-10-17 12:27:00+00:00,2020-10-17 18:27:00+00:00,11334.9,11339.01,4.110000000000582,0.0003625969351296,False,True
BTC,720,78,2020-10-17 12:26:12+00:00,michael_saylor,BUY,0.9,5.0,2020-10-17 12:27:00+00:00,2020-10-18 00:27:00+00:00,11334.9,11373.29,38.39000000000124,0.0033868847541664,False,True
BTC,1440,78,2020-10-17 12:26:12+00:00,michael_saylor,BUY,0.9,5.0,2020-10-17 12:27:00+00:00,2020-10-18 12:27:00+00:00,11334.9,11428.14,93.23999999999978,0.0082259217108223,False,True
BTC,1,79,2020-10-18 13:19:19+00:00,michael_saylor,BUY,0.8,4.0,2020-10-18 13:20:00+00:00,2020-10-18 13:21:00+00:00,11434.07,11434.91,0.8400000000001455,7.34646543182039e-05,False,True
BTC,3,79,2020-10-18 13:19:19+00:00,michael_saylor,BUY,0.8,4.0,2020-10-18 13:20:00+00:00,2020-10-18 13:23:00+00:00,11434.07,11434.31,0.2399999999997817,2.0989901233749817e-05,False,True
BTC,5,79,2020-10-18 13:19:19+00:00,michael_saylor,BUY,0.8,4.0,2020-10-18 13:20:00+00:00,2020-10-18 13:25:00+00:00,11434.07,11434.41,0.3400000000001455,2.973569341451867e-05,False,True
BTC,10,79,2020-10-18 13:19:19+00:00,michael_saylor,BUY,0.8,4.0,2020-10-18 13:20:00+00:00,2020-10-18 13:30:00+00:00,11434.07,11428.11,-5.959999999999127,-0.0005212492139718,False,False
BTC,15,79,2020-10-18 13:19:19+00:00,michael_saylor,BUY,0.8,4.0,2020-10-18 13:20:00+00:00,2020-10-18 13:35:00+00:00,11434.07,11423.39,-10.680000000000293,-0.0009340506049027,False,False
BTC,30,79,2020-10-18 13:19:19+00:00,michael_saylor,BUY,0.8,4.0,2020-10-18 13:20:00+00:00,2020-10-18 13:50:00+00:00,11434.07,11435.51,1.440000000000509,0.0001259394074026,False,True
BTC,60,79,2020-10-18 13:19:19+00:00,michael_saylor,BUY,0.8,4.0,2020-10-18 13:20:00+00:00,2020-10-18 14:20:00+00:00,11434.07,11429.99,-4.079999999999927,-0.000356828320974,False,False
BTC,120,79,2020-10-18 13:19:19+00:00,michael_saylor,BUY,0.8,4.0,2020-10-18 13:20:00+00:00,2020-10-18 15:20:00+00:00,11434.07,11440.25,6.180000000000291,0.0005404899567695,False,True
BTC,360,79,2020-10-18 13:19:19+00:00,michael_saylor,BUY,0.8,4.0,2020-10-18 13:20:00+00:00,2020-10-18 19:20:00+00:00,11434.07,11447.03,12.960000000000946,0.0011334546666236,False,True
BTC,720,79,2020-10-18 13:19:19+00:00,michael_saylor,BUY,0.8,4.0,2020-10-18 13:20:00+00:00,2020-10-19 01:20:00+00:00,11434.07,11475.93,41.86000000000058,0.0036609886068565,False,True
BTC,1440,79,2020-10-18 13:19:19+00:00,michael_saylor,BUY,0.8,4.0,2020-10-18 13:20:00+00:00,2020-10-19 13:20:00+00:00,11434.07,11629.03,194.96000000000095,0.017050796435565,False,True
BTC,1,80,2020-10-19 11:49:22+00:00,michael_saylor,BUY,0.7,4.0,2020-10-19 11:50:00+00:00,2020-10-19 11:51:00+00:00,11499.52,11500.34,0.819999999999709,7.130732413176453e-05,False,True
BTC,3,80,2020-10-19 11:49:22+00:00,michael_saylor,BUY,0.7,4.0,2020-10-19 11:50:00+00:00,2020-10-19 11:53:00+00:00,11499.52,11504.04,4.520000000000437,0.0003930598842386,False,True
BTC,5,80,2020-10-19 11:49:22+00:00,michael_saylor,BUY,0.7,4.0,2020-10-19 11:50:00+00:00,2020-10-19 11:55:00+00:00,11499.52,11503.0,3.479999999999563,0.0003026213268031,False,True
BTC,10,80,2020-10-19 11:49:22+00:00,michael_saylor,BUY,0.7,4.0,2020-10-19 11:50:00+00:00,2020-10-19 12:00:00+00:00,11499.52,11473.38,-26.140000000001237,-0.0022731383570793,False,False
BTC,15,80,2020-10-19 11:49:22+00:00,michael_saylor,BUY,0.7,4.0,2020-10-19 11:50:00+00:00,2020-10-19 12:05:00+00:00,11499.52,11483.54,-15.979999999999563,-0.001389623219056,False,False
BTC,30,80,2020-10-19 11:49:22+00:00,michael_saylor,BUY,0.7,4.0,2020-10-19 11:50:00+00:00,2020-10-19 12:20:00+00:00,11499.52,11515.83,16.30999999999949,0.0014183200690115,False,True
BTC,60,80,2020-10-19 11:49:22+00:00,michael_saylor,BUY,0.7,4.0,2020-10-19 11:50:00+00:00,2020-10-19 12:50:00+00:00,11499.52,11518.02,18.5,0.0016087628005342,False,True
BTC,120,80,2020-10-19 11:49:22+00:00,michael_saylor,BUY,0.7,4.0,2020-10-19 11:50:00+00:00,2020-10-19 13:50:00+00:00,11499.52,11657.0,157.47999999999956,0.0136944846393588,False,True
BTC,360,80,2020-10-19 11:49:22+00:00,michael_saylor,BUY,0.7,4.0,2020-10-19 11:50:00+00:00,2020-10-19 17:50:00+00:00,11499.52,11728.88,229.35999999999876,0.0199451803205697,False,True
BTC,720,80,2020-10-19 11:49:22+00:00,michael_saylor,BUY,0.7,4.0,2020-10-19 11:50:00+00:00,2020-10-19 23:50:00+00:00,11499.52,11745.43,245.90999999999983,0.0213843708259127,False,True
BTC,1440,80,2020-10-19 11:49:22+00:00,michael_saylor,BUY,0.7,4.0,2020-10-19 11:50:00+00:00,2020-10-20 11:50:00+00:00,11499.52,11785.16,285.6399999999994,0.0248392976402492,False,True
BTC,1,82,2020-10-20 01:23:58+00:00,michael_saylor,BUY,0.8,5.0,2020-10-20 01:24:00+00:00,2020-10-20 01:25:00+00:00,11714.85,11709.13,-5.720000000001164,-0.000488269162644,False,False
BTC,3,82,2020-10-20 01:23:58+00:00,michael_saylor,BUY,0.8,5.0,2020-10-20 01:24:00+00:00,2020-10-20 01:27:00+00:00,11714.85,11705.83,-9.020000000000437,-0.0007699629103232,False,False
BTC,5,82,2020-10-20 01:23:58+00:00,michael_saylor,BUY,0.8,5.0,2020-10-20 01:24:00+00:00,2020-10-20 01:29:00+00:00,11714.85,11700.15,-14.700000000000728,-0.0012548176032984,False,False
BTC,10,82,2020-10-20 01:23:58+00:00,michael_saylor,BUY,0.8,5.0,2020-10-20 01:24:00+00:00,2020-10-20 01:34:00+00:00,11714.85,11697.03,-17.81999999999971,-0.0015211462374678,False,False
BTC,15,82,2020-10-20 01:23:58+00:00,michael_saylor,BUY,0.8,5.0,2020-10-20 01:24:00+00:00,2020-10-20 01:39:00+00:00,11714.85,11705.08,-9.770000000000437,-0.0008339842166139,False,False
BTC,30,82,2020-10-20 01:23:58+00:00,michael_saylor,BUY,0.8,5.0,2020-10-20 01:24:00+00:00,2020-10-20 01:54:00+00:00,11714.85,11703.27,-11.579999999999927,-0.0009884889691289,False,False
BTC,60,82,2020-10-20 01:23:58+00:00,michael_saylor,BUY,0.8,5.0,2020-10-20 01:24:00+00:00,2020-10-20 02:24:00+00:00,11714.85,11714.01,-0.8400000000001455,-7.1703863045634e-05,False,False
BTC,120,82,2020-10-20 01:23:58+00:00,michael_saylor,BUY,0.8,5.0,2020-10-20 01:24:00+00:00,2020-10-20 03:24:00+00:00,11714.85,11723.72,8.869999999998981,0.0007571586490649,False,True
BTC,360,82,2020-10-20 01:23:58+00:00,michael_saylor,BUY,0.8,5.0,2020-10-20 01:24:00+00:00,2020-10-20 07:24:00+00:00,11714.85,11819.08,104.22999999999956,0.0088972543395775,False,True
BTC,720,82,2020-10-20 01:23:58+00:00,michael_saylor,BUY,0.8,5.0,2020-10-20 01:24:00+00:00,2020-10-20 13:24:00+00:00,11714.85,11839.9,125.04999999999929,0.0106744858022082,False,True
BTC,1440,82,2020-10-20 01:23:58+00:00,michael_saylor,BUY,0.8,5.0,2020-10-20 01:24:00+00:00,2020-10-21 01:24:00+00:00,11714.85,11999.4,284.5499999999993,0.0242896836067042,False,True
BTC,1,83,2020-10-20 13:26:30+00:00,michael_saylor,BUY,0.9,4.0,2020-10-20 13:27:00+00:00,2020-10-20 13:28:00+00:00,11861.77,11859.31,-2.460000000000946,-0.0002073889478552,False,False
BTC,3,83,2020-10-20 13:26:30+00:00,michael_saylor,BUY,0.9,4.0,2020-10-20 13:27:00+00:00,2020-10-20 13:30:00+00:00,11861.77,11849.32,-12.450000000000728,-0.001049590406828,False,False
BTC,5,83,2020-10-20 13:26:30+00:00,michael_saylor,BUY,0.9,4.0,2020-10-20 13:27:00+00:00,2020-10-20 13:32:00+00:00,11861.77,11852.23,-9.540000000000871,-0.0008042644563164,False,False
BTC,10,83,2020-10-20 13:26:30+00:00,michael_saylor,BUY,0.9,4.0,2020-10-20 13:27:00+00:00,2020-10-20 13:37:00+00:00,11861.77,11856.02,-5.75,-0.0004847505894988,False,False
BTC,15,83,2020-10-20 13:26:30+00:00,michael_saylor,BUY,0.9,4.0,2020-10-20 13:27:00+00:00,2020-10-20 13:42:00+00:00,11861.77,11873.18,11.409999999999854,0.0009619137784664,False,True
BTC,30,83,2020-10-20 13:26:30+00:00,michael_saylor,BUY,0.9,4.0,2020-10-20 13:27:00+00:00,2020-10-20 13:57:00+00:00,11861.77,11931.32,69.54999999999927,0.0058633745216775,False,True
BTC,60,83,2020-10-20 13:26:30+00:00,michael_saylor,BUY,0.9,4.0,2020-10-20 13:27:00+00:00,2020-10-20 14:27:00+00:00,11861.77,11920.03,58.26000000000022,0.0049115772772529,False,True
BTC,120,83,2020-10-20 13:26:30+00:00,michael_saylor,BUY,0.9,4.0,2020-10-20 13:27:00+00:00,2020-10-20 15:27:00+00:00,11861.77,11964.72,102.94999999999892,0.0086791431632883,False,True
BTC,360,83,2020-10-20 13:26:30+00:00,michael_saylor,BUY,0.9,4.0,2020-10-20 13:27:00+00:00,2020-10-20 19:27:00+00:00,11861.77,11937.0,75.22999999999956,0.0063422237996521,False,True
BTC,720,83,2020-10-20 13:26:30+00:00,michael_saylor,BUY,0.9,4.0,2020-10-20 13:27:00+00:00,2020-10-21 01:27:00+00:00,11861.77,12001.08,139.3099999999995,0.0117444529779282,False,True
BTC,1440,83,2020-10-20 13:26:30+00:00,michael_saylor,BUY,0.9,4.0,2020-10-20 13:27:00+00:00,2020-10-21 13:27:00+00:00,11861.77,12391.84,530.0699999999997,0.0446872599957678,False,True
BTC,1,85,2020-10-21 11:55:26+00:00,michael_saylor,BUY,0.8,4.0,2020-10-21 11:56:00+00:00,2020-10-21 11:57:00+00:00,12346.32,12365.0,18.68000000000029,0.001513001444965,False,True
BTC,3,85,2020-10-21 11:55:26+00:00,michael_saylor,BUY,0.8,4.0,2020-10-21 11:56:00+00:00,2020-10-21 11:59:00+00:00,12346.32,12335.0,-11.319999999999707,-0.0009168723959851,False,False
BTC,5,85,2020-10-21 11:55:26+00:00,michael_saylor,BUY,0.8,4.0,2020-10-21 11:56:00+00:00,2020-10-21 12:01:00+00:00,12346.32,12325.5,-20.81999999999971,-0.0016863324456194,False,False
BTC,10,85,2020-10-21 11:55:26+00:00,michael_saylor,BUY,0.8,4.0,2020-10-21 11:56:00+00:00,2020-10-21 12:06:00+00:00,12346.32,12307.05,-39.27000000000044,-0.0031807048578038,False,False
BTC,15,85,2020-10-21 11:55:26+00:00,michael_saylor,BUY,0.8,4.0,2020-10-21 11:56:00+00:00,2020-10-21 12:11:00+00:00,12346.32,12293.43,-52.88999999999942,-0.0042838675815951,False,False
BTC,30,85,2020-10-21 11:55:26+00:00,michael_saylor,BUY,0.8,4.0,2020-10-21 11:56:00+00:00,2020-10-21 12:26:00+00:00,12346.32,12345.74,-0.5799999999999272,-4.697756092503088e-05,False,False
BTC,60,85,2020-10-21 11:55:26+00:00,michael_saylor,BUY,0.8,4.0,2020-10-21 11:56:00+00:00,2020-10-21 12:56:00+00:00,12346.32,12421.46,75.13999999999942,0.0060860240136331,False,True
BTC,120,85,2020-10-21 11:55:26+00:00,michael_saylor,BUY,0.8,4.0,2020-10-21 11:56:00+00:00,2020-10-21 13:56:00+00:00,12346.32,12461.98,115.65999999999984,0.0093679736148099,False,True
BTC,360,85,2020-10-21 11:55:26+00:00,michael_saylor,BUY,0.8,4.0,2020-10-21 11:56:00+00:00,2020-10-21 17:56:00+00:00,12346.32,12767.11,420.7900000000009,0.0340822204511142,False,True
BTC,720,85,2020-10-21 11:55:26+00:00,michael_saylor,BUY,0.8,4.0,2020-10-21 11:56:00+00:00,2020-10-21 23:56:00+00:00,12346.32,12815.97,469.6499999999997,0.038039674980075,False,True
BTC,1440,85,2020-10-21 11:55:26+00:00,michael_saylor,BUY,0.8,4.0,2020-10-21 11:56:00+00:00,2020-10-22 11:56:00+00:00,12346.32,12963.71,617.3899999999994,0.0500059936888076,False,True
BTC,1,86,2020-10-21 12:39:44+00:00,michael_saylor,BUY,0.9,5.0,2020-10-21 12:40:00+00:00,2020-10-21 12:41:00+00:00,12351.34,12368.44,17.100000000000364,0.0013844651673421,False,True
BTC,3,86,2020-10-21 12:39:44+00:00,michael_saylor,BUY,0.9,5.0,2020-10-21 12:40:00+00:00,2020-10-21 12:43:00+00:00,12351.34,12370.7,19.360000000000586,0.0015674412654821,False,True
BTC,5,86,2020-10-21 12:39:44+00:00,michael_saylor,BUY,0.9,5.0,2020-10-21 12:40:00+00:00,2020-10-21 12:45:00+00:00,12351.34,12373.23,21.889999999999414,0.0017722773399484,False,True
BTC,10,86,2020-10-21 12:39:44+00:00,michael_saylor,BUY,0.9,5.0,2020-10-21 12:40:00+00:00,2020-10-21 12:50:00+00:00,12351.34,12393.13,41.789999999999054,0.0033834385580835,False,True
BTC,15,86,2020-10-21 12:39:44+00:00,michael_saylor,BUY,0.9,5.0,2020-10-21 12:40:00+00:00,2020-10-21 12:55:00+00:00,12351.34,12414.25,62.909999999999854,0.005093374484064,False,True
BTC,30,86,2020-10-21 12:39:44+00:00,michael_saylor,BUY,0.9,5.0,2020-10-21 12:40:00+00:00,2020-10-21 13:10:00+00:00,12351.34,12406.82,55.47999999999956,0.0044918203207101,False,True
BTC,60,86,2020-10-21 12:39:44+00:00,michael_saylor,BUY,0.9,5.0,2020-10-21 12:40:00+00:00,2020-10-21 13:40:00+00:00,12351.34,12420.27,68.93000000000029,0.0055807709932687,False,True
BTC,120,86,2020-10-21 12:39:44+00:00,michael_saylor,BUY,0.9,5.0,2020-10-21 12:40:00+00:00,2020-10-21 14:40:00+00:00,12351.34,12709.65,358.3099999999995,0.0290098078427117,False,True
BTC,360,86,2020-10-21 12:39:44+00:00,michael_saylor,BUY,0.9,5.0,2020-10-21 12:40:00+00:00,2020-10-21 18:40:00+00:00,12351.34,12746.05,394.7099999999991,0.031956856503019,False,True
BTC,720,86,2020-10-21 12:39:44+00:00,michael_saylor,BUY,0.9,5.0,2020-10-21 12:40:00+00:00,2020-10-22 00:40:00+00:00,12351.34,12845.06,493.71999999999935,0.0399729907848054,False,True
BTC,1440,86,2020-10-21 12:39:44+00:00,michael_saylor,BUY,0.9,5.0,2020-10-21 12:40:00+00:00,2020-10-22 12:40:00+00:00,12351.34,12835.31,483.96999999999935,0.0391836027507946,False,True
BTC,1,87,2020-10-21 15:43:19+00:00,michael_saylor,BUY,0.8,4.0,2020-10-21 15:44:00+00:00,2020-10-21 15:45:00+00:00,12719.7,12710.54,-9.159999999999854,-0.0007201427706628,False,False
BTC,3,87,2020-10-21 15:43:19+00:00,michael_saylor,BUY,0.8,4.0,2020-10-21 15:44:00+00:00,2020-10-21 15:47:00+00:00,12719.7,12717.24,-2.460000000000946,-0.0001934007877545,False,False
BTC,5,87,2020-10-21 15:43:19+00:00,michael_saylor,BUY,0.8,4.0,2020-10-21 15:44:00+00:00,2020-10-21 15:49:00+00:00,12719.7,12726.77,7.069999999999709,0.0005558307192779,False,True
BTC,10,87,2020-10-21 15:43:19+00:00,michael_saylor,BUY,0.8,4.0,2020-10-21 15:44:00+00:00,2020-10-21 15:54:00+00:00,12719.7,12720.11,0.4099999999998545,3.2233464625726586e-05,False,True
BTC,15,87,2020-10-21 15:43:19+00:00,michael_saylor,BUY,0.8,4.0,2020-10-21 15:44:00+00:00,2020-10-21 15:59:00+00:00,12719.7,12735.0,15.299999999999272,0.0012028585579848,False,True
BTC,30,87,2020-10-21 15:43:19+00:00,michael_saylor,BUY,0.8,4.0,2020-10-21 15:44:00+00:00,2020-10-21 16:14:00+00:00,12719.7,12787.35,67.64999999999964,0.0053185216632467,False,True
BTC,60,87,2020-10-21 15:43:19+00:00,michael_saylor,BUY,0.8,4.0,2020-10-21 15:44:00+00:00,2020-10-21 16:44:00+00:00,12719.7,12838.07,118.36999999999898,0.0093060370920697,False,True
BTC,120,87,2020-10-21 15:43:19+00:00,michael_saylor,BUY,0.8,4.0,2020-10-21 15:44:00+00:00,2020-10-21 17:44:00+00:00,12719.7,12752.66,32.95999999999913,0.0025912560830836,False,True
BTC,360,87,2020-10-21 15:43:19+00:00,michael_saylor,BUY,0.8,4.0,2020-10-21 15:44:00+00:00,2020-10-21 21:44:00+00:00,12719.7,12903.57,183.86999999999895,0.0144555296115473,False,True
BTC,720,87,2020-10-21 15:43:19+00:00,michael_saylor,BUY,0.8,4.0,2020-10-21 15:44:00+00:00,2020-10-22 03:44:00+00:00,12719.7,12754.87,35.17000000000007,0.002765002319237,False,True
BTC,1440,87,2020-10-21 15:43:19+00:00,michael_saylor,BUY,0.8,4.0,2020-10-21 15:44:00+00:00,2020-10-22 15:44:00+00:00,12719.7,12919.67,199.96999999999937,0.0157212827346556,False,True
BTC,1,88,2020-10-22 11:39:01+00:00,michael_saylor,BUY,0.9,5.0,2020-10-22 11:40:00+00:00,2020-10-22 11:41:00+00:00,12947.1,12941.43,-5.670000000000073,-0.0004379359084273,False,False
BTC,3,88,2020-10-22 11:39:01+00:00,michael_saylor,BUY,0.9,5.0,2020-10-22 11:40:00+00:00,2020-10-22 11:43:00+00:00,12947.1,12948.0,0.8999999999996362,6.951363625828457e-05,False,True
BTC,5,88,2020-10-22 11:39:01+00:00,michael_saylor,BUY,0.9,5.0,2020-10-22 11:40:00+00:00,2020-10-22 11:45:00+00:00,12947.1,12958.24,11.139999999999418,0.0008604243421306,False,True
BTC,10,88,2020-10-22 11:39:01+00:00,michael_saylor,BUY,0.9,5.0,2020-10-22 11:40:00+00:00,2020-10-22 11:50:00+00:00,12947.1,12965.45,18.350000000000364,0.0014173058059334,False,True
BTC,15,88,2020-10-22 11:39:01+00:00,michael_saylor,BUY,0.9,5.0,2020-10-22 11:40:00+00:00,2020-10-22 11:55:00+00:00,12947.1,12958.03,10.930000000000293,0.0008442044936704,False,True
BTC,30,88,2020-10-22 11:39:01+00:00,michael_saylor,BUY,0.9,5.0,2020-10-22 11:40:00+00:00,2020-10-22 12:10:00+00:00,12947.1,12910.42,-36.68000000000029,-0.0028330668643943,False,False
BTC,60,88,2020-10-22 11:39:01+00:00,michael_saylor,BUY,0.9,5.0,2020-10-22 11:40:00+00:00,2020-10-22 12:40:00+00:00,12947.1,12835.31,-111.79000000000087,-0.0086343659970187,False,False
BTC,120,88,2020-10-22 11:39:01+00:00,michael_saylor,BUY,0.9,5.0,2020-10-22 11:40:00+00:00,2020-10-22 13:40:00+00:00,12947.1,12923.75,-23.350000000000364,-0.0018034926740351,False,False
BTC,360,88,2020-10-22 11:39:01+00:00,michael_saylor,BUY,0.9,5.0,2020-10-22 11:40:00+00:00,2020-10-22 17:40:00+00:00,12947.1,12992.8,45.69999999999891,0.0035297479744497,False,True
BTC,720,88,2020-10-22 11:39:01+00:00,michael_saylor,BUY,0.9,5.0,2020-10-22 11:40:00+00:00,2020-10-22 23:40:00+00:00,12947.1,12976.72,29.61999999999898,0.0022877710066346,False,True
BTC,1440,88,2020-10-22 11:39:01+00:00,michael_saylor,BUY,0.9,5.0,2020-10-22 11:40:00+00:00,2020-10-23 11:40:00+00:00,12947.1,13003.82,56.719999999999345,0.004380903831746,False,True
BTC,1,90,2020-10-22 13:24:25+00:00,michael_saylor,BUY,0.8,5.0,2020-10-22 13:25:00+00:00,2020-10-22 13:26:00+00:00,12940.85,12930.14,-10.710000000000946,-0.0008276117874792,False,False
BTC,3,90,2020-10-22 13:24:25+00:00,michael_saylor,BUY,0.8,5.0,2020-10-22 13:25:00+00:00,2020-10-22 13:28:00+00:00,12940.85,12944.99,4.139999999999418,0.0003199171615465,False,True
BTC,5,90,2020-10-22 13:24:25+00:00,michael_saylor,BUY,0.8,5.0,2020-10-22 13:25:00+00:00,2020-10-22 13:30:00+00:00,12940.85,12959.86,19.01000000000022,0.0014689916041063,False,True
BTC,10,90,2020-10-22 13:24:25+00:00,michael_saylor,BUY,0.8,5.0,2020-10-22 13:25:00+00:00,2020-10-22 13:35:00+00:00,12940.85,12940.0,-0.8500000000003638,-6.568347519678875e-05,False,False
BTC,15,90,2020-10-22 13:24:25+00:00,michael_saylor,BUY,0.8,5.0,2020-10-22 13:25:00+00:00,2020-10-22 13:40:00+00:00,12940.85,12923.75,-17.100000000000364,-0.0013213969716054,False,False
BTC,30,90,2020-10-22 13:24:25+00:00,michael_saylor,BUY,0.8,5.0,2020-10-22 13:25:00+00:00,2020-10-22 13:55:00+00:00,12940.85,12928.01,-12.840000000000146,-0.0009922068488546,False,False
BTC,60,90,2020-10-22 13:24:25+00:00,michael_saylor,BUY,0.8,5.0,2020-10-22 13:25:00+00:00,2020-10-22 14:25:00+00:00,12940.85,12865.63,-75.22000000000116,-0.0058126011815298,False,False
BTC,120,90,2020-10-22 13:24:25+00:00,michael_saylor,BUY,0.8,5.0,2020-10-22 13:25:00+00:00,2020-10-22 15:25:00+00:00,12940.85,12932.53,-8.319999999999709,-0.0006429253101612,False,False
BTC,360,90,2020-10-22 13:24:25+00:00,michael_saylor,BUY,0.8,5.0,2020-10-22 13:25:00+00:00,2020-10-22 19:25:00+00:00,12940.85,13130.07,189.21999999999937,0.0146219143255658,False,True
BTC,720,90,2020-10-22 13:24:25+00:00,michael_saylor,BUY,0.8,5.0,2020-10-22 13:25:00+00:00,2020-10-23 01:25:00+00:00,12940.85,12936.0,-4.850000000000364,-0.000374782182005,False,False
BTC,1440,90,2020-10-22 13:24:25+00:00,michael_saylor,BUY,0.8,5.0,2020-10-22 13:25:00+00:00,2020-10-23 13:25:00+00:00,12940.85,13001.32,60.469999999999345,0.0046727997001742,False,True
BTC,1,92,2020-10-22 22:47:47+00:00,michael_saylor,BUY,0.9,5.0,2020-10-22 22:48:00+00:00,2020-10-22 22:49:00+00:00,13117.04,13114.92,-2.1200000000008004,-0.0001616218293152,False,False
BTC,3,92,2020-10-22 22:47:47+00:00,michael_saylor,BUY,0.9,5.0,2020-10-22 22:48:00+00:00,2020-10-22 22:51:00+00:00,13117.04,13119.94,2.899999999999636,0.0002210864646291,False,True
BTC,5,92,2020-10-22 22:47:47+00:00,michael_saylor,BUY,0.9,5.0,2020-10-22 22:48:00+00:00,2020-10-22 22:53:00+00:00,13117.04,13116.58,-0.4600000000009459,-3.5068887492982096e-05,False,False
BTC,10,92,2020-10-22 22:47:47+00:00,michael_saylor,BUY,0.9,5.0,2020-10-22 22:48:00+00:00,2020-10-22 22:58:00+00:00,13117.04,13029.34,-87.70000000000073,-0.0066859596372352,False,False
BTC,15,92,2020-10-22 22:47:47+00:00,michael_saylor,BUY,0.9,5.0,2020-10-22 22:48:00+00:00,2020-10-22 23:03:00+00:00,13117.04,13039.07,-77.97000000000116,-0.0059441764300483,False,False
BTC,30,92,2020-10-22 22:47:47+00:00,michael_saylor,BUY,0.9,5.0,2020-10-22 22:48:00+00:00,2020-10-22 23:18:00+00:00,13117.04,13004.46,-112.58000000000176,-0.0085827290303301,False,False
BTC,60,92,2020-10-22 22:47:47+00:00,michael_saylor,BUY,0.9,5.0,2020-10-22 22:48:00+00:00,2020-10-22 23:48:00+00:00,13117.04,12959.64,-157.40000000000146,-0.0119996584595306,False,False
BTC,120,92,2020-10-22 22:47:47+00:00,michael_saylor,BUY,0.9,5.0,2020-10-22 22:48:00+00:00,2020-10-23 00:48:00+00:00,13117.04,12902.05,-214.9900000000016,-0.016390130700219,False,False
BTC,360,92,2020-10-22 22:47:47+00:00,michael_saylor,BUY,0.9,5.0,2020-10-22 22:48:00+00:00,2020-10-23 04:48:00+00:00,13117.04,12928.84,-188.20000000000073,-0.0143477491873167,False,False
BTC,720,92,2020-10-22 22:47:47+00:00,michael_saylor,BUY,0.9,5.0,2020-10-22 22:48:00+00:00,2020-10-23 10:48:00+00:00,13117.04,12963.26,-153.78000000000063,-0.0117236815623037,False,False
BTC,1440,92,2020-10-22 22:47:47+00:00,michael_saylor,BUY,0.9,5.0,2020-10-22 22:48:00+00:00,2020-10-23 22:48:00+00:00,13117.04,12935.49,-181.5500000000011,-0.0138407750529083,False,False
BTC,1,93,2020-10-23 21:48:13+00:00,michael_saylor,BUY,0.9,4.0,2020-10-23 21:49:00+00:00,2020-10-23 21:50:00+00:00,12915.32,12918.51,3.1900000000005093,0.000246993492999,False,True
BTC,3,93,2020-10-23 21:48:13+00:00,michael_saylor,BUY,0.9,4.0,2020-10-23 21:49:00+00:00,2020-10-23 21:52:00+00:00,12915.32,12923.03,7.710000000000946,0.0005969654642704,False,True
BTC,5,93,2020-10-23 21:48:13+00:00,michael_saylor,BUY,0.9,4.0,2020-10-23 21:49:00+00:00,2020-10-23 21:54:00+00:00,12915.32,12916.93,1.610000000000582,0.0001246581579086,False,True
BTC,10,93,2020-10-23 21:48:13+00:00,michael_saylor,BUY,0.9,4.0,2020-10-23 21:49:00+00:00,2020-10-23 21:59:00+00:00,12915.32,12904.83,-10.489999999999782,-0.0008122137120876,False,False
BTC,15,93,2020-10-23 21:48:13+00:00,michael_saylor,BUY,0.9,4.0,2020-10-23 21:49:00+00:00,2020-10-23 22:04:00+00:00,12915.32,12908.54,-6.779999999998836,-0.0005249579569069,False,False
BTC,30,93,2020-10-23 21:48:13+00:00,michael_saylor,BUY,0.9,4.0,2020-10-23 21:49:00+00:00,2020-10-23 22:19:00+00:00,12915.32,12909.01,-6.309999999999491,-0.0004885670660889,False,False
BTC,60,93,2020-10-23 21:48:13+00:00,michael_saylor,BUY,0.9,4.0,2020-10-23 21:49:00+00:00,2020-10-23 22:49:00+00:00,12915.32,12932.24,16.920000000000073,0.0013100720694493,False,True
BTC,120,93,2020-10-23 21:48:13+00:00,michael_saylor,BUY,0.9,4.0,2020-10-23 21:49:00+00:00,2020-10-23 23:49:00+00:00,12915.32,12933.19,17.8700000000008,0.0013836281253581,False,True
BTC,360,93,2020-10-23 21:48:13+00:00,michael_saylor,BUY,0.9,4.0,2020-10-23 21:49:00+00:00,2020-10-24 03:49:00+00:00,12915.32,12957.03,41.710000000000946,0.0032294979915326,False,True
BTC,720,93,2020-10-23 21:48:13+00:00,michael_saylor,BUY,0.9,4.0,2020-10-23 21:49:00+00:00,2020-10-24 09:49:00+00:00,12915.32,12949.34,34.02000000000044,0.0026340810758076,False,True
BTC,1440,93,2020-10-23 21:48:13+00:00,michael_saylor,BUY,0.9,4.0,2020-10-23 21:49:00+00:00,2020-10-24 21:49:00+00:00,12915.32,13096.0,180.6800000000003,0.0139895875595804,False,True
BTC,1,94,2020-10-24 12:19:58+00:00,michael_saylor,BUY,0.9,5.0,2020-10-24 12:20:00+00:00,2020-10-24 12:21:00+00:00,12967.88,12970.96,3.0799999999999272,0.0002375099090984,False,True
BTC,3,94,2020-10-24 12:19:58+00:00,michael_saylor,BUY,0.9,5.0,2020-10-24 12:20:00+00:00,2020-10-24 12:23:00+00:00,12967.88,12977.78,9.900000000001455,0.0007634247078166,False,True
BTC,5,94,2020-10-24 12:19:58+00:00,michael_saylor,BUY,0.9,5.0,2020-10-24 12:20:00+00:00,2020-10-24 12:25:00+00:00,12967.88,12978.48,10.600000000000364,0.0008174042326116,False,True
BTC,10,94,2020-10-24 12:19:58+00:00,michael_saylor,BUY,0.9,5.0,2020-10-24 12:20:00+00:00,2020-10-24 12:30:00+00:00,12967.88,12982.92,15.040000000000871,0.0011597886470264,False,True
BTC,15,94,2020-10-24 12:19:58+00:00,michael_saylor,BUY,0.9,5.0,2020-10-24 12:20:00+00:00,2020-10-24 12:35:00+00:00,12967.88,12989.11,21.230000000001382,0.0016371218734289,False,True
BTC,30,94,2020-10-24 12:19:58+00:00,michael_saylor,BUY,0.9,5.0,2020-10-24 12:20:00+00:00,2020-10-24 12:50:00+00:00,12967.88,12970.01,2.130000000001018,0.0001642519825909,False,True
BTC,60,94,2020-10-24 12:19:58+00:00,michael_saylor,BUY,0.9,5.0,2020-10-24 12:20:00+00:00,2020-10-24 13:20:00+00:00,12967.88,12965.92,-1.9599999999991269,-0.0001511426694262,False,False
BTC,120,94,2020-10-24 12:19:58+00:00,michael_saylor,BUY,0.9,5.0,2020-10-24 12:20:00+00:00,2020-10-24 14:20:00+00:00,12967.88,13058.88,91.0,0.0070173382233641,False,True
BTC,360,94,2020-10-24 12:19:58+00:00,michael_saylor,BUY,0.9,5.0,2020-10-24 12:20:00+00:00,2020-10-24 18:20:00+00:00,12967.88,13103.2,135.32000000000153,0.0104350132789632,False,True
BTC,720,94,2020-10-24 12:19:58+00:00,michael_saylor,BUY,0.9,5.0,2020-10-24 12:20:00+00:00,2020-10-25 00:20:00+00:00,12967.88,13086.58,118.70000000000071,0.0091533851331135,False,True
BTC,1440,94,2020-10-24 12:19:58+00:00,michael_saylor,BUY,0.9,5.0,2020-10-24 12:20:00+00:00,2020-10-25 12:20:00+00:00,12967.88,12974.37,6.490000000001601,0.0005004673084576,False,True
BTC,1,95,2020-10-24 13:02:05+00:00,michael_saylor,BUY,0.8,4.0,2020-10-24 13:03:00+00:00,2020-10-24 13:04:00+00:00,12978.12,12983.35,5.229999999999563,0.0004029859486581,False,True
BTC,3,95,2020-10-24 13:02:05+00:00,michael_saylor,BUY,0.8,4.0,2020-10-24 13:03:00+00:00,2020-10-24 13:06:00+00:00,12978.12,12987.0,8.8799999999992,0.0006842285323297,False,True
BTC,5,95,2020-10-24 13:02:05+00:00,michael_saylor,BUY,0.8,4.0,2020-10-24 13:03:00+00:00,2020-10-24 13:08:00+00:00,12978.12,12986.99,8.869999999998981,0.0006834580047032,False,True
BTC,10,95,2020-10-24 13:02:05+00:00,michael_saylor,BUY,0.8,4.0,2020-10-24 13:03:00+00:00,2020-10-24 13:13:00+00:00,12978.12,12977.79,-0.3299999999999272,-2.542741167441257e-05,False,False
BTC,15,95,2020-10-24 13:02:05+00:00,michael_saylor,BUY,0.8,4.0,2020-10-24 13:03:00+00:00,2020-10-24 13:18:00+00:00,12978.12,12966.46,-11.660000000001672,-0.0008984352124962,False,False
BTC,30,95,2020-10-24 13:02:05+00:00,michael_saylor,BUY,0.8,4.0,2020-10-24 13:03:00+00:00,2020-10-24 13:33:00+00:00,12978.12,12971.12,-7.0,-0.0005393693385482,False,False
BTC,60,95,2020-10-24 13:02:05+00:00,michael_saylor,BUY,0.8,4.0,2020-10-24 13:03:00+00:00,2020-10-24 14:03:00+00:00,12978.12,12980.99,2.869999999998982,0.0002211414288047,False,True
BTC,120,95,2020-10-24 13:02:05+00:00,michael_saylor,BUY,0.8,4.0,2020-10-24 13:03:00+00:00,2020-10-24 15:03:00+00:00,12978.12,13150.0,171.8799999999992,0.0132438288442393,False,True
BTC,360,95,2020-10-24 13:02:05+00:00,michael_saylor,BUY,0.8,4.0,2020-10-24 13:03:00+00:00,2020-10-24 19:03:00+00:00,12978.12,13120.14,142.01999999999862,0.0109430333515176,False,True
BTC,720,95,2020-10-24 13:02:05+00:00,michael_saylor,BUY,0.8,4.0,2020-10-24 13:03:00+00:00,2020-10-25 01:03:00+00:00,12978.12,13113.36,135.23999999999978,0.0104206156207524,False,True
BTC,1440,95,2020-10-24 13:02:05+00:00,michael_saylor,BUY,0.8,4.0,2020-10-24 13:03:00+00:00,2020-10-25 13:03:00+00:00,12978.12,12979.31,1.1899999999986903,9.169278755310402e-05,False,True
BTC,1,96,2020-10-24 17:42:41+00:00,michael_saylor,BUY,0.8,4.0,2020-10-24 17:43:00+00:00,2020-10-24 17:44:00+00:00,13127.43,13139.99,12.55999999999949,0.0009567752408506,False,True
BTC,3,96,2020-10-24 17:42:41+00:00,michael_saylor,BUY,0.8,4.0,2020-10-24 17:43:00+00:00,2020-10-24 17:46:00+00:00,13127.43,13122.05,-5.380000000001019,-0.0004098288850141,False,False
BTC,5,96,2020-10-24 17:42:41+00:00,michael_saylor,BUY,0.8,4.0,2020-10-24 17:43:00+00:00,2020-10-24 17:48:00+00:00,13127.43,13119.91,-7.520000000000437,-0.0005728463225475,False,False
BTC,10,96,2020-10-24 17:42:41+00:00,michael_saylor,BUY,0.8,4.0,2020-10-24 17:43:00+00:00,2020-10-24 17:53:00+00:00,13127.43,13113.71,-13.720000000001164,-0.0010451398331585,False,False
BTC,15,96,2020-10-24 17:42:41+00:00,michael_saylor,BUY,0.8,4.0,2020-10-24 17:43:00+00:00,2020-10-24 17:58:00+00:00,13127.43,13124.25,-3.180000000000291,-0.0002422408651198,False,False
BTC,30,96,2020-10-24 17:42:41+00:00,michael_saylor,BUY,0.8,4.0,2020-10-24 17:43:00+00:00,2020-10-24 18:13:00+00:00,13127.43,13114.98,-12.450000000000728,-0.0009483958398559,False,False
BTC,60,96,2020-10-24 17:42:41+00:00,michael_saylor,BUY,0.8,4.0,2020-10-24 17:43:00+00:00,2020-10-24 18:43:00+00:00,13127.43,13123.99,-3.4400000000005093,-0.0002620467220164,False,False
BTC,120,96,2020-10-24 17:42:41+00:00,michael_saylor,BUY,0.8,4.0,2020-10-24 17:43:00+00:00,2020-10-24 19:43:00+00:00,13127.43,13090.2,-37.22999999999956,-0.0028360463548462,False,False
BTC,360,96,2020-10-24 17:42:41+00:00,michael_saylor,BUY,0.8,4.0,2020-10-24 17:43:00+00:00,2020-10-24 23:43:00+00:00,13127.43,13100.04,-27.389999999999414,-0.002086470847683,False,False
BTC,720,96,2020-10-24 17:42:41+00:00,michael_saylor,BUY,0.8,4.0,2020-10-24 17:43:00+00:00,2020-10-25 05:43:00+00:00,13127.43,13215.33,87.89999999999964,0.0066959031585009,False,True
BTC,1440,96,2020-10-24 17:42:41+00:00,michael_saylor,BUY,0.8,4.0,2020-10-24 17:43:00+00:00,2020-10-25 17:43:00+00:00,13127.43,13010.0,-117.43000000000028,-0.0089453914437174,False,False
BTC,1,97,2020-10-25 11:23:31+00:00,michael_saylor,BUY,0.9,5.0,2020-10-25 11:24:00+00:00,2020-10-25 11:25:00+00:00,12931.57,12942.4,10.829999999999927,0.0008374853169414,False,True
BTC,3,97,2020-10-25 11:23:31+00:00,michael_saylor,BUY,0.9,5.0,2020-10-25 11:24:00+00:00,2020-10-25 11:27:00+00:00,12931.57,12943.19,11.6200000000008,0.0008985761203009,False,True
BTC,5,97,2020-10-25 11:23:31+00:00,michael_saylor,BUY,0.9,5.0,2020-10-25 11:24:00+00:00,2020-10-25 11:29:00+00:00,12931.57,12936.33,4.760000000000218,0.0003680914227738,False,True
BTC,10,97,2020-10-25 11:23:31+00:00,michael_saylor,BUY,0.9,5.0,2020-10-25 11:24:00+00:00,2020-10-25 11:34:00+00:00,12931.57,12918.78,-12.789999999999054,-0.0009890523733776,False,False
BTC,15,97,2020-10-25 11:23:31+00:00,michael_saylor,BUY,0.9,5.0,2020-10-25 11:24:00+00:00,2020-10-25 11:39:00+00:00,12931.57,12939.62,8.050000000001091,0.0006225075532206,False,True
BTC,30,97,2020-10-25 11:23:31+00:00,michael_saylor,BUY,0.9,5.0,2020-10-25 11:24:00+00:00,2020-10-25 11:54:00+00:00,12931.57,12940.79,9.220000000001164,0.0007129838062973,False,True
BTC,60,97,2020-10-25 11:23:31+00:00,michael_saylor,BUY,0.9,5.0,2020-10-25 11:24:00+00:00,2020-10-25 12:24:00+00:00,12931.57,12983.45,51.88000000000102,0.004011887187712,False,True
BTC,120,97,2020-10-25 11:23:31+00:00,michael_saylor,BUY,0.9,5.0,2020-10-25 11:24:00+00:00,2020-10-25 13:24:00+00:00,12931.57,12996.43,64.86000000000058,0.0050156322859483,False,True
BTC,360,97,2020-10-25 11:23:31+00:00,michael_saylor,BUY,0.9,5.0,2020-10-25 11:24:00+00:00,2020-10-25 17:24:00+00:00,12931.57,13009.98,78.40999999999985,0.0060634555587604,False,True
BTC,720,97,2020-10-25 11:23:31+00:00,michael_saylor,BUY,0.9,5.0,2020-10-25 11:24:00+00:00,2020-10-25 23:24:00+00:00,12931.57,13030.16,98.59000000000016,0.0076239775990077,False,True
BTC,1440,97,2020-10-25 11:23:31+00:00,michael_saylor,BUY,0.9,5.0,2020-10-25 11:24:00+00:00,2020-10-26 11:24:00+00:00,12931.57,13160.69,229.1200000000008,0.0177178795768805,False,True
BTC,1,98,2020-10-26 14:18:28+00:00,michael_saylor,BUY,0.9,4.0,2020-10-26 14:19:00+00:00,2020-10-26 14:20:00+00:00,13183.0,13188.46,5.459999999999127,0.00041416976409,False,True
BTC,3,98,2020-10-26 14:18:28+00:00,michael_saylor,BUY,0.9,4.0,2020-10-26 14:19:00+00:00,2020-10-26 14:22:00+00:00,13183.0,13185.88,2.8799999999991996,0.0002184631722672,False,True
BTC,5,98,2020-10-26 14:18:28+00:00,michael_saylor,BUY,0.9,4.0,2020-10-26 14:19:00+00:00,2020-10-26 14:24:00+00:00,13183.0,13196.59,13.590000000000146,0.0010308730941363,False,True
BTC,10,98,2020-10-26 14:18:28+00:00,michael_saylor,BUY,0.9,4.0,2020-10-26 14:19:00+00:00,2020-10-26 14:29:00+00:00,13183.0,13183.78,0.7800000000006548,5.9167109155780536e-05,False,True
BTC,15,98,2020-10-26 14:18:28+00:00,michael_saylor,BUY,0.9,4.0,2020-10-26 14:19:00+00:00,2020-10-26 14:34:00+00:00,13183.0,13172.21,-10.790000000000871,-0.000818478343321,False,False
BTC,30,98,2020-10-26 14:18:28+00:00,michael_saylor,BUY,0.9,4.0,2020-10-26 14:19:00+00:00,2020-10-26 14:49:00+00:00,13183.0,13201.96,18.959999999999127,0.001438215884093,False,True
BTC,60,98,2020-10-26 14:18:28+00:00,michael_saylor,BUY,0.9,4.0,2020-10-26 14:19:00+00:00,2020-10-26 15:19:00+00:00,13183.0,13091.71,-91.29000000000087,-0.006924827429265,False,False
BTC,120,98,2020-10-26 14:18:28+00:00,michael_saylor,BUY,0.9,4.0,2020-10-26 14:19:00+00:00,2020-10-26 16:19:00+00:00,13183.0,13010.21,-172.79000000000087,-0.0131070317833574,False,False
BTC,360,98,2020-10-26 14:18:28+00:00,michael_saylor,BUY,0.9,4.0,2020-10-26 14:19:00+00:00,2020-10-26 20:19:00+00:00,13183.0,13020.1,-162.89999999999964,-0.0123568231813699,False,False
BTC,720,98,2020-10-26 14:18:28+00:00,michael_saylor,BUY,0.9,4.0,2020-10-26 14:19:00+00:00,2020-10-27 02:19:00+00:00,13183.0,13092.55,-90.45000000000071,-0.0068611090040203,False,False
BTC,1440,98,2020-10-26 14:18:28+00:00,michael_saylor,BUY,0.9,4.0,2020-10-26 14:19:00+00:00,2020-10-27 14:19:00+00:00,13183.0,13386.98,203.97999999999956,0.015472957596905,False,True
BTC,1,99,2020-10-27 22:43:54+00:00,michael_saylor,BUY,0.9,4.0,2020-10-27 22:44:00+00:00,2020-10-27 22:45:00+00:00,13696.02,13712.94,16.920000000000073,0.001235395392238,False,True
BTC,3,99,2020-10-27 22:43:54+00:00,michael_saylor,BUY,0.9,4.0,2020-10-27 22:44:00+00:00,2020-10-27 22:47:00+00:00,13696.02,13719.98,23.959999999999127,0.0017494133332164,False,True
BTC,5,99,2020-10-27 22:43:54+00:00,michael_saylor,BUY,0.9,4.0,2020-10-27 22:44:00+00:00,2020-10-27 22:49:00+00:00,13696.02,13724.49,28.469999999999345,0.0020787060766557,False,True
BTC,10,99,2020-10-27 22:43:54+00:00,michael_saylor,BUY,0.9,4.0,2020-10-27 22:44:00+00:00,2020-10-27 22:54:00+00:00,13696.02,13726.52,30.5,0.0022269243181595,False,True
BTC,15,99,2020-10-27 22:43:54+00:00,michael_saylor,BUY,0.9,4.0,2020-10-27 22:44:00+00:00,2020-10-27 22:59:00+00:00,13696.02,13730.0,33.97999999999956,0.0024810127321659,False,True
BTC,30,99,2020-10-27 22:43:54+00:00,michael_saylor,BUY,0.9,4.0,2020-10-27 22:44:00+00:00,2020-10-27 23:14:00+00:00,13696.02,13751.75,55.72999999999956,0.0040690653197059,False,True
BTC,60,99,2020-10-27 22:43:54+00:00,michael_saylor,BUY,0.9,4.0,2020-10-27 22:44:00+00:00,2020-10-27 23:44:00+00:00,13696.02,13656.09,-39.93000000000029,-0.0029154455089873,False,False
BTC,120,99,2020-10-27 22:43:54+00:00,michael_saylor,BUY,0.9,4.0,2020-10-27 22:44:00+00:00,2020-10-28 00:44:00+00:00,13696.02,13723.7,27.68000000000029,0.0020210250861199,False,True
BTC,360,99,2020-10-27 22:43:54+00:00,michael_saylor,BUY,0.9,4.0,2020-10-27 22:44:00+00:00,2020-10-28 04:44:00+00:00,13696.02,13769.55,73.52999999999884,0.0053687129545662,False,True
BTC,720,99,2020-10-27 22:43:54+00:00,michael_saylor,BUY,0.9,4.0,2020-10-27 22:44:00+00:00,2020-10-28 10:44:00+00:00,13696.02,13624.51,-71.51000000000022,-0.0052212248521833,False,False
BTC,1440,99,2020-10-27 22:43:54+00:00,michael_saylor,BUY,0.9,4.0,2020-10-27 22:44:00+00:00,2020-10-28 22:44:00+00:00,13696.02,13274.97,-421.0500000000011,-0.0307425076774129,False,False
BTC,1,100,2020-10-28 12:02:13+00:00,michael_saylor,BUY,0.9,5.0,2020-10-28 12:03:00+00:00,2020-10-28 12:04:00+00:00,13353.47,13359.04,5.570000000001528,0.0004171200444529,False,True
BTC,3,100,2020-10-28 12:02:13+00:00,michael_saylor,BUY,0.9,5.0,2020-10-28 12:03:00+00:00,2020-10-28 12:06:00+00:00,13353.47,13360.12,6.650000000001455,0.0004979978986736,False,True
BTC,5,100,2020-10-28 12:02:13+00:00,michael_saylor,BUY,0.9,5.0,2020-10-28 12:03:00+00:00,2020-10-28 12:08:00+00:00,13353.47,13349.07,-4.399999999999636,-0.0003295023690471,False,False
BTC,10,100,2020-10-28 12:02:13+00:00,michael_saylor,BUY,0.9,5.0,2020-10-28 12:03:00+00:00,2020-10-28 12:13:00+00:00,13353.47,13335.45,-18.019999999998618,-0.001349461975052,False,False
BTC,15,100,2020-10-28 12:02:13+00:00,michael_saylor,BUY,0.9,5.0,2020-10-28 12:03:00+00:00,2020-10-28 12:18:00+00:00,13353.47,13262.94,-90.52999999999884,-0.0067795112431449,False,False
BTC,30,100,2020-10-28 12:02:13+00:00,michael_saylor,BUY,0.9,5.0,2020-10-28 12:03:00+00:00,2020-10-28 12:33:00+00:00,13353.47,13270.47,-83.0,-0.006215612870662,False,False
BTC,60,100,2020-10-28 12:02:13+00:00,michael_saylor,BUY,0.9,5.0,2020-10-28 12:03:00+00:00,2020-10-28 13:03:00+00:00,13353.47,13335.96,-17.51000000000022,-0.0013112696550035,False,False
BTC,120,100,2020-10-28 12:02:13+00:00,michael_saylor,BUY,0.9,5.0,2020-10-28 12:03:00+00:00,2020-10-28 14:03:00+00:00,13353.47,13131.82,-221.64999999999964,-0.0165986818407499,False,False
BTC,360,100,2020-10-28 12:02:13+00:00,michael_saylor,BUY,0.9,5.0,2020-10-28 12:03:00+00:00,2020-10-28 18:03:00+00:00,13353.47,13207.37,-146.09999999999854,-0.0109409763904062,False,False
BTC,720,100,2020-10-28 12:02:13+00:00,michael_saylor,BUY,0.9,5.0,2020-10-28 12:03:00+00:00,2020-10-29 00:03:00+00:00,13353.47,13261.54,-91.92999999999849,-0.0068843529060235,False,False
BTC,1440,100,2020-10-28 12:02:13+00:00,michael_saylor,BUY,0.9,5.0,2020-10-28 12:03:00+00:00,2020-10-29 12:03:00+00:00,13353.47,13072.39,-281.0799999999999,-0.0210492104299481,False,False
BTC,1,101,2020-10-29 13:13:42+00:00,michael_saylor,BUY,0.8,4.0,2020-10-29 13:14:00+00:00,2020-10-29 13:15:00+00:00,13121.85,13117.54,-4.309999999999491,-0.0003284597827287,False,False
BTC,3,101,2020-10-29 13:13:42+00:00,michael_saylor,BUY,0.8,4.0,2020-10-29 13:14:00+00:00,2020-10-29 13:17:00+00:00,13121.85,13117.82,-4.030000000000655,-0.0003071213281664,False,False
BTC,5,101,2020-10-29 13:13:42+00:00,michael_saylor,BUY,0.8,4.0,2020-10-29 13:14:00+00:00,2020-10-29 13:19:00+00:00,13121.85,13101.84,-20.01000000000022,-0.0015249374135506,False,False
BTC,10,101,2020-10-29 13:13:42+00:00,michael_saylor,BUY,0.8,4.0,2020-10-29 13:14:00+00:00,2020-10-29 13:24:00+00:00,13121.85,13122.88,1.0299999999988358,7.849502928312973e-05,False,True
BTC,15,101,2020-10-29 13:13:42+00:00,michael_saylor,BUY,0.8,4.0,2020-10-29 13:14:00+00:00,2020-10-29 13:29:00+00:00,13121.85,13144.77,22.920000000000073,0.0017467049234673,False,True
BTC,30,101,2020-10-29 13:13:42+00:00,michael_saylor,BUY,0.8,4.0,2020-10-29 13:14:00+00:00,2020-10-29 13:44:00+00:00,13121.85,13169.09,47.23999999999978,0.0036001021197468,False,True
BTC,60,101,2020-10-29 13:13:42+00:00,michael_saylor,BUY,0.8,4.0,2020-10-29 13:14:00+00:00,2020-10-29 14:14:00+00:00,13121.85,13274.0,152.14999999999964,0.0115951637916909,False,True
BTC,120,101,2020-10-29 13:13:42+00:00,michael_saylor,BUY,0.8,4.0,2020-10-29 13:14:00+00:00,2020-10-29 15:14:00+00:00,13121.85,13420.68,298.8299999999999,0.0227734656317516,False,True
BTC,360,101,2020-10-29 13:13:42+00:00,michael_saylor,BUY,0.8,4.0,2020-10-29 13:14:00+00:00,2020-10-29 19:14:00+00:00,13121.85,13544.82,422.96999999999935,0.0322340218795367,False,True
BTC,720,101,2020-10-29 13:13:42+00:00,michael_saylor,BUY,0.8,4.0,2020-10-29 13:14:00+00:00,2020-10-30 01:14:00+00:00,13121.85,13633.5,511.6499999999997,0.038992215274523,False,True
BTC,1440,101,2020-10-29 13:13:42+00:00,michael_saylor,BUY,0.8,4.0,2020-10-29 13:14:00+00:00,2020-10-30 13:14:00+00:00,13121.85,13320.59,198.73999999999975,0.0151457302133464,False,True
BTC,1,102,2020-10-29 20:18:08+00:00,michael_saylor,BUY,0.8,4.0,2020-10-29 20:19:00+00:00,2020-10-29 20:20:00+00:00,13490.19,13494.99,4.799999999999272,0.0003558141138115,False,True
BTC,3,102,2020-10-29 20:18:08+00:00,michael_saylor,BUY,0.8,4.0,2020-10-29 20:19:00+00:00,2020-10-29 20:22:00+00:00,13490.19,13512.28,22.090000000000146,0.0016374862029371,False,True
BTC,5,102,2020-10-29 20:18:08+00:00,michael_saylor,BUY,0.8,4.0,2020-10-29 20:19:00+00:00,2020-10-29 20:24:00+00:00,13490.19,13495.83,5.639999999999418,0.0004180815837285,False,True
BTC,10,102,2020-10-29 20:18:08+00:00,michael_saylor,BUY,0.8,4.0,2020-10-29 20:19:00+00:00,2020-10-29 20:29:00+00:00,13490.19,13502.2,12.010000000000218,0.0008902765639327,False,True
BTC,15,102,2020-10-29 20:18:08+00:00,michael_saylor,BUY,0.8,4.0,2020-10-29 20:19:00+00:00,2020-10-29 20:34:00+00:00,13490.19,13450.21,-39.98000000000138,-0.0029636350562891,False,False
BTC,30,102,2020-10-29 20:18:08+00:00,michael_saylor,BUY,0.8,4.0,2020-10-29 20:19:00+00:00,2020-10-29 20:49:00+00:00,13490.19,13470.68,-19.51000000000022,-0.0014462361167633,False,False
BTC,60,102,2020-10-29 20:18:08+00:00,michael_saylor,BUY,0.8,4.0,2020-10-29 20:19:00+00:00,2020-10-29 21:19:00+00:00,13490.19,13485.66,-4.530000000000655,-0.0003357995699097,False,False
BTC,120,102,2020-10-29 20:18:08+00:00,michael_saylor,BUY,0.8,4.0,2020-10-29 20:19:00+00:00,2020-10-29 22:19:00+00:00,13490.19,13463.0,-27.19000000000051,-0.0020155386988619,False,False
BTC,360,102,2020-10-29 20:18:08+00:00,michael_saylor,BUY,0.8,4.0,2020-10-29 20:19:00+00:00,2020-10-30 02:19:00+00:00,13490.19,13546.49,56.29999999999927,0.0041734030432484,False,True
BTC,720,102,2020-10-29 20:18:08+00:00,michael_saylor,BUY,0.8,4.0,2020-10-29 20:19:00+00:00,2020-10-30 08:19:00+00:00,13490.19,13316.41,-173.78000000000063,-0.0128819534787872,False,False
BTC,1440,102,2020-10-29 20:18:08+00:00,michael_saylor,BUY,0.8,4.0,2020-10-29 20:19:00+00:00,2020-10-30 20:19:00+00:00,13490.19,13527.38,37.18999999999869,0.0027568181026359,False,True
BTC,1,103,2020-10-30 12:47:28+00:00,michael_saylor,BUY,0.9,5.0,2020-10-30 12:48:00+00:00,2020-10-30 12:49:00+00:00,13345.54,13350.93,5.389999999999418,0.0004038802476332,False,True
BTC,3,103,2020-10-30 12:47:28+00:00,michael_saylor,BUY,0.9,5.0,2020-10-30 12:48:00+00:00,2020-10-30 12:51:00+00:00,13345.54,13342.7,-2.8400000000001455,-0.0002128051768605,False,False
BTC,5,103,2020-10-30 12:47:28+00:00,michael_saylor,BUY,0.9,5.0,2020-10-30 12:48:00+00:00,2020-10-30 12:53:00+00:00,13345.54,13343.1,-2.4400000000005093,-0.0001828326167394,False,False
BTC,10,103,2020-10-30 12:47:28+00:00,michael_saylor,BUY,0.9,5.0,2020-10-30 12:48:00+00:00,2020-10-30 12:58:00+00:00,13345.54,13342.54,-3.0,-0.000224794200909,False,False
BTC,15,103,2020-10-30 12:47:28+00:00,michael_saylor,BUY,0.9,5.0,2020-10-30 12:48:00+00:00,2020-10-30 13:03:00+00:00,13345.54,13330.42,-15.1200000000008,-0.0011329627725817,False,False
BTC,30,103,2020-10-30 12:47:28+00:00,michael_saylor,BUY,0.9,5.0,2020-10-30 12:48:00+00:00,2020-10-30 13:18:00+00:00,13345.54,13307.0,-38.54000000000087,-0.0028878561676785,False,False
BTC,60,103,2020-10-30 12:47:28+00:00,michael_saylor,BUY,0.9,5.0,2020-10-30 12:48:00+00:00,2020-10-30 13:48:00+00:00,13345.54,13236.55,-108.9900000000016,-0.0081667733190265,False,False
BTC,120,103,2020-10-30 12:47:28+00:00,michael_saylor,BUY,0.9,5.0,2020-10-30 12:48:00+00:00,2020-10-30 14:48:00+00:00,13345.54,13315.12,-30.420000000000073,-0.0022794131972179,False,False
BTC,360,103,2020-10-30 12:47:28+00:00,michael_saylor,BUY,0.9,5.0,2020-10-30 12:48:00+00:00,2020-10-30 18:48:00+00:00,13345.54,13523.99,178.4499999999989,0.0133715083840742,False,True
BTC,720,103,2020-10-30 12:47:28+00:00,michael_saylor,BUY,0.9,5.0,2020-10-30 12:48:00+00:00,2020-10-31 00:48:00+00:00,13345.54,13618.85,273.3099999999995,0.020479501016819,False,True
BTC,1440,103,2020-10-30 12:47:28+00:00,michael_saylor,BUY,0.9,5.0,2020-10-30 12:48:00+00:00,2020-10-31 12:48:00+00:00,13345.54,13907.13,561.5899999999983,0.0420807250961743,False,True
BTC,1,104,2020-10-31 23:06:58+00:00,michael_saylor,BUY,0.9,5.0,2020-10-31 23:07:00+00:00,2020-10-31 23:08:00+00:00,13825.52,13828.25,2.729999999999563,0.0001974609273285,False,True
BTC,3,104,2020-10-31 23:06:58+00:00,michael_saylor,BUY,0.9,5.0,2020-10-31 23:07:00+00:00,2020-10-31 23:10:00+00:00,13825.52,13799.04,-26.479999999999563,-0.0019152986650773,False,False
BTC,5,104,2020-10-31 23:06:58+00:00,michael_saylor,BUY,0.9,5.0,2020-10-31 23:07:00+00:00,2020-10-31 23:12:00+00:00,13825.52,13765.08,-60.44000000000051,-0.004371625805033,False,False
BTC,10,104,2020-10-31 23:06:58+00:00,michael_saylor,BUY,0.9,5.0,2020-10-31 23:07:00+00:00,2020-10-31 23:17:00+00:00,13825.52,13795.44,-30.079999999999927,-0.002175686701115,False,False
BTC,15,104,2020-10-31 23:06:58+00:00,michael_saylor,BUY,0.9,5.0,2020-10-31 23:07:00+00:00,2020-10-31 23:22:00+00:00,13825.52,13777.54,-47.97999999999956,-0.0034703938803024,False,False
BTC,30,104,2020-10-31 23:06:58+00:00,michael_saylor,BUY,0.9,5.0,2020-10-31 23:07:00+00:00,2020-10-31 23:37:00+00:00,13825.52,13796.88,-28.640000000001237,-0.0020715314867,False,False
BTC,60,104,2020-10-31 23:06:58+00:00,michael_saylor,BUY,0.9,5.0,2020-10-31 23:07:00+00:00,2020-11-01 00:07:00+00:00,13825.52,13879.07,53.54999999999927,0.0038732720360607,False,True
BTC,120,104,2020-10-31 23:06:58+00:00,michael_saylor,BUY,0.9,5.0,2020-10-31 23:07:00+00:00,2020-11-01 01:07:00+00:00,13825.52,13762.51,-63.01000000000022,-0.0045575139307599,False,False
BTC,360,104,2020-10-31 23:06:58+00:00,michael_saylor,BUY,0.9,5.0,2020-10-31 23:07:00+00:00,2020-11-01 05:07:00+00:00,13825.52,13679.01,-146.51000000000022,-0.0105970697666344,False,False
BTC,720,104,2020-10-31 23:06:58+00:00,michael_saylor,BUY,0.9,5.0,2020-10-31 23:07:00+00:00,2020-11-01 11:07:00+00:00,13825.52,13759.96,-65.56000000000131,-0.0047419554562867,False,False
BTC,1440,104,2020-10-31 23:06:58+00:00,michael_saylor,BUY,0.9,5.0,2020-10-31 23:07:00+00:00,2020-11-01 23:07:00+00:00,13825.52,13700.01,-125.51000000000022,-0.0090781395564145,False,False
BTC,1,105,2020-11-01 13:06:06+00:00,michael_saylor,BUY,0.9,4.0,2020-11-01 13:07:00+00:00,2020-11-01 13:08:00+00:00,13785.46,13775.38,-10.079999999999927,-0.0007312051973601,False,False
BTC,3,105,2020-11-01 13:06:06+00:00,michael_saylor,BUY,0.9,4.0,2020-11-01 13:07:00+00:00,2020-11-01 13:10:00+00:00,13785.46,13773.05,-12.409999999999854,-0.0009002238590514,False,False
BTC,5,105,2020-11-01 13:06:06+00:00,michael_saylor,BUY,0.9,4.0,2020-11-01 13:07:00+00:00,2020-11-01 13:12:00+00:00,13785.46,13762.88,-22.579999999999927,-0.0016379576742451,False,False
BTC,10,105,2020-11-01 13:06:06+00:00,michael_saylor,BUY,0.9,4.0,2020-11-01 13:07:00+00:00,2020-11-01 13:17:00+00:00,13785.46,13757.4,-28.05999999999949,-0.0020354779601115,False,False
BTC,15,105,2020-11-01 13:06:06+00:00,michael_saylor,BUY,0.9,4.0,2020-11-01 13:07:00+00:00,2020-11-01 13:22:00+00:00,13785.46,13776.26,-9.199999999998909,-0.0006673698229873,False,False
BTC,30,105,2020-11-01 13:06:06+00:00,michael_saylor,BUY,0.9,4.0,2020-11-01 13:07:00+00:00,2020-11-01 13:37:00+00:00,13785.46,13752.43,-33.029999999998836,-0.002396002744921,False,False
BTC,60,105,2020-11-01 13:06:06+00:00,michael_saylor,BUY,0.9,4.0,2020-11-01 13:07:00+00:00,2020-11-01 14:07:00+00:00,13785.46,13824.04,38.580000000001746,0.0027986008446581,False,True
BTC,120,105,2020-11-01 13:06:06+00:00,michael_saylor,BUY,0.9,4.0,2020-11-01 13:07:00+00:00,2020-11-01 15:07:00+00:00,13785.46,13831.38,45.92000000000007,0.0033310458990849,False,True
BTC,360,105,2020-11-01 13:06:06+00:00,michael_saylor,BUY,0.9,4.0,2020-11-01 13:07:00+00:00,2020-11-01 19:07:00+00:00,13785.46,13799.57,14.110000000000582,0.0010235421959079,False,True
BTC,720,105,2020-11-01 13:06:06+00:00,michael_saylor,BUY,0.9,4.0,2020-11-01 13:07:00+00:00,2020-11-02 01:07:00+00:00,13785.46,13777.63,-7.829999999999927,-0.0005679897515208,False,False
BTC,1440,105,2020-11-01 13:06:06+00:00,michael_saylor,BUY,0.9,4.0,2020-11-01 13:07:00+00:00,2020-11-02 13:07:00+00:00,13785.46,13343.1,-442.3599999999987,-0.0320888820539901,False,False
BTC,1,107,2020-11-01 15:26:48+00:00,michael_saylor,BUY,0.8,5.0,2020-11-01 15:27:00+00:00,2020-11-01 15:28:00+00:00,13840.95,13832.3,-8.650000000001455,-0.0006249571019331,False,False
BTC,3,107,2020-11-01 15:26:48+00:00,michael_saylor,BUY,0.8,5.0,2020-11-01 15:27:00+00:00,2020-11-01 15:30:00+00:00,13840.95,13836.35,-4.600000000000364,-0.0003323471293516,False,False
BTC,5,107,2020-11-01 15:26:48+00:00,michael_saylor,BUY,0.8,5.0,2020-11-01 15:27:00+00:00,2020-11-01 15:32:00+00:00,13840.95,13822.02,-18.93000000000029,-0.001367680686658,False,False
BTC,10,107,2020-11-01 15:26:48+00:00,michael_saylor,BUY,0.8,5.0,2020-11-01 15:27:00+00:00,2020-11-01 15:37:00+00:00,13840.95,13810.0,-30.950000000000728,-0.0022361181855292,False,False
BTC,15,107,2020-11-01 15:26:48+00:00,michael_saylor,BUY,0.8,5.0,2020-11-01 15:27:00+00:00,2020-11-01 15:42:00+00:00,13840.95,13833.91,-7.040000000000873,-0.00050863560666,False,False
BTC,30,107,2020-11-01 15:26:48+00:00,michael_saylor,BUY,0.8,5.0,2020-11-01 15:27:00+00:00,2020-11-01 15:57:00+00:00,13840.95,13808.54,-32.409999999999854,-0.0023416022744103,False,False
BTC,60,107,2020-11-01 15:26:48+00:00,michael_saylor,BUY,0.8,5.0,2020-11-01 15:27:00+00:00,2020-11-01 16:27:00+00:00,13840.95,13784.04,-56.909999999999854,-0.0041117119850877,False,False
BTC,120,107,2020-11-01 15:26:48+00:00,michael_saylor,BUY,0.8,5.0,2020-11-01 15:27:00+00:00,2020-11-01 17:27:00+00:00,13840.95,13784.11,-56.840000000000146,-0.0041066545287715,False,False
BTC,360,107,2020-11-01 15:26:48+00:00,michael_saylor,BUY,0.8,5.0,2020-11-01 15:27:00+00:00,2020-11-01 21:27:00+00:00,13840.95,13816.02,-24.93000000000029,-0.0018011769423341,False,False
BTC,720,107,2020-11-01 15:26:48+00:00,michael_saylor,BUY,0.8,5.0,2020-11-01 15:27:00+00:00,2020-11-02 03:27:00+00:00,13840.95,13685.54,-155.40999999999983,-0.0112282755157702,False,False
BTC,1440,107,2020-11-01 15:26:48+00:00,michael_saylor,BUY,0.8,5.0,2020-11-01 15:27:00+00:00,2020-11-02 15:27:00+00:00,13840.95,13485.0,-355.9500000000007,-0.0257171653679841,False,False
BTC,1,108,2020-11-01 20:28:51+00:00,michael_saylor,BUY,0.9,5.0,2020-11-01 20:29:00+00:00,2020-11-01 20:30:00+00:00,13830.57,13828.9,-1.6700000000000728,-0.0001207470118729,False,False
BTC,3,108,2020-11-01 20:28:51+00:00,michael_saylor,BUY,0.9,5.0,2020-11-01 20:29:00+00:00,2020-11-01 20:32:00+00:00,13830.57,13821.38,-9.19000000000051,-0.000664470083301,False,False
BTC,5,108,2020-11-01 20:28:51+00:00,michael_saylor,BUY,0.9,5.0,2020-11-01 20:29:00+00:00,2020-11-01 20:34:00+00:00,13830.57,13818.03,-12.539999999999054,-0.000906687143046,False,False
BTC,10,108,2020-11-01 20:28:51+00:00,michael_saylor,BUY,0.9,5.0,2020-11-01 20:29:00+00:00,2020-11-01 20:39:00+00:00,13830.57,13821.16,-9.409999999999854,-0.0006803768752842,False,False
BTC,15,108,2020-11-01 20:28:51+00:00,michael_saylor,BUY,0.9,5.0,2020-11-01 20:29:00+00:00,2020-11-01 20:44:00+00:00,13830.57,13828.3,-2.270000000000437,-0.0001641291718273,False,False
BTC,30,108,2020-11-01 20:28:51+00:00,michael_saylor,BUY,0.9,5.0,2020-11-01 20:29:00+00:00,2020-11-01 20:59:00+00:00,13830.57,13817.46,-13.110000000000582,-0.0009479001950028,False,False
BTC,60,108,2020-11-01 20:28:51+00:00,michael_saylor,BUY,0.9,5.0,2020-11-01 20:29:00+00:00,2020-11-01 21:29:00+00:00,13830.57,13837.36,6.790000000000873,0.0004909414434835,False,True
BTC,120,108,2020-11-01 20:28:51+00:00,michael_saylor,BUY,0.9,5.0,2020-11-01 20:29:00+00:00,2020-11-01 22:29:00+00:00,13830.57,13782.63,-47.94000000000051,-0.0034662345803535,False,False
BTC,360,108,2020-11-01 20:28:51+00:00,michael_saylor,BUY,0.9,5.0,2020-11-01 20:29:00+00:00,2020-11-02 02:29:00+00:00,13830.57,13698.37,-132.1999999999989,-0.0095585359099443,False,False
BTC,720,108,2020-11-01 20:28:51+00:00,michael_saylor,BUY,0.9,5.0,2020-11-01 20:29:00+00:00,2020-11-02 08:29:00+00:00,13830.57,13641.7,-188.86999999999895,-0.0136559809176338,False,False
BTC,1440,108,2020-11-01 20:28:51+00:00,michael_saylor,BUY,0.9,5.0,2020-11-01 20:29:00+00:00,2020-11-02 20:29:00+00:00,13830.57,13666.95,-163.61999999999898,-0.0118303150195544,False,False
BTC,1,109,2020-11-02 13:54:46+00:00,michael_saylor,BUY,0.8,4.0,2020-11-02 13:55:00+00:00,2020-11-02 13:56:00+00:00,13420.01,13407.68,-12.329999999999927,-0.0009187772587352,False,False
BTC,3,109,2020-11-02 13:54:46+00:00,michael_saylor,BUY,0.8,4.0,2020-11-02 13:55:00+00:00,2020-11-02 13:58:00+00:00,13420.01,13397.96,-22.05000000000109,-0.001643068820366,False,False
BTC,5,109,2020-11-02 13:54:46+00:00,michael_saylor,BUY,0.8,4.0,2020-11-02 13:55:00+00:00,2020-11-02 14:00:00+00:00,13420.01,13385.17,-34.840000000000146,-0.002596123251771,False,False
BTC,10,109,2020-11-02 13:54:46+00:00,michael_saylor,BUY,0.8,4.0,2020-11-02 13:55:00+00:00,2020-11-02 14:05:00+00:00,13420.01,13408.65,-11.360000000000582,-0.0008464971337577,False,False
BTC,15,109,2020-11-02 13:54:46+00:00,michael_saylor,BUY,0.8,4.0,2020-11-02 13:55:00+00:00,2020-11-02 14:10:00+00:00,13420.01,13367.81,-52.20000000000073,-0.003889713942091,False,False
BTC,30,109,2020-11-02 13:54:46+00:00,michael_saylor,BUY,0.8,4.0,2020-11-02 13:55:00+00:00,2020-11-02 14:25:00+00:00,13420.01,13401.98,-18.030000000000655,-0.0013435161374693,False,False
BTC,60,109,2020-11-02 13:54:46+00:00,michael_saylor,BUY,0.8,4.0,2020-11-02 13:55:00+00:00,2020-11-02 14:55:00+00:00,13420.01,13475.0,54.98999999999978,0.0040976124458923,False,True
BTC,120,109,2020-11-02 13:54:46+00:00,michael_saylor,BUY,0.8,4.0,2020-11-02 13:55:00+00:00,2020-11-02 15:55:00+00:00,13420.01,13524.15,104.13999999999942,0.0077600538300641,False,True
BTC,360,109,2020-11-02 13:54:46+00:00,michael_saylor,BUY,0.8,4.0,2020-11-02 13:55:00+00:00,2020-11-02 19:55:00+00:00,13420.01,13539.03,119.02000000000044,0.0088688458503384,False,True
BTC,720,109,2020-11-02 13:54:46+00:00,michael_saylor,BUY,0.8,4.0,2020-11-02 13:55:00+00:00,2020-11-03 01:55:00+00:00,13420.01,13564.33,144.3199999999997,0.0107540903471755,False,True
BTC,1440,109,2020-11-02 13:54:46+00:00,michael_saylor,BUY,0.8,4.0,2020-11-02 13:55:00+00:00,2020-11-03 13:55:00+00:00,13420.01,13687.53,267.52000000000044,0.0199344113752523,False,True
BTC,1,110,2020-11-03 16:17:15+00:00,michael_saylor,BUY,0.8,4.0,2020-11-03 16:18:00+00:00,2020-11-03 16:19:00+00:00,13720.01,13731.63,11.61999999999898,0.0008469381582082,False,True
BTC,3,110,2020-11-03 16:17:15+00:00,michael_saylor,BUY,0.8,4.0,2020-11-03 16:18:00+00:00,2020-11-03 16:21:00+00:00,13720.01,13738.75,18.73999999999978,0.0013658882172826,False,True
BTC,5,110,2020-11-03 16:17:15+00:00,michael_saylor,BUY,0.8,4.0,2020-11-03 16:18:00+00:00,2020-11-03 16:23:00+00:00,13720.01,13727.31,7.299999999999272,0.0005320695830396,False,True
BTC,10,110,2020-11-03 16:17:15+00:00,michael_saylor,BUY,0.8,4.0,2020-11-03 16:18:00+00:00,2020-11-03 16:28:00+00:00,13720.01,13728.2,8.19000000000051,0.0005969383404239,False,True
BTC,15,110,2020-11-03 16:17:15+00:00,michael_saylor,BUY,0.8,4.0,2020-11-03 16:18:00+00:00,2020-11-03 16:33:00+00:00,13720.01,13721.58,1.569999999999709,0.0001144314034756,False,True
BTC,30,110,2020-11-03 16:17:15+00:00,michael_saylor,BUY,0.8,4.0,2020-11-03 16:18:00+00:00,2020-11-03 16:48:00+00:00,13720.01,13713.01,-7.0,-0.000510203709764,False,False
BTC,60,110,2020-11-03 16:17:15+00:00,michael_saylor,BUY,0.8,4.0,2020-11-03 16:18:00+00:00,2020-11-03 17:18:00+00:00,13720.01,13738.09,18.079999999999927,0.0013177832960763,False,True
BTC,120,110,2020-11-03 16:17:15+00:00,michael_saylor,BUY,0.8,4.0,2020-11-03 16:18:00+00:00,2020-11-03 18:18:00+00:00,13720.01,13759.1,39.090000000000146,0.002849123287811,False,True
BTC,360,110,2020-11-03 16:17:15+00:00,michael_saylor,BUY,0.8,4.0,2020-11-03 16:18:00+00:00,2020-11-03 22:18:00+00:00,13720.01,13739.17,19.159999999999854,0.0013965004398684,False,True
BTC,720,110,2020-11-03 16:17:15+00:00,michael_saylor,BUY,0.8,4.0,2020-11-03 16:18:00+00:00,2020-11-04 04:18:00+00:00,13720.01,13873.75,153.73999999999978,0.0112055311913037,False,True
BTC,1440,110,2020-11-03 16:17:15+00:00,michael_saylor,BUY,0.8,4.0,2020-11-03 16:18:00+00:00,2020-11-04 16:18:00+00:00,13720.01,14028.0,307.9899999999998,0.0224482343671761,False,True
BTC,1,111,2020-11-04 14:27:08+00:00,michael_saylor,BUY,0.8,4.0,2020-11-04 14:28:00+00:00,2020-11-04 14:29:00+00:00,13758.0,13743.35,-14.649999999999636,-0.0010648350050879,False,False
BTC,3,111,2020-11-04 14:27:08+00:00,michael_saylor,BUY,0.8,4.0,2020-11-04 14:28:00+00:00,2020-11-04 14:31:00+00:00,13758.0,13776.47,18.469999999999345,0.0013424916412268,False,True
BTC,5,111,2020-11-04 14:27:08+00:00,michael_saylor,BUY,0.8,4.0,2020-11-04 14:28:00+00:00,2020-11-04 14:33:00+00:00,13758.0,13801.78,43.780000000000655,0.0031821485681058,False,True
BTC,10,111,2020-11-04 14:27:08+00:00,michael_saylor,BUY,0.8,4.0,2020-11-04 14:28:00+00:00,2020-11-04 14:38:00+00:00,13758.0,13779.92,21.920000000000073,0.0015932548335513,False,True
BTC,15,111,2020-11-04 14:27:08+00:00,michael_saylor,BUY,0.8,4.0,2020-11-04 14:28:00+00:00,2020-11-04 14:43:00+00:00,13758.0,13793.53,35.530000000000655,0.0025824974560256,False,True
BTC,30,111,2020-11-04 14:27:08+00:00,michael_saylor,BUY,0.8,4.0,2020-11-04 14:28:00+00:00,2020-11-04 14:58:00+00:00,13758.0,13828.13,70.1299999999992,0.0050973978775984,False,True
BTC,60,111,2020-11-04 14:27:08+00:00,michael_saylor,BUY,0.8,4.0,2020-11-04 14:28:00+00:00,2020-11-04 15:28:00+00:00,13758.0,13906.65,148.64999999999964,0.0108046227649367,False,True
BTC,120,111,2020-11-04 14:27:08+00:00,michael_saylor,BUY,0.8,4.0,2020-11-04 14:28:00+00:00,2020-11-04 16:28:00+00:00,13758.0,13994.55,236.54999999999927,0.0171936327954644,False,True
BTC,360,111,2020-11-04 14:27:08+00:00,michael_saylor,BUY,0.8,4.0,2020-11-04 14:28:00+00:00,2020-11-04 20:28:00+00:00,13758.0,14002.61,244.61000000000055,0.017779473760721,False,True
BTC,720,111,2020-11-04 14:27:08+00:00,michael_saylor,BUY,0.8,4.0,2020-11-04 14:28:00+00:00,2020-11-05 02:28:00+00:00,13758.0,14194.24,436.2399999999998,0.0317080971071376,False,True
BTC,1440,111,2020-11-04 14:27:08+00:00,michael_saylor,BUY,0.8,4.0,2020-11-04 14:28:00+00:00,2020-11-05 14:28:00+00:00,13758.0,14874.0,1116.0,0.0811164413432184,False,True
BTC,1,113,2020-11-04 18:44:26+00:00,michael_saylor,BUY,0.9,5.0,2020-11-04 18:45:00+00:00,2020-11-04 18:46:00+00:00,14089.85,14098.12,8.270000000000437,0.000586947341526,False,True
BTC,3,113,2020-11-04 18:44:26+00:00,michael_saylor,BUY,0.9,5.0,2020-11-04 18:45:00+00:00,2020-11-04 18:48:00+00:00,14089.85,14088.55,-1.3000000000010914,-9.226499927260342e-05,False,False
BTC,5,113,2020-11-04 18:44:26+00:00,michael_saylor,BUY,0.9,5.0,2020-11-04 18:45:00+00:00,2020-11-04 18:50:00+00:00,14089.85,14067.99,-21.860000000000586,-0.0015514714493057,False,False
BTC,10,113,2020-11-04 18:44:26+00:00,michael_saylor,BUY,0.9,5.0,2020-11-04 18:45:00+00:00,2020-11-04 18:55:00+00:00,14089.85,14075.36,-14.489999999999782,-0.0010283998765068,False,False
BTC,15,113,2020-11-04 18:44:26+00:00,michael_saylor,BUY,0.9,5.0,2020-11-04 18:45:00+00:00,2020-11-04 19:00:00+00:00,14089.85,14096.47,6.619999999998981,0.0004698417655261,False,True
BTC,30,113,2020-11-04 18:44:26+00:00,michael_saylor,BUY,0.9,5.0,2020-11-04 18:45:00+00:00,2020-11-04 19:15:00+00:00,14089.85,14094.12,4.270000000000437,0.000303055036072,False,True
BTC,60,113,2020-11-04 18:44:26+00:00,michael_saylor,BUY,0.9,5.0,2020-11-04 18:45:00+00:00,2020-11-04 19:45:00+00:00,14089.85,14080.61,-9.239999999999782,-0.0006557912255985,False,False
BTC,120,113,2020-11-04 18:44:26+00:00,michael_saylor,BUY,0.9,5.0,2020-11-04 18:45:00+00:00,2020-11-04 20:45:00+00:00,14089.85,14013.83,-76.02000000000044,-0.0053953732651518,False,False
BTC,360,113,2020-11-04 18:44:26+00:00,michael_saylor,BUY,0.9,5.0,2020-11-04 18:45:00+00:00,2020-11-05 00:45:00+00:00,14089.85,14119.9,30.049999999999272,0.0021327409447225,False,True
BTC,720,113,2020-11-04 18:44:26+00:00,michael_saylor,BUY,0.9,5.0,2020-11-04 18:45:00+00:00,2020-11-05 06:45:00+00:00,14089.85,14340.0,250.14999999999964,0.0177539150523248,False,True
BTC,1440,113,2020-11-04 18:44:26+00:00,michael_saylor,BUY,0.9,5.0,2020-11-04 18:45:00+00:00,2020-11-05 18:45:00+00:00,14089.85,14904.99,815.1399999999994,0.0578529934669282,False,True
BTC,1,114,2020-11-06 14:19:37+00:00,michael_saylor,BUY,0.9,4.0,2020-11-06 14:20:00+00:00,2020-11-06 14:21:00+00:00,15556.65,15537.2,-19.44999999999891,-0.0012502691774899,False,False
BTC,3,114,2020-11-06 14:19:37+00:00,michael_saylor,BUY,0.9,4.0,2020-11-06 14:20:00+00:00,2020-11-06 14:23:00+00:00,15556.65,15484.49,-72.15999999999985,-0.0046385307890837,False,False
BTC,5,114,2020-11-06 14:19:37+00:00,michael_saylor,BUY,0.9,4.0,2020-11-06 14:20:00+00:00,2020-11-06 14:25:00+00:00,15556.65,15466.16,-90.48999999999978,-0.0058168050319316,False,False
BTC,10,114,2020-11-06 14:19:37+00:00,michael_saylor,BUY,0.9,4.0,2020-11-06 14:20:00+00:00,2020-11-06 14:30:00+00:00,15556.65,15523.89,-32.76000000000022,-0.0021058518382813,False,False
BTC,15,114,2020-11-06 14:19:37+00:00,michael_saylor,BUY,0.9,4.0,2020-11-06 14:20:00+00:00,2020-11-06 14:35:00+00:00,15556.65,15453.54,-103.10999999999876,-0.0066280336704881,False,False
BTC,30,114,2020-11-06 14:19:37+00:00,michael_saylor,BUY,0.9,4.0,2020-11-06 14:20:00+00:00,2020-11-06 14:50:00+00:00,15556.65,15464.59,-92.05999999999948,-0.0059177265028138,False,False
BTC,60,114,2020-11-06 14:19:37+00:00,michael_saylor,BUY,0.9,4.0,2020-11-06 14:20:00+00:00,2020-11-06 15:20:00+00:00,15556.65,15486.48,-70.17000000000007,-0.0045106112177107,False,False
BTC,120,114,2020-11-06 14:19:37+00:00,michael_saylor,BUY,0.9,4.0,2020-11-06 14:20:00+00:00,2020-11-06 16:20:00+00:00,15556.65,15457.12,-99.52999999999884,-0.0063979070043999,False,False
BTC,360,114,2020-11-06 14:19:37+00:00,michael_saylor,BUY,0.9,4.0,2020-11-06 14:20:00+00:00,2020-11-06 20:20:00+00:00,15556.65,15209.04,-347.60999999999876,-0.0223447850276247,False,False
BTC,720,114,2020-11-06 14:19:37+00:00,michael_saylor,BUY,0.9,4.0,2020-11-06 14:20:00+00:00,2020-11-07 02:20:00+00:00,15556.65,15639.0,82.35000000000036,0.0052935561319435,False,True
BTC,1440,114,2020-11-06 14:19:37+00:00,michael_saylor,BUY,0.9,4.0,2020-11-06 14:20:00+00:00,2020-11-07 14:20:00+00:00,15556.65,15386.22,-170.4300000000003,-0.0109554434920114,False,False
BTC,1,115,2020-11-06 17:45:08+00:00,michael_saylor,BUY,0.9,5.0,2020-11-06 17:46:00+00:00,2020-11-06 17:47:00+00:00,15485.59,15486.57,0.9799999999995634,6.328464075308487e-05,False,True
BTC,3,115,2020-11-06 17:45:08+00:00,michael_saylor,BUY,0.9,5.0,2020-11-06 17:46:00+00:00,2020-11-06 17:49:00+00:00,15485.59,15495.67,10.079999999999927,0.0006509277334605,False,True
BTC,5,115,2020-11-06 17:45:08+00:00,michael_saylor,BUY,0.9,5.0,2020-11-06 17:46:00+00:00,2020-11-06 17:51:00+00:00,15485.59,15488.04,2.4500000000007276,0.0001582116018828,False,True
BTC,10,115,2020-11-06 17:45:08+00:00,michael_saylor,BUY,0.9,5.0,2020-11-06 17:46:00+00:00,2020-11-06 17:56:00+00:00,15485.59,15471.31,-14.280000000000657,-0.0009221476224025,False,False
BTC,15,115,2020-11-06 17:45:08+00:00,michael_saylor,BUY,0.9,5.0,2020-11-06 17:46:00+00:00,2020-11-06 18:01:00+00:00,15485.59,15478.51,-7.079999999999927,-0.0004571992413592,False,False
BTC,30,115,2020-11-06 17:45:08+00:00,michael_saylor,BUY,0.9,5.0,2020-11-06 17:46:00+00:00,2020-11-06 18:16:00+00:00,15485.59,15496.55,10.959999999999129,0.0007077547578102,False,True
BTC,60,115,2020-11-06 17:45:08+00:00,michael_saylor,BUY,0.9,5.0,2020-11-06 17:46:00+00:00,2020-11-06 18:46:00+00:00,15485.59,15457.81,-27.780000000000655,-0.0017939258368586,False,False
BTC,120,115,2020-11-06 17:45:08+00:00,michael_saylor,BUY,0.9,5.0,2020-11-06 17:46:00+00:00,2020-11-06 19:46:00+00:00,15485.59,15421.64,-63.95000000000073,-0.0041296456899608,False,False
BTC,360,115,2020-11-06 17:45:08+00:00,michael_saylor,BUY,0.9,5.0,2020-11-06 17:46:00+00:00,2020-11-06 23:46:00+00:00,15485.59,15568.21,82.61999999999898,0.0053352826724715,False,True
BTC,720,115,2020-11-06 17:45:08+00:00,michael_saylor,BUY,0.9,5.0,2020-11-06 17:46:00+00:00,2020-11-07 05:46:00+00:00,15485.59,15559.35,73.76000000000022,0.0047631378591322,False,True
BTC,1440,115,2020-11-06 17:45:08+00:00,michael_saylor,BUY,0.9,5.0,2020-11-06 17:46:00+00:00,2020-11-07 17:46:00+00:00,15485.59,15267.67,-217.92000000000007,-0.0140724376662432,False,False
BTC,1,116,2020-11-07 22:37:18+00:00,michael_saylor,BUY,1.0,5.0,2020-11-07 22:38:00+00:00,2020-11-07 22:39:00+00:00,14786.16,14821.67,35.51000000000022,0.0024015701169201,False,True
BTC,3,116,2020-11-07 22:37:18+00:00,michael_saylor,BUY,1.0,5.0,2020-11-07 22:38:00+00:00,2020-11-07 22:41:00+00:00,14786.16,14788.8,2.639999999999418,0.0001785453424012,False,True
BTC,5,116,2020-11-07 22:37:18+00:00,michael_saylor,BUY,1.0,5.0,2020-11-07 22:38:00+00:00,2020-11-07 22:43:00+00:00,14786.16,14782.03,-4.1299999999992,-0.0002793152515595,False,False
BTC,10,116,2020-11-07 22:37:18+00:00,michael_saylor,BUY,1.0,5.0,2020-11-07 22:38:00+00:00,2020-11-07 22:48:00+00:00,14786.16,14784.35,-1.809999999999491,-0.0001224117688432,False,False
BTC,15,116,2020-11-07 22:37:18+00:00,michael_saylor,BUY,1.0,5.0,2020-11-07 22:38:00+00:00,2020-11-07 22:53:00+00:00,14786.16,14822.46,36.29999999999927,0.0024549984580174,False,True
BTC,30,116,2020-11-07 22:37:18+00:00,michael_saylor,BUY,1.0,5.0,2020-11-07 22:38:00+00:00,2020-11-07 23:08:00+00:00,14786.16,14887.05,100.88999999999942,0.0068232725738122,False,True
BTC,60,116,2020-11-07 22:37:18+00:00,michael_saylor,BUY,1.0,5.0,2020-11-07 22:38:00+00:00,2020-11-07 23:38:00+00:00,14786.16,14846.93,60.77000000000044,0.004109924415805,False,True
BTC,120,116,2020-11-07 22:37:18+00:00,michael_saylor,BUY,1.0,5.0,2020-11-07 22:38:00+00:00,2020-11-08 00:38:00+00:00,14786.16,14853.57,67.40999999999985,0.0045589930042688,False,True
BTC,360,116,2020-11-07 22:37:18+00:00,michael_saylor,BUY,1.0,5.0,2020-11-07 22:38:00+00:00,2020-11-08 04:38:00+00:00,14786.16,14971.72,185.5599999999995,0.0125495733848409,False,True
BTC,720,116,2020-11-07 22:37:18+00:00,michael_saylor,BUY,1.0,5.0,2020-11-07 22:38:00+00:00,2020-11-08 10:38:00+00:00,14786.16,15034.42,248.26000000000025,0.0167900252668712,False,True
BTC,1440,116,2020-11-07 22:37:18+00:00,michael_saylor,BUY,1.0,5.0,2020-11-07 22:38:00+00:00,2020-11-08 22:38:00+00:00,14786.16,15484.82,698.6599999999999,0.0472509427735125,False,True
BTC,1,117,2020-11-08 14:56:46+00:00,michael_saylor,BUY,0.9,5.0,2020-11-08 14:57:00+00:00,2020-11-08 14:58:00+00:00,15334.43,15323.39,-11.040000000000871,-0.0007199485080306,False,False
BTC,3,117,2020-11-08 14:56:46+00:00,michael_saylor,BUY,0.9,5.0,2020-11-08 14:57:00+00:00,2020-11-08 15:00:00+00:00,15334.43,15360.8,26.36999999999898,0.0017196596156491,False,True
BTC,5,117,2020-11-08 14:56:46+00:00,michael_saylor,BUY,0.9,5.0,2020-11-08 14:57:00+00:00,2020-11-08 15:02:00+00:00,15334.43,15372.81,38.3799999999992,0.0025028644690411,False,True
BTC,10,117,2020-11-08 14:56:46+00:00,michael_saylor,BUY,0.9,5.0,2020-11-08 14:57:00+00:00,2020-11-08 15:07:00+00:00,15334.43,15393.93,59.5,0.0038801572670128,False,True
BTC,15,117,2020-11-08 14:56:46+00:00,michael_saylor,BUY,0.9,5.0,2020-11-08 14:57:00+00:00,2020-11-08 15:12:00+00:00,15334.43,15411.1,76.67000000000007,0.0049998597926365,False,True
BTC,30,117,2020-11-08 14:56:46+00:00,michael_saylor,BUY,0.9,5.0,2020-11-08 14:57:00+00:00,2020-11-08 15:27:00+00:00,15334.43,15349.7,15.270000000000437,0.000995798343988,False,True
BTC,60,117,2020-11-08 14:56:46+00:00,michael_saylor,BUY,0.9,5.0,2020-11-08 14:57:00+00:00,2020-11-08 15:57:00+00:00,15334.43,15330.49,-3.9400000000005098,-0.0002569381450761,False,False
BTC,120,117,2020-11-08 14:56:46+00:00,michael_saylor,BUY,0.9,5.0,2020-11-08 14:57:00+00:00,2020-11-08 16:57:00+00:00,15334.43,15386.34,51.909999999999854,0.0033851926677417,False,True
BTC,360,117,2020-11-08 14:56:46+00:00,michael_saylor,BUY,0.9,5.0,2020-11-08 14:57:00+00:00,2020-11-08 20:57:00+00:00,15334.43,15378.0,43.56999999999971,0.0028413185230882,False,True
BTC,720,117,2020-11-08 14:56:46+00:00,michael_saylor,BUY,0.9,5.0,2020-11-08 14:57:00+00:00,2020-11-09 02:57:00+00:00,15334.43,15466.67,132.23999999999978,0.008623731041845,False,True
BTC,1440,117,2020-11-08 14:56:46+00:00,michael_saylor,BUY,0.9,5.0,2020-11-08 14:57:00+00:00,2020-11-09 14:57:00+00:00,15334.43,15203.52,-130.90999999999983,-0.0085369981147,False,False
BTC,1,118,2020-11-09 04:03:41+00:00,michael_saylor,BUY,0.9,5.0,2020-11-09 04:04:00+00:00,2020-11-09 04:05:00+00:00,15359.31,15389.95,30.640000000001237,0.0019948812804742,False,True
BTC,3,118,2020-11-09 04:03:41+00:00,michael_saylor,BUY,0.9,5.0,2020-11-09 04:04:00+00:00,2020-11-09 04:07:00+00:00,15359.31,15384.25,24.94000000000051,0.0016237708594982,False,True
BTC,5,118,2020-11-09 04:03:41+00:00,michael_saylor,BUY,0.9,5.0,2020-11-09 04:04:00+00:00,2020-11-09 04:09:00+00:00,15359.31,15374.8,15.489999999999782,0.0010085088457749,False,True
BTC,10,118,2020-11-09 04:03:41+00:00,michael_saylor,BUY,0.9,5.0,2020-11-09 04:04:00+00:00,2020-11-09 04:14:00+00:00,15359.31,15389.28,29.970000000001164,0.0019512595292367,False,True
BTC,15,118,2020-11-09 04:03:41+00:00,michael_saylor,BUY,0.9,5.0,2020-11-09 04:04:00+00:00,2020-11-09 04:19:00+00:00,15359.31,15407.34,48.030000000000655,0.0031270935999078,False,True
BTC,30,118,2020-11-09 04:03:41+00:00,michael_saylor,BUY,0.9,5.0,2020-11-09 04:04:00+00:00,2020-11-09 04:34:00+00:00,15359.31,15392.35,33.04000000000087,0.0021511382998325,False,True
BTC,60,118,2020-11-09 04:03:41+00:00,michael_saylor,BUY,0.9,5.0,2020-11-09 04:04:00+00:00,2020-11-09 05:04:00+00:00,15359.31,15344.05,-15.260000000000218,-0.0009935342147531,False,False
BTC,120,118,2020-11-09 04:03:41+00:00,michael_saylor,BUY,0.9,5.0,2020-11-09 04:04:00+00:00,2020-11-09 06:04:00+00:00,15359.31,15450.19,90.88000000000102,0.0059169324663673,False,True
BTC,360,118,2020-11-09 04:03:41+00:00,michael_saylor,BUY,0.9,5.0,2020-11-09 04:04:00+00:00,2020-11-09 10:04:00+00:00,15359.31,15419.72,60.409999999999854,0.0039331193914309,False,True
BTC,720,118,2020-11-09 04:03:41+00:00,michael_saylor,BUY,0.9,5.0,2020-11-09 04:04:00+00:00,2020-11-09 16:04:00+00:00,15359.31,14967.86,-391.4499999999989,-0.0254861709282512,False,False
BTC,1440,118,2020-11-09 04:03:41+00:00,michael_saylor,BUY,0.9,5.0,2020-11-09 04:04:00+00:00,2020-11-10 04:04:00+00:00,15359.31,15348.08,-11.229999999999563,-0.0007311526364139,False,False
BTC,1,119,2020-11-09 18:17:38+00:00,michael_saylor,SELL,0.9,5.0,2020-11-09 18:18:00+00:00,2020-11-09 18:19:00+00:00,15185.03,15178.84,-6.190000000000509,-0.0004076383122061,False,True
BTC,3,119,2020-11-09 18:17:38+00:00,michael_saylor,SELL,0.9,5.0,2020-11-09 18:18:00+00:00,2020-11-09 18:21:00+00:00,15185.03,15231.98,46.94999999999891,0.0030918608656024,False,False
BTC,5,119,2020-11-09 18:17:38+00:00,michael_saylor,SELL,0.9,5.0,2020-11-09 18:18:00+00:00,2020-11-09 18:23:00+00:00,15185.03,15215.12,30.090000000000146,0.0019815568359101,False,False
BTC,10,119,2020-11-09 18:17:38+00:00,michael_saylor,SELL,0.9,5.0,2020-11-09 18:18:00+00:00,2020-11-09 18:28:00+00:00,15185.03,15181.06,-3.970000000001164,-0.0002614416961969,False,True
BTC,15,119,2020-11-09 18:17:38+00:00,michael_saylor,SELL,0.9,5.0,2020-11-09 18:18:00+00:00,2020-11-09 18:33:00+00:00,15185.03,15213.96,28.929999999998472,0.0019051658113285,False,False
BTC,30,119,2020-11-09 18:17:38+00:00,michael_saylor,SELL,0.9,5.0,2020-11-09 18:18:00+00:00,2020-11-09 18:48:00+00:00,15185.03,15268.01,82.97999999999956,0.0054645924308348,False,False
BTC,60,119,2020-11-09 18:17:38+00:00,michael_saylor,SELL,0.9,5.0,2020-11-09 18:18:00+00:00,2020-11-09 19:18:00+00:00,15185.03,15378.06,193.02999999999884,0.0127118616163418,False,False
BTC,120,119,2020-11-09 18:17:38+00:00,michael_saylor,SELL,0.9,5.0,2020-11-09 18:18:00+00:00,2020-11-09 20:18:00+00:00,15185.03,15355.5,170.46999999999937,0.0112261878968957,False,False
BTC,360,119,2020-11-09 18:17:38+00:00,michael_saylor,SELL,0.9,5.0,2020-11-09 18:18:00+00:00,2020-11-10 00:18:00+00:00,15185.03,15252.63,67.59999999999854,0.0044517528118152,False,False
BTC,720,119,2020-11-09 18:17:38+00:00,michael_saylor,SELL,0.9,5.0,2020-11-09 18:18:00+00:00,2020-11-10 06:18:00+00:00,15185.03,15383.01,197.97999999999956,0.0130378405574437,False,False
BTC,1440,119,2020-11-09 18:17:38+00:00,michael_saylor,SELL,0.9,5.0,2020-11-09 18:18:00+00:00,2020-11-10 18:18:00+00:00,15185.03,15267.46,82.42999999999847,0.00542837254849,False,False
BTC,1,120,2020-11-09 23:46:09+00:00,michael_saylor,BUY,0.8,4.0,2020-11-09 23:47:00+00:00,2020-11-09 23:48:00+00:00,15318.17,15317.13,-1.0400000000008731,-6.789322745477254e-05,False,False
BTC,3,120,2020-11-09 23:46:09+00:00,michael_saylor,BUY,0.8,4.0,2020-11-09 23:47:00+00:00,2020-11-09 23:50:00+00:00,15318.17,15303.32,-14.850000000000364,-0.0009694369497139,False,False
BTC,5,120,2020-11-09 23:46:09+00:00,michael_saylor,BUY,0.8,4.0,2020-11-09 23:47:00+00:00,2020-11-09 23:52:00+00:00,15318.17,15317.32,-0.8500000000003638,-5.548965705435857e-05,False,False
BTC,10,120,2020-11-09 23:46:09+00:00,michael_saylor,BUY,0.8,4.0,2020-11-09 23:47:00+00:00,2020-11-09 23:57:00+00:00,15318.17,15314.14,-4.030000000000655,-0.000263086256387,False,False
BTC,15,120,2020-11-09 23:46:09+00:00,michael_saylor,BUY,0.8,4.0,2020-11-09 23:47:00+00:00,2020-11-10 00:02:00+00:00,15318.17,15288.97,-29.200000000000728,-0.0019062329246901,False,False
BTC,30,120,2020-11-09 23:46:09+00:00,michael_saylor,BUY,0.8,4.0,2020-11-09 23:47:00+00:00,2020-11-10 00:17:00+00:00,15318.17,15250.21,-67.96000000000095,-0.0044365612863678,False,False
BTC,60,120,2020-11-09 23:46:09+00:00,michael_saylor,BUY,0.8,4.0,2020-11-09 23:47:00+00:00,2020-11-10 00:47:00+00:00,15318.17,15278.86,-39.30999999999949,-0.0025662334338892,False,False
BTC,120,120,2020-11-09 23:46:09+00:00,michael_saylor,BUY,0.8,4.0,2020-11-09 23:47:00+00:00,2020-11-10 01:47:00+00:00,15318.17,15356.31,38.13999999999942,0.0024898535530027,False,True
BTC,360,120,2020-11-09 23:46:09+00:00,michael_saylor,BUY,0.8,4.0,2020-11-09 23:47:00+00:00,2020-11-10 05:47:00+00:00,15318.17,15358.45,40.280000000000655,0.0026295569248807,False,True
BTC,720,120,2020-11-09 23:46:09+00:00,michael_saylor,BUY,0.8,4.0,2020-11-09 23:47:00+00:00,2020-11-10 11:47:00+00:00,15318.17,15287.6,-30.56999999999971,-0.0019956691954717,False,False
BTC,1440,120,2020-11-09 23:46:09+00:00,michael_saylor,BUY,0.8,4.0,2020-11-09 23:47:00+00:00,2020-11-10 23:47:00+00:00,15318.17,15294.93,-23.23999999999978,-0.0015171525058149,False,False
BTC,1,121,2020-11-10 14:59:11+00:00,michael_saylor,BUY,0.8,4.0,2020-11-10 15:00:00+00:00,2020-11-10 15:01:00+00:00,15191.34,15192.98,1.639999999999418,0.0001079562434913,False,True
BTC,3,121,2020-11-10 14:59:11+00:00,michael_saylor,BUY,0.8,4.0,2020-11-10 15:00:00+00:00,2020-11-10 15:03:00+00:00,15191.34,15229.08,37.73999999999978,0.0024843101398559,False,True
BTC,5,121,2020-11-10 14:59:11+00:00,michael_saylor,BUY,0.8,4.0,2020-11-10 15:00:00+00:00,2020-11-10 15:05:00+00:00,15191.34,15261.55,70.20999999999913,0.0046217121070293,False,True
BTC,10,121,2020-11-10 14:59:11+00:00,michael_saylor,BUY,0.8,4.0,2020-11-10 15:00:00+00:00,2020-11-10 15:10:00+00:00,15191.34,15245.9,54.55999999999949,0.0035915199054197,False,True
BTC,15,121,2020-11-10 14:59:11+00:00,michael_saylor,BUY,0.8,4.0,2020-11-10 15:00:00+00:00,2020-11-10 15:15:00+00:00,15191.34,15218.54,27.200000000000728,0.0017904937944908,False,True
BTC,30,121,2020-11-10 14:59:11+00:00,michael_saylor,BUY,0.8,4.0,2020-11-10 15:00:00+00:00,2020-11-10 15:30:00+00:00,15191.34,15086.99,-104.35000000000036,-0.0068690451270263,False,False
BTC,60,121,2020-11-10 14:59:11+00:00,michael_saylor,BUY,0.8,4.0,2020-11-10 15:00:00+00:00,2020-11-10 16:00:00+00:00,15191.34,15178.01,-13.329999999999927,-0.0008774736132559,False,False
BTC,120,121,2020-11-10 14:59:11+00:00,michael_saylor,BUY,0.8,4.0,2020-11-10 15:00:00+00:00,2020-11-10 17:00:00+00:00,15191.34,15241.99,50.64999999999963,0.0033341364224617,False,True
BTC,360,121,2020-11-10 14:59:11+00:00,michael_saylor,BUY,0.8,4.0,2020-11-10 15:00:00+00:00,2020-11-10 21:00:00+00:00,15191.34,15296.64,105.29999999999929,0.0069315807558779,False,True
BTC,720,121,2020-11-10 14:59:11+00:00,michael_saylor,BUY,0.8,4.0,2020-11-10 15:00:00+00:00,2020-11-11 03:00:00+00:00,15191.34,15394.96,203.61999999999895,0.0134036892071403,False,True
BTC,1440,121,2020-11-10 14:59:11+00:00,michael_saylor,BUY,0.8,4.0,2020-11-10 15:00:00+00:00,2020-11-11 15:00:00+00:00,15191.34,15610.64,419.2999999999993,0.0276012517658086,False,True
BTC,1,122,2020-11-10 21:10:36+00:00,michael_saylor,BUY,0.9,4.0,2020-11-10 21:11:00+00:00,2020-11-10 21:12:00+00:00,15332.24,15328.19,-4.049999999999272,-0.0002641492697739,False,False
BTC,3,122,2020-11-10 21:10:36+00:00,michael_saylor,BUY,0.9,4.0,2020-11-10 21:11:00+00:00,2020-11-10 21:14:00+00:00,15332.24,15338.64,6.399999999999636,0.0004174210682848,False,True
BTC,5,122,2020-11-10 21:10:36+00:00,michael_saylor,BUY,0.9,4.0,2020-11-10 21:11:00+00:00,2020-11-10 21:16:00+00:00,15332.24,15345.44,13.200000000000728,0.0008609309533375,False,True
BTC,10,122,2020-11-10 21:10:36+00:00,michael_saylor,BUY,0.9,4.0,2020-11-10 21:11:00+00:00,2020-11-10 21:21:00+00:00,15332.24,15353.0,20.76000000000022,0.001354009590249,False,True
BTC,15,122,2020-11-10 21:10:36+00:00,michael_saylor,BUY,0.9,4.0,2020-11-10 21:11:00+00:00,2020-11-10 21:26:00+00:00,15332.24,15339.14,6.899999999999636,0.0004500320892446,False,True
BTC,30,122,2020-11-10 21:10:36+00:00,michael_saylor,BUY,0.9,4.0,2020-11-10 21:11:00+00:00,2020-11-10 21:41:00+00:00,15332.24,15357.15,24.909999999999854,0.001624681064215,False,True
BTC,60,122,2020-11-10 21:10:36+00:00,michael_saylor,BUY,0.9,4.0,2020-11-10 21:11:00+00:00,2020-11-10 22:11:00+00:00,15332.24,15350.0,17.76000000000022,0.0011583434644905,False,True
BTC,120,122,2020-11-10 21:10:36+00:00,michael_saylor,BUY,0.9,4.0,2020-11-10 21:11:00+00:00,2020-11-10 23:11:00+00:00,15332.24,15324.88,-7.360000000000582,-0.0004800342285276,False,False
BTC,360,122,2020-11-10 21:10:36+00:00,michael_saylor,BUY,0.9,4.0,2020-11-10 21:11:00+00:00,2020-11-11 03:11:00+00:00,15332.24,15389.75,57.51000000000022,0.003750919630791,False,True
BTC,720,122,2020-11-10 21:10:36+00:00,michael_saylor,BUY,0.9,4.0,2020-11-10 21:11:00+00:00,2020-11-11 09:11:00+00:00,15332.24,15418.74,86.5,0.0056417066260376,False,True
BTC,1440,122,2020-11-10 21:10:36+00:00,michael_saylor,BUY,0.9,4.0,2020-11-10 21:11:00+00:00,2020-11-11 21:11:00+00:00,15332.24,15691.74,359.5,0.0234473240700641,False,True
BTC,1,124,2020-11-11 13:19:16+00:00,michael_saylor,BUY,0.9,5.0,2020-11-11 13:20:00+00:00,2020-11-11 13:21:00+00:00,15674.54,15672.01,-2.530000000000655,-0.0001614082454732,False,False
BTC,3,124,2020-11-11 13:19:16+00:00,michael_saylor,BUY,0.9,5.0,2020-11-11 13:20:00+00:00,2020-11-11 13:23:00+00:00,15674.54,15668.31,-6.230000000001382,-0.0003974598297622,False,False
BTC,5,124,2020-11-11 13:19:16+00:00,michael_saylor,BUY,0.9,5.0,2020-11-11 13:20:00+00:00,2020-11-11 13:25:00+00:00,15674.54,15656.21,-18.330000000001743,-0.0011694123081125,False,False
BTC,10,124,2020-11-11 13:19:16+00:00,michael_saylor,BUY,0.9,5.0,2020-11-11 13:20:00+00:00,2020-11-11 13:30:00+00:00,15674.54,15659.72,-14.820000000001528,-0.0009454822916654,False,False
BTC,15,124,2020-11-11 13:19:16+00:00,michael_saylor,BUY,0.9,5.0,2020-11-11 13:20:00+00:00,2020-11-11 13:35:00+00:00,15674.54,15647.68,-26.860000000000586,-0.0017136069064866,False,False
BTC,30,124,2020-11-11 13:19:16+00:00,michael_saylor,BUY,0.9,5.0,2020-11-11 13:20:00+00:00,2020-11-11 13:50:00+00:00,15674.54,15619.98,-54.56000000000131,-0.0034808039023793,False,False
BTC,60,124,2020-11-11 13:19:16+00:00,michael_saylor,BUY,0.9,5.0,2020-11-11 13:20:00+00:00,2020-11-11 14:20:00+00:00,15674.54,15590.24,-84.30000000000109,-0.0053781482582583,False,False
BTC,120,124,2020-11-11 13:19:16+00:00,michael_saylor,BUY,0.9,5.0,2020-11-11 13:20:00+00:00,2020-11-11 15:20:00+00:00,15674.54,15647.59,-26.950000000000728,-0.0017193487017801,False,False
BTC,360,124,2020-11-11 13:19:16+00:00,michael_saylor,BUY,0.9,5.0,2020-11-11 13:20:00+00:00,2020-11-11 19:20:00+00:00,15674.54,15856.0,181.45999999999913,0.0115767352662342,False,True
BTC,720,124,2020-11-11 13:19:16+00:00,michael_saylor,BUY,0.9,5.0,2020-11-11 13:20:00+00:00,2020-11-12 01:20:00+00:00,15674.54,15629.99,-44.55000000000109,-0.0028421886702895,False,False
BTC,1440,124,2020-11-11 13:19:16+00:00,michael_saylor,BUY,0.9,5.0,2020-11-11 13:20:00+00:00,2020-11-12 13:20:00+00:00,15674.54,15846.76,172.21999999999937,0.0109872442827667,False,True
BTC,1,125,2020-11-11 15:35:38+00:00,michael_saylor,BUY,0.9,5.0,2020-11-11 15:36:00+00:00,2020-11-11 15:37:00+00:00,15651.71,15662.44,10.730000000001382,0.0006855480966617,False,True
BTC,3,125,2020-11-11 15:35:38+00:00,michael_saylor,BUY,0.9,5.0,2020-11-11 15:36:00+00:00,2020-11-11 15:39:00+00:00,15651.71,15680.76,29.05000000000109,0.0018560272328072,False,True
BTC,5,125,2020-11-11 15:35:38+00:00,michael_saylor,BUY,0.9,5.0,2020-11-11 15:36:00+00:00,2020-11-11 15:41:00+00:00,15651.71,15665.9,14.19000000000051,0.0009066102042524,False,True
BTC,10,125,2020-11-11 15:35:38+00:00,michael_saylor,BUY,0.9,5.0,2020-11-11 15:36:00+00:00,2020-11-11 15:46:00+00:00,15651.71,15652.81,1.1000000000003638,7.027986079478625e-05,False,True
BTC,15,125,2020-11-11 15:35:38+00:00,michael_saylor,BUY,0.9,5.0,2020-11-11 15:36:00+00:00,2020-11-11 15:51:00+00:00,15651.71,15640.42,-11.289999999999054,-0.0007213269348843,False,False
BTC,30,125,2020-11-11 15:35:38+00:00,michael_saylor,BUY,0.9,5.0,2020-11-11 15:36:00+00:00,2020-11-11 16:06:00+00:00,15651.71,15691.03,39.32000000000153,0.0025121855695001,False,True
BTC,60,125,2020-11-11 15:35:38+00:00,michael_saylor,BUY,0.9,5.0,2020-11-11 15:36:00+00:00,2020-11-11 16:36:00+00:00,15651.71,15769.29,117.58000000000176,0.0075122782111348,False,True
BTC,120,125,2020-11-11 15:35:38+00:00,michael_saylor,BUY,0.9,5.0,2020-11-11 15:36:00+00:00,2020-11-11 17:36:00+00:00,15651.71,15891.72,240.01000000000025,0.0153344267175918,False,True
BTC,360,125,2020-11-11 15:35:38+00:00,michael_saylor,BUY,0.9,5.0,2020-11-11 15:36:00+00:00,2020-11-11 21:36:00+00:00,15651.71,15731.0,79.29000000000087,0.0050659001476516,False,True
BTC,720,125,2020-11-11 15:35:38+00:00,michael_saylor,BUY,0.9,5.0,2020-11-11 15:36:00+00:00,2020-11-12 03:36:00+00:00,15651.71,15634.33,-17.3799999999992,-0.0011104218005572,False,False
BTC,1440,125,2020-11-11 15:35:38+00:00,michael_saylor,BUY,0.9,5.0,2020-11-11 15:36:00+00:00,2020-11-12 15:36:00+00:00,15651.71,16060.0,408.2900000000009,0.0260859676035398,False,True
BTC,1,126,2020-11-11 18:24:31+00:00,michael_saylor,BUY,0.8,5.0,2020-11-11 18:25:00+00:00,2020-11-11 18:26:00+00:00,15897.59,15920.89,23.299999999999272,0.0014656309541257,False,True
BTC,3,126,2020-11-11 18:24:31+00:00,michael_saylor,BUY,0.8,5.0,2020-11-11 18:25:00+00:00,2020-11-11 18:28:00+00:00,15897.59,15918.12,20.530000000000655,0.0012913907076481,False,True
BTC,5,126,2020-11-11 18:24:31+00:00,michael_saylor,BUY,0.8,5.0,2020-11-11 18:25:00+00:00,2020-11-11 18:30:00+00:00,15897.59,15941.87,44.280000000000655,0.0027853278389995,False,True
BTC,10,126,2020-11-11 18:24:31+00:00,michael_saylor,BUY,0.8,5.0,2020-11-11 18:25:00+00:00,2020-11-11 18:35:00+00:00,15897.59,15915.17,17.579999999999927,0.0011058279902802,False,True
BTC,15,126,2020-11-11 18:24:31+00:00,michael_saylor,BUY,0.8,5.0,2020-11-11 18:25:00+00:00,2020-11-11 18:40:00+00:00,15897.59,15895.74,-1.850000000000364,-0.0001163698397052,False,False
BTC,30,126,2020-11-11 18:24:31+00:00,michael_saylor,BUY,0.8,5.0,2020-11-11 18:25:00+00:00,2020-11-11 18:55:00+00:00,15897.59,15836.99,-60.60000000000037,-0.0038118985330481,False,False
BTC,60,126,2020-11-11 18:24:31+00:00,michael_saylor,BUY,0.8,5.0,2020-11-11 18:25:00+00:00,2020-11-11 19:25:00+00:00,15897.59,15848.12,-49.469999999999345,-0.0031117924163347,False,False
BTC,120,126,2020-11-11 18:24:31+00:00,michael_saylor,BUY,0.8,5.0,2020-11-11 18:25:00+00:00,2020-11-11 20:25:00+00:00,15897.59,15730.01,-167.57999999999993,-0.0105412203988151,False,False
BTC,360,126,2020-11-11 18:24:31+00:00,michael_saylor,BUY,0.8,5.0,2020-11-11 18:25:00+00:00,2020-11-12 00:25:00+00:00,15897.59,15590.92,-306.6700000000001,-0.0192903452661692,False,False
BTC,720,126,2020-11-11 18:24:31+00:00,michael_saylor,BUY,0.8,5.0,2020-11-11 18:25:00+00:00,2020-11-12 06:25:00+00:00,15897.59,15815.14,-82.45000000000073,-0.0051863206938913,False,False
BTC,1440,126,2020-11-11 18:24:31+00:00,michael_saylor,BUY,0.8,5.0,2020-11-11 18:25:00+00:00,2020-11-12 18:25:00+00:00,15897.59,15935.15,37.55999999999949,0.0023626222590971,False,True
BTC,1,127,2020-11-12 14:25:14+00:00,michael_saylor,BUY,0.9,5.0,2020-11-12 14:26:00+00:00,2020-11-12 14:27:00+00:00,16049.99,16039.19,-10.799999999999272,-0.0006728976155124,False,False
BTC,3,127,2020-11-12 14:25:14+00:00,michael_saylor,BUY,0.9,5.0,2020-11-12 14:26:00+00:00,2020-11-12 14:29:00+00:00,16049.99,15962.41,-87.57999999999993,-0.0054567012191284,False,False
BTC,5,127,2020-11-12 14:25:14+00:00,michael_saylor,BUY,0.9,5.0,2020-11-12 14:26:00+00:00,2020-11-12 14:31:00+00:00,16049.99,15983.96,-66.03000000000065,-0.0041140212548419,False,False
BTC,10,127,2020-11-12 14:25:14+00:00,michael_saylor,BUY,0.9,5.0,2020-11-12 14:26:00+00:00,2020-11-12 14:36:00+00:00,16049.99,15855.01,-194.97999999999956,-0.0121482941733919,False,False
BTC,15,127,2020-11-12 14:25:14+00:00,michael_saylor,BUY,0.9,5.0,2020-11-12 14:26:00+00:00,2020-11-12 14:41:00+00:00,16049.99,15926.18,-123.80999999999948,-0.0077140234978339,False,False
BTC,30,127,2020-11-12 14:25:14+00:00,michael_saylor,BUY,0.9,5.0,2020-11-12 14:26:00+00:00,2020-11-12 14:56:00+00:00,16049.99,16001.85,-48.13999999999942,-0.0029993788158123,False,False
BTC,60,127,2020-11-12 14:25:14+00:00,michael_saylor,BUY,0.9,5.0,2020-11-12 14:26:00+00:00,2020-11-12 15:26:00+00:00,16049.99,16029.68,-20.30999999999949,-0.0012654213491721,False,False
BTC,120,127,2020-11-12 14:25:14+00:00,michael_saylor,BUY,0.9,5.0,2020-11-12 14:26:00+00:00,2020-11-12 16:26:00+00:00,16049.99,16097.99,48.0,0.0029906560689445,False,True
BTC,360,127,2020-11-12 14:25:14+00:00,michael_saylor,BUY,0.9,5.0,2020-11-12 14:26:00+00:00,2020-11-12 20:26:00+00:00,16049.99,16082.29,32.30000000000109,0.0020124623130606,False,True
BTC,720,127,2020-11-12 14:25:14+00:00,michael_saylor,BUY,0.9,5.0,2020-11-12 14:26:00+00:00,2020-11-13 02:26:00+00:00,16049.99,16386.05,336.0599999999995,0.0209383308026982,False,True
BTC,1440,127,2020-11-12 14:25:14+00:00,michael_saylor,BUY,0.9,5.0,2020-11-12 14:26:00+00:00,2020-11-13 14:26:00+00:00,16049.99,16202.18,152.1900000000005,0.0094822488985974,False,True
BTC,1,128,2020-11-12 14:38:13+00:00,michael_saylor,BUY,0.8,4.0,2020-11-12 14:39:00+00:00,2020-11-12 14:40:00+00:00,15910.0,15920.56,10.55999999999949,0.0006637335009427,False,True
BTC,3,128,2020-11-12 14:38:13+00:00,michael_saylor,BUY,0.8,4.0,2020-11-12 14:39:00+00:00,2020-11-12 14:42:00+00:00,15910.0,15917.3,7.299999999999272,0.0004588309239471,False,True
BTC,5,128,2020-11-12 14:38:13+00:00,michael_saylor,BUY,0.8,4.0,2020-11-12 14:39:00+00:00,2020-11-12 14:44:00+00:00,15910.0,15873.42,-36.57999999999993,-0.002299182903834,False,False
BTC,10,128,2020-11-12 14:38:13+00:00,michael_saylor,BUY,0.8,4.0,2020-11-12 14:39:00+00:00,2020-11-12 14:49:00+00:00,15910.0,15912.42,2.4200000000000728,0.000152105593966,False,True
BTC,15,128,2020-11-12 14:38:13+00:00,michael_saylor,BUY,0.8,4.0,2020-11-12 14:39:00+00:00,2020-11-12 14:54:00+00:00,15910.0,16017.49,107.48999999999978,0.0067561282212444,False,True
BTC,30,128,2020-11-12 14:38:13+00:00,michael_saylor,BUY,0.8,4.0,2020-11-12 14:39:00+00:00,2020-11-12 15:09:00+00:00,15910.0,15973.74,63.73999999999978,0.0040062853551225,False,True
BTC,60,128,2020-11-12 14:38:13+00:00,michael_saylor,BUY,0.8,4.0,2020-11-12 14:39:00+00:00,2020-11-12 15:39:00+00:00,15910.0,16064.99,154.98999999999978,0.0097416719044625,False,True
BTC,120,128,2020-11-12 14:38:13+00:00,michael_saylor,BUY,0.8,4.0,2020-11-12 14:39:00+00:00,2020-11-12 16:39:00+00:00,15910.0,16082.24,172.23999999999978,0.0108258956631049,False,True
BTC,360,128,2020-11-12 14:38:13+00:00,michael_saylor,BUY,0.8,4.0,2020-11-12 14:39:00+00:00,2020-11-12 20:39:00+00:00,15910.0,16127.08,217.07999999999993,0.0136442489000628,False,True
BTC,720,128,2020-11-12 14:38:13+00:00,michael_saylor,BUY,0.8,4.0,2020-11-12 14:39:00+00:00,2020-11-13 02:39:00+00:00,15910.0,16375.58,465.5799999999999,0.0292633563796354,False,True
BTC,1440,128,2020-11-12 14:38:13+00:00,michael_saylor,BUY,0.8,4.0,2020-11-12 14:39:00+00:00,2020-11-13 14:39:00+00:00,15910.0,16188.94,278.9400000000005,0.0175323695788812,False,True
BTC,1,129,2020-11-15 14:16:12+00:00,michael_saylor,BUY,0.9,5.0,2020-11-15 14:17:00+00:00,2020-11-15 14:18:00+00:00,16038.35,16033.7,-4.649999999999636,-0.0002899300738542,False,False
BTC,3,129,2020-11-15 14:16:12+00:00,michael_saylor,BUY,0.9,5.0,2020-11-15 14:17:00+00:00,2020-11-15 14:20:00+00:00,16038.35,16041.92,3.569999999999709,0.0002225914760558,False,True
BTC,5,129,2020-11-15 14:16:12+00:00,michael_saylor,BUY,0.9,5.0,2020-11-15 14:17:00+00:00,2020-11-15 14:22:00+00:00,16038.35,16092.69,54.340000000000146,0.0033881290781159,False,True
BTC,10,129,2020-11-15 14:16:12+00:00,michael_saylor,BUY,0.9,5.0,2020-11-15 14:17:00+00:00,2020-11-15 14:27:00+00:00,16038.35,16096.33,57.97999999999956,0.0036150850929178,False,True
BTC,15,129,2020-11-15 14:16:12+00:00,michael_saylor,BUY,0.9,5.0,2020-11-15 14:17:00+00:00,2020-11-15 14:32:00+00:00,16038.35,16073.82,35.469999999999345,0.0022115741332493,False,True
BTC,30,129,2020-11-15 14:16:12+00:00,michael_saylor,BUY,0.9,5.0,2020-11-15 14:17:00+00:00,2020-11-15 14:47:00+00:00,16038.35,16070.0,31.649999999999636,0.0019733950188142,False,True
BTC,60,129,2020-11-15 14:16:12+00:00,michael_saylor,BUY,0.9,5.0,2020-11-15 14:17:00+00:00,2020-11-15 15:17:00+00:00,16038.35,16060.01,21.659999999999854,0.001350512989179,False,True
BTC,120,129,2020-11-15 14:16:12+00:00,michael_saylor,BUY,0.9,5.0,2020-11-15 14:17:00+00:00,2020-11-15 16:17:00+00:00,16038.35,15977.86,-60.48999999999978,-0.0037715849822456,False,False
BTC,360,129,2020-11-15 14:16:12+00:00,michael_saylor,BUY,0.9,5.0,2020-11-15 14:17:00+00:00,2020-11-15 20:17:00+00:00,16038.35,15845.0,-193.35000000000036,-0.0120554795225194,False,False
BTC,720,129,2020-11-15 14:16:12+00:00,michael_saylor,BUY,0.9,5.0,2020-11-15 14:17:00+00:00,2020-11-16 02:17:00+00:00,16038.35,15996.48,-41.8700000000008,-0.0026106176757584,False,False
BTC,1440,129,2020-11-15 14:16:12+00:00,michael_saylor,BUY,0.9,5.0,2020-11-15 14:17:00+00:00,2020-11-16 14:17:00+00:00,16038.35,16386.25,347.89999999999964,0.0216917575685777,False,True
BTC,1,131,2020-11-17 13:38:12+00:00,michael_saylor,BUY,0.8,4.0,2020-11-17 13:39:00+00:00,2020-11-17 13:40:00+00:00,16972.76,16956.6,-16.159999999999854,-0.0009521138577343,False,False
BTC,3,131,2020-11-17 13:38:12+00:00,michael_saylor,BUY,0.8,4.0,2020-11-17 13:39:00+00:00,2020-11-17 13:42:00+00:00,16972.76,16975.91,3.150000000001455,0.0001855915007342,False,True
BTC,5,131,2020-11-17 13:38:12+00:00,michael_saylor,BUY,0.8,4.0,2020-11-17 13:39:00+00:00,2020-11-17 13:44:00+00:00,16972.76,16994.07,21.31000000000131,0.0012555412319505,False,True
BTC,10,131,2020-11-17 13:38:12+00:00,michael_saylor,BUY,0.8,4.0,2020-11-17 13:39:00+00:00,2020-11-17 13:49:00+00:00,16972.76,16993.93,21.17000000000189,0.0012472927208068,False,True
BTC,15,131,2020-11-17 13:38:12+00:00,michael_saylor,BUY,0.8,4.0,2020-11-17 13:39:00+00:00,2020-11-17 13:54:00+00:00,16972.76,16952.2,-20.55999999999767,-0.0012113527793946,False,False
BTC,30,131,2020-11-17 13:38:12+00:00,michael_saylor,BUY,0.8,4.0,2020-11-17 13:39:00+00:00,2020-11-17 14:09:00+00:00,16972.76,16998.53,25.770000000000437,0.0015183152298153,False,True
BTC,60,131,2020-11-17 13:38:12+00:00,michael_saylor,BUY,0.8,4.0,2020-11-17 13:39:00+00:00,2020-11-17 14:39:00+00:00,16972.76,17075.0,102.2400000000016,0.0060237698523988,False,True
BTC,120,131,2020-11-17 13:38:12+00:00,michael_saylor,BUY,0.8,4.0,2020-11-17 13:39:00+00:00,2020-11-17 15:39:00+00:00,16972.76,17218.29,245.53000000000247,0.0144661210080153,False,True
BTC,360,131,2020-11-17 13:38:12+00:00,michael_saylor,BUY,0.8,4.0,2020-11-17 13:39:00+00:00,2020-11-17 19:39:00+00:00,16972.76,17672.94,700.1800000000003,0.0412531609473061,False,True
BTC,720,131,2020-11-17 13:38:12+00:00,michael_saylor,BUY,0.8,4.0,2020-11-17 13:39:00+00:00,2020-11-18 01:39:00+00:00,16972.76,17698.26,725.5,0.042744963105588,False,True
BTC,1440,131,2020-11-17 13:38:12+00:00,michael_saylor,BUY,0.8,4.0,2020-11-17 13:39:00+00:00,2020-11-18 13:39:00+00:00,16972.76,18047.3,1074.5400000000009,0.0633096797456631,False,True
BTC,1,132,2020-11-17 18:49:19+00:00,michael_saylor,BUY,0.9,4.0,2020-11-17 18:50:00+00:00,2020-11-17 18:51:00+00:00,17626.33,17633.5,7.169999999998254,0.0004067778147804,False,True
BTC,3,132,2020-11-17 18:49:19+00:00,michael_saylor,BUY,0.9,4.0,2020-11-17 18:50:00+00:00,2020-11-17 18:53:00+00:00,17626.33,17717.25,90.91999999999824,0.0051581923179696,False,True
BTC,5,132,2020-11-17 18:49:19+00:00,michael_saylor,BUY,0.9,4.0,2020-11-17 18:50:00+00:00,2020-11-17 18:55:00+00:00,17626.33,17687.39,61.05999999999767,0.0034641357559967,False,True
BTC,10,132,2020-11-17 18:49:19+00:00,michael_saylor,BUY,0.9,4.0,2020-11-17 18:50:00+00:00,2020-11-17 19:00:00+00:00,17626.33,17650.0,23.669999999998257,0.001342877388543,False,True
BTC,15,132,2020-11-17 18:49:19+00:00,michael_saylor,BUY,0.9,4.0,2020-11-17 18:50:00+00:00,2020-11-17 19:05:00+00:00,17626.33,17518.47,-107.86000000000058,-0.0061192545470327,False,False
BTC,30,132,2020-11-17 18:49:19+00:00,michael_saylor,BUY,0.9,4.0,2020-11-17 18:50:00+00:00,2020-11-17 19:20:00+00:00,17626.33,17669.1,42.7699999999968,0.0024264835618076,False,True
BTC,60,132,2020-11-17 18:49:19+00:00,michael_saylor,BUY,0.9,4.0,2020-11-17 18:50:00+00:00,2020-11-17 19:50:00+00:00,17626.33,17714.94,88.60999999999694,0.0050271383776428,False,True
BTC,120,132,2020-11-17 18:49:19+00:00,michael_saylor,BUY,0.9,4.0,2020-11-17 18:50:00+00:00,2020-11-17 20:50:00+00:00,17626.33,17671.66,45.32999999999811,0.0025717208290096,False,True
BTC,360,132,2020-11-17 18:49:19+00:00,michael_saylor,BUY,0.9,4.0,2020-11-17 18:50:00+00:00,2020-11-18 00:50:00+00:00,17626.33,17689.16,62.82999999999811,0.0035645537102731,False,True
BTC,720,132,2020-11-17 18:49:19+00:00,michael_saylor,BUY,0.9,4.0,2020-11-17 18:50:00+00:00,2020-11-18 06:50:00+00:00,17626.33,17769.77,143.4399999999987,0.0081378256279099,False,True
BTC,1440,132,2020-11-17 18:49:19+00:00,michael_saylor,BUY,0.9,4.0,2020-11-17 18:50:00+00:00,2020-11-18 18:50:00+00:00,17626.33,17874.87,248.53999999999724,0.0141004962462405,False,True
BTC,1,133,2020-11-18 02:11:08+00:00,michael_saylor,BUY,0.8,4.0,2020-11-18 02:12:00+00:00,2020-11-18 02:13:00+00:00,17691.44,17697.89,6.450000000000728,0.0003645830978145,False,True
BTC,3,133,2020-11-18 02:11:08+00:00,michael_saylor,BUY,0.8,4.0,2020-11-18 02:12:00+00:00,2020-11-18 02:15:00+00:00,17691.44,17712.11,20.67000000000189,0.0011683616483452,False,True
BTC,5,133,2020-11-18 02:11:08+00:00,michael_saylor,BUY,0.8,4.0,2020-11-18 02:12:00+00:00,2020-11-18 02:17:00+00:00,17691.44,17713.31,21.87000000000262,0.0012361910618922,False,True
BTC,10,133,2020-11-18 02:11:08+00:00,michael_saylor,BUY,0.8,4.0,2020-11-18 02:12:00+00:00,2020-11-18 02:22:00+00:00,17691.44,17674.0,-17.43999999999869,-0.0009857874768814,False,False
BTC,15,133,2020-11-18 02:11:08+00:00,michael_saylor,BUY,0.8,4.0,2020-11-18 02:12:00+00:00,2020-11-18 02:27:00+00:00,17691.44,17696.58,5.140000000003056,0.000290535988026,False,True
BTC,30,133,2020-11-18 02:11:08+00:00,michael_saylor,BUY,0.8,4.0,2020-11-18 02:12:00+00:00,2020-11-18 02:42:00+00:00,17691.44,17701.56,10.12000000000262,0.0005720280542455,False,True
BTC,60,133,2020-11-18 02:11:08+00:00,michael_saylor,BUY,0.8,4.0,2020-11-18 02:12:00+00:00,2020-11-18 03:12:00+00:00,17691.44,17664.36,-27.07999999999811,-0.001530683765708,False,False
BTC,120,133,2020-11-18 02:11:08+00:00,michael_saylor,BUY,0.8,4.0,2020-11-18 02:12:00+00:00,2020-11-18 04:12:00+00:00,17691.44,18007.55,316.1100000000006,0.0178679632635896,False,True
BTC,360,133,2020-11-18 02:11:08+00:00,michael_saylor,BUY,0.8,4.0,2020-11-18 02:12:00+00:00,2020-11-18 08:12:00+00:00,17691.44,18180.16,488.7200000000011,0.0276246591571969,False,True
BTC,720,133,2020-11-18 02:11:08+00:00,michael_saylor,BUY,0.8,4.0,2020-11-18 02:12:00+00:00,2020-11-18 14:12:00+00:00,17691.44,17889.36,197.9200000000019,0.0111873312743339,False,True
BTC,1440,133,2020-11-18 02:11:08+00:00,michael_saylor,BUY,0.8,4.0,2020-11-18 02:12:00+00:00,2020-11-19 02:12:00+00:00,17691.44,17939.26,247.8199999999997,0.0140079043876586,False,True
BTC,1,134,2020-11-18 13:19:46+00:00,michael_saylor,BUY,0.9,4.0,2020-11-18 13:20:00+00:00,2020-11-18 13:21:00+00:00,18088.25,18087.65,-0.5999999999985448,-3.317070473918399e-05,False,False
BTC,3,134,2020-11-18 13:19:46+00:00,michael_saylor,BUY,0.9,4.0,2020-11-18 13:20:00+00:00,2020-11-18 13:23:00+00:00,18088.25,18063.88,-24.36999999999898,-0.001347283457493,False,False
BTC,5,134,2020-11-18 13:19:46+00:00,michael_saylor,BUY,0.9,4.0,2020-11-18 13:20:00+00:00,2020-11-18 13:25:00+00:00,18088.25,18025.49,-62.7599999999984,-0.0034696557157269,False,False
BTC,10,134,2020-11-18 13:19:46+00:00,michael_saylor,BUY,0.9,4.0,2020-11-18 13:20:00+00:00,2020-11-18 13:30:00+00:00,18088.25,17960.73,-127.52000000000044,-0.0070498804472516,False,False
BTC,15,134,2020-11-18 13:19:46+00:00,michael_saylor,BUY,0.9,4.0,2020-11-18 13:20:00+00:00,2020-11-18 13:35:00+00:00,18088.25,18026.03,-62.22000000000117,-0.0034398020814617,False,False
BTC,30,134,2020-11-18 13:19:46+00:00,michael_saylor,BUY,0.9,4.0,2020-11-18 13:20:00+00:00,2020-11-18 13:50:00+00:00,18088.25,17856.69,-231.5600000000013,-0.0128016806490401,False,False
BTC,60,134,2020-11-18 13:19:46+00:00,michael_saylor,BUY,0.9,4.0,2020-11-18 13:20:00+00:00,2020-11-18 14:20:00+00:00,18088.25,17882.82,-205.4300000000003,-0.0113570964576451,False,False
BTC,120,134,2020-11-18 13:19:46+00:00,michael_saylor,BUY,0.9,4.0,2020-11-18 13:20:00+00:00,2020-11-18 15:20:00+00:00,18088.25,17414.97,-673.2799999999988,-0.0372219534780865,False,False
BTC,360,134,2020-11-18 13:19:46+00:00,michael_saylor,BUY,0.9,4.0,2020-11-18 13:20:00+00:00,2020-11-18 19:20:00+00:00,18088.25,17741.84,-346.40999999999985,-0.0191511063812143,False,False
BTC,720,134,2020-11-18 13:19:46+00:00,michael_saylor,BUY,0.9,4.0,2020-11-18 13:20:00+00:00,2020-11-19 01:20:00+00:00,18088.25,17744.45,-343.7999999999993,-0.0190068138155984,False,False
BTC,1440,134,2020-11-18 13:19:46+00:00,michael_saylor,BUY,0.9,4.0,2020-11-18 13:20:00+00:00,2020-11-19 13:20:00+00:00,18088.25,17894.84,-193.40999999999983,-0.0106925766727018,False,False
BTC,1,135,2020-11-18 16:15:55+00:00,michael_saylor,BUY,0.9,5.0,2020-11-18 16:16:00+00:00,2020-11-18 16:17:00+00:00,17786.7,17778.96,-7.740000000001601,-0.0004351566057785,False,False
BTC,3,135,2020-11-18 16:15:55+00:00,michael_saylor,BUY,0.9,5.0,2020-11-18 16:16:00+00:00,2020-11-18 16:19:00+00:00,17786.7,17716.56,-70.13999999999942,-0.0039433959081785,False,False
BTC,5,135,2020-11-18 16:15:55+00:00,michael_saylor,BUY,0.9,5.0,2020-11-18 16:16:00+00:00,2020-11-18 16:21:00+00:00,17786.7,17753.78,-32.92000000000189,-0.0018508211191509,False,False
BTC,10,135,2020-11-18 16:15:55+00:00,michael_saylor,BUY,0.9,5.0,2020-11-18 16:16:00+00:00,2020-11-18 16:26:00+00:00,17786.7,17872.39,85.68999999999869,0.0048176446445939,False,True
BTC,15,135,2020-11-18 16:15:55+00:00,michael_saylor,BUY,0.9,5.0,2020-11-18 16:16:00+00:00,2020-11-18 16:31:00+00:00,17786.7,17872.97,86.27000000000044,0.0048502532791355,False,True
BTC,30,135,2020-11-18 16:15:55+00:00,michael_saylor,BUY,0.9,5.0,2020-11-18 16:16:00+00:00,2020-11-18 16:46:00+00:00,17786.7,17816.61,29.909999999999854,0.0016815935502369,False,True
BTC,60,135,2020-11-18 16:15:55+00:00,michael_saylor,BUY,0.9,5.0,2020-11-18 16:16:00+00:00,2020-11-18 17:16:00+00:00,17786.7,17800.97,14.270000000000437,0.0008022848532892,False,True
BTC,120,135,2020-11-18 16:15:55+00:00,michael_saylor,BUY,0.9,5.0,2020-11-18 16:16:00+00:00,2020-11-18 18:16:00+00:00,17786.7,17940.85,154.14999999999782,0.0086665879561693,False,True
BTC,360,135,2020-11-18 16:15:55+00:00,michael_saylor,BUY,0.9,5.0,2020-11-18 16:16:00+00:00,2020-11-18 22:16:00+00:00,17786.7,17734.87,-51.830000000001746,-0.0029139750487724,False,False
BTC,720,135,2020-11-18 16:15:55+00:00,michael_saylor,BUY,0.9,5.0,2020-11-18 16:16:00+00:00,2020-11-19 04:16:00+00:00,17786.7,17829.01,42.30999999999767,0.0023787436680214,False,True
BTC,1440,135,2020-11-18 16:15:55+00:00,michael_saylor,BUY,0.9,5.0,2020-11-18 16:16:00+00:00,2020-11-19 16:16:00+00:00,17786.7,17957.27,170.5699999999997,0.0095897496443972,False,True
BTC,1,136,2020-11-19 15:07:41+00:00,michael_saylor,BUY,0.7,4.0,2020-11-19 15:08:00+00:00,2020-11-19 15:09:00+00:00,18130.0,18131.13,1.1300000000010186,6.232763375626137e-05,False,True
BTC,3,136,2020-11-19 15:07:41+00:00,michael_saylor,BUY,0.7,4.0,2020-11-19 15:08:00+00:00,2020-11-19 15:11:00+00:00,18130.0,18103.41,-26.590000000000146,-0.0014666298952013,False,False
BTC,5,136,2020-11-19 15:07:41+00:00,michael_saylor,BUY,0.7,4.0,2020-11-19 15:08:00+00:00,2020-11-19 15:13:00+00:00,18130.0,18087.4,-42.599999999998545,-0.0023496966354108,False,False
BTC,10,136,2020-11-19 15:07:41+00:00,michael_saylor,BUY,0.7,4.0,2020-11-19 15:08:00+00:00,2020-11-19 15:18:00+00:00,18130.0,18110.77,-19.229999999999563,-0.0010606729178157,False,False
BTC,15,136,2020-11-19 15:07:41+00:00,michael_saylor,BUY,0.7,4.0,2020-11-19 15:08:00+00:00,2020-11-19 15:23:00+00:00,18130.0,18108.05,-21.950000000000728,-0.0012107004964148,False,False
BTC,30,136,2020-11-19 15:07:41+00:00,michael_saylor,BUY,0.7,4.0,2020-11-19 15:08:00+00:00,2020-11-19 15:38:00+00:00,18130.0,18059.93,-70.06999999999971,-0.0038648648648648,False,False
BTC,60,136,2020-11-19 15:07:41+00:00,michael_saylor,BUY,0.7,4.0,2020-11-19 15:08:00+00:00,2020-11-19 16:08:00+00:00,18130.0,17925.67,-204.33000000000175,-0.0112702702702703,False,False
BTC,120,136,2020-11-19 15:07:41+00:00,michael_saylor,BUY,0.7,4.0,2020-11-19 15:08:00+00:00,2020-11-19 17:08:00+00:00,18130.0,17954.47,-175.52999999999884,-0.0096817429674571,False,False
BTC,360,136,2020-11-19 15:07:41+00:00,michael_saylor,BUY,0.7,4.0,2020-11-19 15:08:00+00:00,2020-11-19 21:08:00+00:00,18130.0,17982.71,-147.29000000000087,-0.0081241036955323,False,False
BTC,720,136,2020-11-19 15:07:41+00:00,michael_saylor,BUY,0.7,4.0,2020-11-19 15:08:00+00:00,2020-11-20 03:08:00+00:00,18130.0,17947.01,-182.9900000000016,-0.0100932156646443,False,False
BTC,1440,136,2020-11-19 15:07:41+00:00,michael_saylor,BUY,0.7,4.0,2020-11-19 15:08:00+00:00,2020-11-20 15:08:00+00:00,18130.0,18535.27,405.2700000000005,0.0223535576392719,False,True
BTC,1,137,2020-11-19 15:28:37+00:00,michael_saylor,BUY,0.9,5.0,2020-11-19 15:29:00+00:00,2020-11-19 15:30:00+00:00,18095.42,18094.2,-1.2199999999975262,-6.742037487925267e-05,False,False
BTC,3,137,2020-11-19 15:28:37+00:00,michael_saylor,BUY,0.9,5.0,2020-11-19 15:29:00+00:00,2020-11-19 15:32:00+00:00,18095.42,18099.73,4.31000000000131,0.0002381818161723,False,True
BTC,5,137,2020-11-19 15:28:37+00:00,michael_saylor,BUY,0.9,5.0,2020-11-19 15:29:00+00:00,2020-11-19 15:34:00+00:00,18095.42,18067.14,-28.279999999998836,-0.0015628263947451,False,False
BTC,10,137,2020-11-19 15:28:37+00:00,michael_saylor,BUY,0.9,5.0,2020-11-19 15:29:00+00:00,2020-11-19 15:39:00+00:00,18095.42,18020.27,-75.14999999999782,-0.0041529845673655,False,False
BTC,15,137,2020-11-19 15:28:37+00:00,michael_saylor,BUY,0.9,5.0,2020-11-19 15:29:00+00:00,2020-11-19 15:44:00+00:00,18095.42,18036.32,-59.099999999998545,-0.003266019799485,False,False
BTC,30,137,2020-11-19 15:28:37+00:00,michael_saylor,BUY,0.9,5.0,2020-11-19 15:29:00+00:00,2020-11-19 15:59:00+00:00,18095.42,18045.0,-50.419999999998254,-0.0027863404109989,False,False
BTC,60,137,2020-11-19 15:28:37+00:00,michael_saylor,BUY,0.9,5.0,2020-11-19 15:29:00+00:00,2020-11-19 16:29:00+00:00,18095.42,17963.34,-132.0799999999981,-0.0072990845197291,False,False
BTC,120,137,2020-11-19 15:28:37+00:00,michael_saylor,BUY,0.9,5.0,2020-11-19 15:29:00+00:00,2020-11-19 17:29:00+00:00,18095.42,17948.36,-147.05999999999767,-0.0081269183030843,False,False
BTC,360,137,2020-11-19 15:28:37+00:00,michael_saylor,BUY,0.9,5.0,2020-11-19 15:29:00+00:00,2020-11-19 21:29:00+00:00,18095.42,18047.34,-48.07999999999811,-0.0026570259214761,False,False
BTC,720,137,2020-11-19 15:28:37+00:00,michael_saylor,BUY,0.9,5.0,2020-11-19 15:29:00+00:00,2020-11-20 03:29:00+00:00,18095.42,17994.43,-100.98999999999796,-0.0055809702123519,False,False
BTC,1440,137,2020-11-19 15:28:37+00:00,michael_saylor,BUY,0.9,5.0,2020-11-19 15:29:00+00:00,2020-11-20 15:29:00+00:00,18095.42,18666.8,571.380000000001,0.0315759457365455,False,True
BTC,1,138,2020-11-20 14:12:49+00:00,michael_saylor,BUY,0.9,5.0,2020-11-20 14:13:00+00:00,2020-11-20 14:14:00+00:00,18303.09,18301.92,-1.1700000000018915,-6.392363256706336e-05,False,False
BTC,3,138,2020-11-20 14:12:49+00:00,michael_saylor,BUY,0.9,5.0,2020-11-20 14:13:00+00:00,2020-11-20 14:16:00+00:00,18303.09,18290.0,-13.090000000000146,-0.0007151797865824,False,False
BTC,5,138,2020-11-20 14:12:49+00:00,michael_saylor,BUY,0.9,5.0,2020-11-20 14:13:00+00:00,2020-11-20 14:18:00+00:00,18303.09,18309.99,6.900000000001455,0.0003769855253949,False,True
BTC,10,138,2020-11-20 14:12:49+00:00,michael_saylor,BUY,0.9,5.0,2020-11-20 14:13:00+00:00,2020-11-20 14:23:00+00:00,18303.09,18371.99,68.90000000000146,0.0037643916956099,False,True
BTC,15,138,2020-11-20 14:12:49+00:00,michael_saylor,BUY,0.9,5.0,2020-11-20 14:13:00+00:00,2020-11-20 14:28:00+00:00,18303.09,18330.0,26.909999999999854,0.00147024354904,False,True
BTC,30,138,2020-11-20 14:12:49+00:00,michael_saylor,BUY,0.9,5.0,2020-11-20 14:13:00+00:00,2020-11-20 14:43:00+00:00,18303.09,18546.25,243.15999999999983,0.0132851884572495,False,True
BTC,60,138,2020-11-20 14:12:49+00:00,michael_saylor,BUY,0.9,5.0,2020-11-20 14:13:00+00:00,2020-11-20 15:13:00+00:00,18303.09,18592.26,289.16999999999825,0.0157989716490493,False,True
BTC,120,138,2020-11-20 14:12:49+00:00,michael_saylor,BUY,0.9,5.0,2020-11-20 14:13:00+00:00,2020-11-20 16:13:00+00:00,18303.09,18777.24,474.15000000000146,0.025905461864636,False,True
BTC,360,138,2020-11-20 14:12:49+00:00,michael_saylor,BUY,0.9,5.0,2020-11-20 14:13:00+00:00,2020-11-20 20:13:00+00:00,18303.09,18680.35,377.2599999999984,0.0206118201899241,False,True
BTC,720,138,2020-11-20 14:12:49+00:00,michael_saylor,BUY,0.9,5.0,2020-11-20 14:13:00+00:00,2020-11-21 02:13:00+00:00,18303.09,18923.51,620.4199999999983,0.0338970086471736,False,True
BTC,1440,138,2020-11-20 14:12:49+00:00,michael_saylor,BUY,0.9,5.0,2020-11-20 14:13:00+00:00,2020-11-21 14:13:00+00:00,18303.09,18778.13,475.0400000000009,0.0259540875338536,False,True
BTC,1,139,2020-11-20 17:19:33+00:00,michael_saylor,BUY,0.9,5.0,2020-11-20 17:20:00+00:00,2020-11-20 17:21:00+00:00,18636.73,18631.99,-4.739999999997963,-0.0002543364635318,False,False
BTC,3,139,2020-11-20 17:19:33+00:00,michael_saylor,BUY,0.9,5.0,2020-11-20 17:20:00+00:00,2020-11-20 17:23:00+00:00,18636.73,18617.76,-18.970000000001164,-0.0010178824289454,False,False
BTC,5,139,2020-11-20 17:19:33+00:00,michael_saylor,BUY,0.9,5.0,2020-11-20 17:20:00+00:00,2020-11-20 17:25:00+00:00,18636.73,18639.58,2.850000000002183,0.0001529238230098,False,True
BTC,10,139,2020-11-20 17:19:33+00:00,michael_saylor,BUY,0.9,5.0,2020-11-20 17:20:00+00:00,2020-11-20 17:30:00+00:00,18636.73,18667.0,30.270000000000437,0.0016242119728085,False,True
BTC,15,139,2020-11-20 17:19:33+00:00,michael_saylor,BUY,0.9,5.0,2020-11-20 17:20:00+00:00,2020-11-20 17:35:00+00:00,18636.73,18671.05,34.31999999999971,0.0018415247739275,False,True
BTC,30,139,2020-11-20 17:19:33+00:00,michael_saylor,BUY,0.9,5.0,2020-11-20 17:20:00+00:00,2020-11-20 17:50:00+00:00,18636.73,18670.37,33.63999999999942,0.0018050376863322,False,True
BTC,60,139,2020-11-20 17:19:33+00:00,michael_saylor,BUY,0.9,5.0,2020-11-20 17:20:00+00:00,2020-11-20 18:20:00+00:00,18636.73,18601.35,-35.38000000000102,-0.0018984017045909,False,False
BTC,120,139,2020-11-20 17:19:33+00:00,michael_saylor,BUY,0.9,5.0,2020-11-20 17:20:00+00:00,2020-11-20 19:20:00+00:00,18636.73,18614.44,-22.290000000000873,-0.0011960252683813,False,False
BTC,360,139,2020-11-20 17:19:33+00:00,michael_saylor,BUY,0.9,5.0,2020-11-20 17:20:00+00:00,2020-11-20 23:20:00+00:00,18636.73,18649.34,12.610000000000582,0.0006766208449658,False,True
BTC,720,139,2020-11-20 17:19:33+00:00,michael_saylor,BUY,0.9,5.0,2020-11-20 17:20:00+00:00,2020-11-21 05:20:00+00:00,18636.73,18620.95,-15.779999999998836,-0.0008467150621379,False,False
BTC,1440,139,2020-11-20 17:19:33+00:00,michael_saylor,BUY,0.9,5.0,2020-11-20 17:20:00+00:00,2020-11-21 17:20:00+00:00,18636.73,18697.41,60.68000000000029,0.0032559359930631,False,True
BTC,1,140,2020-11-21 14:06:52+00:00,michael_saylor,BUY,0.9,5.0,2020-11-21 14:07:00+00:00,2020-11-21 14:08:00+00:00,18737.44,18759.14,21.700000000000728,0.0011581091120238,False,True
BTC,3,140,2020-11-21 14:06:52+00:00,michael_saylor,BUY,0.9,5.0,2020-11-21 14:07:00+00:00,2020-11-21 14:10:00+00:00,18737.44,18755.6,18.159999999999854,0.0009691825564217,False,True
BTC,5,140,2020-11-21 14:06:52+00:00,michael_saylor,BUY,0.9,5.0,2020-11-21 14:07:00+00:00,2020-11-21 14:12:00+00:00,18737.44,18781.18,43.7400000000016,0.0023343637124389,False,True
BTC,10,140,2020-11-21 14:06:52+00:00,michael_saylor,BUY,0.9,5.0,2020-11-21 14:07:00+00:00,2020-11-21 14:17:00+00:00,18737.44,18752.99,15.55000000000291,0.000829889248478,False,True
BTC,15,140,2020-11-21 14:06:52+00:00,michael_saylor,BUY,0.9,5.0,2020-11-21 14:07:00+00:00,2020-11-21 14:22:00+00:00,18737.44,18695.86,-41.57999999999811,-0.0022190864920713,False,False
BTC,30,140,2020-11-21 14:06:52+00:00,michael_saylor,BUY,0.9,5.0,2020-11-21 14:07:00+00:00,2020-11-21 14:37:00+00:00,18737.44,18711.81,-25.62999999999738,-0.001367849610192,False,False
BTC,60,140,2020-11-21 14:06:52+00:00,michael_saylor,BUY,0.9,5.0,2020-11-21 14:07:00+00:00,2020-11-21 15:07:00+00:00,18737.44,18666.48,-70.95999999999913,-0.0037870701654014,False,False
BTC,120,140,2020-11-21 14:06:52+00:00,michael_saylor,BUY,0.9,5.0,2020-11-21 14:07:00+00:00,2020-11-21 16:07:00+00:00,18737.44,18803.24,65.80000000000291,0.003511685694524,False,True
BTC,360,140,2020-11-21 14:06:52+00:00,michael_saylor,BUY,0.9,5.0,2020-11-21 14:07:00+00:00,2020-11-21 20:07:00+00:00,18737.44,18635.85,-101.59000000000016,-0.0054217651931107,False,False
BTC,720,140,2020-11-21 14:06:52+00:00,michael_saylor,BUY,0.9,5.0,2020-11-21 14:07:00+00:00,2020-11-22 02:07:00+00:00,18737.44,18503.59,-233.84999999999857,-0.0124803601772706,False,False
BTC,1440,140,2020-11-21 14:06:52+00:00,michael_saylor,BUY,0.9,5.0,2020-11-21 14:07:00+00:00,2020-11-22 14:07:00+00:00,18737.44,18156.59,-580.8499999999985,-0.0309994321529514,False,False
BTC,1,141,2020-11-22 15:11:18+00:00,michael_saylor,BUY,0.8,4.0,2020-11-22 15:12:00+00:00,2020-11-22 15:13:00+00:00,18240.0,18229.99,-10.0099999999984,-0.000548793859649,False,False
BTC,3,141,2020-11-22 15:11:18+00:00,michael_saylor,BUY,0.8,4.0,2020-11-22 15:12:00+00:00,2020-11-22 15:15:00+00:00,18240.0,18252.19,12.18999999999869,0.0006683114035087,False,True
BTC,5,141,2020-11-22 15:11:18+00:00,michael_saylor,BUY,0.8,4.0,2020-11-22 15:12:00+00:00,2020-11-22 15:17:00+00:00,18240.0,18256.79,16.790000000000873,0.0009205043859649,False,True
BTC,10,141,2020-11-22 15:11:18+00:00,michael_saylor,BUY,0.8,4.0,2020-11-22 15:12:00+00:00,2020-11-22 15:22:00+00:00,18240.0,18239.9,-0.0999999999985448,-5.482456140271097e-06,False,False
BTC,15,141,2020-11-22 15:11:18+00:00,michael_saylor,BUY,0.8,4.0,2020-11-22 15:12:00+00:00,2020-11-22 15:27:00+00:00,18240.0,18232.42,-7.580000000001746,-0.0004155701754386,False,False
BTC,30,141,2020-11-22 15:11:18+00:00,michael_saylor,BUY,0.8,4.0,2020-11-22 15:12:00+00:00,2020-11-22 15:42:00+00:00,18240.0,18319.09,79.09000000000015,0.0043360745614035,False,True
BTC,60,141,2020-11-22 15:11:18+00:00,michael_saylor,BUY,0.8,4.0,2020-11-22 15:12:00+00:00,2020-11-22 16:12:00+00:00,18240.0,18345.0,105.0,0.0057565789473684,False,True
BTC,120,141,2020-11-22 15:11:18+00:00,michael_saylor,BUY,0.8,4.0,2020-11-22 15:12:00+00:00,2020-11-22 17:12:00+00:00,18240.0,18557.79,317.7900000000009,0.0174226973684211,False,True
BTC,360,141,2020-11-22 15:11:18+00:00,michael_saylor,BUY,0.8,4.0,2020-11-22 15:12:00+00:00,2020-11-22 21:12:00+00:00,18240.0,18539.36,299.3600000000006,0.0164122807017544,False,True
BTC,720,141,2020-11-22 15:11:18+00:00,michael_saylor,BUY,0.8,4.0,2020-11-22 15:12:00+00:00,2020-11-23 03:12:00+00:00,18240.0,18266.5,26.5,0.0014528508771929,False,True
BTC,1440,141,2020-11-22 15:11:18+00:00,michael_saylor,BUY,0.8,4.0,2020-11-22 15:12:00+00:00,2020-11-23 15:12:00+00:00,18240.0,18480.4,240.40000000000143,0.0131798245614035,False,True
BTC,1,143,2020-11-23 14:22:45+00:00,michael_saylor,BUY,0.7,4.0,2020-11-23 14:23:00+00:00,2020-11-23 14:24:00+00:00,18576.68,18609.92,33.23999999999796,0.0017893401834987,False,True
BTC,3,143,2020-11-23 14:22:45+00:00,michael_saylor,BUY,0.7,4.0,2020-11-23 14:23:00+00:00,2020-11-23 14:26:00+00:00,18576.68,18578.94,2.2599999999983993,0.0001216579065795,False,True
BTC,5,143,2020-11-23 14:22:45+00:00,michael_saylor,BUY,0.7,4.0,2020-11-23 14:23:00+00:00,2020-11-23 14:28:00+00:00,18576.68,18556.66,-20.020000000000437,-0.00107769526094,False,False
BTC,10,143,2020-11-23 14:22:45+00:00,michael_saylor,BUY,0.7,4.0,2020-11-23 14:23:00+00:00,2020-11-23 14:33:00+00:00,18576.68,18562.0,-14.680000000000293,-0.0007902380834465,False,False
BTC,15,143,2020-11-23 14:22:45+00:00,michael_saylor,BUY,0.7,4.0,2020-11-23 14:23:00+00:00,2020-11-23 14:38:00+00:00,18576.68,18549.32,-27.360000000000586,-0.0014728143026633,False,False
BTC,30,143,2020-11-23 14:22:45+00:00,michael_saylor,BUY,0.7,4.0,2020-11-23 14:23:00+00:00,2020-11-23 14:53:00+00:00,18576.68,18623.96,47.27999999999883,0.0025451264703918,False,True
BTC,60,143,2020-11-23 14:22:45+00:00,michael_saylor,BUY,0.7,4.0,2020-11-23 14:23:00+00:00,2020-11-23 15:23:00+00:00,18576.68,18373.15,-203.52999999999884,-0.0109562096133431,False,False
BTC,120,143,2020-11-23 14:22:45+00:00,michael_saylor,BUY,0.7,4.0,2020-11-23 14:23:00+00:00,2020-11-23 16:23:00+00:00,18576.68,18367.79,-208.88999999999945,-0.0112447434094789,False,False
BTC,360,143,2020-11-23 14:22:45+00:00,michael_saylor,BUY,0.7,4.0,2020-11-23 14:23:00+00:00,2020-11-23 20:23:00+00:00,18576.68,18408.8,-167.88000000000102,-0.0090371368834474,False,False
BTC,720,143,2020-11-23 14:22:45+00:00,michael_saylor,BUY,0.7,4.0,2020-11-23 14:23:00+00:00,2020-11-24 02:23:00+00:00,18576.68,18387.35,-189.33000000000175,-0.0101918103773118,False,False
BTC,1440,143,2020-11-23 14:22:45+00:00,michael_saylor,BUY,0.7,4.0,2020-11-23 14:23:00+00:00,2020-11-24 14:23:00+00:00,18576.68,19230.49,653.8100000000013,0.035195201726035,False,True
BTC,1,144,2020-11-23 18:22:29+00:00,michael_saylor,BUY,0.9,4.0,2020-11-23 18:23:00+00:00,2020-11-23 18:24:00+00:00,18313.48,18341.22,27.7400000000016,0.0015147312253051,False,True
BTC,3,144,2020-11-23 18:22:29+00:00,michael_saylor,BUY,0.9,4.0,2020-11-23 18:23:00+00:00,2020-11-23 18:26:00+00:00,18313.48,18337.28,23.799999999999272,0.0012995891550922,False,True
BTC,5,144,2020-11-23 18:22:29+00:00,michael_saylor,BUY,0.9,4.0,2020-11-23 18:23:00+00:00,2020-11-23 18:28:00+00:00,18313.48,18342.18,28.700000000000728,0.0015671516281995,False,True
BTC,10,144,2020-11-23 18:22:29+00:00,michael_saylor,BUY,0.9,4.0,2020-11-23 18:23:00+00:00,2020-11-23 18:33:00+00:00,18313.48,18370.52,57.04000000000087,0.0031146456053137,False,True
BTC,15,144,2020-11-23 18:22:29+00:00,michael_saylor,BUY,0.9,4.0,2020-11-23 18:23:00+00:00,2020-11-23 18:38:00+00:00,18313.48,18367.95,54.47000000000117,0.0029743118183983,False,True
BTC,30,144,2020-11-23 18:22:29+00:00,michael_saylor,BUY,0.9,4.0,2020-11-23 18:23:00+00:00,2020-11-23 18:53:00+00:00,18313.48,18354.64,41.159999999999854,0.0022475247741008,False,True
BTC,60,144,2020-11-23 18:22:29+00:00,michael_saylor,BUY,0.9,4.0,2020-11-23 18:23:00+00:00,2020-11-23 19:23:00+00:00,18313.48,18357.1,43.61999999999898,0.0023818520565178,False,True
BTC,120,144,2020-11-23 18:22:29+00:00,michael_saylor,BUY,0.9,4.0,2020-11-23 18:23:00+00:00,2020-11-23 20:23:00+00:00,18313.48,18408.8,95.31999999999972,0.005204909170731,False,True
BTC,360,144,2020-11-23 18:22:29+00:00,michael_saylor,BUY,0.9,4.0,2020-11-23 18:23:00+00:00,2020-11-24 00:23:00+00:00,18313.48,18280.25,-33.22999999999956,-0.0018145104043578,False,False
BTC,720,144,2020-11-23 18:22:29+00:00,michael_saylor,BUY,0.9,4.0,2020-11-23 18:23:00+00:00,2020-11-24 06:23:00+00:00,18313.48,18330.02,16.540000000000873,0.0009031598582028,False,True
BTC,1440,144,2020-11-23 18:22:29+00:00,michael_saylor,BUY,0.9,4.0,2020-11-23 18:23:00+00:00,2020-11-24 18:23:00+00:00,18313.48,19185.63,872.1500000000015,0.0476233899837716,False,True
BTC,1,146,2020-11-25 23:03:28+00:00,michael_saylor,BUY,0.95,5.0,2020-11-25 23:04:00+00:00,2020-11-25 23:05:00+00:00,18714.66,18711.13,-3.529999999998836,-0.0001886221817547,False,False
BTC,3,146,2020-11-25 23:03:28+00:00,michael_saylor,BUY,0.95,5.0,2020-11-25 23:04:00+00:00,2020-11-25 23:07:00+00:00,18714.66,18743.78,29.11999999999898,0.0015559994143628,False,True
BTC,5,146,2020-11-25 23:03:28+00:00,michael_saylor,BUY,0.95,5.0,2020-11-25 23:04:00+00:00,2020-11-25 23:09:00+00:00,18714.66,18712.43,-2.229999999999563,-0.000119157922185,False,False
BTC,10,146,2020-11-25 23:03:28+00:00,michael_saylor,BUY,0.95,5.0,2020-11-25 23:04:00+00:00,2020-11-25 23:14:00+00:00,18714.66,18644.0,-70.65999999999985,-0.0037756496778461,False,False
BTC,15,146,2020-11-25 23:03:28+00:00,michael_saylor,BUY,0.95,5.0,2020-11-25 23:04:00+00:00,2020-11-25 23:19:00+00:00,18714.66,18523.77,-190.88999999999945,-0.0102000250071334,False,False
BTC,30,146,2020-11-25 23:03:28+00:00,michael_saylor,BUY,0.95,5.0,2020-11-25 23:04:00+00:00,2020-11-25 23:34:00+00:00,18714.66,18785.15,70.4900000000016,0.0037665658900563,False,True
BTC,60,146,2020-11-25 23:03:28+00:00,michael_saylor,BUY,0.95,5.0,2020-11-25 23:04:00+00:00,2020-11-26 00:04:00+00:00,18714.66,18639.64,-75.02000000000044,-0.004008622117634,False,False
BTC,120,146,2020-11-25 23:03:28+00:00,michael_saylor,BUY,0.95,5.0,2020-11-25 23:04:00+00:00,2020-11-26 01:04:00+00:00,18714.66,18868.96,154.29999999999927,0.0082448732704734,False,True
BTC,360,146,2020-11-25 23:03:28+00:00,michael_saylor,BUY,0.95,5.0,2020-11-25 23:04:00+00:00,2020-11-26 05:04:00+00:00,18714.66,17831.71,-882.9500000000007,-0.0471795907593298,False,False
BTC,720,146,2020-11-25 23:03:28+00:00,michael_saylor,BUY,0.95,5.0,2020-11-25 23:04:00+00:00,2020-11-26 11:04:00+00:00,18714.66,17332.23,-1382.4300000000003,-0.0738688279669521,False,False
BTC,1440,146,2020-11-25 23:03:28+00:00,michael_saylor,BUY,0.95,5.0,2020-11-25 23:04:00+00:00,2020-11-26 23:04:00+00:00,18714.66,17040.33,-1674.329999999998,-0.0894662259426566,False,False
BTC,1,147,2020-11-26 16:24:10+00:00,michael_saylor,BUY,0.8,4.0,2020-11-26 16:25:00+00:00,2020-11-26 16:26:00+00:00,16899.41,16851.33,-48.07999999999811,-0.0028450697391209,False,False
BTC,3,147,2020-11-26 16:24:10+00:00,michael_saylor,BUY,0.8,4.0,2020-11-26 16:25:00+00:00,2020-11-26 16:28:00+00:00,16899.41,16891.27,-8.139999999999418,-0.0004816736205583,False,False
BTC,5,147,2020-11-26 16:24:10+00:00,michael_saylor,BUY,0.8,4.0,2020-11-26 16:25:00+00:00,2020-11-26 16:30:00+00:00,16899.41,16876.14,-23.270000000000437,-0.0013769711486969,False,False
BTC,10,147,2020-11-26 16:24:10+00:00,michael_saylor,BUY,0.8,4.0,2020-11-26 16:25:00+00:00,2020-11-26 16:35:00+00:00,16899.41,16967.36,67.95000000000073,0.0040208504320565,False,True
BTC,15,147,2020-11-26 16:24:10+00:00,michael_saylor,BUY,0.8,4.0,2020-11-26 16:25:00+00:00,2020-11-26 16:40:00+00:00,16899.41,16832.0,-67.40999999999985,-0.0039888966537884,False,False
BTC,30,147,2020-11-26 16:24:10+00:00,michael_saylor,BUY,0.8,4.0,2020-11-26 16:25:00+00:00,2020-11-26 16:55:00+00:00,16899.41,16700.0,-199.40999999999983,-0.0117998202304104,False,False
BTC,60,147,2020-11-26 16:24:10+00:00,michael_saylor,BUY,0.8,4.0,2020-11-26 16:25:00+00:00,2020-11-26 17:25:00+00:00,16899.41,16325.22,-574.1900000000005,-0.0339769258216707,False,False
BTC,120,147,2020-11-26 16:24:10+00:00,michael_saylor,BUY,0.8,4.0,2020-11-26 16:25:00+00:00,2020-11-26 18:25:00+00:00,16899.41,16694.68,-204.72999999999956,-0.0121146241200136,False,False
BTC,360,147,2020-11-26 16:24:10+00:00,michael_saylor,BUY,0.8,4.0,2020-11-26 16:25:00+00:00,2020-11-26 22:25:00+00:00,16899.41,17089.74,190.33000000000175,0.0112625233662004,False,True
BTC,720,147,2020-11-26 16:24:10+00:00,michael_saylor,BUY,0.8,4.0,2020-11-26 16:25:00+00:00,2020-11-27 04:25:00+00:00,16899.41,17176.71,277.2999999999993,0.0164088568772518,False,True
BTC,1440,147,2020-11-26 16:24:10+00:00,michael_saylor,BUY,0.8,4.0,2020-11-26 16:25:00+00:00,2020-11-27 16:25:00+00:00,16899.41,16696.52,-202.88999999999945,-0.0120057445792485,False,False
BTC,1,148,2020-11-27 13:37:35+00:00,michael_saylor,BUY,0.9,5.0,2020-11-27 13:38:00+00:00,2020-11-27 13:39:00+00:00,16996.22,16978.01,-18.210000000002765,-0.0010714147027987,False,False
BTC,3,148,2020-11-27 13:37:35+00:00,michael_saylor,BUY,0.9,5.0,2020-11-27 13:38:00+00:00,2020-11-27 13:41:00+00:00,16996.22,17025.79,29.56999999999971,0.0017397986140447,False,True
BTC,5,148,2020-11-27 13:37:35+00:00,michael_saylor,BUY,0.9,5.0,2020-11-27 13:38:00+00:00,2020-11-27 13:43:00+00:00,16996.22,17017.98,21.7599999999984,0.0012802846750629,False,True
BTC,10,148,2020-11-27 13:37:35+00:00,michael_saylor,BUY,0.9,5.0,2020-11-27 13:38:00+00:00,2020-11-27 13:48:00+00:00,16996.22,17037.48,41.2599999999984,0.0024275986072196,False,True
BTC,15,148,2020-11-27 13:37:35+00:00,michael_saylor,BUY,0.9,5.0,2020-11-27 13:38:00+00:00,2020-11-27 13:53:00+00:00,16996.22,17020.35,24.12999999999738,0.0014197274452788,False,True
BTC,30,148,2020-11-27 13:37:35+00:00,michael_saylor,BUY,0.9,5.0,2020-11-27 13:38:00+00:00,2020-11-27 14:08:00+00:00,16996.22,16830.44,-165.78000000000247,-0.009753933521689,False,False
BTC,60,148,2020-11-27 13:37:35+00:00,michael_saylor,BUY,0.9,5.0,2020-11-27 13:38:00+00:00,2020-11-27 14:38:00+00:00,16996.22,16800.39,-195.83000000000175,-0.0115219737094484,False,False
BTC,120,148,2020-11-27 13:37:35+00:00,michael_saylor,BUY,0.9,5.0,2020-11-27 13:38:00+00:00,2020-11-27 15:38:00+00:00,16996.22,16587.58,-408.6399999999994,-0.0240429930890515,False,False
BTC,360,148,2020-11-27 13:37:35+00:00,michael_saylor,BUY,0.9,5.0,2020-11-27 13:38:00+00:00,2020-11-27 19:38:00+00:00,16996.22,16757.53,-238.69000000000233,-0.0140437108957169,False,False
BTC,720,148,2020-11-27 13:37:35+00:00,michael_saylor,BUY,0.9,5.0,2020-11-27 13:38:00+00:00,2020-11-28 01:38:00+00:00,16996.22,17114.21,117.98999999999796,0.0069421318387263,False,True
BTC,1440,148,2020-11-27 13:37:35+00:00,michael_saylor,BUY,0.9,5.0,2020-11-27 13:38:00+00:00,2020-11-28 13:38:00+00:00,16996.22,17276.76,280.53999999999724,0.0165060231039606,False,True
BTC,1,150,2020-11-28 15:37:18+00:00,michael_saylor,BUY,0.9,4.0,2020-11-28 15:38:00+00:00,2020-11-28 15:39:00+00:00,17366.55,17383.82,17.270000000000437,0.0009944404616921,False,True
BTC,3,150,2020-11-28 15:37:18+00:00,michael_saylor,BUY,0.9,4.0,2020-11-28 15:38:00+00:00,2020-11-28 15:41:00+00:00,17366.55,17388.16,21.610000000000586,0.0012443461712315,False,True
BTC,5,150,2020-11-28 15:37:18+00:00,michael_saylor,BUY,0.9,4.0,2020-11-28 15:38:00+00:00,2020-11-28 15:43:00+00:00,17366.55,17391.77,25.220000000001164,0.0014522170494428,False,True
BTC,10,150,2020-11-28 15:37:18+00:00,michael_saylor,BUY,0.9,4.0,2020-11-28 15:38:00+00:00,2020-11-28 15:48:00+00:00,17366.55,17415.59,49.04000000000087,0.0028238193538728,False,True
BTC,15,150,2020-11-28 15:37:18+00:00,michael_saylor,BUY,0.9,4.0,2020-11-28 15:38:00+00:00,2020-11-28 15:53:00+00:00,17366.55,17418.16,51.61000000000058,0.0029718049929318,False,True
BTC,30,150,2020-11-28 15:37:18+00:00,michael_saylor,BUY,0.9,4.0,2020-11-28 15:38:00+00:00,2020-11-28 16:08:00+00:00,17366.55,17664.69,298.1399999999994,0.0171674857700579,False,True
BTC,60,150,2020-11-28 15:37:18+00:00,michael_saylor,BUY,0.9,4.0,2020-11-28 15:38:00+00:00,2020-11-28 16:38:00+00:00,17366.55,17668.31,301.76000000000204,0.0173759324678765,False,True
BTC,120,150,2020-11-28 15:37:18+00:00,michael_saylor,BUY,0.9,4.0,2020-11-28 15:38:00+00:00,2020-11-28 17:38:00+00:00,17366.55,17721.22,354.6700000000019,0.0204225940097487,False,True
BTC,360,150,2020-11-28 15:37:18+00:00,michael_saylor,BUY,0.9,4.0,2020-11-28 15:38:00+00:00,2020-11-28 21:38:00+00:00,17366.55,17706.47,339.9200000000019,0.0195732600890794,False,True
BTC,720,150,2020-11-28 15:37:18+00:00,michael_saylor,BUY,0.9,4.0,2020-11-28 15:38:00+00:00,2020-11-29 03:38:00+00:00,17366.55,17805.97,439.4200000000019,0.0253026651810521,False,True
BTC,1440,150,2020-11-28 15:37:18+00:00,michael_saylor,BUY,0.9,4.0,2020-11-28 15:38:00+00:00,2020-11-29 15:38:00+00:00,17366.55,18101.53,734.9799999999996,0.0423215894924437,False,True
BTC,1,151,2020-11-29 13:30:03+00:00,michael_saylor,BUY,0.8,4.0,2020-11-29 13:31:00+00:00,2020-11-29 13:32:00+00:00,18063.3,18059.99,-3.3099999999976717,-0.0001832444791371,False,False
BTC,3,151,2020-11-29 13:30:03+00:00,michael_saylor,BUY,0.8,4.0,2020-11-29 13:31:00+00:00,2020-11-29 13:34:00+00:00,18063.3,18053.45,-9.849999999998545,-0.0005453045678252,False,False
BTC,5,151,2020-11-29 13:30:03+00:00,michael_saylor,BUY,0.8,4.0,2020-11-29 13:31:00+00:00,2020-11-29 13:36:00+00:00,18063.3,18079.85,16.549999999999272,0.0009162223956862,False,True
BTC,10,151,2020-11-29 13:30:03+00:00,michael_saylor,BUY,0.8,4.0,2020-11-29 13:31:00+00:00,2020-11-29 13:41:00+00:00,18063.3,18071.04,7.740000000001601,0.0004284931324841,False,True
BTC,15,151,2020-11-29 13:30:03+00:00,michael_saylor,BUY,0.8,4.0,2020-11-29 13:31:00+00:00,2020-11-29 13:46:00+00:00,18063.3,18025.79,-37.5099999999984,-0.0020765862273227,False,False
BTC,30,151,2020-11-29 13:30:03+00:00,michael_saylor,BUY,0.8,4.0,2020-11-29 13:31:00+00:00,2020-11-29 14:01:00+00:00,18063.3,18134.02,70.72000000000116,0.0039151207143767,False,True
BTC,60,151,2020-11-29 13:30:03+00:00,michael_saylor,BUY,0.8,4.0,2020-11-29 13:31:00+00:00,2020-11-29 14:31:00+00:00,18063.3,18098.61,35.31000000000131,0.0019547923136969,False,True
BTC,120,151,2020-11-29 13:30:03+00:00,michael_saylor,BUY,0.8,4.0,2020-11-29 13:31:00+00:00,2020-11-29 15:31:00+00:00,18063.3,18126.4,63.10000000000218,0.0034932708862722,False,True
BTC,360,151,2020-11-29 13:30:03+00:00,michael_saylor,BUY,0.8,4.0,2020-11-29 13:31:00+00:00,2020-11-29 19:31:00+00:00,18063.3,18066.08,2.780000000002474,0.0001539032181275,False,True
BTC,720,151,2020-11-29 13:30:03+00:00,michael_saylor,BUY,0.8,4.0,2020-11-29 13:31:00+00:00,2020-11-30 01:31:00+00:00,18063.3,18406.67,343.369999999999,0.0190092618735225,False,True
BTC,1440,151,2020-11-29 13:30:03+00:00,michael_saylor,BUY,0.8,4.0,2020-11-29 13:31:00+00:00,2020-11-30 13:31:00+00:00,18063.3,18907.18,843.880000000001,0.0467179308321292,False,True
BTC,1,152,2020-11-29 15:29:20+00:00,michael_saylor,BUY,0.8,4.0,2020-11-29 15:30:00+00:00,2020-11-29 15:31:00+00:00,18118.84,18126.4,7.56000000000131,0.0004172452541112,False,True
BTC,3,152,2020-11-29 15:29:20+00:00,michael_saylor,BUY,0.8,4.0,2020-11-29 15:30:00+00:00,2020-11-29 15:33:00+00:00,18118.84,18124.27,5.430000000000291,0.0002996880595005,False,True
BTC,5,152,2020-11-29 15:29:20+00:00,michael_saylor,BUY,0.8,4.0,2020-11-29 15:30:00+00:00,2020-11-29 15:35:00+00:00,18118.84,18100.43,-18.409999999999854,-0.0010160694614003,False,False
BTC,10,152,2020-11-29 15:29:20+00:00,michael_saylor,BUY,0.8,4.0,2020-11-29 15:30:00+00:00,2020-11-29 15:40:00+00:00,18118.84,18077.29,-41.54999999999927,-0.0022931931624761,False,False
BTC,15,152,2020-11-29 15:29:20+00:00,michael_saylor,BUY,0.8,4.0,2020-11-29 15:30:00+00:00,2020-11-29 15:45:00+00:00,18118.84,18059.79,-59.04999999999927,-0.0032590386581039,False,False
BTC,30,152,2020-11-29 15:29:20+00:00,michael_saylor,BUY,0.8,4.0,2020-11-29 15:30:00+00:00,2020-11-29 16:00:00+00:00,18118.84,18123.75,4.9099999999998545,0.0002709886504875,False,True
BTC,60,152,2020-11-29 15:29:20+00:00,michael_saylor,BUY,0.8,4.0,2020-11-29 15:30:00+00:00,2020-11-29 16:30:00+00:00,18118.84,17972.47,-146.36999999999898,-0.0080783317254304,False,False
BTC,120,152,2020-11-29 15:29:20+00:00,michael_saylor,BUY,0.8,4.0,2020-11-29 15:30:00+00:00,2020-11-29 17:30:00+00:00,18118.84,18130.54,11.700000000000728,0.0006457367027911,False,True
BTC,360,152,2020-11-29 15:29:20+00:00,michael_saylor,BUY,0.8,4.0,2020-11-29 15:30:00+00:00,2020-11-29 21:30:00+00:00,18118.84,18294.58,175.7400000000016,0.0096992964229499,False,True
BTC,720,152,2020-11-29 15:29:20+00:00,michael_saylor,BUY,0.8,4.0,2020-11-29 15:30:00+00:00,2020-11-30 03:30:00+00:00,18118.84,18549.31,430.4700000000011,0.0237581434573074,False,True
BTC,1440,152,2020-11-29 15:29:20+00:00,michael_saylor,BUY,0.8,4.0,2020-11-29 15:30:00+00:00,2020-11-30 15:30:00+00:00,18118.84,19617.35,1498.5099999999984,0.0827045219230369,False,True
BTC,1,153,2020-11-30 14:24:53+00:00,michael_saylor,BUY,0.9,5.0,2020-11-30 14:25:00+00:00,2020-11-30 14:26:00+00:00,19246.95,19250.34,3.389999999999418,0.0001761318027011,False,True
BTC,3,153,2020-11-30 14:24:53+00:00,michael_saylor,BUY,0.9,5.0,2020-11-30 14:25:00+00:00,2020-11-30 14:28:00+00:00,19246.95,19289.7,42.75,0.0022211311402585,False,True
BTC,5,153,2020-11-30 14:24:53+00:00,michael_saylor,BUY,0.9,5.0,2020-11-30 14:25:00+00:00,2020-11-30 14:30:00+00:00,19246.95,19244.14,-2.8100000000013097,-0.0001459971579913,False,False
BTC,10,153,2020-11-30 14:24:53+00:00,michael_saylor,BUY,0.9,5.0,2020-11-30 14:25:00+00:00,2020-11-30 14:35:00+00:00,19246.95,19253.71,6.759999999998399,0.0003512244797226,False,True
BTC,15,153,2020-11-30 14:24:53+00:00,michael_saylor,BUY,0.9,5.0,2020-11-30 14:25:00+00:00,2020-11-30 14:40:00+00:00,19246.95,19399.99,153.04000000000087,0.0079513897007058,False,True
BTC,30,153,2020-11-30 14:24:53+00:00,michael_saylor,BUY,0.9,5.0,2020-11-30 14:25:00+00:00,2020-11-30 14:55:00+00:00,19246.95,19574.34,327.3899999999994,0.017009967813082,False,True
BTC,60,153,2020-11-30 14:24:53+00:00,michael_saylor,BUY,0.9,5.0,2020-11-30 14:25:00+00:00,2020-11-30 15:25:00+00:00,19246.95,19635.92,388.9699999999975,0.0202094357807339,False,True
BTC,120,153,2020-11-30 14:24:53+00:00,michael_saylor,BUY,0.9,5.0,2020-11-30 14:25:00+00:00,2020-11-30 16:25:00+00:00,19246.95,19495.5,248.54999999999927,0.0129137343838893,False,True
BTC,360,153,2020-11-30 14:24:53+00:00,michael_saylor,BUY,0.9,5.0,2020-11-30 14:25:00+00:00,2020-11-30 20:25:00+00:00,19246.95,19366.74,119.79000000000087,0.0062238432582825,False,True
BTC,720,153,2020-11-30 14:24:53+00:00,michael_saylor,BUY,0.9,5.0,2020-11-30 14:25:00+00:00,2020-12-01 02:25:00+00:00,19246.95,19657.14,410.1899999999987,0.021311948126846,False,True
BTC,1440,153,2020-11-30 14:24:53+00:00,michael_saylor,BUY,0.9,5.0,2020-11-30 14:25:00+00:00,2020-12-01 14:25:00+00:00,19246.95,18918.03,-328.9200000000019,-0.0170894609275756,False,False
BTC,1,154,2020-11-30 17:50:04+00:00,michael_saylor,BUY,0.9,5.0,2020-11-30 17:51:00+00:00,2020-11-30 17:52:00+00:00,19464.36,19438.99,-25.36999999999898,-0.0013034078695625,False,False
BTC,3,154,2020-11-30 17:50:04+00:00,michael_saylor,BUY,0.9,5.0,2020-11-30 17:51:00+00:00,2020-11-30 17:54:00+00:00,19464.36,19426.48,-37.88000000000102,-0.0019461210129693,False,False
BTC,5,154,2020-11-30 17:50:04+00:00,michael_saylor,BUY,0.9,5.0,2020-11-30 17:51:00+00:00,2020-11-30 17:56:00+00:00,19464.36,19388.16,-76.20000000000073,-0.0039148474442519,False,False
BTC,10,154,2020-11-30 17:50:04+00:00,michael_saylor,BUY,0.9,5.0,2020-11-30 17:51:00+00:00,2020-11-30 18:01:00+00:00,19464.36,19444.64,-19.720000000001164,-0.00101313374804,False,False
BTC,15,154,2020-11-30 17:50:04+00:00,michael_saylor,BUY,0.9,5.0,2020-11-30 17:51:00+00:00,2020-11-30 18:06:00+00:00,19464.36,19339.24,-125.11999999999898,-0.0064281589530813,False,False
BTC,30,154,2020-11-30 17:50:04+00:00,michael_saylor,BUY,0.9,5.0,2020-11-30 17:51:00+00:00,2020-11-30 18:21:00+00:00,19464.36,19303.78,-160.58000000000175,-0.0082499501653279,False,False
BTC,60,154,2020-11-30 17:50:04+00:00,michael_saylor,BUY,0.9,5.0,2020-11-30 17:51:00+00:00,2020-11-30 18:51:00+00:00,19464.36,19283.93,-180.4300000000003,-0.0092697627869603,False,False
BTC,120,154,2020-11-30 17:50:04+00:00,michael_saylor,BUY,0.9,5.0,2020-11-30 17:51:00+00:00,2020-11-30 19:51:00+00:00,19464.36,19245.7,-218.65999999999983,-0.0112338653826788,False,False
BTC,360,154,2020-11-30 17:50:04+00:00,michael_saylor,BUY,0.9,5.0,2020-11-30 17:51:00+00:00,2020-11-30 23:51:00+00:00,19464.36,19743.99,279.630000000001,0.0143662570975876,False,True
BTC,720,154,2020-11-30 17:50:04+00:00,michael_saylor,BUY,0.9,5.0,2020-11-30 17:51:00+00:00,2020-12-01 05:51:00+00:00,19464.36,19494.99,30.63000000000102,0.0015736453703076,False,True
BTC,1440,154,2020-11-30 17:50:04+00:00,michael_saylor,BUY,0.9,5.0,2020-11-30 17:51:00+00:00,2020-12-01 17:51:00+00:00,19464.36,18977.94,-486.4200000000019,-0.0249902899453155,False,False
BTC,1,155,2020-12-01 14:32:08+00:00,michael_saylor,BUY,0.9,4.0,2020-12-01 14:33:00+00:00,2020-12-01 14:34:00+00:00,19019.06,19047.71,28.649999999997817,0.0015063835962449,False,True
BTC,3,155,2020-12-01 14:32:08+00:00,michael_saylor,BUY,0.9,4.0,2020-12-01 14:33:00+00:00,2020-12-01 14:36:00+00:00,19019.06,19134.52,115.45999999999913,0.0060707521822844,False,True
BTC,5,155,2020-12-01 14:32:08+00:00,michael_saylor,BUY,0.9,4.0,2020-12-01 14:33:00+00:00,2020-12-01 14:38:00+00:00,19019.06,19180.0,160.9399999999987,0.0084620375560095,False,True
BTC,10,155,2020-12-01 14:32:08+00:00,michael_saylor,BUY,0.9,4.0,2020-12-01 14:33:00+00:00,2020-12-01 14:43:00+00:00,19019.06,19298.12,279.0599999999977,0.0146726494369331,False,True
BTC,15,155,2020-12-01 14:32:08+00:00,michael_saylor,BUY,0.9,4.0,2020-12-01 14:33:00+00:00,2020-12-01 14:48:00+00:00,19019.06,19269.74,250.6800000000003,0.0131804621258884,False,True
BTC,30,155,2020-12-01 14:32:08+00:00,michael_saylor,BUY,0.9,4.0,2020-12-01 14:33:00+00:00,2020-12-01 15:03:00+00:00,19019.06,19343.04,323.97999999999956,0.0170344906635764,False,True
BTC,60,155,2020-12-01 14:32:08+00:00,michael_saylor,BUY,0.9,4.0,2020-12-01 14:33:00+00:00,2020-12-01 15:33:00+00:00,19019.06,19333.49,314.4300000000003,0.0165323627981614,False,True
BTC,120,155,2020-12-01 14:32:08+00:00,michael_saylor,BUY,0.9,4.0,2020-12-01 14:33:00+00:00,2020-12-01 16:33:00+00:00,19019.06,19029.26,10.19999999999709,0.0005363041075635,False,True
BTC,360,155,2020-12-01 14:32:08+00:00,michael_saylor,BUY,0.9,4.0,2020-12-01 14:33:00+00:00,2020-12-01 20:33:00+00:00,19019.06,18938.74,-80.31999999999971,-0.0042231319528935,False,False
BTC,720,155,2020-12-01 14:32:08+00:00,michael_saylor,BUY,0.9,4.0,2020-12-01 14:33:00+00:00,2020-12-02 02:33:00+00:00,19019.06,18759.57,-259.4900000000016,-0.0136436816540881,False,False
BTC,1440,155,2020-12-01 14:32:08+00:00,michael_saylor,BUY,0.9,4.0,2020-12-01 14:33:00+00:00,2020-12-02 14:33:00+00:00,19019.06,18981.47,-37.590000000000146,-0.0019764383728743,False,False
BTC,1,156,2020-12-01 17:31:00+00:00,michael_saylor,BUY,0.7,4.0,2020-12-01 17:31:00+00:00,2020-12-01 17:32:00+00:00,18889.46,18895.28,5.819999999999709,0.0003081083313127,False,True
BTC,3,156,2020-12-01 17:31:00+00:00,michael_saylor,BUY,0.7,4.0,2020-12-01 17:31:00+00:00,2020-12-01 17:34:00+00:00,18889.46,18894.29,4.830000000001746,0.0002556981512442,False,True
BTC,5,156,2020-12-01 17:31:00+00:00,michael_saylor,BUY,0.7,4.0,2020-12-01 17:31:00+00:00,2020-12-01 17:36:00+00:00,18889.46,18924.58,35.12000000000262,0.0018592379030423,False,True
BTC,10,156,2020-12-01 17:31:00+00:00,michael_saylor,BUY,0.7,4.0,2020-12-01 17:31:00+00:00,2020-12-01 17:41:00+00:00,18889.46,18871.79,-17.669999999998254,-0.0009354423048619,False,False
BTC,15,156,2020-12-01 17:31:00+00:00,michael_saylor,BUY,0.7,4.0,2020-12-01 17:31:00+00:00,2020-12-01 17:46:00+00:00,18889.46,18792.17,-97.29000000000087,-0.0051504913322032,False,False
BTC,30,156,2020-12-01 17:31:00+00:00,michael_saylor,BUY,0.7,4.0,2020-12-01 17:31:00+00:00,2020-12-01 18:01:00+00:00,18889.46,19037.12,147.65999999999983,0.0078170577666063,False,True
BTC,60,156,2020-12-01 17:31:00+00:00,michael_saylor,BUY,0.7,4.0,2020-12-01 17:31:00+00:00,2020-12-01 18:31:00+00:00,18889.46,18859.74,-29.71999999999753,-0.0015733641935766,False,False
BTC,120,156,2020-12-01 17:31:00+00:00,michael_saylor,BUY,0.7,4.0,2020-12-01 17:31:00+00:00,2020-12-01 19:31:00+00:00,18889.46,18975.12,85.65999999999985,0.0045348040653359,False,True
BTC,360,156,2020-12-01 17:31:00+00:00,michael_saylor,BUY,0.7,4.0,2020-12-01 17:31:00+00:00,2020-12-01 23:31:00+00:00,18889.46,18788.68,-100.77999999999884,-0.0053352504518392,False,False
BTC,720,156,2020-12-01 17:31:00+00:00,michael_saylor,BUY,0.7,4.0,2020-12-01 17:31:00+00:00,2020-12-02 05:31:00+00:00,18889.46,18485.46,-404.0,-0.0213875886340848,False,False
BTC,1440,156,2020-12-01 17:31:00+00:00,michael_saylor,BUY,0.7,4.0,2020-12-01 17:31:00+00:00,2020-12-02 17:31:00+00:00,18889.46,18939.14,49.68000000000029,0.0026300381270825,False,True
BTC,1,157,2020-12-01 18:25:30+00:00,michael_saylor,BUY,0.8,4.0,2020-12-01 18:26:00+00:00,2020-12-01 18:27:00+00:00,18877.32,18904.57,27.25,0.0014435311792139,False,True
BTC,3,157,2020-12-01 18:25:30+00:00,michael_saylor,BUY,0.8,4.0,2020-12-01 18:26:00+00:00,2020-12-01 18:29:00+00:00,18877.32,18872.83,-4.489999999997963,-0.0002378515594373,False,False
BTC,5,157,2020-12-01 18:25:30+00:00,michael_saylor,BUY,0.8,4.0,2020-12-01 18:26:00+00:00,2020-12-01 18:31:00+00:00,18877.32,18859.74,-17.57999999999811,-0.0009312762616726,False,False
BTC,10,157,2020-12-01 18:25:30+00:00,michael_saylor,BUY,0.8,4.0,2020-12-01 18:26:00+00:00,2020-12-01 18:36:00+00:00,18877.32,18967.82,90.5,0.0047941127236281,False,True
BTC,15,157,2020-12-01 18:25:30+00:00,michael_saylor,BUY,0.8,4.0,2020-12-01 18:26:00+00:00,2020-12-01 18:41:00+00:00,18877.32,18939.0,61.68000000000029,0.0032674129590429,False,True
BTC,30,157,2020-12-01 18:25:30+00:00,michael_saylor,BUY,0.8,4.0,2020-12-01 18:26:00+00:00,2020-12-01 18:56:00+00:00,18877.32,18708.75,-168.5699999999997,-0.0089297633350496,False,False
BTC,60,157,2020-12-01 18:25:30+00:00,michael_saylor,BUY,0.8,4.0,2020-12-01 18:26:00+00:00,2020-12-01 19:26:00+00:00,18877.32,18929.16,51.840000000000146,0.0027461525258882,False,True
BTC,120,157,2020-12-01 18:25:30+00:00,michael_saylor,BUY,0.8,4.0,2020-12-01 18:26:00+00:00,2020-12-01 20:26:00+00:00,18877.32,18941.98,64.65999999999985,0.0034252743503844,False,True
BTC,360,157,2020-12-01 18:25:30+00:00,michael_saylor,BUY,0.8,4.0,2020-12-01 18:26:00+00:00,2020-12-02 00:26:00+00:00,18877.32,18727.29,-150.02999999999884,-0.0079476323969715,False,False
BTC,720,157,2020-12-01 18:25:30+00:00,michael_saylor,BUY,0.8,4.0,2020-12-01 18:26:00+00:00,2020-12-02 06:26:00+00:00,18877.32,18806.46,-70.86000000000058,-0.0037537108021689,False,False
BTC,1440,157,2020-12-01 18:25:30+00:00,michael_saylor,BUY,0.8,4.0,2020-12-01 18:26:00+00:00,2020-12-02 18:26:00+00:00,18877.32,19033.03,155.70999999999913,0.0082485225657031,False,True
BTC,1,158,2020-12-02 14:08:17+00:00,michael_saylor,BUY,0.7,4.0,2020-12-02 14:09:00+00:00,2020-12-02 14:10:00+00:00,19095.79,19133.81,38.02000000000044,0.0019910147734134,False,True
BTC,3,158,2020-12-02 14:08:17+00:00,michael_saylor,BUY,0.7,4.0,2020-12-02 14:09:00+00:00,2020-12-02 14:12:00+00:00,19095.79,19138.17,42.37999999999738,0.0022193373513218,False,True
BTC,5,158,2020-12-02 14:08:17+00:00,michael_saylor,BUY,0.7,4.0,2020-12-02 14:09:00+00:00,2020-12-02 14:14:00+00:00,19095.79,19155.27,59.47999999999956,0.0031148226912842,False,True
BTC,10,158,2020-12-02 14:08:17+00:00,michael_saylor,BUY,0.7,4.0,2020-12-02 14:09:00+00:00,2020-12-02 14:19:00+00:00,19095.79,19117.0,21.209999999999127,0.0011107160269357,False,True
BTC,15,158,2020-12-02 14:08:17+00:00,michael_saylor,BUY,0.7,4.0,2020-12-02 14:09:00+00:00,2020-12-02 14:24:00+00:00,19095.79,19015.93,-79.86000000000058,-0.0041820736403155,False,False
BTC,30,158,2020-12-02 14:08:17+00:00,michael_saylor,BUY,0.7,4.0,2020-12-02 14:09:00+00:00,2020-12-02 14:39:00+00:00,19095.79,18935.66,-160.13000000000102,-0.0083856179817646,False,False
BTC,60,158,2020-12-02 14:08:17+00:00,michael_saylor,BUY,0.7,4.0,2020-12-02 14:09:00+00:00,2020-12-02 15:09:00+00:00,19095.79,18840.11,-255.6800000000003,-0.0133893386971683,False,False
BTC,120,158,2020-12-02 14:08:17+00:00,michael_saylor,BUY,0.7,4.0,2020-12-02 14:09:00+00:00,2020-12-02 16:09:00+00:00,19095.79,18810.83,-284.9599999999991,-0.0149226609634898,False,False
BTC,360,158,2020-12-02 14:08:17+00:00,michael_saylor,BUY,0.7,4.0,2020-12-02 14:09:00+00:00,2020-12-02 20:09:00+00:00,19095.79,19113.91,18.11999999999898,0.0009489002549776,False,True
BTC,720,158,2020-12-02 14:08:17+00:00,michael_saylor,BUY,0.7,4.0,2020-12-02 14:09:00+00:00,2020-12-03 02:09:00+00:00,19095.79,19013.59,-82.20000000000073,-0.0043046137394682,False,False
BTC,1440,158,2020-12-02 14:08:17+00:00,michael_saylor,BUY,0.7,4.0,2020-12-02 14:09:00+00:00,2020-12-03 14:09:00+00:00,19095.79,19348.28,252.48999999999796,0.013222286168836,False,True
BTC,1,160,2020-12-04 18:14:55+00:00,michael_saylor,BUY,0.8,4.0,2020-12-04 18:15:00+00:00,2020-12-04 18:16:00+00:00,18951.55,18957.3,5.75,0.0003034052623664,False,True
BTC,3,160,2020-12-04 18:14:55+00:00,michael_saylor,BUY,0.8,4.0,2020-12-04 18:15:00+00:00,2020-12-04 18:18:00+00:00,18951.55,18971.68,20.13000000000102,0.0010621822489453,False,True
BTC,5,160,2020-12-04 18:14:55+00:00,michael_saylor,BUY,0.8,4.0,2020-12-04 18:15:00+00:00,2020-12-04 18:20:00+00:00,18951.55,18955.59,4.040000000000873,0.0002131751756453,False,True
BTC,10,160,2020-12-04 18:14:55+00:00,michael_saylor,BUY,0.8,4.0,2020-12-04 18:15:00+00:00,2020-12-04 18:25:00+00:00,18951.55,18965.52,13.970000000001164,0.0007371428722189,False,True
BTC,15,160,2020-12-04 18:14:55+00:00,michael_saylor,BUY,0.8,4.0,2020-12-04 18:15:00+00:00,2020-12-04 18:30:00+00:00,18951.55,19006.69,55.13999999999942,0.0029095245507623,False,True
BTC,30,160,2020-12-04 18:14:55+00:00,michael_saylor,BUY,0.8,4.0,2020-12-04 18:15:00+00:00,2020-12-04 18:45:00+00:00,18951.55,19058.53,106.97999999999956,0.0056449208639926,False,True
BTC,60,160,2020-12-04 18:14:55+00:00,michael_saylor,BUY,0.8,4.0,2020-12-04 18:15:00+00:00,2020-12-04 19:15:00+00:00,18951.55,19050.38,98.83000000000176,0.0052148768834212,False,True
BTC,120,160,2020-12-04 18:14:55+00:00,michael_saylor,BUY,0.8,4.0,2020-12-04 18:15:00+00:00,2020-12-04 20:15:00+00:00,18951.55,18993.98,42.43000000000029,0.0022388670056011,False,True
BTC,360,160,2020-12-04 18:14:55+00:00,michael_saylor,BUY,0.8,4.0,2020-12-04 18:15:00+00:00,2020-12-05 00:15:00+00:00,18951.55,18601.14,-350.40999999999985,-0.0184897805192715,False,False
BTC,720,160,2020-12-04 18:14:55+00:00,michael_saylor,BUY,0.8,4.0,2020-12-04 18:15:00+00:00,2020-12-05 06:15:00+00:00,18951.55,18929.91,-21.639999999999414,-0.0011418591091493,False,False
BTC,1440,160,2020-12-04 18:14:55+00:00,michael_saylor,BUY,0.8,4.0,2020-12-04 18:15:00+00:00,2020-12-05 18:15:00+00:00,18951.55,19105.5,153.95000000000073,0.0081233461115318,False,True
BTC,1,161,2020-12-04 20:29:35+00:00,michael_saylor,BUY,0.8,4.0,2020-12-04 20:30:00+00:00,2020-12-04 20:31:00+00:00,18935.77,18910.19,-25.580000000001743,-0.0013508824832579,False,False
BTC,3,161,2020-12-04 20:29:35+00:00,michael_saylor,BUY,0.8,4.0,2020-12-04 20:30:00+00:00,2020-12-04 20:33:00+00:00,18935.77,18911.99,-23.779999999998836,-0.0012558242944437,False,False
BTC,5,161,2020-12-04 20:29:35+00:00,michael_saylor,BUY,0.8,4.0,2020-12-04 20:30:00+00:00,2020-12-04 20:35:00+00:00,18935.77,18890.5,-45.27000000000044,-0.0023907134486741,False,False
BTC,10,161,2020-12-04 20:29:35+00:00,michael_saylor,BUY,0.8,4.0,2020-12-04 20:30:00+00:00,2020-12-04 20:40:00+00:00,18935.77,18938.12,2.349999999998545,0.0001241037465071,False,True
BTC,15,161,2020-12-04 20:29:35+00:00,michael_saylor,BUY,0.8,4.0,2020-12-04 20:30:00+00:00,2020-12-04 20:45:00+00:00,18935.77,18945.46,9.68999999999869,0.000511729916449,False,True
BTC,30,161,2020-12-04 20:29:35+00:00,michael_saylor,BUY,0.8,4.0,2020-12-04 20:30:00+00:00,2020-12-04 21:00:00+00:00,18935.77,18961.85,26.07999999999811,0.0013772875357061,False,True
BTC,60,161,2020-12-04 20:29:35+00:00,michael_saylor,BUY,0.8,4.0,2020-12-04 20:30:00+00:00,2020-12-04 21:30:00+00:00,18935.77,18850.0,-85.77000000000044,-0.0045295226969909,False,False
BTC,120,161,2020-12-04 20:29:35+00:00,michael_saylor,BUY,0.8,4.0,2020-12-04 20:30:00+00:00,2020-12-04 22:30:00+00:00,18935.77,18810.0,-125.77000000000044,-0.0066419268928594,False,False
BTC,360,161,2020-12-04 20:29:35+00:00,michael_saylor,BUY,0.8,4.0,2020-12-04 20:30:00+00:00,2020-12-05 02:30:00+00:00,18935.77,18764.87,-170.90000000000146,-0.009025246926848,False,False
BTC,720,161,2020-12-04 20:29:35+00:00,michael_saylor,BUY,0.8,4.0,2020-12-04 20:30:00+00:00,2020-12-05 08:30:00+00:00,18935.77,19079.36,143.59000000000017,0.0075830029621187,False,True
BTC,1440,161,2020-12-04 20:29:35+00:00,michael_saylor,BUY,0.8,4.0,2020-12-04 20:30:00+00:00,2020-12-05 20:30:00+00:00,18935.77,19086.23,150.45999999999913,0.0079458083827591,False,True
BTC,1,162,2020-12-04 22:39:42+00:00,michael_saylor,BUY,0.9,5.0,2020-12-04 22:40:00+00:00,2020-12-04 22:41:00+00:00,18824.91,18803.47,-21.43999999999869,-0.0011389164675952,False,False
BTC,3,162,2020-12-04 22:39:42+00:00,michael_saylor,BUY,0.9,5.0,2020-12-04 22:40:00+00:00,2020-12-04 22:43:00+00:00,18824.91,18785.07,-39.840000000000146,-0.0021163447793375,False,False
BTC,5,162,2020-12-04 22:39:42+00:00,michael_saylor,BUY,0.9,5.0,2020-12-04 22:40:00+00:00,2020-12-04 22:45:00+00:00,18824.91,18802.09,-22.81999999999971,-0.0012122235909759,False,False
BTC,10,162,2020-12-04 22:39:42+00:00,michael_saylor,BUY,0.9,5.0,2020-12-04 22:40:00+00:00,2020-12-04 22:50:00+00:00,18824.91,18752.83,-72.07999999999811,-0.0038289691690424,False,False
BTC,15,162,2020-12-04 22:39:42+00:00,michael_saylor,BUY,0.9,5.0,2020-12-04 22:40:00+00:00,2020-12-04 22:55:00+00:00,18824.91,18705.96,-118.95000000000071,-0.0063187553087903,False,False
BTC,30,162,2020-12-04 22:39:42+00:00,michael_saylor,BUY,0.9,5.0,2020-12-04 22:40:00+00:00,2020-12-04 23:10:00+00:00,18824.91,18753.04,-71.86999999999898,-0.0038178137372236,False,False
BTC,60,162,2020-12-04 22:39:42+00:00,michael_saylor,BUY,0.9,5.0,2020-12-04 22:40:00+00:00,2020-12-04 23:40:00+00:00,18824.91,18701.98,-122.93000000000028,-0.0065301773023084,False,False
BTC,120,162,2020-12-04 22:39:42+00:00,michael_saylor,BUY,0.9,5.0,2020-12-04 22:40:00+00:00,2020-12-05 00:40:00+00:00,18824.91,18703.59,-121.31999999999972,-0.006444652325031,False,False
BTC,360,162,2020-12-04 22:39:42+00:00,michael_saylor,BUY,0.9,5.0,2020-12-04 22:40:00+00:00,2020-12-05 04:40:00+00:00,18824.91,18869.71,44.79999999999927,0.0023798254546767,False,True
BTC,720,162,2020-12-04 22:39:42+00:00,michael_saylor,BUY,0.9,5.0,2020-12-04 22:40:00+00:00,2020-12-05 10:40:00+00:00,18824.91,19080.0,255.09000000000017,0.013550662393605,False,True
BTC,1440,162,2020-12-04 22:39:42+00:00,michael_saylor,BUY,0.9,5.0,2020-12-04 22:40:00+00:00,2020-12-05 22:40:00+00:00,18824.91,19045.26,220.34999999999857,0.0117052352441524,False,True
BTC,1,163,2020-12-05 13:39:47+00:00,michael_saylor,BUY,0.8,4.0,2020-12-05 13:40:00+00:00,2020-12-05 13:41:00+00:00,18953.22,18945.93,-7.290000000000873,-0.0003846312130604,False,False
BTC,3,163,2020-12-05 13:39:47+00:00,michael_saylor,BUY,0.8,4.0,2020-12-05 13:40:00+00:00,2020-12-05 13:43:00+00:00,18953.22,18967.56,14.340000000000146,0.0007565996701352,False,True
BTC,5,163,2020-12-05 13:39:47+00:00,michael_saylor,BUY,0.8,4.0,2020-12-05 13:40:00+00:00,2020-12-05 13:45:00+00:00,18953.22,18973.62,20.399999999997817,0.0010763342587696,False,True
BTC,10,163,2020-12-05 13:39:47+00:00,michael_saylor,BUY,0.8,4.0,2020-12-05 13:40:00+00:00,2020-12-05 13:50:00+00:00,18953.22,18978.06,24.840000000000146,0.0013105952445019,False,True
BTC,15,163,2020-12-05 13:39:47+00:00,michael_saylor,BUY,0.8,4.0,2020-12-05 13:40:00+00:00,2020-12-05 13:55:00+00:00,18953.22,18974.79,21.56999999999971,0.0011380651941991,False,True
BTC,30,163,2020-12-05 13:39:47+00:00,michael_saylor,BUY,0.8,4.0,2020-12-05 13:40:00+00:00,2020-12-05 14:10:00+00:00,18953.22,19002.42,49.19999999999709,0.0025958649770327,False,True
BTC,60,163,2020-12-05 13:39:47+00:00,michael_saylor,BUY,0.8,4.0,2020-12-05 13:40:00+00:00,2020-12-05 14:40:00+00:00,18953.22,19030.03,76.80999999999767,0.004052609530201,False,True
BTC,120,163,2020-12-05 13:39:47+00:00,michael_saylor,BUY,0.8,4.0,2020-12-05 13:40:00+00:00,2020-12-05 15:40:00+00:00,18953.22,19085.8,132.5799999999981,0.0069951174523378,False,True
BTC,360,163,2020-12-05 13:39:47+00:00,michael_saylor,BUY,0.8,4.0,2020-12-05 13:40:00+00:00,2020-12-05 19:40:00+00:00,18953.22,19097.26,144.03999999999724,0.0075997640506466,False,True
BTC,720,163,2020-12-05 13:39:47+00:00,michael_saylor,BUY,0.8,4.0,2020-12-05 13:40:00+00:00,2020-12-06 01:40:00+00:00,18953.22,19292.08,338.8600000000006,0.0178787562218979,False,True
BTC,1440,163,2020-12-05 13:39:47+00:00,michael_saylor,BUY,0.8,4.0,2020-12-05 13:40:00+00:00,2020-12-06 13:40:00+00:00,18953.22,18931.16,-22.06000000000131,-0.001163918321003,False,False
BTC,1,164,2020-12-11 18:44:17+00:00,michael_saylor,BUY,0.9,4.0,2020-12-11 18:45:00+00:00,2020-12-11 18:46:00+00:00,17979.82,17983.62,3.799999999999272,0.0002113480557647,False,True
BTC,3,164,2020-12-11 18:44:17+00:00,michael_saylor,BUY,0.9,4.0,2020-12-11 18:45:00+00:00,2020-12-11 18:48:00+00:00,17979.82,17984.12,4.299999999999272,0.0002391570104705,False,True
BTC,5,164,2020-12-11 18:44:17+00:00,michael_saylor,BUY,0.9,4.0,2020-12-11 18:45:00+00:00,2020-12-11 18:50:00+00:00,17979.82,17980.43,0.6100000000005821,3.392692474121443e-05,False,True
BTC,10,164,2020-12-11 18:44:17+00:00,michael_saylor,BUY,0.9,4.0,2020-12-11 18:45:00+00:00,2020-12-11 18:55:00+00:00,17979.82,18022.13,42.31000000000131,0.0023531937472122,False,True
BTC,15,164,2020-12-11 18:44:17+00:00,michael_saylor,BUY,0.9,4.0,2020-12-11 18:45:00+00:00,2020-12-11 19:00:00+00:00,17979.82,18045.99,66.17000000000189,0.0036802370657771,False,True
BTC,30,164,2020-12-11 18:44:17+00:00,michael_saylor,BUY,0.9,4.0,2020-12-11 18:45:00+00:00,2020-12-11 19:15:00+00:00,17979.82,18076.9,97.08000000000176,0.0053993866456951,False,True
BTC,60,164,2020-12-11 18:44:17+00:00,michael_saylor,BUY,0.9,4.0,2020-12-11 18:45:00+00:00,2020-12-11 19:45:00+00:00,17979.82,18028.49,48.67000000000189,0.0027069236510711,False,True
BTC,120,164,2020-12-11 18:44:17+00:00,michael_saylor,BUY,0.9,4.0,2020-12-11 18:45:00+00:00,2020-12-11 20:45:00+00:00,17979.82,17972.79,-7.029999999998836,-0.0003909939031647,False,False
BTC,360,164,2020-12-11 18:44:17+00:00,michael_saylor,BUY,0.9,4.0,2020-12-11 18:45:00+00:00,2020-12-12 00:45:00+00:00,17979.82,18259.88,280.0600000000013,0.0155763517098614,False,True
BTC,720,164,2020-12-11 18:44:17+00:00,michael_saylor,BUY,0.9,4.0,2020-12-11 18:45:00+00:00,2020-12-12 06:45:00+00:00,17979.82,18299.29,319.47000000000116,0.0177682535197794,False,True
BTC,1440,164,2020-12-11 18:44:17+00:00,michael_saylor,BUY,0.9,4.0,2020-12-11 18:45:00+00:00,2020-12-12 18:45:00+00:00,17979.82,18692.91,713.0900000000001,0.0396605750224418,False,True
BTC,1,168,2020-12-12 15:37:45+00:00,michael_saylor,BUY,0.8,4.0,2020-12-12 15:38:00+00:00,2020-12-12 15:39:00+00:00,18417.18,18410.0,-7.180000000000291,-0.000389853386892,False,False
BTC,3,168,2020-12-12 15:37:45+00:00,michael_saylor,BUY,0.8,4.0,2020-12-12 15:38:00+00:00,2020-12-12 15:41:00+00:00,18417.18,18418.74,1.5600000000013097,8.470352138608134e-05,False,True
BTC,5,168,2020-12-12 15:37:45+00:00,michael_saylor,BUY,0.8,4.0,2020-12-12 15:38:00+00:00,2020-12-12 15:43:00+00:00,18417.18,18423.66,6.479999999999563,0.0003518453965264,False,True
BTC,10,168,2020-12-12 15:37:45+00:00,michael_saylor,BUY,0.8,4.0,2020-12-12 15:38:00+00:00,2020-12-12 15:48:00+00:00,18417.18,18398.97,-18.209999999999127,-0.0009887507207943,False,False
BTC,15,168,2020-12-12 15:37:45+00:00,michael_saylor,BUY,0.8,4.0,2020-12-12 15:38:00+00:00,2020-12-12 15:53:00+00:00,18417.18,18397.94,-19.2400000000016,-0.0010446767637608,False,False
BTC,30,168,2020-12-12 15:37:45+00:00,michael_saylor,BUY,0.8,4.0,2020-12-12 15:38:00+00:00,2020-12-12 16:08:00+00:00,18417.18,18388.05,-29.13000000000102,-0.0015816753704965,False,False
BTC,60,168,2020-12-12 15:37:45+00:00,michael_saylor,BUY,0.8,4.0,2020-12-12 15:38:00+00:00,2020-12-12 16:38:00+00:00,18417.18,18446.3,29.11999999999898,0.0015811323992054,False,True
BTC,120,168,2020-12-12 15:37:45+00:00,michael_saylor,BUY,0.8,4.0,2020-12-12 15:38:00+00:00,2020-12-12 17:38:00+00:00,18417.18,18428.36,11.180000000000293,0.0006070419032664,False,True
BTC,360,168,2020-12-12 15:37:45+00:00,michael_saylor,BUY,0.8,4.0,2020-12-12 15:38:00+00:00,2020-12-12 21:38:00+00:00,18417.18,18818.36,401.1800000000003,0.0217829222497689,False,True
BTC,720,168,2020-12-12 15:37:45+00:00,michael_saylor,BUY,0.8,4.0,2020-12-12 15:38:00+00:00,2020-12-13 03:38:00+00:00,18417.18,18778.55,361.369999999999,0.0196213535405528,False,True
BTC,1440,168,2020-12-12 15:37:45+00:00,michael_saylor,BUY,0.8,4.0,2020-12-12 15:38:00+00:00,2020-12-13 15:38:00+00:00,18417.18,19187.2,770.0200000000004,0.041809875344651,False,True
BTC,1,169,2020-12-13 15:27:16+00:00,michael_saylor,BUY,0.9,5.0,2020-12-13 15:28:00+00:00,2020-12-13 15:29:00+00:00,19157.36,19142.27,-15.090000000000146,-0.0007876868211486,False,False
BTC,3,169,2020-12-13 15:27:16+00:00,michael_saylor,BUY,0.9,5.0,2020-12-13 15:28:00+00:00,2020-12-13 15:31:00+00:00,19157.36,19100.76,-56.60000000000218,-0.0029544780700473,False,False
BTC,5,169,2020-12-13 15:27:16+00:00,michael_saylor,BUY,0.9,5.0,2020-12-13 15:28:00+00:00,2020-12-13 15:33:00+00:00,19157.36,19133.47,-23.889999999999414,-0.001247040302004,False,False
BTC,10,169,2020-12-13 15:27:16+00:00,michael_saylor,BUY,0.9,5.0,2020-12-13 15:28:00+00:00,2020-12-13 15:38:00+00:00,19157.36,19187.2,29.840000000000146,0.0015576258941733,False,True
BTC,15,169,2020-12-13 15:27:16+00:00,michael_saylor,BUY,0.9,5.0,2020-12-13 15:28:00+00:00,2020-12-13 15:43:00+00:00,19157.36,19188.99,31.63000000000102,0.00165106256812,False,True
BTC,30,169,2020-12-13 15:27:16+00:00,michael_saylor,BUY,0.9,5.0,2020-12-13 15:28:00+00:00,2020-12-13 15:58:00+00:00,19157.36,19206.99,49.63000000000102,0.0025906492335061,False,True
BTC,60,169,2020-12-13 15:27:16+00:00,michael_saylor,BUY,0.9,5.0,2020-12-13 15:28:00+00:00,2020-12-13 16:28:00+00:00,19157.36,19352.37,195.0099999999984,0.0101793775342739,False,True
BTC,120,169,2020-12-13 15:27:16+00:00,michael_saylor,BUY,0.9,5.0,2020-12-13 15:28:00+00:00,2020-12-13 17:28:00+00:00,19157.36,19267.31,109.95000000000071,0.0057393085477331,False,True
BTC,360,169,2020-12-13 15:27:16+00:00,michael_saylor,BUY,0.9,5.0,2020-12-13 15:28:00+00:00,2020-12-13 21:28:00+00:00,19157.36,19207.22,49.86000000000058,0.0026026550631193,False,True
BTC,720,169,2020-12-13 15:27:16+00:00,michael_saylor,BUY,0.9,5.0,2020-12-13 15:28:00+00:00,2020-12-14 03:28:00+00:00,19157.36,19260.61,103.25,0.0053895735111727,False,True
BTC,1440,169,2020-12-13 15:27:16+00:00,michael_saylor,BUY,0.9,5.0,2020-12-13 15:28:00+00:00,2020-12-14 15:28:00+00:00,19157.36,19254.96,97.59999999999854,0.0050946476967598,False,True
BTC,1,170,2020-12-14 14:20:12+00:00,michael_saylor,BUY,0.9,5.0,2020-12-14 14:21:00+00:00,2020-12-14 14:22:00+00:00,19124.0,19121.88,-2.119999999998982,-0.0001108554695669,False,False
BTC,3,170,2020-12-14 14:20:12+00:00,michael_saylor,BUY,0.9,5.0,2020-12-14 14:21:00+00:00,2020-12-14 14:24:00+00:00,19124.0,19107.94,-16.06000000000131,-0.0008397824722862,False,False
BTC,5,170,2020-12-14 14:20:12+00:00,michael_saylor,BUY,0.9,5.0,2020-12-14 14:21:00+00:00,2020-12-14 14:26:00+00:00,19124.0,19097.23,-26.770000000000437,-0.001399811754863,False,False
BTC,10,170,2020-12-14 14:20:12+00:00,michael_saylor,BUY,0.9,5.0,2020-12-14 14:21:00+00:00,2020-12-14 14:31:00+00:00,19124.0,19105.41,-18.590000000000146,-0.0009720769713449,False,False
BTC,15,170,2020-12-14 14:20:12+00:00,michael_saylor,BUY,0.9,5.0,2020-12-14 14:21:00+00:00,2020-12-14 14:36:00+00:00,19124.0,19117.49,-6.509999999998399,-0.000340409956076,False,False
BTC,30,170,2020-12-14 14:20:12+00:00,michael_saylor,BUY,0.9,5.0,2020-12-14 14:21:00+00:00,2020-12-14 14:51:00+00:00,19124.0,19204.5,80.5,0.0042093704245973,False,True
BTC,60,170,2020-12-14 14:20:12+00:00,michael_saylor,BUY,0.9,5.0,2020-12-14 14:21:00+00:00,2020-12-14 15:21:00+00:00,19124.0,19241.65,117.65000000000146,0.0061519556578122,False,True
BTC,120,170,2020-12-14 14:20:12+00:00,michael_saylor,BUY,0.9,5.0,2020-12-14 14:21:00+00:00,2020-12-14 16:21:00+00:00,19124.0,19188.0,64.0,0.0033465802133444,False,True
BTC,360,170,2020-12-14 14:20:12+00:00,michael_saylor,BUY,0.9,5.0,2020-12-14 14:21:00+00:00,2020-12-14 20:21:00+00:00,19124.0,19156.97,32.970000000001164,0.0017240117130308,False,True
BTC,720,170,2020-12-14 14:20:12+00:00,michael_saylor,BUY,0.9,5.0,2020-12-14 14:21:00+00:00,2020-12-15 02:21:00+00:00,19124.0,19533.0,409.0,0.0213867391759046,False,True
BTC,1440,170,2020-12-14 14:20:12+00:00,michael_saylor,BUY,0.9,5.0,2020-12-14 14:21:00+00:00,2020-12-15 14:21:00+00:00,19124.0,19304.58,180.58000000000175,0.0094425852332149,False,True
BTC,1,171,2020-12-15 13:54:27+00:00,michael_saylor,BUY,0.9,5.0,2020-12-15 13:55:00+00:00,2020-12-15 13:56:00+00:00,19325.95,19330.71,4.759999999998399,0.0002463009580382,False,True
BTC,3,171,2020-12-15 13:54:27+00:00,michael_saylor,BUY,0.9,5.0,2020-12-15 13:55:00+00:00,2020-12-15 13:58:00+00:00,19325.95,19339.5,13.549999999999272,0.0007011298280291,False,True
BTC,5,171,2020-12-15 13:54:27+00:00,michael_saylor,BUY,0.9,5.0,2020-12-15 13:55:00+00:00,2020-12-15 14:00:00+00:00,19325.95,19407.3,81.34999999999854,0.0042093661631122,False,True
BTC,10,171,2020-12-15 13:54:27+00:00,michael_saylor,BUY,0.9,5.0,2020-12-15 13:55:00+00:00,2020-12-15 14:05:00+00:00,19325.95,19415.88,89.93000000000029,0.0046533288143661,False,True
BTC,15,171,2020-12-15 13:54:27+00:00,michael_saylor,BUY,0.9,5.0,2020-12-15 13:55:00+00:00,2020-12-15 14:10:00+00:00,19325.95,19403.69,77.73999999999796,0.0040225706886335,False,True
BTC,30,171,2020-12-15 13:54:27+00:00,michael_saylor,BUY,0.9,5.0,2020-12-15 13:55:00+00:00,2020-12-15 14:25:00+00:00,19325.95,19290.09,-35.86000000000058,-0.0018555362090867,False,False
BTC,60,171,2020-12-15 13:54:27+00:00,michael_saylor,BUY,0.9,5.0,2020-12-15 13:55:00+00:00,2020-12-15 14:55:00+00:00,19325.95,19366.87,40.919999999998254,0.0021173603367492,False,True
BTC,120,171,2020-12-15 13:54:27+00:00,michael_saylor,BUY,0.9,5.0,2020-12-15 13:55:00+00:00,2020-12-15 15:55:00+00:00,19325.95,19377.49,51.54000000000087,0.0026668805414482,False,True
BTC,360,171,2020-12-15 13:54:27+00:00,michael_saylor,BUY,0.9,5.0,2020-12-15 13:55:00+00:00,2020-12-15 19:55:00+00:00,19325.95,19508.99,183.04000000000087,0.0094712032267495,False,True
BTC,720,171,2020-12-15 13:54:27+00:00,michael_saylor,BUY,0.9,5.0,2020-12-15 13:55:00+00:00,2020-12-16 01:55:00+00:00,19325.95,19378.75,52.79999999999927,0.00273207785387,False,True
BTC,1440,171,2020-12-15 13:54:27+00:00,michael_saylor,BUY,0.9,5.0,2020-12-15 13:55:00+00:00,2020-12-16 13:55:00+00:00,19325.95,20333.33,1007.380000000001,0.0521257687202958,False,True
BTC,1,172,2020-12-16 16:22:43+00:00,michael_saylor,BUY,0.9,5.0,2020-12-16 16:23:00+00:00,2020-12-16 16:24:00+00:00,20710.9,20679.92,-30.9800000000032,-0.0014958306978452,False,False
BTC,3,172,2020-12-16 16:22:43+00:00,michael_saylor,BUY,0.9,5.0,2020-12-16 16:23:00+00:00,2020-12-16 16:26:00+00:00,20710.9,20718.99,8.090000000000146,0.0003906155695793,False,True
BTC,5,172,2020-12-16 16:22:43+00:00,michael_saylor,BUY,0.9,5.0,2020-12-16 16:23:00+00:00,2020-12-16 16:28:00+00:00,20710.9,20739.96,29.05999999999767,0.0014031258902316,False,True
BTC,10,172,2020-12-16 16:22:43+00:00,michael_saylor,BUY,0.9,5.0,2020-12-16 16:23:00+00:00,2020-12-16 16:33:00+00:00,20710.9,20760.24,49.340000000000146,0.002382320420648,False,True
BTC,15,172,2020-12-16 16:22:43+00:00,michael_saylor,BUY,0.9,5.0,2020-12-16 16:23:00+00:00,2020-12-16 16:38:00+00:00,20710.9,20777.02,66.11999999999898,0.0031925218121858,False,True
BTC,30,172,2020-12-16 16:22:43+00:00,michael_saylor,BUY,0.9,5.0,2020-12-16 16:23:00+00:00,2020-12-16 16:53:00+00:00,20710.9,20830.23,119.32999999999812,0.0057617003606795,False,True
BTC,60,172,2020-12-16 16:22:43+00:00,michael_saylor,BUY,0.9,5.0,2020-12-16 16:23:00+00:00,2020-12-16 17:23:00+00:00,20710.9,20767.34,56.43999999999869,0.0027251350738016,False,True
BTC,120,172,2020-12-16 16:22:43+00:00,michael_saylor,BUY,0.9,5.0,2020-12-16 16:23:00+00:00,2020-12-16 18:23:00+00:00,20710.9,20711.07,0.1699999999982537,8.208238174017245e-06,False,True
BTC,360,172,2020-12-16 16:22:43+00:00,michael_saylor,BUY,0.9,5.0,2020-12-16 16:23:00+00:00,2020-12-16 22:23:00+00:00,20710.9,21391.57,680.6699999999983,0.0328653028115629,False,True
BTC,720,172,2020-12-16 16:22:43+00:00,michael_saylor,BUY,0.9,5.0,2020-12-16 16:23:00+00:00,2020-12-17 04:23:00+00:00,20710.9,21862.71,1151.8099999999977,0.0556137106547758,False,True
BTC,1440,172,2020-12-16 16:22:43+00:00,michael_saylor,BUY,0.9,5.0,2020-12-16 16:23:00+00:00,2020-12-17 16:23:00+00:00,20710.9,23558.97,2848.0699999999997,0.1375155111559613,False,True
BTC,1,173,2020-12-16 23:44:42+00:00,jack,BUY,0.8,4.0,2020-12-16 23:45:00+00:00,2020-12-16 23:46:00+00:00,21346.95,21362.34,15.389999999999418,0.0007209460836325,False,True
BTC,3,173,2020-12-16 23:44:42+00:00,jack,BUY,0.8,4.0,2020-12-16 23:45:00+00:00,2020-12-16 23:48:00+00:00,21346.95,21343.5,-3.4500000000007276,-0.0001616155937968,False,False
BTC,5,173,2020-12-16 23:44:42+00:00,jack,BUY,0.8,4.0,2020-12-16 23:45:00+00:00,2020-12-16 23:50:00+00:00,21346.95,21370.57,23.61999999999898,0.0011064812537621,False,True
BTC,10,173,2020-12-16 23:44:42+00:00,jack,BUY,0.8,4.0,2020-12-16 23:45:00+00:00,2020-12-16 23:55:00+00:00,21346.95,21379.42,32.469999999997526,0.0015210603856755,False,True
BTC,15,173,2020-12-16 23:44:42+00:00,jack,BUY,0.8,4.0,2020-12-16 23:45:00+00:00,2020-12-17 00:00:00+00:00,21346.95,21362.36,15.409999999999854,0.0007218829856255,False,True
BTC,30,173,2020-12-16 23:44:42+00:00,jack,BUY,0.8,4.0,2020-12-16 23:45:00+00:00,2020-12-17 00:15:00+00:00,21346.95,21289.69,-57.26000000000204,-0.0026823504060299,False,False
BTC,60,173,2020-12-16 23:44:42+00:00,jack,BUY,0.8,4.0,2020-12-16 23:45:00+00:00,2020-12-17 00:45:00+00:00,21346.95,21341.25,-5.700000000000728,-0.000267017068012,False,False
BTC,120,173,2020-12-16 23:44:42+00:00,jack,BUY,0.8,4.0,2020-12-16 23:45:00+00:00,2020-12-17 01:45:00+00:00,21346.95,21677.1,330.1499999999978,0.0154659096498562,False,True
BTC,360,173,2020-12-16 23:44:42+00:00,jack,BUY,0.8,4.0,2020-12-16 23:45:00+00:00,2020-12-17 05:45:00+00:00,21346.95,22097.34,750.3899999999994,0.0351520943272926,False,True
BTC,720,173,2020-12-16 23:44:42+00:00,jack,BUY,0.8,4.0,2020-12-16 23:45:00+00:00,2020-12-17 11:45:00+00:00,21346.95,22699.25,1352.2999999999993,0.0633486282583694,False,True
BTC,1440,173,2020-12-16 23:44:42+00:00,jack,BUY,0.8,4.0,2020-12-16 23:45:00+00:00,2020-12-17 23:45:00+00:00,21346.95,22741.56,1394.6100000000006,0.0653306444246133,False,True
BTC,1,174,2020-12-18 14:15:22+00:00,michael_saylor,BUY,0.9,5.0,2020-12-18 14:16:00+00:00,2020-12-18 14:17:00+00:00,22556.02,22509.02,-47.0,-0.0020837009366014,False,False
BTC,3,174,2020-12-18 14:15:22+00:00,michael_saylor,BUY,0.9,5.0,2020-12-18 14:16:00+00:00,2020-12-18 14:19:00+00:00,22556.02,22570.74,14.720000000001164,0.0006525973997186,False,True
BTC,5,174,2020-12-18 14:15:22+00:00,michael_saylor,BUY,0.9,5.0,2020-12-18 14:16:00+00:00,2020-12-18 14:21:00+00:00,22556.02,22613.68,57.659999999999854,0.0025563020426475,False,True
BTC,10,174,2020-12-18 14:15:22+00:00,michael_saylor,BUY,0.9,5.0,2020-12-18 14:16:00+00:00,2020-12-18 14:26:00+00:00,22556.02,22582.74,26.720000000001164,0.0011846061494891,False,True
BTC,15,174,2020-12-18 14:15:22+00:00,michael_saylor,BUY,0.9,5.0,2020-12-18 14:16:00+00:00,2020-12-18 14:31:00+00:00,22556.02,22470.01,-86.01000000000204,-0.0038131727139806,False,False
BTC,30,174,2020-12-18 14:15:22+00:00,michael_saylor,BUY,0.9,5.0,2020-12-18 14:16:00+00:00,2020-12-18 14:46:00+00:00,22556.02,22631.39,75.36999999999898,0.0033414582891839,False,True
BTC,60,174,2020-12-18 14:15:22+00:00,michael_saylor,BUY,0.9,5.0,2020-12-18 14:16:00+00:00,2020-12-18 15:16:00+00:00,22556.02,22428.35,-127.67000000000188,-0.0056601297569341,False,False
BTC,120,174,2020-12-18 14:15:22+00:00,michael_saylor,BUY,0.9,5.0,2020-12-18 14:16:00+00:00,2020-12-18 16:16:00+00:00,22556.02,22615.74,59.72000000000117,0.0026476302113582,False,True
BTC,360,174,2020-12-18 14:15:22+00:00,michael_saylor,BUY,0.9,5.0,2020-12-18 14:16:00+00:00,2020-12-18 20:16:00+00:00,22556.02,22756.86,200.84000000000017,0.0089040531086601,False,True
BTC,720,174,2020-12-18 14:15:22+00:00,michael_saylor,BUY,0.9,5.0,2020-12-18 14:16:00+00:00,2020-12-19 02:16:00+00:00,22556.02,23069.13,513.1100000000006,0.0227482507995648,False,True
BTC,1440,174,2020-12-18 14:15:22+00:00,michael_saylor,BUY,0.9,5.0,2020-12-18 14:16:00+00:00,2020-12-19 14:16:00+00:00,22556.02,23574.62,1018.5999999999984,0.0451586760430252,False,True
BTC,1,175,2020-12-18 16:46:27+00:00,michael_saylor,BUY,0.9,5.0,2020-12-18 16:47:00+00:00,2020-12-18 16:48:00+00:00,22671.54,22650.62,-20.92000000000189,-0.0009227427867715,False,False
BTC,3,175,2020-12-18 16:46:27+00:00,michael_saylor,BUY,0.9,5.0,2020-12-18 16:47:00+00:00,2020-12-18 16:50:00+00:00,22671.54,22690.0,18.459999999999127,0.0008142367038145,False,True
BTC,5,175,2020-12-18 16:46:27+00:00,michael_saylor,BUY,0.9,5.0,2020-12-18 16:47:00+00:00,2020-12-18 16:52:00+00:00,22671.54,22720.33,48.79000000000087,0.0021520373119779,False,True
BTC,10,175,2020-12-18 16:46:27+00:00,michael_saylor,BUY,0.9,5.0,2020-12-18 16:47:00+00:00,2020-12-18 16:57:00+00:00,22671.54,22699.62,28.07999999999811,0.0012385572396051,False,True
BTC,15,175,2020-12-18 16:46:27+00:00,michael_saylor,BUY,0.9,5.0,2020-12-18 16:47:00+00:00,2020-12-18 17:02:00+00:00,22671.54,22705.9,34.36000000000058,0.0015155565082919,False,True
BTC,30,175,2020-12-18 16:46:27+00:00,michael_saylor,BUY,0.9,5.0,2020-12-18 16:47:00+00:00,2020-12-18 17:17:00+00:00,22671.54,22772.54,101.0,0.0044549245441641,False,True
BTC,60,175,2020-12-18 16:46:27+00:00,michael_saylor,BUY,0.9,5.0,2020-12-18 16:47:00+00:00,2020-12-18 17:47:00+00:00,22671.54,22750.71,79.16999999999825,0.0034920433283313,False,True
BTC,120,175,2020-12-18 16:46:27+00:00,michael_saylor,BUY,0.9,5.0,2020-12-18 16:47:00+00:00,2020-12-18 18:47:00+00:00,22671.54,22759.91,88.36999999999898,0.0038978384353245,False,True
BTC,360,175,2020-12-18 16:46:27+00:00,michael_saylor,BUY,0.9,5.0,2020-12-18 16:47:00+00:00,2020-12-18 22:47:00+00:00,22671.54,23024.98,353.4399999999987,0.0155895894147463,False,True
BTC,720,175,2020-12-18 16:46:27+00:00,michael_saylor,BUY,0.9,5.0,2020-12-18 16:47:00+00:00,2020-12-19 04:47:00+00:00,22671.54,23062.42,390.8799999999974,0.0172409990675533,False,True
BTC,1440,175,2020-12-18 16:46:27+00:00,michael_saylor,BUY,0.9,5.0,2020-12-18 16:47:00+00:00,2020-12-19 16:47:00+00:00,22671.54,24041.01,1369.4699999999975,0.0604048070841238,False,True
BTC,1,176,2020-12-19 14:26:48+00:00,michael_saylor,BUY,0.8,4.0,2020-12-19 14:27:00+00:00,2020-12-19 14:28:00+00:00,23438.33,23215.07,-223.26000000000204,-0.0095254226730318,False,False
BTC,3,176,2020-12-19 14:26:48+00:00,michael_saylor,BUY,0.8,4.0,2020-12-19 14:27:00+00:00,2020-12-19 14:30:00+00:00,23438.33,23240.97,-197.36000000000055,-0.0084203951390735,False,False
BTC,5,176,2020-12-19 14:26:48+00:00,michael_saylor,BUY,0.8,4.0,2020-12-19 14:27:00+00:00,2020-12-19 14:32:00+00:00,23438.33,23268.21,-170.12000000000262,-0.0072581962964086,False,False
BTC,10,176,2020-12-19 14:26:48+00:00,michael_saylor,BUY,0.8,4.0,2020-12-19 14:27:00+00:00,2020-12-19 14:37:00+00:00,23438.33,23360.75,-77.58000000000175,-0.0033099627831847,False,False
BTC,15,176,2020-12-19 14:26:48+00:00,michael_saylor,BUY,0.8,4.0,2020-12-19 14:27:00+00:00,2020-12-19 14:42:00+00:00,23438.33,23302.23,-136.10000000000218,-0.0058067276977498,False,False
BTC,30,176,2020-12-19 14:26:48+00:00,michael_saylor,BUY,0.8,4.0,2020-12-19 14:27:00+00:00,2020-12-19 14:57:00+00:00,23438.33,23303.78,-134.5500000000029,-0.0057405967063354,False,False
BTC,60,176,2020-12-19 14:26:48+00:00,michael_saylor,BUY,0.8,4.0,2020-12-19 14:27:00+00:00,2020-12-19 15:27:00+00:00,23438.33,23586.52,148.1899999999987,0.0063225494307827,False,True
BTC,120,176,2020-12-19 14:26:48+00:00,michael_saylor,BUY,0.8,4.0,2020-12-19 14:27:00+00:00,2020-12-19 16:27:00+00:00,23438.33,23906.94,468.60999999999694,0.0199933186366092,False,True
BTC,360,176,2020-12-19 14:26:48+00:00,michael_saylor,BUY,0.8,4.0,2020-12-19 14:27:00+00:00,2020-12-19 20:27:00+00:00,23438.33,23816.92,378.5899999999965,0.0161526013158785,False,True
BTC,720,176,2020-12-19 14:26:48+00:00,michael_saylor,BUY,0.8,4.0,2020-12-19 14:27:00+00:00,2020-12-20 02:27:00+00:00,23438.33,23480.37,42.039999999997235,0.0017936431477838,False,True
BTC,1440,176,2020-12-19 14:26:48+00:00,michael_saylor,BUY,0.8,4.0,2020-12-19 14:27:00+00:00,2020-12-20 14:27:00+00:00,23438.33,23563.91,125.57999999999812,0.0053578902592462,False,True
BTC,1,177,2020-12-20 13:00:34+00:00,michael_saylor,BUY,0.9,5.0,2020-12-20 13:01:00+00:00,2020-12-20 13:02:00+00:00,23518.48,23527.86,9.38000000000102,0.0003988352988799,False,True
BTC,3,177,2020-12-20 13:00:34+00:00,michael_saylor,BUY,0.9,5.0,2020-12-20 13:01:00+00:00,2020-12-20 13:04:00+00:00,23518.48,23507.78,-10.700000000000728,-0.0004549613750548,False,False
BTC,5,177,2020-12-20 13:00:34+00:00,michael_saylor,BUY,0.9,5.0,2020-12-20 13:01:00+00:00,2020-12-20 13:06:00+00:00,23518.48,23467.7,-50.77999999999883,-0.0021591531425499,False,False
BTC,10,177,2020-12-20 13:00:34+00:00,michael_saylor,BUY,0.9,5.0,2020-12-20 13:01:00+00:00,2020-12-20 13:11:00+00:00,23518.48,23401.92,-116.56000000000132,-0.0049561026052704,False,False
BTC,15,177,2020-12-20 13:00:34+00:00,michael_saylor,BUY,0.9,5.0,2020-12-20 13:01:00+00:00,2020-12-20 13:16:00+00:00,23518.48,23332.4,-186.0799999999981,-0.0079120759504865,False,False
BTC,30,177,2020-12-20 13:00:34+00:00,michael_saylor,BUY,0.9,5.0,2020-12-20 13:01:00+00:00,2020-12-20 13:31:00+00:00,23518.48,23431.76,-86.72000000000116,-0.0036873131256782,False,False
BTC,60,177,2020-12-20 13:00:34+00:00,michael_saylor,BUY,0.9,5.0,2020-12-20 13:01:00+00:00,2020-12-20 14:01:00+00:00,23518.48,23527.92,9.43999999999869,0.0004013864841604,False,True
BTC,120,177,2020-12-20 13:00:34+00:00,michael_saylor,BUY,0.9,5.0,2020-12-20 13:01:00+00:00,2020-12-20 15:01:00+00:00,23518.48,23550.0,31.520000000000437,0.0013402226674513,False,True
BTC,360,177,2020-12-20 13:00:34+00:00,michael_saylor,BUY,0.9,5.0,2020-12-20 13:01:00+00:00,2020-12-20 19:01:00+00:00,23518.48,23862.32,343.84000000000015,0.0146199924484915,False,True
BTC,720,177,2020-12-20 13:00:34+00:00,michael_saylor,BUY,0.9,5.0,2020-12-20 13:01:00+00:00,2020-12-21 01:01:00+00:00,23518.48,23654.98,136.5,0.0058039465135501,False,True
BTC,1440,177,2020-12-20 13:00:34+00:00,michael_saylor,BUY,0.9,5.0,2020-12-20 13:01:00+00:00,2020-12-21 13:01:00+00:00,23518.48,22353.39,-1165.09,-0.0495393409778183,False,False
BTC,1,178,2020-12-20 14:27:15+00:00,michael_saylor,BUY,0.9,5.0,2020-12-20 14:28:00+00:00,2020-12-20 14:29:00+00:00,23568.27,23580.46,12.18999999999869,0.0005172208227417,False,True
BTC,3,178,2020-12-20 14:27:15+00:00,michael_saylor,BUY,0.9,5.0,2020-12-20 14:28:00+00:00,2020-12-20 14:31:00+00:00,23568.27,23573.11,4.8400000000001455,0.0002053608516874,False,True
BTC,5,178,2020-12-20 14:27:15+00:00,michael_saylor,BUY,0.9,5.0,2020-12-20 14:28:00+00:00,2020-12-20 14:33:00+00:00,23568.27,23580.52,12.25,0.0005197666184238,False,True
BTC,10,178,2020-12-20 14:27:15+00:00,michael_saylor,BUY,0.9,5.0,2020-12-20 14:28:00+00:00,2020-12-20 14:38:00+00:00,23568.27,23596.55,28.279999999998836,0.0011999183648184,False,True
BTC,15,178,2020-12-20 14:27:15+00:00,michael_saylor,BUY,0.9,5.0,2020-12-20 14:28:00+00:00,2020-12-20 14:43:00+00:00,23568.27,23539.38,-28.889999999999414,-0.0012258006209195,False,False
BTC,30,178,2020-12-20 14:27:15+00:00,michael_saylor,BUY,0.9,5.0,2020-12-20 14:28:00+00:00,2020-12-20 14:58:00+00:00,23568.27,23549.18,-19.090000000000146,-0.0008099873261805,False,False
BTC,60,178,2020-12-20 14:27:15+00:00,michael_saylor,BUY,0.9,5.0,2020-12-20 14:28:00+00:00,2020-12-20 15:28:00+00:00,23568.27,23609.88,41.61000000000058,0.0017655093055196,False,True
BTC,120,178,2020-12-20 14:27:15+00:00,michael_saylor,BUY,0.9,5.0,2020-12-20 14:28:00+00:00,2020-12-20 16:28:00+00:00,23568.27,23791.49,223.22000000000116,0.0094712085358832,False,True
BTC,360,178,2020-12-20 14:27:15+00:00,michael_saylor,BUY,0.9,5.0,2020-12-20 14:28:00+00:00,2020-12-20 20:28:00+00:00,23568.27,24098.8,530.5299999999988,0.0225103497201957,False,True
BTC,720,178,2020-12-20 14:27:15+00:00,michael_saylor,BUY,0.9,5.0,2020-12-20 14:28:00+00:00,2020-12-21 02:28:00+00:00,23568.27,23723.69,155.41999999999825,0.0065944594151373,False,True
BTC,1440,178,2020-12-20 14:27:15+00:00,michael_saylor,BUY,0.9,5.0,2020-12-20 14:28:00+00:00,2020-12-21 14:28:00+00:00,23568.27,,,,,
BTC,1,179,2020-12-20 15:24:09+00:00,michael_saylor,BUY,0.9,5.0,2020-12-20 15:25:00+00:00,2020-12-20 15:26:00+00:00,23603.7,23607.12,3.4199999999982538,0.0001448925380342,False,True
BTC,3,179,2020-12-20 15:24:09+00:00,michael_saylor,BUY,0.9,5.0,2020-12-20 15:25:00+00:00,2020-12-20 15:28:00+00:00,23603.7,23609.88,6.180000000000291,0.0002618233582023,False,True
BTC,5,179,2020-12-20 15:24:09+00:00,michael_saylor,BUY,0.9,5.0,2020-12-20 15:25:00+00:00,2020-12-20 15:30:00+00:00,23603.7,23659.99,56.29000000000087,0.002384795604079,False,True
BTC,10,179,2020-12-20 15:24:09+00:00,michael_saylor,BUY,0.9,5.0,2020-12-20 15:25:00+00:00,2020-12-20 15:35:00+00:00,23603.7,23745.12,141.41999999999825,0.0059914335464354,False,True
BTC,15,179,2020-12-20 15:24:09+00:00,michael_saylor,BUY,0.9,5.0,2020-12-20 15:25:00+00:00,2020-12-20 15:40:00+00:00,23603.7,23708.53,104.82999999999812,0.0044412528544252,False,True
BTC,30,179,2020-12-20 15:24:09+00:00,michael_saylor,BUY,0.9,5.0,2020-12-20 15:25:00+00:00,2020-12-20 15:55:00+00:00,23603.7,23833.65,229.95000000000073,0.0097421167020425,False,True
BTC,60,179,2020-12-20 15:24:09+00:00,michael_saylor,BUY,0.9,5.0,2020-12-20 15:25:00+00:00,2020-12-20 16:25:00+00:00,23603.7,23792.26,188.55999999999767,0.0079885780619139,False,True
BTC,120,179,2020-12-20 15:24:09+00:00,michael_saylor,BUY,0.9,5.0,2020-12-20 15:25:00+00:00,2020-12-20 17:25:00+00:00,23603.7,23759.14,155.4399999999987,0.0065854082198976,False,True
BTC,360,179,2020-12-20 15:24:09+00:00,michael_saylor,BUY,0.9,5.0,2020-12-20 15:25:00+00:00,2020-12-20 21:25:00+00:00,23603.7,23832.01,228.30999999999767,0.0096726360697686,False,True
BTC,720,179,2020-12-20 15:24:09+00:00,michael_saylor,BUY,0.9,5.0,2020-12-20 15:25:00+00:00,2020-12-21 03:25:00+00:00,23603.7,23781.64,177.9399999999987,0.0075386486017022,False,True
BTC,1440,179,2020-12-20 15:24:09+00:00,michael_saylor,BUY,0.9,5.0,2020-12-20 15:25:00+00:00,2020-12-21 15:25:00+00:00,23603.7,,,,,
BTC,1,180,2020-12-21 13:04:44+00:00,michael_saylor,BUY,1.0,5.0,2020-12-21 13:05:00+00:00,2020-12-21 13:06:00+00:00,22567.18,22640.04,72.86000000000058,0.0032285823926605,False,True
BTC,3,180,2020-12-21 13:04:44+00:00,michael_saylor,BUY,1.0,5.0,2020-12-21 13:05:00+00:00,2020-12-21 13:08:00+00:00,22567.18,22589.34,22.159999999999854,0.0009819569835486,False,True
BTC,5,180,2020-12-21 13:04:44+00:00,michael_saylor,BUY,1.0,5.0,2020-12-21 13:05:00+00:00,2020-12-21 13:10:00+00:00,22567.18,22561.44,-5.740000000001601,-0.0002543516735365,False,False
BTC,10,180,2020-12-21 13:04:44+00:00,michael_saylor,BUY,1.0,5.0,2020-12-21 13:05:00+00:00,2020-12-21 13:15:00+00:00,22567.18,22603.87,36.68999999999869,0.0016258123522743,False,True
BTC,15,180,2020-12-21 13:04:44+00:00,michael_saylor,BUY,1.0,5.0,2020-12-21 13:05:00+00:00,2020-12-21 13:20:00+00:00,22567.18,22646.53,79.34999999999854,0.003516168169882,False,True
BTC,30,180,2020-12-21 13:04:44+00:00,michael_saylor,BUY,1.0,5.0,2020-12-21 13:05:00+00:00,2020-12-21 13:35:00+00:00,22567.18,22646.53,79.34999999999854,0.003516168169882,False,True
BTC,60,180,2020-12-21 13:04:44+00:00,michael_saylor,BUY,1.0,5.0,2020-12-21 13:05:00+00:00,2020-12-21 14:05:00+00:00,22567.18,22646.53,79.34999999999854,0.003516168169882,False,True
BTC,120,180,2020-12-21 13:04:44+00:00,michael_saylor,BUY,1.0,5.0,2020-12-21 13:05:00+00:00,2020-12-21 15:05:00+00:00,22567.18,,,,,
BTC,360,180,2020-12-21 13:04:44+00:00,michael_saylor,BUY,1.0,5.0,2020-12-21 13:05:00+00:00,2020-12-21 19:05:00+00:00,22567.18,22861.34,294.15999999999985,0.0130348585866732,False,True
BTC,720,180,2020-12-21 13:04:44+00:00,michael_saylor,BUY,1.0,5.0,2020-12-21 13:05:00+00:00,2020-12-22 01:05:00+00:00,22567.18,22639.5,72.31999999999971,0.0032046538380072,False,True
BTC,1440,180,2020-12-21 13:04:44+00:00,michael_saylor,BUY,1.0,5.0,2020-12-21 13:05:00+00:00,2020-12-22 13:05:00+00:00,22567.18,23155.97,588.7900000000009,0.0260905438783224,False,True
BTC,1,181,2020-12-21 15:30:44+00:00,michael_saylor,BUY,0.8,4.0,2020-12-21 15:31:00+00:00,2020-12-21 15:32:00+00:00,,,,,,
BTC,3,181,2020-12-21 15:30:44+00:00,michael_saylor,BUY,0.8,4.0,2020-12-21 15:31:00+00:00,2020-12-21 15:34:00+00:00,,,,,,
BTC,5,181,2020-12-21 15:30:44+00:00,michael_saylor,BUY,0.8,4.0,2020-12-21 15:31:00+00:00,2020-12-21 15:36:00+00:00,,,,,,
BTC,10,181,2020-12-21 15:30:44+00:00,michael_saylor,BUY,0.8,4.0,2020-12-21 15:31:00+00:00,2020-12-21 15:41:00+00:00,,,,,,
BTC,15,181,2020-12-21 15:30:44+00:00,michael_saylor,BUY,0.8,4.0,2020-12-21 15:31:00+00:00,2020-12-21 15:46:00+00:00,,,,,,
BTC,30,181,2020-12-21 15:30:44+00:00,michael_saylor,BUY,0.8,4.0,2020-12-21 15:31:00+00:00,2020-12-21 16:01:00+00:00,,,,,,
BTC,60,181,2020-12-21 15:30:44+00:00,michael_saylor,BUY,0.8,4.0,2020-12-21 15:31:00+00:00,2020-12-21 16:31:00+00:00,,,,,,
BTC,120,181,2020-12-21 15:30:44+00:00,michael_saylor,BUY,0.8,4.0,2020-12-21 15:31:00+00:00,2020-12-21 17:31:00+00:00,,,,,,
BTC,360,181,2020-12-21 15:30:44+00:00,michael_saylor,BUY,0.8,4.0,2020-12-21 15:31:00+00:00,2020-12-21 21:31:00+00:00,,22915.88,,,,
BTC,720,181,2020-12-21 15:30:44+00:00,michael_saylor,BUY,0.8,4.0,2020-12-21 15:31:00+00:00,2020-12-22 03:31:00+00:00,,22823.87,,,,
BTC,1440,181,2020-12-21 15:30:44+00:00,michael_saylor,BUY,0.8,4.0,2020-12-21 15:31:00+00:00,2020-12-22 15:31:00+00:00,,23564.79,,,,
BTC,1,183,2020-12-22 16:02:36+00:00,michael_saylor,BUY,0.9,5.0,2020-12-22 16:03:00+00:00,2020-12-22 16:04:00+00:00,23418.43,23420.21,1.7799999999988358,7.600851124515332e-05,False,True
BTC,3,183,2020-12-22 16:02:36+00:00,michael_saylor,BUY,0.9,5.0,2020-12-22 16:03:00+00:00,2020-12-22 16:06:00+00:00,23418.43,23446.38,27.950000000000728,0.0011935044321929,False,True
BTC,5,183,2020-12-22 16:02:36+00:00,michael_saylor,BUY,0.9,5.0,2020-12-22 16:03:00+00:00,2020-12-22 16:08:00+00:00,23418.43,23404.0,-14.430000000000293,-0.0006161813580159,False,False
BTC,10,183,2020-12-22 16:02:36+00:00,michael_saylor,BUY,0.9,5.0,2020-12-22 16:03:00+00:00,2020-12-22 16:13:00+00:00,23418.43,23354.99,-63.43999999999869,-0.0027089775019076,False,False
BTC,15,183,2020-12-22 16:02:36+00:00,michael_saylor,BUY,0.9,5.0,2020-12-22 16:03:00+00:00,2020-12-22 16:18:00+00:00,23418.43,23413.28,-5.150000000001455,-0.0002199122656814,False,False
BTC,30,183,2020-12-22 16:02:36+00:00,michael_saylor,BUY,0.9,5.0,2020-12-22 16:03:00+00:00,2020-12-22 16:33:00+00:00,23418.43,23271.7,-146.72999999999956,-0.0062655780084318,False,False
BTC,60,183,2020-12-22 16:02:36+00:00,michael_saylor,BUY,0.9,5.0,2020-12-22 16:03:00+00:00,2020-12-22 17:03:00+00:00,23418.43,23393.24,-25.18999999999869,-0.001075648538352,False,False
BTC,120,183,2020-12-22 16:02:36+00:00,michael_saylor,BUY,0.9,5.0,2020-12-22 16:03:00+00:00,2020-12-22 18:03:00+00:00,23418.43,23383.73,-34.70000000000073,-0.0014817389551733,False,False
BTC,360,183,2020-12-22 16:02:36+00:00,michael_saylor,BUY,0.9,5.0,2020-12-22 16:03:00+00:00,2020-12-22 22:03:00+00:00,23418.43,23391.0,-27.43000000000029,-0.0011712996985707,False,False
BTC,720,183,2020-12-22 16:02:36+00:00,michael_saylor,BUY,0.9,5.0,2020-12-22 16:03:00+00:00,2020-12-23 04:03:00+00:00,23418.43,23605.56,187.13000000000105,0.0079907150052331,False,True
BTC,1440,183,2020-12-22 16:02:36+00:00,michael_saylor,BUY,0.9,5.0,2020-12-22 16:03:00+00:00,2020-12-23 16:03:00+00:00,23418.43,23473.85,55.419999999998254,0.002366512187196,False,True
BTC,1,184,2020-12-22 21:19:59+00:00,michael_saylor,BUY,0.9,5.0,2020-12-22 21:20:00+00:00,2020-12-22 21:21:00+00:00,23489.42,23461.71,-27.709999999999127,-0.0011796800431853,False,False
BTC,3,184,2020-12-22 21:19:59+00:00,michael_saylor,BUY,0.9,5.0,2020-12-22 21:20:00+00:00,2020-12-22 21:23:00+00:00,23489.42,23483.76,-5.6599999999998545,-0.0002409595468938,False,False
BTC,5,184,2020-12-22 21:19:59+00:00,michael_saylor,BUY,0.9,5.0,2020-12-22 21:20:00+00:00,2020-12-22 21:25:00+00:00,23489.42,23491.92,2.5,0.0001064308952711,False,True
BTC,10,184,2020-12-22 21:19:59+00:00,michael_saylor,BUY,0.9,5.0,2020-12-22 21:20:00+00:00,2020-12-22 21:30:00+00:00,23489.42,23454.74,-34.67999999999665,-0.0014764093792012,False,False
BTC,15,184,2020-12-22 21:19:59+00:00,michael_saylor,BUY,0.9,5.0,2020-12-22 21:20:00+00:00,2020-12-22 21:35:00+00:00,23489.42,23492.5,3.0800000000017462,0.0001311228629741,False,True
BTC,30,184,2020-12-22 21:19:59+00:00,michael_saylor,BUY,0.9,5.0,2020-12-22 21:20:00+00:00,2020-12-22 21:50:00+00:00,23489.42,23422.28,-67.13999999999942,-0.0028583081234019,False,False
BTC,60,184,2020-12-22 21:19:59+00:00,michael_saylor,BUY,0.9,5.0,2020-12-22 21:20:00+00:00,2020-12-22 22:20:00+00:00,23489.42,23468.39,-21.029999999998836,-0.0008952966910208,False,False
BTC,120,184,2020-12-22 21:19:59+00:00,michael_saylor,BUY,0.9,5.0,2020-12-22 21:20:00+00:00,2020-12-22 23:20:00+00:00,23489.42,23665.63,176.21000000000276,0.0075016752222916,False,True
BTC,360,184,2020-12-22 21:19:59+00:00,michael_saylor,BUY,0.9,5.0,2020-12-22 21:20:00+00:00,2020-12-23 03:20:00+00:00,23489.42,23729.58,240.1600000000035,0.0102241775233276,False,True
BTC,720,184,2020-12-22 21:19:59+00:00,michael_saylor,BUY,0.9,5.0,2020-12-22 21:20:00+00:00,2020-12-23 09:20:00+00:00,23489.42,23522.78,33.36000000000058,0.0014202138664982,False,True
BTC,1440,184,2020-12-22 21:19:59+00:00,michael_saylor,BUY,0.9,5.0,2020-12-22 21:20:00+00:00,2020-12-23 21:20:00+00:00,23489.42,23420.39,-69.02999999999884,-0.0029387698802268,False,False
BTC,1,187,2020-12-23 14:48:35+00:00,michael_saylor,BUY,0.9,4.0,2020-12-23 14:49:00+00:00,2020-12-23 14:50:00+00:00,23720.0,23666.75,-53.25,-0.0022449409780775,False,False
BTC,3,187,2020-12-23 14:48:35+00:00,michael_saylor,BUY,0.9,4.0,2020-12-23 14:49:00+00:00,2020-12-23 14:52:00+00:00,23720.0,23780.01,60.0099999999984,0.0025299325463743,False,True
BTC,5,187,2020-12-23 14:48:35+00:00,michael_saylor,BUY,0.9,4.0,2020-12-23 14:49:00+00:00,2020-12-23 14:54:00+00:00,23720.0,23772.3,52.29999999999927,0.0022048903878583,False,True
BTC,10,187,2020-12-23 14:48:35+00:00,michael_saylor,BUY,0.9,4.0,2020-12-23 14:49:00+00:00,2020-12-23 14:59:00+00:00,23720.0,23759.67,39.669999999998254,0.0016724283305226,False,True
BTC,15,187,2020-12-23 14:48:35+00:00,michael_saylor,BUY,0.9,4.0,2020-12-23 14:49:00+00:00,2020-12-23 15:04:00+00:00,23720.0,23653.56,-66.43999999999869,-0.0028010118043844,False,False
BTC,30,187,2020-12-23 14:48:35+00:00,michael_saylor,BUY,0.9,4.0,2020-12-23 14:49:00+00:00,2020-12-23 15:19:00+00:00,23720.0,23697.58,-22.419999999998257,-0.0009451939291736,False,False
BTC,60,187,2020-12-23 14:48:35+00:00,michael_saylor,BUY,0.9,4.0,2020-12-23 14:49:00+00:00,2020-12-23 15:49:00+00:00,23720.0,23638.03,-81.97000000000116,-0.0034557335581788,False,False
BTC,120,187,2020-12-23 14:48:35+00:00,michael_saylor,BUY,0.9,4.0,2020-12-23 14:49:00+00:00,2020-12-23 16:49:00+00:00,23720.0,23544.73,-175.27000000000044,-0.0073891231028667,False,False
BTC,360,187,2020-12-23 14:48:35+00:00,michael_saylor,BUY,0.9,4.0,2020-12-23 14:49:00+00:00,2020-12-23 20:49:00+00:00,23720.0,23471.12,-248.88000000000105,-0.0104924114671164,False,False
BTC,720,187,2020-12-23 14:48:35+00:00,michael_saylor,BUY,0.9,4.0,2020-12-23 14:49:00+00:00,2020-12-24 02:49:00+00:00,23720.0,22900.51,-819.4900000000016,-0.0345484822934233,False,False
BTC,1440,187,2020-12-23 14:48:35+00:00,michael_saylor,BUY,0.9,4.0,2020-12-23 14:49:00+00:00,2020-12-24 14:49:00+00:00,23720.0,23325.01,-394.9900000000016,-0.0166521922428331,False,False
BTC,1,188,2020-12-23 17:46:34+00:00,jack,BUY,0.8,3.0,2020-12-23 17:47:00+00:00,2020-12-23 17:48:00+00:00,23632.33,23616.76,-15.570000000003349,-0.0006588432033575,False,False
BTC,3,188,2020-12-23 17:46:34+00:00,jack,BUY,0.8,3.0,2020-12-23 17:47:00+00:00,2020-12-23 17:50:00+00:00,23632.33,23637.94,5.609999999996944,0.0002373866647933,False,True
BTC,5,188,2020-12-23 17:46:34+00:00,jack,BUY,0.8,3.0,2020-12-23 17:47:00+00:00,2020-12-23 17:52:00+00:00,23632.33,23595.05,-37.280000000002474,-0.001577499975669,False,False
BTC,10,188,2020-12-23 17:46:34+00:00,jack,BUY,0.8,3.0,2020-12-23 17:47:00+00:00,2020-12-23 17:57:00+00:00,23632.33,23621.9,-10.430000000000293,-0.0004413445479138,False,False
BTC,15,188,2020-12-23 17:46:34+00:00,jack,BUY,0.8,3.0,2020-12-23 17:47:00+00:00,2020-12-23 18:02:00+00:00,23632.33,23652.01,19.679999999996653,0.0008327574978851,False,True
BTC,30,188,2020-12-23 17:46:34+00:00,jack,BUY,0.8,3.0,2020-12-23 17:47:00+00:00,2020-12-23 18:17:00+00:00,23632.33,23596.75,-35.580000000001746,-0.0015055646227012,False,False
BTC,60,188,2020-12-23 17:46:34+00:00,jack,BUY,0.8,3.0,2020-12-23 17:47:00+00:00,2020-12-23 18:47:00+00:00,23632.33,23632.24,-0.0900000000001455,-3.808342215945085e-06,False,False
BTC,120,188,2020-12-23 17:46:34+00:00,jack,BUY,0.8,3.0,2020-12-23 17:47:00+00:00,2020-12-23 19:47:00+00:00,23632.33,23585.46,-46.87000000000262,-0.001983299996234,False,False
BTC,360,188,2020-12-23 17:46:34+00:00,jack,BUY,0.8,3.0,2020-12-23 17:47:00+00:00,2020-12-23 23:47:00+00:00,23632.33,23274.69,-357.64000000000306,-0.0151335056678712,False,False
BTC,720,188,2020-12-23 17:46:34+00:00,jack,BUY,0.8,3.0,2020-12-23 17:47:00+00:00,2020-12-24 05:47:00+00:00,23632.33,23046.73,-585.6000000000022,-0.0247796133517093,False,False
BTC,1440,188,2020-12-23 17:46:34+00:00,jack,BUY,0.8,3.0,2020-12-23 17:47:00+00:00,2020-12-24 17:47:00+00:00,23632.33,23349.99,-282.34000000000015,-0.0119471926805355,False,False
BTC,1,189,2020-12-23 22:12:40+00:00,michael_saylor,BUY,0.9,5.0,2020-12-23 22:13:00+00:00,2020-12-23 22:14:00+00:00,23124.8,23024.19,-100.61000000000058,-0.0043507403307272,False,False
BTC,3,189,2020-12-23 22:12:40+00:00,michael_saylor,BUY,0.9,5.0,2020-12-23 22:13:00+00:00,2020-12-23 22:16:00+00:00,23124.8,23067.45,-57.349999999998545,-0.002480021448834,False,False
BTC,5,189,2020-12-23 22:12:40+00:00,michael_saylor,BUY,0.9,5.0,2020-12-23 22:13:00+00:00,2020-12-23 22:18:00+00:00,23124.8,23015.01,-109.79000000000087,-0.0047477167370096,False,False
BTC,10,189,2020-12-23 22:12:40+00:00,michael_saylor,BUY,0.9,5.0,2020-12-23 22:13:00+00:00,2020-12-23 22:23:00+00:00,23124.8,22696.33,-428.4699999999975,-0.0185285926797203,False,False
BTC,15,189,2020-12-23 22:12:40+00:00,michael_saylor,BUY,0.9,5.0,2020-12-23 22:13:00+00:00,2020-12-23 22:28:00+00:00,23124.8,22948.19,-176.61000000000058,-0.0076372552411264,False,False
BTC,30,189,2020-12-23 22:12:40+00:00,michael_saylor,BUY,0.9,5.0,2020-12-23 22:13:00+00:00,2020-12-23 22:43:00+00:00,23124.8,23213.02,88.22000000000116,0.0038149519130976,False,True
BTC,60,189,2020-12-23 22:12:40+00:00,michael_saylor,BUY,0.9,5.0,2020-12-23 22:13:00+00:00,2020-12-23 23:13:00+00:00,23124.8,23369.52,244.72000000000116,0.0105825780114855,False,True
BTC,120,189,2020-12-23 22:12:40+00:00,michael_saylor,BUY,0.9,5.0,2020-12-23 22:13:00+00:00,2020-12-24 00:13:00+00:00,23124.8,23133.57,8.770000000000437,0.0003792465232131,False,True
BTC,360,189,2020-12-23 22:12:40+00:00,michael_saylor,BUY,0.9,5.0,2020-12-23 22:13:00+00:00,2020-12-24 04:13:00+00:00,23124.8,22966.18,-158.61999999999898,-0.006859302566941,False,False
BTC,720,189,2020-12-23 22:12:40+00:00,michael_saylor,BUY,0.9,5.0,2020-12-23 22:13:00+00:00,2020-12-24 10:13:00+00:00,23124.8,23261.92,137.11999999999898,0.005929564796236,False,True
BTC,1440,189,2020-12-23 22:12:40+00:00,michael_saylor,BUY,0.9,5.0,2020-12-23 22:13:00+00:00,2020-12-24 22:13:00+00:00,23124.8,23493.81,369.0100000000021,0.0159573271985055,False,True
BTC,1,191,2020-12-26 13:40:53+00:00,michael_saylor,BUY,0.8,5.0,2020-12-26 13:41:00+00:00,2020-12-26 13:42:00+00:00,24912.99,24898.03,-14.960000000002765,-0.0006004899452054,False,False
BTC,3,191,2020-12-26 13:40:53+00:00,michael_saylor,BUY,0.8,5.0,2020-12-26 13:41:00+00:00,2020-12-26 13:44:00+00:00,24912.99,24895.38,-17.610000000000582,-0.0007068601560872,False,False
BTC,5,191,2020-12-26 13:40:53+00:00,michael_saylor,BUY,0.8,5.0,2020-12-26 13:41:00+00:00,2020-12-26 13:46:00+00:00,24912.99,24881.47,-31.520000000000437,-0.0012652034139619,False,False
BTC,10,191,2020-12-26 13:40:53+00:00,michael_saylor,BUY,0.8,5.0,2020-12-26 13:41:00+00:00,2020-12-26 13:51:00+00:00,24912.99,24947.61,34.61999999999898,0.0013896364908426,False,True
BTC,15,191,2020-12-26 13:40:53+00:00,michael_saylor,BUY,0.8,5.0,2020-12-26 13:41:00+00:00,2020-12-26 13:56:00+00:00,24912.99,24962.09,49.099999999998545,0.0019708593789825,False,True
BTC,30,191,2020-12-26 13:40:53+00:00,michael_saylor,BUY,0.8,5.0,2020-12-26 13:41:00+00:00,2020-12-26 14:11:00+00:00,24912.99,25218.98,305.98999999999796,0.0122823474821768,False,True
BTC,60,191,2020-12-26 13:40:53+00:00,michael_saylor,BUY,0.8,5.0,2020-12-26 13:41:00+00:00,2020-12-26 14:41:00+00:00,24912.99,25299.99,387.0,0.0155340647589871,False,True
BTC,120,191,2020-12-26 13:40:53+00:00,michael_saylor,BUY,0.8,5.0,2020-12-26 13:41:00+00:00,2020-12-26 15:41:00+00:00,24912.99,25470.83,557.8400000000001,0.0223915314861845,False,True
BTC,360,191,2020-12-26 13:40:53+00:00,michael_saylor,BUY,0.8,5.0,2020-12-26 13:41:00+00:00,2020-12-26 19:41:00+00:00,24912.99,25847.74,934.75,0.0375205866497758,False,True
BTC,720,191,2020-12-26 13:40:53+00:00,michael_saylor,BUY,0.8,5.0,2020-12-26 13:41:00+00:00,2020-12-27 01:41:00+00:00,24912.99,26624.52,1711.5299999999988,0.0687003045399207,False,True
BTC,1440,191,2020-12-26 13:40:53+00:00,michael_saylor,BUY,0.8,5.0,2020-12-26 13:41:00+00:00,2020-12-27 13:41:00+00:00,24912.99,27372.71,2459.7199999999975,0.0987324283436069,False,True
BTC,1,192,2020-12-28 14:47:54+00:00,michael_saylor,BUY,0.9,5.0,2020-12-28 14:48:00+00:00,2020-12-28 14:49:00+00:00,27271.36,27262.95,-8.409999999999854,-0.0003083821268906,False,False
BTC,3,192,2020-12-28 14:47:54+00:00,michael_saylor,BUY,0.9,5.0,2020-12-28 14:48:00+00:00,2020-12-28 14:51:00+00:00,27271.36,27249.81,-21.549999999999272,-0.0007902062823415,False,False
BTC,5,192,2020-12-28 14:47:54+00:00,michael_saylor,BUY,0.9,5.0,2020-12-28 14:48:00+00:00,2020-12-28 14:53:00+00:00,27271.36,27346.68,75.31999999999971,0.0027618717951726,False,True
BTC,10,192,2020-12-28 14:47:54+00:00,michael_saylor,BUY,0.9,5.0,2020-12-28 14:48:00+00:00,2020-12-28 14:58:00+00:00,27271.36,27273.92,2.5599999999976717,9.38713727514019e-05,False,True
BTC,15,192,2020-12-28 14:47:54+00:00,michael_saylor,BUY,0.9,5.0,2020-12-28 14:48:00+00:00,2020-12-28 15:03:00+00:00,27271.36,27212.27,-59.090000000000146,-0.0021667419593302,False,False
BTC,30,192,2020-12-28 14:47:54+00:00,michael_saylor,BUY,0.9,5.0,2020-12-28 14:48:00+00:00,2020-12-28 15:18:00+00:00,27271.36,27078.09,-193.27000000000044,-0.0070869219576874,False,False
BTC,60,192,2020-12-28 14:47:54+00:00,michael_saylor,BUY,0.9,5.0,2020-12-28 14:48:00+00:00,2020-12-28 15:48:00+00:00,27271.36,26948.54,-322.8199999999997,-0.0118373267779824,False,False
BTC,120,192,2020-12-28 14:47:54+00:00,michael_saylor,BUY,0.9,5.0,2020-12-28 14:48:00+00:00,2020-12-28 16:48:00+00:00,27271.36,27036.12,-235.2400000000016,-0.0086258991117421,False,False
BTC,360,192,2020-12-28 14:47:54+00:00,michael_saylor,BUY,0.9,5.0,2020-12-28 14:48:00+00:00,2020-12-28 20:48:00+00:00,27271.36,26776.19,-495.1700000000019,-0.0181571436114664,False,False
BTC,720,192,2020-12-28 14:47:54+00:00,michael_saylor,BUY,0.9,5.0,2020-12-28 14:48:00+00:00,2020-12-29 02:48:00+00:00,27271.36,26922.53,-348.83000000000175,-0.0127910745925396,False,False
BTC,1440,192,2020-12-28 14:47:54+00:00,michael_saylor,BUY,0.9,5.0,2020-12-28 14:48:00+00:00,2020-12-29 14:48:00+00:00,27271.36,26788.21,-483.15000000000146,-0.0177163881815942,False,False
BTC,1,193,2020-12-28 15:11:28+00:00,michael_saylor,BUY,0.9,4.0,2020-12-28 15:12:00+00:00,2020-12-28 15:13:00+00:00,27143.15,27154.17,11.0199999999968,0.0004059956195208,False,True
BTC,3,193,2020-12-28 15:11:28+00:00,michael_saylor,BUY,0.9,4.0,2020-12-28 15:12:00+00:00,2020-12-28 15:15:00+00:00,27143.15,27027.77,-115.38000000000102,-0.004250796241409,False,False
BTC,5,193,2020-12-28 15:11:28+00:00,michael_saylor,BUY,0.9,4.0,2020-12-28 15:12:00+00:00,2020-12-28 15:17:00+00:00,27143.15,27060.67,-82.4800000000032,-0.0030387040560879,False,False
BTC,10,193,2020-12-28 15:11:28+00:00,michael_saylor,BUY,0.9,4.0,2020-12-28 15:12:00+00:00,2020-12-28 15:22:00+00:00,27143.15,27056.9,-86.25,-0.0031775972943449,False,False
BTC,15,193,2020-12-28 15:11:28+00:00,michael_saylor,BUY,0.9,4.0,2020-12-28 15:12:00+00:00,2020-12-28 15:27:00+00:00,27143.15,27103.22,-39.93000000000029,-0.0014710893908776,False,False
BTC,30,193,2020-12-28 15:11:28+00:00,michael_saylor,BUY,0.9,4.0,2020-12-28 15:12:00+00:00,2020-12-28 15:42:00+00:00,27143.15,26854.58,-288.5699999999997,-0.0106314116084536,False,False
BTC,60,193,2020-12-28 15:11:28+00:00,michael_saylor,BUY,0.9,4.0,2020-12-28 15:12:00+00:00,2020-12-28 16:12:00+00:00,27143.15,27020.68,-122.47000000000116,-0.0045120039494311,False,False
BTC,120,193,2020-12-28 15:11:28+00:00,michael_saylor,BUY,0.9,4.0,2020-12-28 15:12:00+00:00,2020-12-28 17:12:00+00:00,27143.15,27069.44,-73.71000000000276,-0.0027156022790281,False,False
BTC,360,193,2020-12-28 15:11:28+00:00,michael_saylor,BUY,0.9,4.0,2020-12-28 15:12:00+00:00,2020-12-28 21:12:00+00:00,27143.15,26942.64,-200.51000000000204,-0.0073871308230622,False,False
BTC,720,193,2020-12-28 15:11:28+00:00,michael_saylor,BUY,0.9,4.0,2020-12-28 15:12:00+00:00,2020-12-29 03:12:00+00:00,27143.15,26670.25,-472.90000000000146,-0.0174224435999506,False,False
BTC,1440,193,2020-12-28 15:11:28+00:00,michael_saylor,BUY,0.9,4.0,2020-12-28 15:12:00+00:00,2020-12-29 15:12:00+00:00,27143.15,26677.24,-465.90999999999985,-0.0171649200627045,False,False
BTC,1,194,2020-12-30 15:03:28+00:00,michael_saylor,BUY,0.8,4.0,2020-12-30 15:04:00+00:00,2020-12-30 15:05:00+00:00,28091.0,28067.98,-23.020000000000437,-0.0008194795486098,False,False
BTC,3,194,2020-12-30 15:03:28+00:00,michael_saylor,BUY,0.8,4.0,2020-12-30 15:04:00+00:00,2020-12-30 15:07:00+00:00,28091.0,28136.24,45.2400000000016,0.0016104802249831,False,True
BTC,5,194,2020-12-30 15:03:28+00:00,michael_saylor,BUY,0.8,4.0,2020-12-30 15:04:00+00:00,2020-12-30 15:09:00+00:00,28091.0,28197.77,106.77000000000044,0.0038008614858851,False,True
BTC,10,194,2020-12-30 15:03:28+00:00,michael_saylor,BUY,0.8,4.0,2020-12-30 15:04:00+00:00,2020-12-30 15:14:00+00:00,28091.0,28215.59,124.59000000000016,0.0044352283649567,False,True
BTC,15,194,2020-12-30 15:03:28+00:00,michael_saylor,BUY,0.8,4.0,2020-12-30 15:04:00+00:00,2020-12-30 15:19:00+00:00,28091.0,28203.36,112.36000000000058,0.0039998576056388,False,True
BTC,30,194,2020-12-30 15:03:28+00:00,michael_saylor,BUY,0.8,4.0,2020-12-30 15:04:00+00:00,2020-12-30 15:34:00+00:00,28091.0,28092.42,1.4199999999982538,5.054999822000832e-05,False,True
BTC,60,194,2020-12-30 15:03:28+00:00,michael_saylor,BUY,0.8,4.0,2020-12-30 15:04:00+00:00,2020-12-30 16:04:00+00:00,28091.0,28146.13,55.13000000000102,0.0019625502830088,False,True
BTC,120,194,2020-12-30 15:03:28+00:00,michael_saylor,BUY,0.8,4.0,2020-12-30 15:04:00+00:00,2020-12-30 17:04:00+00:00,28091.0,28258.83,167.83000000000175,0.0059745114093482,False,True
BTC,360,194,2020-12-30 15:03:28+00:00,michael_saylor,BUY,0.8,4.0,2020-12-30 15:04:00+00:00,2020-12-30 21:04:00+00:00,28091.0,28627.86,536.8600000000006,0.0191114591862162,False,True
BTC,720,194,2020-12-30 15:03:28+00:00,michael_saylor,BUY,0.8,4.0,2020-12-30 15:04:00+00:00,2020-12-31 03:04:00+00:00,28091.0,28729.79,638.7900000000009,0.0227400234950696,False,True
BTC,1440,194,2020-12-30 15:03:28+00:00,michael_saylor,BUY,0.8,4.0,2020-12-30 15:04:00+00:00,2020-12-31 15:04:00+00:00,28091.0,28501.39,410.3899999999994,0.0146093054715033,False,True
BTC,1,195,2020-12-30 17:15:31+00:00,michael_saylor,BUY,0.9,5.0,2020-12-30 17:16:00+00:00,2020-12-30 17:17:00+00:00,28079.17,28083.72,4.55000000000291,0.000162041826735,False,True
BTC,3,195,2020-12-30 17:15:31+00:00,michael_saylor,BUY,0.9,5.0,2020-12-30 17:16:00+00:00,2020-12-30 17:19:00+00:00,28079.17,28107.97,28.80000000000291,0.0010256713428496,False,True
BTC,5,195,2020-12-30 17:15:31+00:00,michael_saylor,BUY,0.9,5.0,2020-12-30 17:16:00+00:00,2020-12-30 17:21:00+00:00,28079.17,28100.0,20.830000000001743,0.0007418310441512,False,True
BTC,10,195,2020-12-30 17:15:31+00:00,michael_saylor,BUY,0.9,5.0,2020-12-30 17:16:00+00:00,2020-12-30 17:26:00+00:00,28079.17,28197.99,118.82000000000336,0.0042316065610202,False,True
BTC,15,195,2020-12-30 17:15:31+00:00,michael_saylor,BUY,0.9,5.0,2020-12-30 17:16:00+00:00,2020-12-30 17:31:00+00:00,28079.17,28222.32,143.15000000000146,0.0050980851641982,False,True
BTC,30,195,2020-12-30 17:15:31+00:00,michael_saylor,BUY,0.9,5.0,2020-12-30 17:16:00+00:00,2020-12-30 17:46:00+00:00,28079.17,28221.35,142.1800000000003,0.0050635399835536,False,True
BTC,60,195,2020-12-30 17:15:31+00:00,michael_saylor,BUY,0.9,5.0,2020-12-30 17:16:00+00:00,2020-12-30 18:16:00+00:00,28079.17,28442.95,363.7800000000025,0.0129555111493681,False,True
BTC,120,195,2020-12-30 17:15:31+00:00,michael_saylor,BUY,0.9,5.0,2020-12-30 17:16:00+00:00,2020-12-30 19:16:00+00:00,28079.17,28756.17,677.0,0.0241103992746224,False,True
BTC,360,195,2020-12-30 17:15:31+00:00,michael_saylor,BUY,0.9,5.0,2020-12-30 17:16:00+00:00,2020-12-30 23:16:00+00:00,28079.17,28680.78,601.6100000000006,0.021425490853184,False,True
BTC,720,195,2020-12-30 17:15:31+00:00,michael_saylor,BUY,0.9,5.0,2020-12-30 17:16:00+00:00,2020-12-31 05:16:00+00:00,28079.17,28997.59,918.420000000002,0.0327082317604117,False,True
BTC,1440,195,2020-12-30 17:15:31+00:00,michael_saylor,BUY,0.9,5.0,2020-12-30 17:16:00+00:00,2020-12-31 17:16:00+00:00,28079.17,28580.0,500.83000000000175,0.0178363534249766,False,True
BTC,1,196,2020-12-31 15:01:08+00:00,michael_saylor,BUY,0.8,4.0,2020-12-31 15:02:00+00:00,2020-12-31 15:03:00+00:00,28448.99,28491.33,42.340000000000146,0.0014882777912326,False,True
BTC,3,196,2020-12-31 15:01:08+00:00,michael_saylor,BUY,0.8,4.0,2020-12-31 15:02:00+00:00,2020-12-31 15:05:00+00:00,28448.99,28517.63,68.63999999999942,0.0024127394329288,False,True
BTC,5,196,2020-12-31 15:01:08+00:00,michael_saylor,BUY,0.8,4.0,2020-12-31 15:02:00+00:00,2020-12-31 15:07:00+00:00,28448.99,28512.22,63.22999999999956,0.002222574509675,False,True
BTC,10,196,2020-12-31 15:01:08+00:00,michael_saylor,BUY,0.8,4.0,2020-12-31 15:02:00+00:00,2020-12-31 15:12:00+00:00,28448.99,28598.33,149.34000000000017,0.005249395496993,False,True
BTC,15,196,2020-12-31 15:01:08+00:00,michael_saylor,BUY,0.8,4.0,2020-12-31 15:02:00+00:00,2020-12-31 15:17:00+00:00,28448.99,28575.48,126.48999999999796,0.0044462035383329,False,True
BTC,30,196,2020-12-31 15:01:08+00:00,michael_saylor,BUY,0.8,4.0,2020-12-31 15:02:00+00:00,2020-12-31 15:32:00+00:00,28448.99,28586.75,137.7599999999984,0.0048423511695845,False,True
BTC,60,196,2020-12-31 15:01:08+00:00,michael_saylor,BUY,0.8,4.0,2020-12-31 15:02:00+00:00,2020-12-31 16:02:00+00:00,28448.99,28693.37,244.37999999999735,0.0085901116348945,False,True
BTC,120,196,2020-12-31 15:01:08+00:00,michael_saylor,BUY,0.8,4.0,2020-12-31 15:02:00+00:00,2020-12-31 17:02:00+00:00,28448.99,28450.01,1.0199999999967986,3.5853645419285485e-05,False,True
BTC,360,196,2020-12-31 15:01:08+00:00,michael_saylor,BUY,0.8,4.0,2020-12-31 15:02:00+00:00,2020-12-31 21:02:00+00:00,28448.99,29002.34,553.3499999999985,0.0194506026400233,False,True
BTC,720,196,2020-12-31 15:01:08+00:00,michael_saylor,BUY,0.8,4.0,2020-12-31 15:02:00+00:00,2021-01-01 03:02:00+00:00,28448.99,29220.09,771.0999999999985,0.0271046529244095,False,True
BTC,1440,196,2020-12-31 15:01:08+00:00,michael_saylor,BUY,0.8,4.0,2020-12-31 15:02:00+00:00,2021-01-01 15:02:00+00:00,28448.99,29260.35,811.359999999997,0.0285198173994928,False,True
BTC,1,197,2020-12-31 15:32:45+00:00,michael_saylor,BUY,0.9,5.0,2020-12-31 15:33:00+00:00,2020-12-31 15:34:00+00:00,28586.16,28590.26,4.099999999998545,0.0001434260495288,False,True
BTC,3,197,2020-12-31 15:32:45+00:00,michael_saylor,BUY,0.9,5.0,2020-12-31 15:33:00+00:00,2020-12-31 15:36:00+00:00,28586.16,28605.78,19.61999999999898,0.0006863461199405,False,True
BTC,5,197,2020-12-31 15:32:45+00:00,michael_saylor,BUY,0.9,5.0,2020-12-31 15:33:00+00:00,2020-12-31 15:38:00+00:00,28586.16,28702.47,116.31000000000132,0.0040687521513907,False,True
BTC,10,197,2020-12-31 15:32:45+00:00,michael_saylor,BUY,0.9,5.0,2020-12-31 15:33:00+00:00,2020-12-31 15:43:00+00:00,28586.16,28795.14,208.97999999999956,0.007310530690376,False,True
BTC,15,197,2020-12-31 15:32:45+00:00,michael_saylor,BUY,0.9,5.0,2020-12-31 15:33:00+00:00,2020-12-31 15:48:00+00:00,28586.16,28736.48,150.3199999999997,0.0052584887232143,False,True
BTC,30,197,2020-12-31 15:32:45+00:00,michael_saylor,BUY,0.9,5.0,2020-12-31 15:33:00+00:00,2020-12-31 16:03:00+00:00,28586.16,28690.29,104.13000000000102,0.0036426718384001,False,True
BTC,60,197,2020-12-31 15:32:45+00:00,michael_saylor,BUY,0.9,5.0,2020-12-31 15:33:00+00:00,2020-12-31 16:33:00+00:00,28586.16,28637.25,51.090000000000146,0.0017872285049828,False,True
BTC,120,197,2020-12-31 15:32:45+00:00,michael_saylor,BUY,0.9,5.0,2020-12-31 15:33:00+00:00,2020-12-31 17:33:00+00:00,28586.16,28625.72,39.56000000000131,0.001383886468137,False,True
BTC,360,197,2020-12-31 15:32:45+00:00,michael_saylor,BUY,0.9,5.0,2020-12-31 15:33:00+00:00,2020-12-31 21:33:00+00:00,28586.16,29155.22,569.0600000000013,0.0199068360353402,False,True
BTC,720,197,2020-12-31 15:32:45+00:00,michael_saylor,BUY,0.9,5.0,2020-12-31 15:33:00+00:00,2021-01-01 03:33:00+00:00,28586.16,29240.01,653.8499999999985,0.0228729567035236,False,True
BTC,1440,197,2020-12-31 15:32:45+00:00,michael_saylor,BUY,0.9,5.0,2020-12-31 15:33:00+00:00,2021-01-01 15:33:00+00:00,28586.16,29252.3,666.1399999999994,0.0233028850324772,False,True
BTC,1,199,2021-01-02 13:11:19+00:00,michael_saylor,BUY,0.9,5.0,2021-01-02 13:12:00+00:00,2021-01-02 13:13:00+00:00,30767.96,30808.82,40.86000000000058,0.0013280048466001,False,True
BTC,3,199,2021-01-02 13:11:19+00:00,michael_saylor,BUY,0.9,5.0,2021-01-02 13:12:00+00:00,2021-01-02 13:15:00+00:00,30767.96,30734.05,-33.909999999999854,-0.0011021205175773,False,False
BTC,5,199,2021-01-02 13:11:19+00:00,michael_saylor,BUY,0.9,5.0,2021-01-02 13:12:00+00:00,2021-01-02 13:17:00+00:00,30767.96,30818.75,50.79000000000087,0.0016507431756931,False,True
BTC,10,199,2021-01-02 13:11:19+00:00,michael_saylor,BUY,0.9,5.0,2021-01-02 13:12:00+00:00,2021-01-02 13:22:00+00:00,30767.96,30739.96,-28.0,-0.0009100375845522,False,False
BTC,15,199,2021-01-02 13:11:19+00:00,michael_saylor,BUY,0.9,5.0,2021-01-02 13:12:00+00:00,2021-01-02 13:27:00+00:00,30767.96,30781.88,13.920000000001892,0.0004524186848917,False,True
BTC,30,199,2021-01-02 13:11:19+00:00,michael_saylor,BUY,0.9,5.0,2021-01-02 13:12:00+00:00,2021-01-02 13:42:00+00:00,30767.96,31309.83,541.8700000000026,0.0176115023550473,False,True
BTC,60,199,2021-01-02 13:11:19+00:00,michael_saylor,BUY,0.9,5.0,2021-01-02 13:12:00+00:00,2021-01-02 14:12:00+00:00,30767.96,31400.16,632.2000000000007,0.0205473486054974,False,True
BTC,120,199,2021-01-02 13:11:19+00:00,michael_saylor,BUY,0.9,5.0,2021-01-02 13:12:00+00:00,2021-01-02 15:12:00+00:00,30767.96,31303.12,535.1599999999999,0.0173934183481777,False,True
BTC,360,199,2021-01-02 13:11:19+00:00,michael_saylor,BUY,0.9,5.0,2021-01-02 13:12:00+00:00,2021-01-02 19:12:00+00:00,30767.96,32977.84,2209.8799999999974,0.0718240663339395,False,True
BTC,720,199,2021-01-02 13:11:19+00:00,michael_saylor,BUY,0.9,5.0,2021-01-02 13:12:00+00:00,2021-01-03 01:12:00+00:00,30767.96,32445.98,1678.0200000000004,0.0545379024153697,False,True
BTC,1440,199,2021-01-02 13:11:19+00:00,michael_saylor,BUY,0.9,5.0,2021-01-02 13:12:00+00:00,2021-01-03 13:12:00+00:00,30767.96,34299.94,3531.980000000003,0.1147940909959582,False,True
BTC,1,203,2021-01-03 22:00:46+00:00,michael_saylor,BUY,0.8,4.0,2021-01-03 22:01:00+00:00,2021-01-03 22:02:00+00:00,33381.22,33397.46,16.239999999997963,0.0004865010925304,False,True
BTC,3,203,2021-01-03 22:00:46+00:00,michael_saylor,BUY,0.8,4.0,2021-01-03 22:01:00+00:00,2021-01-03 22:04:00+00:00,33381.22,33411.44,30.220000000001164,0.0009052994468147,False,True
BTC,5,203,2021-01-03 22:00:46+00:00,michael_saylor,BUY,0.8,4.0,2021-01-03 22:01:00+00:00,2021-01-03 22:06:00+00:00,33381.22,33395.33,14.110000000000582,0.0004226927595816,False,True
BTC,10,203,2021-01-03 22:00:46+00:00,michael_saylor,BUY,0.8,4.0,2021-01-03 22:01:00+00:00,2021-01-03 22:11:00+00:00,33381.22,33257.98,-123.23999999999796,-0.0036918962218875,False,False
BTC,15,203,2021-01-03 22:00:46+00:00,michael_saylor,BUY,0.8,4.0,2021-01-03 22:01:00+00:00,2021-01-03 22:16:00+00:00,33381.22,33458.1,76.87999999999738,0.0023030913789249,False,True
BTC,30,203,2021-01-03 22:00:46+00:00,michael_saylor,BUY,0.8,4.0,2021-01-03 22:01:00+00:00,2021-01-03 22:31:00+00:00,33381.22,33555.0,173.77999999999884,0.0052059211736419,False,True
BTC,60,203,2021-01-03 22:00:46+00:00,michael_saylor,BUY,0.8,4.0,2021-01-03 22:01:00+00:00,2021-01-03 23:01:00+00:00,33381.22,33187.0,-194.22000000000116,-0.0058182415142406,False,False
BTC,120,203,2021-01-03 22:00:46+00:00,michael_saylor,BUY,0.8,4.0,2021-01-03 22:01:00+00:00,2021-01-04 00:01:00+00:00,33381.22,32885.13,-496.0900000000038,-0.0148613501843253,False,False
BTC,360,203,2021-01-03 22:00:46+00:00,michael_saylor,BUY,0.8,4.0,2021-01-03 22:01:00+00:00,2021-01-04 04:01:00+00:00,33381.22,33496.68,115.45999999999913,0.0034588310433231,False,True
BTC,720,203,2021-01-03 22:00:46+00:00,michael_saylor,BUY,0.8,4.0,2021-01-03 22:01:00+00:00,2021-01-04 10:01:00+00:00,33381.22,31179.0,-2202.220000000001,-0.0659718248763826,False,False
BTC,1440,203,2021-01-03 22:00:46+00:00,michael_saylor,BUY,0.8,4.0,2021-01-03 22:01:00+00:00,2021-01-04 22:01:00+00:00,33381.22,30959.55,-2421.670000000002,-0.0725458805879474,False,False
BTC,1,205,2021-01-04 20:46:54+00:00,michael_saylor,BUY,0.8,4.0,2021-01-04 20:47:00+00:00,2021-01-04 20:48:00+00:00,31402.75,31416.99,14.2400000000016,0.0004534634705559,False,True
BTC,3,205,2021-01-04 20:46:54+00:00,michael_saylor,BUY,0.8,4.0,2021-01-04 20:47:00+00:00,2021-01-04 20:50:00+00:00,31402.75,31375.35,-27.400000000001455,-0.000872535048682,False,False
BTC,5,205,2021-01-04 20:46:54+00:00,michael_saylor,BUY,0.8,4.0,2021-01-04 20:47:00+00:00,2021-01-04 20:52:00+00:00,31402.75,31449.89,47.13999999999942,0.0015011424158712,False,True
BTC,10,205,2021-01-04 20:46:54+00:00,michael_saylor,BUY,0.8,4.0,2021-01-04 20:47:00+00:00,2021-01-04 20:57:00+00:00,31402.75,31295.33,-107.41999999999824,-0.0034207195229716,False,False
BTC,15,205,2021-01-04 20:46:54+00:00,michael_saylor,BUY,0.8,4.0,2021-01-04 20:47:00+00:00,2021-01-04 21:02:00+00:00,31402.75,31281.27,-121.47999999999956,-0.0038684510114559,False,False
BTC,30,205,2021-01-04 20:46:54+00:00,michael_saylor,BUY,0.8,4.0,2021-01-04 20:47:00+00:00,2021-01-04 21:17:00+00:00,31402.75,31478.19,75.43999999999869,0.0024023373749113,False,True
BTC,60,205,2021-01-04 20:46:54+00:00,michael_saylor,BUY,0.8,4.0,2021-01-04 20:47:00+00:00,2021-01-04 21:47:00+00:00,31402.75,30976.97,-425.7799999999989,-0.0135586851470014,False,False
BTC,120,205,2021-01-04 20:46:54+00:00,michael_saylor,BUY,0.8,4.0,2021-01-04 20:47:00+00:00,2021-01-04 22:47:00+00:00,31402.75,31373.89,-28.860000000000586,-0.0009190277921519,False,False
BTC,360,205,2021-01-04 20:46:54+00:00,michael_saylor,BUY,0.8,4.0,2021-01-04 20:47:00+00:00,2021-01-05 02:47:00+00:00,31402.75,32372.17,969.4199999999984,0.0308705447771293,False,True
BTC,720,205,2021-01-04 20:46:54+00:00,michael_saylor,BUY,0.8,4.0,2021-01-04 20:47:00+00:00,2021-01-05 08:47:00+00:00,31402.75,31101.63,-301.119999999999,-0.0095889691189465,False,False
BTC,1440,205,2021-01-04 20:46:54+00:00,michael_saylor,BUY,0.8,4.0,2021-01-04 20:47:00+00:00,2021-01-05 20:47:00+00:00,31402.75,33980.0,2577.25,0.0820708377451019,False,True
BTC,1,207,2021-01-05 23:17:01+00:00,michael_saylor,BUY,0.8,4.0,2021-01-05 23:18:00+00:00,2021-01-05 23:19:00+00:00,33734.69,33842.5,107.80999999999769,0.0031958200890536,False,True
BTC,3,207,2021-01-05 23:17:01+00:00,michael_saylor,BUY,0.8,4.0,2021-01-05 23:18:00+00:00,2021-01-05 23:21:00+00:00,33734.69,33836.25,101.55999999999769,0.0030105508602568,False,True
BTC,5,207,2021-01-05 23:17:01+00:00,michael_saylor,BUY,0.8,4.0,2021-01-05 23:18:00+00:00,2021-01-05 23:23:00+00:00,33734.69,33824.42,89.72999999999593,0.0026598732639901,False,True
BTC,10,207,2021-01-05 23:17:01+00:00,michael_saylor,BUY,0.8,4.0,2021-01-05 23:18:00+00:00,2021-01-05 23:28:00+00:00,33734.69,33811.29,76.59999999999854,0.0022706596681338,False,True
BTC,15,207,2021-01-05 23:17:01+00:00,michael_saylor,BUY,0.8,4.0,2021-01-05 23:18:00+00:00,2021-01-05 23:33:00+00:00,33734.69,33873.48,138.79000000000087,0.0041141626023538,False,True
BTC,30,207,2021-01-05 23:17:01+00:00,michael_saylor,BUY,0.8,4.0,2021-01-05 23:18:00+00:00,2021-01-05 23:48:00+00:00,33734.69,33943.9,209.20999999999913,0.0062016280570534,False,True
BTC,60,207,2021-01-05 23:17:01+00:00,michael_saylor,BUY,0.8,4.0,2021-01-05 23:18:00+00:00,2021-01-06 00:18:00+00:00,33734.69,33573.79,-160.90000000000146,-0.0047695710261455,False,False
BTC,120,207,2021-01-05 23:17:01+00:00,michael_saylor,BUY,0.8,4.0,2021-01-05 23:18:00+00:00,2021-01-06 01:18:00+00:00,33734.69,33858.66,123.97000000000116,0.0036748522070308,False,True
BTC,360,207,2021-01-05 23:17:01+00:00,michael_saylor,BUY,0.8,4.0,2021-01-05 23:18:00+00:00,2021-01-06 05:18:00+00:00,33734.69,35093.12,1358.4300000000003,0.0402680445559155,False,True
BTC,720,207,2021-01-05 23:17:01+00:00,michael_saylor,BUY,0.8,4.0,2021-01-05 23:18:00+00:00,2021-01-06 11:18:00+00:00,33734.69,35122.56,1387.8699999999951,0.04114073673124,False,True
BTC,1440,207,2021-01-05 23:17:01+00:00,michael_saylor,BUY,0.8,4.0,2021-01-05 23:18:00+00:00,2021-01-06 23:18:00+00:00,33734.69,36280.29,2545.5999999999985,0.075459415812032,False,True
BTC,1,208,2021-01-06 00:43:01+00:00,michael_saylor,SELL,0.9,5.0,2021-01-06 00:44:00+00:00,2021-01-06 00:45:00+00:00,33815.52,33828.15,12.630000000004657,0.000373497139775,False,False
BTC,3,208,2021-01-06 00:43:01+00:00,michael_saylor,SELL,0.9,5.0,2021-01-06 00:44:00+00:00,2021-01-06 00:47:00+00:00,33815.52,33817.75,2.2300000000032014,6.594605080753458e-05,False,False
BTC,5,208,2021-01-06 00:43:01+00:00,michael_saylor,SELL,0.9,5.0,2021-01-06 00:44:00+00:00,2021-01-06 00:49:00+00:00,33815.52,33759.55,-55.96999999999389,-0.0016551571586062,False,True
BTC,10,208,2021-01-06 00:43:01+00:00,michael_saylor,SELL,0.9,5.0,2021-01-06 00:44:00+00:00,2021-01-06 00:54:00+00:00,33815.52,33970.17,154.65000000000146,0.0045733438373859,False,False
BTC,15,208,2021-01-06 00:43:01+00:00,michael_saylor,SELL,0.9,5.0,2021-01-06 00:44:00+00:00,2021-01-06 00:59:00+00:00,33815.52,33918.01,102.49000000000524,0.003030856837334,False,False
BTC,30,208,2021-01-06 00:43:01+00:00,michael_saylor,SELL,0.9,5.0,2021-01-06 00:44:00+00:00,2021-01-06 01:14:00+00:00,33815.52,33893.95,78.43000000000029,0.0023193492218957,False,False
BTC,60,208,2021-01-06 00:43:01+00:00,michael_saylor,SELL,0.9,5.0,2021-01-06 00:44:00+00:00,2021-01-06 01:44:00+00:00,33815.52,33667.52,-148.0,-0.0043766885737673,False,True
BTC,120,208,2021-01-06 00:43:01+00:00,michael_saylor,SELL,0.9,5.0,2021-01-06 00:44:00+00:00,2021-01-06 02:44:00+00:00,33815.52,33973.02,157.5,0.004657624664651,False,False
BTC,360,208,2021-01-06 00:43:01+00:00,michael_saylor,SELL,0.9,5.0,2021-01-06 00:44:00+00:00,2021-01-06 06:44:00+00:00,33815.52,34901.99,1086.4700000000012,0.032129329964466,False,False
BTC,720,208,2021-01-06 00:43:01+00:00,michael_saylor,SELL,0.9,5.0,2021-01-06 00:44:00+00:00,2021-01-06 12:44:00+00:00,33815.52,34594.43,778.9100000000035,0.0230340979526561,False,False
BTC,1440,208,2021-01-06 00:43:01+00:00,michael_saylor,SELL,0.9,5.0,2021-01-06 00:44:00+00:00,2021-01-07 00:44:00+00:00,33815.52,37194.05,3378.530000000006,0.099910632750879,False,False
BTC,1,209,2021-01-06 15:03:51+00:00,michael_saylor,BUY,0.8,5.0,2021-01-06 15:04:00+00:00,2021-01-06 15:05:00+00:00,34270.59,34263.53,-7.059999999997672,-0.0002060075417434,False,False
BTC,3,209,2021-01-06 15:03:51+00:00,michael_saylor,BUY,0.8,5.0,2021-01-06 15:04:00+00:00,2021-01-06 15:07:00+00:00,34270.59,34348.99,78.40000000000146,0.0022876758176617,False,True
BTC,5,209,2021-01-06 15:03:51+00:00,michael_saylor,BUY,0.8,5.0,2021-01-06 15:04:00+00:00,2021-01-06 15:09:00+00:00,34270.59,34441.84,171.25,0.0049969959665123,False,True
BTC,10,209,2021-01-06 15:03:51+00:00,michael_saylor,BUY,0.8,5.0,2021-01-06 15:04:00+00:00,2021-01-06 15:14:00+00:00,34270.59,34542.11,271.5200000000041,0.0079228282909633,False,True
BTC,15,209,2021-01-06 15:03:51+00:00,michael_saylor,BUY,0.8,5.0,2021-01-06 15:04:00+00:00,2021-01-06 15:19:00+00:00,34270.59,34687.67,417.08000000000175,0.0121702019136525,False,True
BTC,30,209,2021-01-06 15:03:51+00:00,michael_saylor,BUY,0.8,5.0,2021-01-06 15:04:00+00:00,2021-01-06 15:34:00+00:00,34270.59,34780.0,509.4100000000035,0.0148643487024881,False,True
BTC,60,209,2021-01-06 15:03:51+00:00,michael_saylor,BUY,0.8,5.0,2021-01-06 15:04:00+00:00,2021-01-06 16:04:00+00:00,34270.59,35057.99,787.4000000000015,0.0229759686074853,False,True
BTC,120,209,2021-01-06 15:03:51+00:00,michael_saylor,BUY,0.8,5.0,2021-01-06 15:04:00+00:00,2021-01-06 17:04:00+00:00,34270.59,34750.99,480.40000000000146,0.0140178502908762,False,True
BTC,360,209,2021-01-06 15:03:51+00:00,michael_saylor,BUY,0.8,5.0,2021-01-06 15:04:00+00:00,2021-01-06 21:04:00+00:00,34270.59,35819.23,1548.6400000000067,0.0451886004880571,False,True
BTC,720,209,2021-01-06 15:03:51+00:00,michael_saylor,BUY,0.8,5.0,2021-01-06 15:04:00+00:00,2021-01-07 03:04:00+00:00,34270.59,37012.48,2741.8900000000067,0.0800070847919457,False,True
BTC,1440,209,2021-01-06 15:03:51+00:00,michael_saylor,BUY,0.8,5.0,2021-01-06 15:04:00+00:00,2021-01-07 15:04:00+00:00,34270.59,38459.98,4189.390000000007,0.122244466757065,False,True
BTC,1,210,2021-01-07 12:55:32+00:00,michael_saylor,BUY,0.9,5.0,2021-01-07 12:56:00+00:00,2021-01-07 12:57:00+00:00,38024.01,38025.0,0.9899999999979628,2.6036180823589164e-05,False,True
BTC,3,210,2021-01-07 12:55:32+00:00,michael_saylor,BUY,0.9,5.0,2021-01-07 12:56:00+00:00,2021-01-07 12:59:00+00:00,38024.01,37941.36,-82.65000000000146,-0.0021736266111859,False,False
BTC,5,210,2021-01-07 12:55:32+00:00,michael_saylor,BUY,0.9,5.0,2021-01-07 12:56:00+00:00,2021-01-07 13:01:00+00:00,38024.01,38081.58,57.56999999999971,0.0015140433636536,False,True
BTC,10,210,2021-01-07 12:55:32+00:00,michael_saylor,BUY,0.9,5.0,2021-01-07 12:56:00+00:00,2021-01-07 13:06:00+00:00,38024.01,38292.8,268.7900000000009,0.0070689545894817,False,True
BTC,15,210,2021-01-07 12:55:32+00:00,michael_saylor,BUY,0.9,5.0,2021-01-07 12:56:00+00:00,2021-01-07 13:11:00+00:00,38024.01,38246.44,222.4300000000003,0.0058497249501039,False,True
BTC,30,210,2021-01-07 12:55:32+00:00,michael_saylor,BUY,0.9,5.0,2021-01-07 12:56:00+00:00,2021-01-07 13:26:00+00:00,38024.01,38346.51,322.5,0.0084814831470957,False,True
BTC,60,210,2021-01-07 12:55:32+00:00,michael_saylor,BUY,0.9,5.0,2021-01-07 12:56:00+00:00,2021-01-07 13:56:00+00:00,38024.01,38135.2,111.18999999999504,0.002924204995738,False,True
BTC,120,210,2021-01-07 12:55:32+00:00,michael_saylor,BUY,0.9,5.0,2021-01-07 12:56:00+00:00,2021-01-07 14:56:00+00:00,38024.01,38370.47,346.4599999999991,0.0091116113213729,False,True
BTC,360,210,2021-01-07 12:55:32+00:00,michael_saylor,BUY,0.9,5.0,2021-01-07 12:56:00+00:00,2021-01-07 18:56:00+00:00,38024.01,38489.24,465.2299999999959,0.0122351640450335,False,True
BTC,720,210,2021-01-07 12:55:32+00:00,michael_saylor,BUY,0.9,5.0,2021-01-07 12:56:00+00:00,2021-01-08 00:56:00+00:00,38024.01,38987.83,963.8199999999996,0.0253476684863064,False,True
BTC,1440,210,2021-01-07 12:55:32+00:00,michael_saylor,BUY,0.9,5.0,2021-01-07 12:56:00+00:00,2021-01-08 12:56:00+00:00,38024.01,41185.22,3161.209999999999,0.0831372072540481,False,True
BTC,1,211,2021-01-07 13:52:43+00:00,michael_saylor,BUY,0.9,4.0,2021-01-07 13:53:00+00:00,2021-01-07 13:54:00+00:00,38212.76,38180.01,-32.75,-0.0008570435634589,False,False
BTC,3,211,2021-01-07 13:52:43+00:00,michael_saylor,BUY,0.9,4.0,2021-01-07 13:53:00+00:00,2021-01-07 13:56:00+00:00,38212.76,38135.2,-77.56000000000495,-0.0020296885124237,False,False
BTC,5,211,2021-01-07 13:52:43+00:00,michael_saylor,BUY,0.9,4.0,2021-01-07 13:53:00+00:00,2021-01-07 13:58:00+00:00,38212.76,38147.56,-65.20000000000437,-0.0017062363461839,False,False
BTC,10,211,2021-01-07 13:52:43+00:00,michael_saylor,BUY,0.9,4.0,2021-01-07 13:53:00+00:00,2021-01-07 14:03:00+00:00,38212.76,38431.01,218.25,0.0057114429839666,False,True
BTC,15,211,2021-01-07 13:52:43+00:00,michael_saylor,BUY,0.9,4.0,2021-01-07 13:53:00+00:00,2021-01-07 14:08:00+00:00,38212.76,38490.28,277.5199999999968,0.0072624955643088,False,True
BTC,30,211,2021-01-07 13:52:43+00:00,michael_saylor,BUY,0.9,4.0,2021-01-07 13:53:00+00:00,2021-01-07 14:23:00+00:00,38212.76,38417.88,205.11999999999537,0.0053678404805095,False,True
BTC,60,211,2021-01-07 13:52:43+00:00,michael_saylor,BUY,0.9,4.0,2021-01-07 13:53:00+00:00,2021-01-07 14:53:00+00:00,38212.76,38281.66,68.90000000000146,0.0018030626419028,False,True
BTC,120,211,2021-01-07 13:52:43+00:00,michael_saylor,BUY,0.9,4.0,2021-01-07 13:53:00+00:00,2021-01-07 15:53:00+00:00,38212.76,38841.09,628.3299999999945,0.0164429368619276,False,True
BTC,360,211,2021-01-07 13:52:43+00:00,michael_saylor,BUY,0.9,4.0,2021-01-07 13:53:00+00:00,2021-01-07 19:53:00+00:00,38212.76,39136.15,923.3899999999994,0.024164441406483,False,True
BTC,720,211,2021-01-07 13:52:43+00:00,michael_saylor,BUY,0.9,4.0,2021-01-07 13:53:00+00:00,2021-01-08 01:53:00+00:00,38212.76,38576.54,363.7799999999989,0.0095198567180177,False,True
BTC,1440,211,2021-01-07 13:52:43+00:00,michael_saylor,BUY,0.9,4.0,2021-01-07 13:53:00+00:00,2021-01-08 13:53:00+00:00,38212.76,41266.58,3053.8199999999997,0.0799162374034223,False,True
BTC,1,212,2021-01-07 17:02:09+00:00,michael_saylor,BUY,0.9,4.0,2021-01-07 17:03:00+00:00,2021-01-07 17:04:00+00:00,39299.99,39227.25,-72.73999999999796,-0.0018508910562063,False,False
BTC,3,212,2021-01-07 17:02:09+00:00,michael_saylor,BUY,0.9,4.0,2021-01-07 17:03:00+00:00,2021-01-07 17:06:00+00:00,39299.99,39333.53,33.54000000000087,0.0008534353316629,False,True
BTC,5,212,2021-01-07 17:02:09+00:00,michael_saylor,BUY,0.9,4.0,2021-01-07 17:03:00+00:00,2021-01-07 17:08:00+00:00,39299.99,39315.84,15.849999999998545,0.0004033079906635,False,True
BTC,10,212,2021-01-07 17:02:09+00:00,michael_saylor,BUY,0.9,4.0,2021-01-07 17:03:00+00:00,2021-01-07 17:13:00+00:00,39299.99,39359.94,59.950000000004366,0.001525445680775,False,True
BTC,15,212,2021-01-07 17:02:09+00:00,michael_saylor,BUY,0.9,4.0,2021-01-07 17:03:00+00:00,2021-01-07 17:18:00+00:00,39299.99,39485.01,185.02000000000407,0.0047078892386487,False,True
BTC,30,212,2021-01-07 17:02:09+00:00,michael_saylor,BUY,0.9,4.0,2021-01-07 17:03:00+00:00,2021-01-07 17:33:00+00:00,39299.99,39541.97,241.9800000000032,0.0061572534751281,False,True
BTC,60,212,2021-01-07 17:02:09+00:00,michael_saylor,BUY,0.9,4.0,2021-01-07 17:03:00+00:00,2021-01-07 18:03:00+00:00,39299.99,39760.88,460.8899999999994,0.0117274839001231,False,True
BTC,120,212,2021-01-07 17:02:09+00:00,michael_saylor,BUY,0.9,4.0,2021-01-07 17:03:00+00:00,2021-01-07 19:03:00+00:00,39299.99,38459.62,-840.3699999999953,-0.0213834660008818,False,False
BTC,360,212,2021-01-07 17:02:09+00:00,michael_saylor,BUY,0.9,4.0,2021-01-07 17:03:00+00:00,2021-01-07 23:03:00+00:00,39299.99,39374.59,74.59999999999854,0.0018982193125239,False,True
BTC,720,212,2021-01-07 17:02:09+00:00,michael_saylor,BUY,0.9,4.0,2021-01-07 17:03:00+00:00,2021-01-08 05:03:00+00:00,39299.99,38627.09,-672.9000000000015,-0.0171221417613592,False,False
BTC,1440,212,2021-01-07 17:02:09+00:00,michael_saylor,BUY,0.9,4.0,2021-01-07 17:03:00+00:00,2021-01-08 17:03:00+00:00,39299.99,41349.05,2049.060000000005,0.052138944564617,False,True
BTC,1,213,2021-01-08 13:42:04+00:00,michael_saylor,BUY,0.8,4.0,2021-01-08 13:43:00+00:00,2021-01-08 13:44:00+00:00,41496.31,41423.61,-72.69999999999709,-0.0017519630058671,False,False
BTC,3,213,2021-01-08 13:42:04+00:00,michael_saylor,BUY,0.8,4.0,2021-01-08 13:43:00+00:00,2021-01-08 13:46:00+00:00,41496.31,41584.99,88.68000000000029,0.0021370574877621,False,True
BTC,5,213,2021-01-08 13:42:04+00:00,michael_saylor,BUY,0.8,4.0,2021-01-08 13:43:00+00:00,2021-01-08 13:48:00+00:00,41496.31,41510.5,14.190000000002328,0.0003419581162759,False,True
BTC,10,213,2021-01-08 13:42:04+00:00,michael_saylor,BUY,0.8,4.0,2021-01-08 13:43:00+00:00,2021-01-08 13:53:00+00:00,41496.31,41266.58,-229.72999999999593,-0.0055361549014839,False,False
BTC,15,213,2021-01-08 13:42:04+00:00,michael_saylor,BUY,0.8,4.0,2021-01-08 13:43:00+00:00,2021-01-08 13:58:00+00:00,41496.31,41371.67,-124.63999999999942,-0.003003640564667,False,False
BTC,30,213,2021-01-08 13:42:04+00:00,michael_saylor,BUY,0.8,4.0,2021-01-08 13:43:00+00:00,2021-01-08 14:13:00+00:00,41496.31,41234.96,-261.34999999999854,-0.0062981503656589,False,False
BTC,60,213,2021-01-08 13:42:04+00:00,michael_saylor,BUY,0.8,4.0,2021-01-08 13:43:00+00:00,2021-01-08 14:43:00+00:00,41496.31,41343.86,-152.4499999999971,-0.0036738206360998,False,False
BTC,120,213,2021-01-08 13:42:04+00:00,michael_saylor,BUY,0.8,4.0,2021-01-08 13:43:00+00:00,2021-01-08 15:43:00+00:00,41496.31,40507.32,-988.989999999998,-0.02383320348243,False,False
BTC,360,213,2021-01-08 13:42:04+00:00,michael_saylor,BUY,0.8,4.0,2021-01-08 13:43:00+00:00,2021-01-08 19:43:00+00:00,41496.31,40251.61,-1244.699999999997,-0.0299954381485967,False,False
BTC,720,213,2021-01-08 13:42:04+00:00,michael_saylor,BUY,0.8,4.0,2021-01-08 13:43:00+00:00,2021-01-09 01:43:00+00:00,41496.31,40046.62,-1449.689999999995,-0.0349353954604637,False,False
BTC,1440,213,2021-01-08 13:42:04+00:00,michael_saylor,BUY,0.8,4.0,2021-01-08 13:43:00+00:00,2021-01-09 13:43:00+00:00,41496.31,41041.48,-454.82999999999447,-0.0109607336170371,False,False
BTC,1,215,2021-01-09 13:07:45+00:00,michael_saylor,BUY,0.9,5.0,2021-01-09 13:08:00+00:00,2021-01-09 13:09:00+00:00,40958.17,40912.07,-46.099999999998545,-0.0011255385677631,False,False
BTC,3,215,2021-01-09 13:07:45+00:00,michael_saylor,BUY,0.9,5.0,2021-01-09 13:08:00+00:00,2021-01-09 13:11:00+00:00,40958.17,40823.28,-134.88999999999942,-0.0032933600304896,False,False
BTC,5,215,2021-01-09 13:07:45+00:00,michael_saylor,BUY,0.9,5.0,2021-01-09 13:08:00+00:00,2021-01-09 13:13:00+00:00,40958.17,40824.23,-133.93999999999505,-0.0032701656348414,False,False
BTC,10,215,2021-01-09 13:07:45+00:00,michael_saylor,BUY,0.9,5.0,2021-01-09 13:08:00+00:00,2021-01-09 13:18:00+00:00,40958.17,40836.47,-121.69999999999708,-0.0029713241582814,False,False
BTC,15,215,2021-01-09 13:07:45+00:00,michael_saylor,BUY,0.9,5.0,2021-01-09 13:08:00+00:00,2021-01-09 13:23:00+00:00,40958.17,40864.92,-93.25,-0.0022767130465057,False,False
BTC,30,215,2021-01-09 13:07:45+00:00,michael_saylor,BUY,0.9,5.0,2021-01-09 13:08:00+00:00,2021-01-09 13:38:00+00:00,40958.17,41119.28,161.11000000000058,0.0039335253503757,False,True
BTC,60,215,2021-01-09 13:07:45+00:00,michael_saylor,BUY,0.9,5.0,2021-01-09 13:08:00+00:00,2021-01-09 14:08:00+00:00,40958.17,41289.96,331.7900000000009,0.0081007037179639,False,True
BTC,120,215,2021-01-09 13:07:45+00:00,michael_saylor,BUY,0.9,5.0,2021-01-09 13:08:00+00:00,2021-01-09 15:08:00+00:00,40958.17,40857.35,-100.81999999999972,-0.0024615357570907,False,False
BTC,360,215,2021-01-09 13:07:45+00:00,michael_saylor,BUY,0.9,5.0,2021-01-09 13:08:00+00:00,2021-01-09 19:08:00+00:00,40958.17,40611.56,-346.6100000000006,-0.0084625362900735,False,False
BTC,720,215,2021-01-09 13:07:45+00:00,michael_saylor,BUY,0.9,5.0,2021-01-09 13:08:00+00:00,2021-01-10 01:08:00+00:00,40958.17,40520.43,-437.7399999999979,-0.010687489211554,False,False
BTC,1440,215,2021-01-09 13:07:45+00:00,michael_saylor,BUY,0.9,5.0,2021-01-09 13:08:00+00:00,2021-01-10 13:08:00+00:00,40958.17,39710.1,-1248.0699999999997,-0.0304718203962725,False,False
BTC,1,216,2021-01-10 14:23:35+00:00,michael_saylor,BUY,0.8,4.0,2021-01-10 14:24:00+00:00,2021-01-10 14:25:00+00:00,39596.12,39696.46,100.33999999999652,0.0025340866731385,False,True
BTC,3,216,2021-01-10 14:23:35+00:00,michael_saylor,BUY,0.8,4.0,2021-01-10 14:24:00+00:00,2021-01-10 14:27:00+00:00,39596.12,39803.11,206.98999999999796,0.0052275323945881,False,True
BTC,5,216,2021-01-10 14:23:35+00:00,michael_saylor,BUY,0.8,4.0,2021-01-10 14:24:00+00:00,2021-01-10 14:29:00+00:00,39596.12,39764.82,168.6999999999971,0.0042605184548384,False,True
BTC,10,216,2021-01-10 14:23:35+00:00,michael_saylor,BUY,0.8,4.0,2021-01-10 14:24:00+00:00,2021-01-10 14:34:00+00:00,39596.12,39758.98,162.86000000000058,0.0041130292564019,False,True
BTC,15,216,2021-01-10 14:23:35+00:00,michael_saylor,BUY,0.8,4.0,2021-01-10 14:24:00+00:00,2021-01-10 14:39:00+00:00,39596.12,39548.92,-47.200000000004366,-0.0011920359873645,False,False
BTC,30,216,2021-01-10 14:23:35+00:00,michael_saylor,BUY,0.8,4.0,2021-01-10 14:24:00+00:00,2021-01-10 14:54:00+00:00,39596.12,39326.56,-269.56000000000495,-0.0068077377278381,False,False
BTC,60,216,2021-01-10 14:23:35+00:00,michael_saylor,BUY,0.8,4.0,2021-01-10 14:24:00+00:00,2021-01-10 15:24:00+00:00,39596.12,39752.82,156.6999999999971,0.0039574584580508,False,True
BTC,120,216,2021-01-10 14:23:35+00:00,michael_saylor,BUY,0.8,4.0,2021-01-10 14:24:00+00:00,2021-01-10 16:24:00+00:00,39596.12,39514.5,-81.62000000000262,-0.0020613130781501,False,False
BTC,360,216,2021-01-10 14:23:35+00:00,michael_saylor,BUY,0.8,4.0,2021-01-10 14:24:00+00:00,2021-01-10 20:24:00+00:00,39596.12,36516.98,-3079.1399999999994,-0.0777636798757049,False,False
BTC,720,216,2021-01-10 14:23:35+00:00,michael_saylor,BUY,0.8,4.0,2021-01-10 14:24:00+00:00,2021-01-11 02:24:00+00:00,39596.12,36697.51,-2898.6100000000006,-0.0732043947740334,False,False
BTC,1440,216,2021-01-10 14:23:35+00:00,michael_saylor,BUY,0.8,4.0,2021-01-10 14:24:00+00:00,2021-01-11 14:24:00+00:00,39596.12,32726.61,-6869.510000000002,-0.1734894732110116,False,False
BTC,1,217,2021-01-11 21:43:18+00:00,michael_saylor,BUY,0.9,5.0,2021-01-11 21:44:00+00:00,2021-01-11 21:45:00+00:00,34158.89,33950.9,-207.98999999999796,-0.0060888980877305,False,False
BTC,3,217,2021-01-11 21:43:18+00:00,michael_saylor,BUY,0.9,5.0,2021-01-11 21:44:00+00:00,2021-01-11 21:47:00+00:00,34158.89,33971.24,-187.65000000000143,-0.0054934454837379,False,False
BTC,5,217,2021-01-11 21:43:18+00:00,michael_saylor,BUY,0.9,5.0,2021-01-11 21:44:00+00:00,2021-01-11 21:49:00+00:00,34158.89,33975.72,-183.16999999999825,-0.0053622936810885,False,False
BTC,10,217,2021-01-11 21:43:18+00:00,michael_saylor,BUY,0.9,5.0,2021-01-11 21:44:00+00:00,2021-01-11 21:54:00+00:00,34158.89,34086.87,-72.0199999999968,-0.0021083823274115,False,False
BTC,15,217,2021-01-11 21:43:18+00:00,michael_saylor,BUY,0.9,5.0,2021-01-11 21:44:00+00:00,2021-01-11 21:59:00+00:00,34158.89,33968.09,-190.8000000000029,-0.0055856615949758,False,False
BTC,30,217,2021-01-11 21:43:18+00:00,michael_saylor,BUY,0.9,5.0,2021-01-11 21:44:00+00:00,2021-01-11 22:14:00+00:00,34158.89,34341.09,182.1999999999971,0.0053338969738184,False,True
BTC,60,217,2021-01-11 21:43:18+00:00,michael_saylor,BUY,0.9,5.0,2021-01-11 21:44:00+00:00,2021-01-11 22:44:00+00:00,34158.89,34481.43,322.5400000000009,0.0094423442916324,False,True
BTC,120,217,2021-01-11 21:43:18+00:00,michael_saylor,BUY,0.9,5.0,2021-01-11 21:44:00+00:00,2021-01-11 23:44:00+00:00,34158.89,35353.48,1194.5900000000038,0.0349715696265307,False,True
BTC,360,217,2021-01-11 21:43:18+00:00,michael_saylor,BUY,0.9,5.0,2021-01-11 21:44:00+00:00,2021-01-12 03:44:00+00:00,34158.89,34815.36,656.4700000000012,0.0192181303315184,False,True
BTC,720,217,2021-01-11 21:43:18+00:00,michael_saylor,BUY,0.9,5.0,2021-01-11 21:44:00+00:00,2021-01-12 09:44:00+00:00,34158.89,36033.38,1874.489999999998,0.0548756121759225,False,True
BTC,1440,217,2021-01-11 21:43:18+00:00,michael_saylor,BUY,0.9,5.0,2021-01-11 21:44:00+00:00,2021-01-12 21:44:00+00:00,34158.89,34266.96,108.06999999999972,0.0031637444893554,False,True
BTC,1,218,2021-01-12 00:38:51+00:00,michael_saylor,SELL,0.9,5.0,2021-01-12 00:39:00+00:00,2021-01-12 00:40:00+00:00,34897.7,34841.0,-56.69999999999709,-0.0016247489089538,False,True
BTC,3,218,2021-01-12 00:38:51+00:00,michael_saylor,SELL,0.9,5.0,2021-01-12 00:39:00+00:00,2021-01-12 00:42:00+00:00,34897.7,34937.45,39.75,0.0011390435472824,False,False
BTC,5,218,2021-01-12 00:38:51+00:00,michael_saylor,SELL,0.9,5.0,2021-01-12 00:39:00+00:00,2021-01-12 00:44:00+00:00,34897.7,35120.13,222.4300000000003,0.0063737724835734,False,False
BTC,10,218,2021-01-12 00:38:51+00:00,michael_saylor,SELL,0.9,5.0,2021-01-12 00:39:00+00:00,2021-01-12 00:49:00+00:00,34897.7,35091.16,193.4600000000064,0.0055436318152774,False,False
BTC,15,218,2021-01-12 00:38:51+00:00,michael_saylor,SELL,0.9,5.0,2021-01-12 00:39:00+00:00,2021-01-12 00:54:00+00:00,34897.7,34966.62,68.92000000000553,0.0019749152522947,False,False
BTC,30,218,2021-01-12 00:38:51+00:00,michael_saylor,SELL,0.9,5.0,2021-01-12 00:39:00+00:00,2021-01-12 01:09:00+00:00,34897.7,35374.31,476.6100000000006,0.0136573470457938,False,False
BTC,60,218,2021-01-12 00:38:51+00:00,michael_saylor,SELL,0.9,5.0,2021-01-12 00:39:00+00:00,2021-01-12 01:39:00+00:00,34897.7,34437.93,-459.7699999999968,-0.013174793754316,False,True
BTC,120,218,2021-01-12 00:38:51+00:00,michael_saylor,SELL,0.9,5.0,2021-01-12 00:39:00+00:00,2021-01-12 02:39:00+00:00,34897.7,34340.07,-557.6299999999974,-0.0159789900193994,False,True
BTC,360,218,2021-01-12 00:38:51+00:00,michael_saylor,SELL,0.9,5.0,2021-01-12 00:39:00+00:00,2021-01-12 06:39:00+00:00,34897.7,36180.42,1282.7200000000012,0.0367565770810111,False,False
BTC,720,218,2021-01-12 00:38:51+00:00,michael_saylor,SELL,0.9,5.0,2021-01-12 00:39:00+00:00,2021-01-12 12:39:00+00:00,34897.7,35136.84,239.13999999999945,0.0068526006011857,False,False
BTC,1440,218,2021-01-12 00:38:51+00:00,michael_saylor,SELL,0.9,5.0,2021-01-12 00:39:00+00:00,2021-01-13 00:39:00+00:00,34897.7,32907.39,-1990.3099999999977,-0.0570326984299824,False,True
BTC,1,219,2021-01-12 13:42:19+00:00,michael_saylor,BUY,0.8,5.0,2021-01-12 13:43:00+00:00,2021-01-12 13:44:00+00:00,33874.12,33942.19,68.06999999999971,0.0020094986969403,False,True
BTC,3,219,2021-01-12 13:42:19+00:00,michael_saylor,BUY,0.8,5.0,2021-01-12 13:43:00+00:00,2021-01-12 13:46:00+00:00,33874.12,33937.46,63.33999999999651,0.0018698640732215,False,True
BTC,5,219,2021-01-12 13:42:19+00:00,michael_saylor,BUY,0.8,5.0,2021-01-12 13:43:00+00:00,2021-01-12 13:48:00+00:00,33874.12,33758.61,-115.51000000000204,-0.0034099778828203,False,False
BTC,10,219,2021-01-12 13:42:19+00:00,michael_saylor,BUY,0.8,5.0,2021-01-12 13:43:00+00:00,2021-01-12 13:53:00+00:00,33874.12,33918.99,44.86999999999534,0.0013246100562906,False,True
BTC,15,219,2021-01-12 13:42:19+00:00,michael_saylor,BUY,0.8,5.0,2021-01-12 13:43:00+00:00,2021-01-12 13:58:00+00:00,33874.12,33486.59,-387.5300000000061,-0.0114402971944365,False,False
BTC,30,219,2021-01-12 13:42:19+00:00,michael_saylor,BUY,0.8,5.0,2021-01-12 13:43:00+00:00,2021-01-12 14:13:00+00:00,33874.12,33850.0,-24.12000000000262,-0.0007120480177788,False,False
BTC,60,219,2021-01-12 13:42:19+00:00,michael_saylor,BUY,0.8,5.0,2021-01-12 13:43:00+00:00,2021-01-12 14:43:00+00:00,33874.12,33246.11,-628.010000000002,-0.0185395222075142,False,False
BTC,120,219,2021-01-12 13:42:19+00:00,michael_saylor,BUY,0.8,5.0,2021-01-12 13:43:00+00:00,2021-01-12 15:43:00+00:00,33874.12,33870.02,-4.100000000005821,-0.0001210363545977,False,False
BTC,360,219,2021-01-12 13:42:19+00:00,michael_saylor,BUY,0.8,5.0,2021-01-12 13:43:00+00:00,2021-01-12 19:43:00+00:00,33874.12,34274.72,400.59999999999854,0.0118261374760436,False,True
BTC,720,219,2021-01-12 13:42:19+00:00,michael_saylor,BUY,0.8,5.0,2021-01-12 13:43:00+00:00,2021-01-13 01:43:00+00:00,33874.12,32730.0,-1144.1200000000026,-0.0337756375663781,False,False
BTC,1440,219,2021-01-12 13:42:19+00:00,michael_saylor,BUY,0.8,5.0,2021-01-12 13:43:00+00:00,2021-01-13 13:43:00+00:00,33874.12,34708.02,833.8999999999942,0.0246176136826578,False,True
BTC,1,220,2021-01-13 13:05:58+00:00,michael_saylor,BUY,0.8,4.0,2021-01-13 13:06:00+00:00,2021-01-13 13:07:00+00:00,34169.91,34259.78,89.86999999999534,0.0026300917971395,False,True
BTC,3,220,2021-01-13 13:05:58+00:00,michael_saylor,BUY,0.8,4.0,2021-01-13 13:06:00+00:00,2021-01-13 13:09:00+00:00,34169.91,34493.27,323.3599999999933,0.0094632968011912,False,True
BTC,5,220,2021-01-13 13:05:58+00:00,michael_saylor,BUY,0.8,4.0,2021-01-13 13:06:00+00:00,2021-01-13 13:11:00+00:00,34169.91,34513.02,343.1099999999933,0.0100412907145495,False,True
BTC,10,220,2021-01-13 13:05:58+00:00,michael_saylor,BUY,0.8,4.0,2021-01-13 13:06:00+00:00,2021-01-13 13:16:00+00:00,34169.91,34431.64,261.7299999999959,0.0076596631363675,False,True
BTC,15,220,2021-01-13 13:05:58+00:00,michael_saylor,BUY,0.8,4.0,2021-01-13 13:06:00+00:00,2021-01-13 13:21:00+00:00,34169.91,34565.54,395.6299999999974,0.0115783155413636,False,True
BTC,30,220,2021-01-13 13:05:58+00:00,michael_saylor,BUY,0.8,4.0,2021-01-13 13:06:00+00:00,2021-01-13 13:36:00+00:00,34169.91,34753.99,584.0799999999945,0.0170934017678125,False,True
BTC,60,220,2021-01-13 13:05:58+00:00,michael_saylor,BUY,0.8,4.0,2021-01-13 13:06:00+00:00,2021-01-13 14:06:00+00:00,34169.91,34405.95,236.0399999999936,0.0069078320662826,False,True
BTC,120,220,2021-01-13 13:05:58+00:00,michael_saylor,BUY,0.8,4.0,2021-01-13 13:06:00+00:00,2021-01-13 15:06:00+00:00,34169.91,34404.46,234.54999999999563,0.0068642264495281,False,True
BTC,360,220,2021-01-13 13:05:58+00:00,michael_saylor,BUY,0.8,4.0,2021-01-13 13:06:00+00:00,2021-01-13 19:06:00+00:00,34169.91,35759.81,1589.8999999999942,0.0465292416632058,False,True
BTC,720,220,2021-01-13 13:05:58+00:00,michael_saylor,BUY,0.8,4.0,2021-01-13 13:06:00+00:00,2021-01-14 01:06:00+00:00,34169.91,37559.24,3389.3299999999945,0.0991904866006376,False,True
BTC,1440,220,2021-01-13 13:05:58+00:00,michael_saylor,BUY,0.8,4.0,2021-01-13 13:06:00+00:00,2021-01-14 13:06:00+00:00,34169.91,38396.92,4227.009999999995,0.1237056228711165,False,True
BTC,1,221,2021-01-13 15:08:07+00:00,michael_saylor,BUY,0.8,4.0,2021-01-13 15:09:00+00:00,2021-01-13 15:10:00+00:00,34263.84,34313.72,49.88000000000466,0.0014557621095593,False,True
BTC,3,221,2021-01-13 15:08:07+00:00,michael_saylor,BUY,0.8,4.0,2021-01-13 15:09:00+00:00,2021-01-13 15:12:00+00:00,34263.84,34331.05,67.2100000000064,0.0019615431311845,False,True
BTC,5,221,2021-01-13 15:08:07+00:00,michael_saylor,BUY,0.8,4.0,2021-01-13 15:09:00+00:00,2021-01-13 15:14:00+00:00,34263.84,34400.01,136.17000000000553,0.0039741605144083,False,True
BTC,10,221,2021-01-13 15:08:07+00:00,michael_saylor,BUY,0.8,4.0,2021-01-13 15:09:00+00:00,2021-01-13 15:19:00+00:00,34263.84,34517.95,254.11000000000055,0.0074162732489995,False,True
BTC,15,221,2021-01-13 15:08:07+00:00,michael_saylor,BUY,0.8,4.0,2021-01-13 15:09:00+00:00,2021-01-13 15:24:00+00:00,34263.84,34539.47,275.63000000000466,0.0080443406226507,False,True
BTC,30,221,2021-01-13 15:08:07+00:00,michael_saylor,BUY,0.8,4.0,2021-01-13 15:09:00+00:00,2021-01-13 15:39:00+00:00,34263.84,34687.67,423.83000000000175,0.0123696001382215,False,True
BTC,60,221,2021-01-13 15:08:07+00:00,michael_saylor,BUY,0.8,4.0,2021-01-13 15:09:00+00:00,2021-01-13 16:09:00+00:00,34263.84,34636.62,372.7800000000061,0.0108796912430132,False,True
BTC,120,221,2021-01-13 15:08:07+00:00,michael_saylor,BUY,0.8,4.0,2021-01-13 15:09:00+00:00,2021-01-13 17:09:00+00:00,34263.84,34765.92,502.08000000000175,0.0146533488365577,False,True
BTC,360,221,2021-01-13 15:08:07+00:00,michael_saylor,BUY,0.8,4.0,2021-01-13 15:09:00+00:00,2021-01-13 21:09:00+00:00,34263.84,36340.06,2076.220000000001,0.0605950763253622,False,True
BTC,720,221,2021-01-13 15:08:07+00:00,michael_saylor,BUY,0.8,4.0,2021-01-13 15:09:00+00:00,2021-01-14 03:09:00+00:00,34263.84,37293.82,3029.980000000003,0.0884308355397411,False,True
BTC,1440,221,2021-01-13 15:08:07+00:00,michael_saylor,BUY,0.8,4.0,2021-01-13 15:09:00+00:00,2021-01-14 15:09:00+00:00,34263.84,39580.15,5316.310000000005,0.1551580324913963,False,True
BTC,1,222,2021-01-14 00:16:57+00:00,jack,BUY,0.8,4.0,2021-01-14 00:17:00+00:00,2021-01-14 00:18:00+00:00,37849.1,37771.97,-77.12999999999738,-0.0020378291689894,False,False
BTC,3,222,2021-01-14 00:16:57+00:00,jack,BUY,0.8,4.0,2021-01-14 00:17:00+00:00,2021-01-14 00:20:00+00:00,37849.1,37900.09,50.98999999999796,0.0013471918751039,False,True
BTC,5,222,2021-01-14 00:16:57+00:00,jack,BUY,0.8,4.0,2021-01-14 00:17:00+00:00,2021-01-14 00:22:00+00:00,37849.1,37833.68,-15.419999999998254,-0.0004074073095528,False,False
BTC,10,222,2021-01-14 00:16:57+00:00,jack,BUY,0.8,4.0,2021-01-14 00:17:00+00:00,2021-01-14 00:27:00+00:00,37849.1,37834.32,-14.779999999998836,-0.0003904980567569,False,False
BTC,15,222,2021-01-14 00:16:57+00:00,jack,BUY,0.8,4.0,2021-01-14 00:17:00+00:00,2021-01-14 00:32:00+00:00,37849.1,37760.7,-88.40000000000146,-0.0023355905424435,False,False
BTC,30,222,2021-01-14 00:16:57+00:00,jack,BUY,0.8,4.0,2021-01-14 00:17:00+00:00,2021-01-14 00:47:00+00:00,37849.1,37777.13,-71.97000000000116,-0.0019014983183219,False,False
BTC,60,222,2021-01-14 00:16:57+00:00,jack,BUY,0.8,4.0,2021-01-14 00:17:00+00:00,2021-01-14 01:17:00+00:00,37849.1,37623.44,-225.65999999999624,-0.0059620968530294,False,False
BTC,120,222,2021-01-14 00:16:57+00:00,jack,BUY,0.8,4.0,2021-01-14 00:17:00+00:00,2021-01-14 02:17:00+00:00,37849.1,37365.81,-483.2900000000009,-0.0127688637246328,False,False
BTC,360,222,2021-01-14 00:16:57+00:00,jack,BUY,0.8,4.0,2021-01-14 00:17:00+00:00,2021-01-14 06:17:00+00:00,37849.1,37752.18,-96.91999999999824,-0.0025606949702898,False,False
BTC,720,222,2021-01-14 00:16:57+00:00,jack,BUY,0.8,4.0,2021-01-14 00:17:00+00:00,2021-01-14 12:17:00+00:00,37849.1,38082.7,233.59999999999857,0.0061718772705295,False,True
BTC,1440,222,2021-01-14 00:16:57+00:00,jack,BUY,0.8,4.0,2021-01-14 00:17:00+00:00,2021-01-15 00:17:00+00:00,37849.1,39510.01,1660.9100000000035,0.0438824172833701,False,True
BTC,1,223,2021-01-14 12:33:58+00:00,michael_saylor,BUY,0.8,4.0,2021-01-14 12:34:00+00:00,2021-01-14 12:35:00+00:00,38009.19,38071.59,62.39999999999418,0.0016417082289834,False,True
BTC,3,223,2021-01-14 12:33:58+00:00,michael_saylor,BUY,0.8,4.0,2021-01-14 12:34:00+00:00,2021-01-14 12:37:00+00:00,38009.19,38139.0,129.80999999999767,0.0034152266859672,False,True
BTC,5,223,2021-01-14 12:33:58+00:00,michael_saylor,BUY,0.8,4.0,2021-01-14 12:34:00+00:00,2021-01-14 12:39:00+00:00,38009.19,38151.75,142.55999999999767,0.0037506718769854,False,True
BTC,10,223,2021-01-14 12:33:58+00:00,michael_saylor,BUY,0.8,4.0,2021-01-14 12:34:00+00:00,2021-01-14 12:44:00+00:00,38009.19,38162.9,153.70999999999913,0.0040440219852093,False,True
BTC,15,223,2021-01-14 12:33:58+00:00,michael_saylor,BUY,0.8,4.0,2021-01-14 12:34:00+00:00,2021-01-14 12:49:00+00:00,38009.19,38129.51,120.31999999999972,0.0031655502261426,False,True
BTC,30,223,2021-01-14 12:33:58+00:00,michael_saylor,BUY,0.8,4.0,2021-01-14 12:34:00+00:00,2021-01-14 13:04:00+00:00,38009.19,38382.18,372.9899999999979,0.0098131530821887,False,True
BTC,60,223,2021-01-14 12:33:58+00:00,michael_saylor,BUY,0.8,4.0,2021-01-14 12:34:00+00:00,2021-01-14 13:34:00+00:00,38009.19,38527.54,518.3499999999985,0.0136374913540645,False,True
BTC,120,223,2021-01-14 12:33:58+00:00,michael_saylor,BUY,0.8,4.0,2021-01-14 12:34:00+00:00,2021-01-14 14:34:00+00:00,38009.19,39413.81,1404.6199999999951,0.036954746996713,False,True
BTC,360,223,2021-01-14 12:33:58+00:00,michael_saylor,BUY,0.8,4.0,2021-01-14 12:34:00+00:00,2021-01-14 18:34:00+00:00,38009.19,39424.56,1415.3699999999951,0.0372375733342382,False,True
BTC,720,223,2021-01-14 12:33:58+00:00,michael_saylor,BUY,0.8,4.0,2021-01-14 12:34:00+00:00,2021-01-15 00:34:00+00:00,38009.19,39478.26,1469.0699999999997,0.0386503895505271,False,True
BTC,1440,223,2021-01-14 12:33:58+00:00,michael_saylor,BUY,0.8,4.0,2021-01-14 12:34:00+00:00,2021-01-15 12:34:00+00:00,38009.19,37324.56,-684.6300000000047,-0.018012222833478,False,False
BTC,1,224,2021-01-14 14:52:27+00:00,michael_saylor,BUY,0.9,5.0,2021-01-14 14:53:00+00:00,2021-01-14 14:54:00+00:00,39704.99,39641.58,-63.40999999999622,-0.0015970284843289,False,False
BTC,3,224,2021-01-14 14:52:27+00:00,michael_saylor,BUY,0.9,5.0,2021-01-14 14:53:00+00:00,2021-01-14 14:56:00+00:00,39704.99,39559.94,-145.04999999999563,-0.0036531932132458,False,False
BTC,5,224,2021-01-14 14:52:27+00:00,michael_saylor,BUY,0.9,5.0,2021-01-14 14:53:00+00:00,2021-01-14 14:58:00+00:00,39704.99,39638.2,-66.79000000000087,-0.0016821563234243,False,False
BTC,10,224,2021-01-14 14:52:27+00:00,michael_saylor,BUY,0.9,5.0,2021-01-14 14:53:00+00:00,2021-01-14 15:03:00+00:00,39704.99,39520.93,-184.05999999999767,-0.0046356893680113,False,False
BTC,15,224,2021-01-14 14:52:27+00:00,michael_saylor,BUY,0.9,5.0,2021-01-14 14:53:00+00:00,2021-01-14 15:08:00+00:00,39704.99,39562.83,-142.15999999999622,-0.0035804063922443,False,False
BTC,30,224,2021-01-14 14:52:27+00:00,michael_saylor,BUY,0.9,5.0,2021-01-14 14:53:00+00:00,2021-01-14 15:23:00+00:00,39704.99,39626.38,-78.61000000000058,-0.0019798519027457,False,False
BTC,60,224,2021-01-14 14:52:27+00:00,michael_saylor,BUY,0.9,5.0,2021-01-14 14:53:00+00:00,2021-01-14 15:53:00+00:00,39704.99,39550.76,-154.22999999999593,-0.0038843984093685,False,False
BTC,120,224,2021-01-14 14:52:27+00:00,michael_saylor,BUY,0.9,5.0,2021-01-14 14:53:00+00:00,2021-01-14 16:53:00+00:00,39704.99,39390.72,-314.2699999999968,-0.0079151260332768,False,False
BTC,360,224,2021-01-14 14:52:27+00:00,michael_saylor,BUY,0.9,5.0,2021-01-14 14:53:00+00:00,2021-01-14 20:53:00+00:00,39704.99,39435.37,-269.61999999999534,-0.0067905822416778,False,False
BTC,720,224,2021-01-14 14:52:27+00:00,michael_saylor,BUY,0.9,5.0,2021-01-14 14:53:00+00:00,2021-01-15 02:53:00+00:00,39704.99,39200.68,-504.3099999999977,-0.0127014261935338,False,False
BTC,1440,224,2021-01-14 14:52:27+00:00,michael_saylor,BUY,0.9,5.0,2021-01-14 14:53:00+00:00,2021-01-15 14:53:00+00:00,39704.99,37026.66,-2678.3299999999945,-0.0674557530426275,False,False
BTC,1,226,2021-01-15 04:40:10+00:00,michael_saylor,BUY,0.9,4.0,2021-01-15 04:41:00+00:00,2021-01-15 04:42:00+00:00,38562.07,38679.8,117.7300000000032,0.0030530000075204,False,True
BTC,3,226,2021-01-15 04:40:10+00:00,michael_saylor,BUY,0.9,4.0,2021-01-15 04:41:00+00:00,2021-01-15 04:44:00+00:00,38562.07,38658.1,96.02999999999884,0.0024902708801679,False,True
BTC,5,226,2021-01-15 04:40:10+00:00,michael_saylor,BUY,0.9,4.0,2021-01-15 04:41:00+00:00,2021-01-15 04:46:00+00:00,38562.07,38698.73,136.6600000000035,0.0035438968914273,False,True
BTC,10,226,2021-01-15 04:40:10+00:00,michael_saylor,BUY,0.9,4.0,2021-01-15 04:41:00+00:00,2021-01-15 04:51:00+00:00,38562.07,38590.47,28.400000000001455,0.0007364749869496,False,True
BTC,15,226,2021-01-15 04:40:10+00:00,michael_saylor,BUY,0.9,4.0,2021-01-15 04:41:00+00:00,2021-01-15 04:56:00+00:00,38562.07,38474.08,-87.98999999999796,-0.0022817758486512,False,False
BTC,30,226,2021-01-15 04:40:10+00:00,michael_saylor,BUY,0.9,4.0,2021-01-15 04:41:00+00:00,2021-01-15 05:11:00+00:00,38562.07,38650.01,87.94000000000233,0.0022804792377588,False,True
BTC,60,226,2021-01-15 04:40:10+00:00,michael_saylor,BUY,0.9,4.0,2021-01-15 04:41:00+00:00,2021-01-15 05:41:00+00:00,38562.07,38500.87,-61.19999999999709,-0.0015870517324406,False,False
BTC,120,226,2021-01-15 04:40:10+00:00,michael_saylor,BUY,0.9,4.0,2021-01-15 04:41:00+00:00,2021-01-15 06:41:00+00:00,38562.07,37900.0,-662.0699999999997,-0.0171689434721735,False,False
BTC,360,226,2021-01-15 04:40:10+00:00,michael_saylor,BUY,0.9,4.0,2021-01-15 04:41:00+00:00,2021-01-15 10:41:00+00:00,38562.07,38477.09,-84.9800000000032,-0.0022037198729218,False,False
BTC,720,226,2021-01-15 04:40:10+00:00,michael_saylor,BUY,0.9,4.0,2021-01-15 04:41:00+00:00,2021-01-15 16:41:00+00:00,38562.07,35964.74,-2597.3300000000017,-0.0673545273892195,False,False
BTC,1440,226,2021-01-15 04:40:10+00:00,michael_saylor,BUY,0.9,4.0,2021-01-15 04:41:00+00:00,2021-01-16 04:41:00+00:00,38562.07,36416.79,-2145.279999999999,-0.0556318683099739,False,False
BTC,1,227,2021-01-15 14:29:53+00:00,michael_saylor,BUY,0.9,5.0,2021-01-15 14:30:00+00:00,2021-01-15 14:31:00+00:00,37173.24,37147.4,-25.839999999996508,-0.0006951236965084,False,False
BTC,3,227,2021-01-15 14:29:53+00:00,michael_saylor,BUY,0.9,5.0,2021-01-15 14:30:00+00:00,2021-01-15 14:33:00+00:00,37173.24,37168.94,-4.299999999995634,-0.000115674608939,False,False
BTC,5,227,2021-01-15 14:29:53+00:00,michael_saylor,BUY,0.9,5.0,2021-01-15 14:30:00+00:00,2021-01-15 14:35:00+00:00,37173.24,36896.35,-276.8899999999994,-0.0074486377835238,False,False
BTC,10,227,2021-01-15 14:29:53+00:00,michael_saylor,BUY,0.9,5.0,2021-01-15 14:30:00+00:00,2021-01-15 14:40:00+00:00,37173.24,37029.55,-143.68999999999505,-0.0038654150135956,False,False
BTC,15,227,2021-01-15 14:29:53+00:00,michael_saylor,BUY,0.9,5.0,2021-01-15 14:30:00+00:00,2021-01-15 14:45:00+00:00,37173.24,36824.13,-349.1100000000006,-0.0093914331922641,False,False
BTC,30,227,2021-01-15 14:29:53+00:00,michael_saylor,BUY,0.9,5.0,2021-01-15 14:30:00+00:00,2021-01-15 15:00:00+00:00,37173.24,36885.54,-287.6999999999971,-0.0077394383701823,False,False
BTC,60,227,2021-01-15 14:29:53+00:00,michael_saylor,BUY,0.9,5.0,2021-01-15 14:30:00+00:00,2021-01-15 15:30:00+00:00,37173.24,36905.31,-267.9300000000003,-0.0072076041797809,False,False
BTC,120,227,2021-01-15 14:29:53+00:00,michael_saylor,BUY,0.9,5.0,2021-01-15 14:30:00+00:00,2021-01-15 16:30:00+00:00,37173.24,36165.14,-1008.0999999999984,-0.0271189705282616,False,False
BTC,360,227,2021-01-15 14:29:53+00:00,michael_saylor,BUY,0.9,5.0,2021-01-15 14:30:00+00:00,2021-01-15 20:30:00+00:00,37173.24,35446.69,-1726.5499999999956,-0.0464460455962406,False,False
BTC,720,227,2021-01-15 14:29:53+00:00,michael_saylor,BUY,0.9,5.0,2021-01-15 14:30:00+00:00,2021-01-16 02:30:00+00:00,37173.24,36692.51,-480.7299999999959,-0.0129321522686748,False,False
BTC,1440,227,2021-01-15 14:29:53+00:00,michael_saylor,BUY,0.9,5.0,2021-01-15 14:30:00+00:00,2021-01-16 14:30:00+00:00,37173.24,36866.29,-306.9499999999971,-0.0082572840032237,False,False
BTC,1,228,2021-01-16 13:41:27+00:00,michael_saylor,BUY,0.8,4.0,2021-01-16 13:42:00+00:00,2021-01-16 13:43:00+00:00,37315.0,37295.92,-19.080000000001743,-0.000511322524454,False,False
BTC,3,228,2021-01-16 13:41:27+00:00,michael_saylor,BUY,0.8,4.0,2021-01-16 13:42:00+00:00,2021-01-16 13:45:00+00:00,37315.0,37309.99,-5.010000000002037,-0.0001342623609808,False,False
BTC,5,228,2021-01-16 13:41:27+00:00,michael_saylor,BUY,0.8,4.0,2021-01-16 13:42:00+00:00,2021-01-16 13:47:00+00:00,37315.0,37338.92,23.919999999998257,0.0006410290767787,False,True
BTC,10,228,2021-01-16 13:41:27+00:00,michael_saylor,BUY,0.8,4.0,2021-01-16 13:42:00+00:00,2021-01-16 13:52:00+00:00,37315.0,37318.74,3.7399999999979623,0.0001002277904327,False,True
BTC,15,228,2021-01-16 13:41:27+00:00,michael_saylor,BUY,0.8,4.0,2021-01-16 13:42:00+00:00,2021-01-16 13:57:00+00:00,37315.0,37110.83,-204.16999999999825,-0.0054715261958997,False,False
BTC,30,228,2021-01-16 13:41:27+00:00,michael_saylor,BUY,0.8,4.0,2021-01-16 13:42:00+00:00,2021-01-16 14:12:00+00:00,37315.0,37284.03,-30.970000000001164,-0.000829961141632,False,False
BTC,60,228,2021-01-16 13:41:27+00:00,michael_saylor,BUY,0.8,4.0,2021-01-16 13:42:00+00:00,2021-01-16 14:42:00+00:00,37315.0,37117.3,-197.6999999999971,-0.0052981374782258,False,False
BTC,120,228,2021-01-16 13:41:27+00:00,michael_saylor,BUY,0.8,4.0,2021-01-16 13:42:00+00:00,2021-01-16 15:42:00+00:00,37315.0,37581.02,266.0199999999968,0.0071290365804635,False,True
BTC,360,228,2021-01-16 13:41:27+00:00,michael_saylor,BUY,0.8,4.0,2021-01-16 13:42:00+00:00,2021-01-16 19:42:00+00:00,37315.0,36327.33,-987.6699999999984,-0.0264684443253382,False,False
BTC,720,228,2021-01-16 13:41:27+00:00,michael_saylor,BUY,0.8,4.0,2021-01-16 13:42:00+00:00,2021-01-17 01:42:00+00:00,37315.0,36229.79,-1085.2099999999991,-0.0290824065389253,False,False
BTC,1440,228,2021-01-16 13:41:27+00:00,michael_saylor,BUY,0.8,4.0,2021-01-16 13:42:00+00:00,2021-01-17 13:42:00+00:00,37315.0,35100.72,-2214.279999999999,-0.0593402117111081,False,False
BTC,1,229,2021-01-17 14:57:03+00:00,michael_saylor,BUY,0.9,5.0,2021-01-17 14:58:00+00:00,2021-01-17 14:59:00+00:00,34897.19,34750.02,-147.17000000000553,-0.0042172449988095,False,False
BTC,3,229,2021-01-17 14:57:03+00:00,michael_saylor,BUY,0.9,5.0,2021-01-17 14:58:00+00:00,2021-01-17 15:01:00+00:00,34897.19,34786.57,-110.62000000000262,-0.0031698827326785,False,False
BTC,5,229,2021-01-17 14:57:03+00:00,michael_saylor,BUY,0.9,5.0,2021-01-17 14:58:00+00:00,2021-01-17 15:03:00+00:00,34897.19,34872.32,-24.87000000000262,-0.0007126648306067,False,False
BTC,10,229,2021-01-17 14:57:03+00:00,michael_saylor,BUY,0.9,5.0,2021-01-17 14:58:00+00:00,2021-01-17 15:08:00+00:00,34897.19,35067.13,169.93999999999505,0.0048697330644672,False,True
BTC,15,229,2021-01-17 14:57:03+00:00,michael_saylor,BUY,0.9,5.0,2021-01-17 14:58:00+00:00,2021-01-17 15:13:00+00:00,34897.19,35432.14,534.9499999999971,0.0153293144806214,False,True
BTC,30,229,2021-01-17 14:57:03+00:00,michael_saylor,BUY,0.9,5.0,2021-01-17 14:58:00+00:00,2021-01-17 15:28:00+00:00,34897.19,35680.55,783.3600000000006,0.0224476526620051,False,True
BTC,60,229,2021-01-17 14:57:03+00:00,michael_saylor,BUY,0.9,5.0,2021-01-17 14:58:00+00:00,2021-01-17 15:58:00+00:00,34897.19,35711.1,813.9099999999962,0.0233230813139968,False,True
BTC,120,229,2021-01-17 14:57:03+00:00,michael_saylor,BUY,0.9,5.0,2021-01-17 14:58:00+00:00,2021-01-17 16:58:00+00:00,34897.19,35933.3,1036.1100000000006,0.0296903561576161,False,True
BTC,360,229,2021-01-17 14:57:03+00:00,michael_saylor,BUY,0.9,5.0,2021-01-17 14:58:00+00:00,2021-01-17 20:58:00+00:00,34897.19,36054.63,1157.439999999995,0.0331671403915328,False,True
BTC,720,229,2021-01-17 14:57:03+00:00,michael_saylor,BUY,0.9,5.0,2021-01-17 14:58:00+00:00,2021-01-18 02:58:00+00:00,34897.19,35772.96,875.7699999999968,0.0250957168757712,False,True
BTC,1440,229,2021-01-17 14:57:03+00:00,michael_saylor,BUY,0.9,5.0,2021-01-17 14:58:00+00:00,2021-01-18 14:58:00+00:00,34897.19,36417.4,1520.2099999999991,0.0435625332584084,False,True
BTC,1,230,2021-01-17 16:59:06+00:00,michael_saylor,BUY,0.9,4.0,2021-01-17 17:00:00+00:00,2021-01-17 17:01:00+00:00,36004.39,36012.15,7.760000000002037,0.0002155292729581,False,True
BTC,3,230,2021-01-17 16:59:06+00:00,michael_saylor,BUY,0.9,4.0,2021-01-17 17:00:00+00:00,2021-01-17 17:03:00+00:00,36004.39,36049.45,45.05999999999767,0.0012515140514808,False,True
BTC,5,230,2021-01-17 16:59:06+00:00,michael_saylor,BUY,0.9,4.0,2021-01-17 17:00:00+00:00,2021-01-17 17:05:00+00:00,36004.39,36066.85,62.45999999999913,0.0017347884521859,False,True
BTC,10,230,2021-01-17 16:59:06+00:00,michael_saylor,BUY,0.9,4.0,2021-01-17 17:00:00+00:00,2021-01-17 17:10:00+00:00,36004.39,35985.6,-18.790000000000873,-0.0005218808039797,False,False
BTC,15,230,2021-01-17 16:59:06+00:00,michael_saylor,BUY,0.9,4.0,2021-01-17 17:00:00+00:00,2021-01-17 17:15:00+00:00,36004.39,35895.0,-109.38999999999942,-0.0030382406145472,False,False
BTC,30,230,2021-01-17 16:59:06+00:00,michael_saylor,BUY,0.9,4.0,2021-01-17 17:00:00+00:00,2021-01-17 17:30:00+00:00,36004.39,35844.09,-160.3000000000029,-0.0044522348524722,False,False
BTC,60,230,2021-01-17 16:59:06+00:00,michael_saylor,BUY,0.9,4.0,2021-01-17 17:00:00+00:00,2021-01-17 18:00:00+00:00,36004.39,35904.75,-99.63999999999942,-0.0027674403038073,False,False
BTC,120,230,2021-01-17 16:59:06+00:00,michael_saylor,BUY,0.9,4.0,2021-01-17 17:00:00+00:00,2021-01-17 19:00:00+00:00,36004.39,35851.46,-152.9300000000003,-0.0042475375919436,False,False
BTC,360,230,2021-01-17 16:59:06+00:00,michael_saylor,BUY,0.9,4.0,2021-01-17 17:00:00+00:00,2021-01-17 23:00:00+00:00,36004.39,36232.56,228.16999999999825,0.0063372827591301,False,True
BTC,720,230,2021-01-17 16:59:06+00:00,michael_saylor,BUY,0.9,4.0,2021-01-17 17:00:00+00:00,2021-01-18 05:00:00+00:00,36004.39,35209.84,-794.5500000000029,-0.0220681422459873,False,False
BTC,1440,230,2021-01-17 16:59:06+00:00,michael_saylor,BUY,0.9,4.0,2021-01-17 17:00:00+00:00,2021-01-18 17:00:00+00:00,36004.39,36239.39,235.0,0.0065269818486023,False,True
BTC,1,231,2021-01-18 14:03:19+00:00,michael_saylor,BUY,0.9,5.0,2021-01-18 14:04:00+00:00,2021-01-18 14:05:00+00:00,36822.31,36816.35,-5.959999999999127,-0.000161858395087,False,False
BTC,3,231,2021-01-18 14:03:19+00:00,michael_saylor,BUY,0.9,5.0,2021-01-18 14:04:00+00:00,2021-01-18 14:07:00+00:00,36822.31,36806.21,-16.099999999998545,-0.0004372349263258,False,False
BTC,5,231,2021-01-18 14:03:19+00:00,michael_saylor,BUY,0.9,5.0,2021-01-18 14:04:00+00:00,2021-01-18 14:09:00+00:00,36822.31,36895.95,73.63999999999942,0.0019998745325863,False,True
BTC,10,231,2021-01-18 14:03:19+00:00,michael_saylor,BUY,0.9,5.0,2021-01-18 14:04:00+00:00,2021-01-18 14:14:00+00:00,36822.31,36846.55,24.24000000000524,0.0006582965598846,False,True
BTC,15,231,2021-01-18 14:03:19+00:00,michael_saylor,BUY,0.9,5.0,2021-01-18 14:04:00+00:00,2021-01-18 14:19:00+00:00,36822.31,36800.01,-22.29999999999563,-0.0006056111091345,False,False
BTC,30,231,2021-01-18 14:03:19+00:00,michael_saylor,BUY,0.9,5.0,2021-01-18 14:04:00+00:00,2021-01-18 14:34:00+00:00,36822.31,36302.9,-519.4099999999962,-0.014105850502046,False,False
BTC,60,231,2021-01-18 14:03:19+00:00,michael_saylor,BUY,0.9,5.0,2021-01-18 14:04:00+00:00,2021-01-18 15:04:00+00:00,36822.31,36332.34,-489.9700000000011,-0.0133063352081931,False,False
BTC,120,231,2021-01-18 14:03:19+00:00,michael_saylor,BUY,0.9,5.0,2021-01-18 14:04:00+00:00,2021-01-18 16:04:00+00:00,36822.31,36272.3,-550.0099999999948,-0.0149368684365536,False,False
BTC,360,231,2021-01-18 14:03:19+00:00,michael_saylor,BUY,0.9,5.0,2021-01-18 14:04:00+00:00,2021-01-18 20:04:00+00:00,36822.31,35919.72,-902.5899999999964,-0.0245120417486028,False,False
BTC,720,231,2021-01-18 14:03:19+00:00,michael_saylor,BUY,0.9,5.0,2021-01-18 14:04:00+00:00,2021-01-19 02:04:00+00:00,36822.31,36939.78,117.47000000000116,0.0031901855152488,False,True
BTC,1440,231,2021-01-18 14:03:19+00:00,michael_saylor,BUY,0.9,5.0,2021-01-18 14:04:00+00:00,2021-01-19 14:04:00+00:00,36822.31,37142.79,320.4800000000032,0.0087034192042814,False,True
BTC,1,233,2021-01-20 13:25:08+00:00,michael_saylor,BUY,0.8,4.0,2021-01-20 13:26:00+00:00,2021-01-20 13:27:00+00:00,34365.8,34437.97,72.16999999999825,0.0021000529596284,False,True
BTC,3,233,2021-01-20 13:25:08+00:00,michael_saylor,BUY,0.8,4.0,2021-01-20 13:26:00+00:00,2021-01-20 13:29:00+00:00,34365.8,34464.92,99.11999999999534,0.0028842628427097,False,True
BTC,5,233,2021-01-20 13:25:08+00:00,michael_saylor,BUY,0.8,4.0,2021-01-20 13:26:00+00:00,2021-01-20 13:31:00+00:00,34365.8,34537.54,171.73999999999796,0.0049974102159704,False,True
BTC,10,233,2021-01-20 13:25:08+00:00,michael_saylor,BUY,0.8,4.0,2021-01-20 13:26:00+00:00,2021-01-20 13:36:00+00:00,34365.8,34500.0,134.1999999999971,0.0039050451320789,False,True
BTC,15,233,2021-01-20 13:25:08+00:00,michael_saylor,BUY,0.8,4.0,2021-01-20 13:26:00+00:00,2021-01-20 13:41:00+00:00,34365.8,34719.86,354.0599999999977,0.0103026846457814,False,True
BTC,30,233,2021-01-20 13:25:08+00:00,michael_saylor,BUY,0.8,4.0,2021-01-20 13:26:00+00:00,2021-01-20 13:56:00+00:00,34365.8,34861.04,495.2399999999979,0.0144108386826437,False,True
BTC,60,233,2021-01-20 13:25:08+00:00,michael_saylor,BUY,0.8,4.0,2021-01-20 13:26:00+00:00,2021-01-20 14:26:00+00:00,34365.8,35080.82,715.0199999999968,0.0208061503005894,False,True
BTC,120,233,2021-01-20 13:25:08+00:00,michael_saylor,BUY,0.8,4.0,2021-01-20 13:26:00+00:00,2021-01-20 15:26:00+00:00,34365.8,34595.97,230.16999999999825,0.0066976470793637,False,True
BTC,360,233,2021-01-20 13:25:08+00:00,michael_saylor,BUY,0.8,4.0,2021-01-20 13:26:00+00:00,2021-01-20 19:26:00+00:00,34365.8,35018.33,652.5299999999988,0.0189877727275372,False,True
BTC,720,233,2021-01-20 13:25:08+00:00,michael_saylor,BUY,0.8,4.0,2021-01-20 13:26:00+00:00,2021-01-21 01:26:00+00:00,34365.8,35000.95,635.1499999999942,0.0184820373743662,False,True
BTC,1440,233,2021-01-20 13:25:08+00:00,michael_saylor,BUY,0.8,4.0,2021-01-20 13:26:00+00:00,2021-01-21 13:26:00+00:00,34365.8,32464.55,-1901.2500000000036,-0.0553238975958657,False,False
BTC,1,234,2021-01-20 13:59:31+00:00,michael_saylor,BUY,0.8,4.0,2021-01-20 14:00:00+00:00,2021-01-20 14:01:00+00:00,34989.31,35080.79,91.4800000000032,0.0026145128326338,False,True
BTC,3,234,2021-01-20 13:59:31+00:00,michael_saylor,BUY,0.8,4.0,2021-01-20 14:00:00+00:00,2021-01-20 14:03:00+00:00,34989.31,35044.82,55.51000000000204,0.0015864845577121,False,True
BTC,5,234,2021-01-20 13:59:31+00:00,michael_saylor,BUY,0.8,4.0,2021-01-20 14:00:00+00:00,2021-01-20 14:05:00+00:00,34989.31,34952.16,-37.14999999999418,-0.0010617528610879,False,False
BTC,10,234,2021-01-20 13:59:31+00:00,michael_saylor,BUY,0.8,4.0,2021-01-20 14:00:00+00:00,2021-01-20 14:10:00+00:00,34989.31,34969.67,-19.639999999999414,-0.0005613142985671,False,False
BTC,15,234,2021-01-20 13:59:31+00:00,michael_saylor,BUY,0.8,4.0,2021-01-20 14:00:00+00:00,2021-01-20 14:15:00+00:00,34989.31,34902.0,-87.30999999999767,-0.0024953335747403,False,False
BTC,30,234,2021-01-20 13:59:31+00:00,michael_saylor,BUY,0.8,4.0,2021-01-20 14:00:00+00:00,2021-01-20 14:30:00+00:00,34989.31,35050.0,60.69000000000233,0.0017345297749513,False,True
BTC,60,234,2021-01-20 13:59:31+00:00,michael_saylor,BUY,0.8,4.0,2021-01-20 14:00:00+00:00,2021-01-20 15:00:00+00:00,34989.31,34963.51,-25.79999999999563,-0.000737368070419,False,False
BTC,120,234,2021-01-20 13:59:31+00:00,michael_saylor,BUY,0.8,4.0,2021-01-20 14:00:00+00:00,2021-01-20 16:00:00+00:00,34989.31,34000.0,-989.3099999999976,-0.0282746358816449,False,False
BTC,360,234,2021-01-20 13:59:31+00:00,michael_saylor,BUY,0.8,4.0,2021-01-20 14:00:00+00:00,2021-01-20 20:00:00+00:00,34989.31,35267.54,278.2300000000032,0.0079518572958427,False,True
BTC,720,234,2021-01-20 13:59:31+00:00,michael_saylor,BUY,0.8,4.0,2021-01-20 14:00:00+00:00,2021-01-21 02:00:00+00:00,34989.31,34810.75,-178.55999999999767,-0.0051032729710873,False,False
BTC,1440,234,2021-01-20 13:59:31+00:00,michael_saylor,BUY,0.8,4.0,2021-01-20 14:00:00+00:00,2021-01-21 14:00:00+00:00,34989.31,32349.99,-2639.319999999996,-0.0754321820007309,False,False
BTC,1,235,2021-01-21 18:23:16+00:00,michael_saylor,BUY,0.9,5.0,2021-01-21 18:24:00+00:00,2021-01-21 18:25:00+00:00,31741.73,31851.86,110.13000000000102,0.0034695651434247,False,True
BTC,3,235,2021-01-21 18:23:16+00:00,michael_saylor,BUY,0.9,5.0,2021-01-21 18:24:00+00:00,2021-01-21 18:27:00+00:00,31741.73,31833.57,91.84000000000016,0.0028933520636713,False,True
BTC,5,235,2021-01-21 18:23:16+00:00,michael_saylor,BUY,0.9,5.0,2021-01-21 18:24:00+00:00,2021-01-21 18:29:00+00:00,31741.73,31801.59,59.86000000000058,0.0018858455415001,False,True
BTC,10,235,2021-01-21 18:23:16+00:00,michael_saylor,BUY,0.9,5.0,2021-01-21 18:24:00+00:00,2021-01-21 18:34:00+00:00,31741.73,31794.83,53.10000000000218,0.001672876683155,False,True
BTC,15,235,2021-01-21 18:23:16+00:00,michael_saylor,BUY,0.9,5.0,2021-01-21 18:24:00+00:00,2021-01-21 18:39:00+00:00,31741.73,31883.97,142.2400000000016,0.0044811672205642,False,True
BTC,30,235,2021-01-21 18:23:16+00:00,michael_saylor,BUY,0.9,5.0,2021-01-21 18:24:00+00:00,2021-01-21 18:54:00+00:00,31741.73,31680.62,-61.11000000000058,-0.0019252258777325,False,False
BTC,60,235,2021-01-21 18:23:16+00:00,michael_saylor,BUY,0.9,5.0,2021-01-21 18:24:00+00:00,2021-01-21 19:24:00+00:00,31741.73,32397.57,655.8400000000001,0.0206617597717578,False,True
BTC,120,235,2021-01-21 18:23:16+00:00,michael_saylor,BUY,0.9,5.0,2021-01-21 18:24:00+00:00,2021-01-21 20:24:00+00:00,31741.73,32242.47,500.7400000000016,0.0157754476520341,False,True
BTC,360,235,2021-01-21 18:23:16+00:00,michael_saylor,BUY,0.9,5.0,2021-01-21 18:24:00+00:00,2021-01-22 00:24:00+00:00,31741.73,30077.48,-1664.25,-0.0524309796598988,False,False
BTC,720,235,2021-01-21 18:23:16+00:00,michael_saylor,BUY,0.9,5.0,2021-01-21 18:24:00+00:00,2021-01-22 06:24:00+00:00,31741.73,32065.64,323.90999999999985,0.0102045477672451,False,True
BTC,1440,235,2021-01-21 18:23:16+00:00,michael_saylor,BUY,0.9,5.0,2021-01-21 18:24:00+00:00,2021-01-22 18:24:00+00:00,31741.73,32487.94,746.2099999999991,0.0235088005600198,False,True
BTC,1,236,2021-01-21 19:32:07+00:00,michael_saylor,BUY,0.9,5.0,2021-01-21 19:33:00+00:00,2021-01-21 19:34:00+00:00,32470.85,32476.03,5.180000000000291,0.0001595276994596,False,True
BTC,3,236,2021-01-21 19:32:07+00:00,michael_saylor,BUY,0.9,5.0,2021-01-21 19:33:00+00:00,2021-01-21 19:36:00+00:00,32470.85,32497.16,26.31000000000131,0.0008102652071011,False,True
BTC,5,236,2021-01-21 19:32:07+00:00,michael_saylor,BUY,0.9,5.0,2021-01-21 19:33:00+00:00,2021-01-21 19:38:00+00:00,32470.85,32678.41,207.5600000000013,0.0063921948455307,False,True
BTC,10,236,2021-01-21 19:32:07+00:00,michael_saylor,BUY,0.9,5.0,2021-01-21 19:33:00+00:00,2021-01-21 19:43:00+00:00,32470.85,32680.0,209.15000000000143,0.006441161842083,False,True
BTC,15,236,2021-01-21 19:32:07+00:00,michael_saylor,BUY,0.9,5.0,2021-01-21 19:33:00+00:00,2021-01-21 19:48:00+00:00,32470.85,32663.17,192.3199999999997,0.0059228508031049,False,True
BTC,30,236,2021-01-21 19:32:07+00:00,michael_saylor,BUY,0.9,5.0,2021-01-21 19:33:00+00:00,2021-01-21 20:03:00+00:00,32470.85,32228.6,-242.25,-0.0074605376822596,False,False
BTC,60,236,2021-01-21 19:32:07+00:00,michael_saylor,BUY,0.9,5.0,2021-01-21 19:33:00+00:00,2021-01-21 20:33:00+00:00,32470.85,32214.02,-256.8299999999981,-0.0079095558015881,False,False
BTC,120,236,2021-01-21 19:32:07+00:00,michael_saylor,BUY,0.9,5.0,2021-01-21 19:33:00+00:00,2021-01-21 21:33:00+00:00,32470.85,31744.98,-725.869999999999,-0.0223545118159826,False,False
BTC,360,236,2021-01-21 19:32:07+00:00,michael_saylor,BUY,0.9,5.0,2021-01-21 19:33:00+00:00,2021-01-22 01:33:00+00:00,32470.85,29749.02,-2721.829999999998,-0.0838237988842299,False,False
BTC,720,236,2021-01-21 19:32:07+00:00,michael_saylor,BUY,0.9,5.0,2021-01-21 19:33:00+00:00,2021-01-22 07:33:00+00:00,32470.85,31314.24,-1156.609999999997,-0.0356199483536771,False,False
BTC,1440,236,2021-01-21 19:32:07+00:00,michael_saylor,BUY,0.9,5.0,2021-01-21 19:33:00+00:00,2021-01-22 19:33:00+00:00,32470.85,33486.23,1015.3800000000048,0.031270508779413,False,True
BTC,1,237,2021-01-21 20:14:01+00:00,michael_saylor,BUY,0.8,4.0,2021-01-21 20:15:00+00:00,2021-01-21 20:16:00+00:00,32391.28,32363.01,-28.270000000000437,-0.0008727657567098,False,False
BTC,3,237,2021-01-21 20:14:01+00:00,michael_saylor,BUY,0.8,4.0,2021-01-21 20:15:00+00:00,2021-01-21 20:18:00+00:00,32391.28,32457.79,66.51000000000204,0.0020533304025034,False,True
BTC,5,237,2021-01-21 20:14:01+00:00,michael_saylor,BUY,0.8,4.0,2021-01-21 20:15:00+00:00,2021-01-21 20:20:00+00:00,32391.28,32352.84,-38.43999999999869,-0.001186739147079,False,False
BTC,10,237,2021-01-21 20:14:01+00:00,michael_saylor,BUY,0.8,4.0,2021-01-21 20:15:00+00:00,2021-01-21 20:25:00+00:00,32391.28,32207.0,-184.27999999999884,-0.0056891854844883,False,False
BTC,15,237,2021-01-21 20:14:01+00:00,michael_saylor,BUY,0.8,4.0,2021-01-21 20:15:00+00:00,2021-01-21 20:30:00+00:00,32391.28,32299.41,-91.86999999999898,-0.0028362571655087,False,False
BTC,30,237,2021-01-21 20:14:01+00:00,michael_saylor,BUY,0.8,4.0,2021-01-21 20:15:00+00:00,2021-01-21 20:45:00+00:00,32391.28,32108.16,-283.119999999999,-0.0087406240197978,False,False
BTC,60,237,2021-01-21 20:14:01+00:00,michael_saylor,BUY,0.8,4.0,2021-01-21 20:15:00+00:00,2021-01-21 21:15:00+00:00,32391.28,31947.29,-443.9899999999979,-0.0137070841288148,False,False
BTC,120,237,2021-01-21 20:14:01+00:00,michael_saylor,BUY,0.8,4.0,2021-01-21 20:15:00+00:00,2021-01-21 22:15:00+00:00,32391.28,30775.34,-1615.9399999999987,-0.0498881180367061,False,False
BTC,360,237,2021-01-21 20:14:01+00:00,michael_saylor,BUY,0.8,4.0,2021-01-21 20:15:00+00:00,2021-01-22 02:15:00+00:00,32391.28,30362.18,-2029.0999999999983,-0.0626434027923564,False,False
BTC,720,237,2021-01-21 20:14:01+00:00,michael_saylor,BUY,0.8,4.0,2021-01-21 20:15:00+00:00,2021-01-22 08:15:00+00:00,32391.28,30887.79,-1503.489999999998,-0.0464165046889162,False,False
BTC,1440,237,2021-01-21 20:14:01+00:00,michael_saylor,BUY,0.8,4.0,2021-01-21 20:15:00+00:00,2021-01-22 20:15:00+00:00,32391.28,33483.33,1092.050000000003,0.0337143206443216,False,True
BTC,1,238,2021-01-21 23:00:58+00:00,michael_saylor,BUY,0.8,4.0,2021-01-21 23:01:00+00:00,2021-01-21 23:02:00+00:00,31193.48,31444.42,250.9399999999987,0.0080446298393125,False,True
BTC,3,238,2021-01-21 23:00:58+00:00,michael_saylor,BUY,0.8,4.0,2021-01-21 23:01:00+00:00,2021-01-21 23:04:00+00:00,31193.48,31325.21,131.72999999999956,0.0042229978828908,False,True
BTC,5,238,2021-01-21 23:00:58+00:00,michael_saylor,BUY,0.8,4.0,2021-01-21 23:01:00+00:00,2021-01-21 23:06:00+00:00,31193.48,31273.68,80.20000000000073,0.0025710501040602,False,True
BTC,10,238,2021-01-21 23:00:58+00:00,michael_saylor,BUY,0.8,4.0,2021-01-21 23:01:00+00:00,2021-01-21 23:11:00+00:00,31193.48,31109.44,-84.04000000000087,-0.0026941527524341,False,False
BTC,15,238,2021-01-21 23:00:58+00:00,michael_saylor,BUY,0.8,4.0,2021-01-21 23:01:00+00:00,2021-01-21 23:16:00+00:00,31193.48,30931.01,-262.47000000000116,-0.0084142583642479,False,False
BTC,30,238,2021-01-21 23:00:58+00:00,michael_saylor,BUY,0.8,4.0,2021-01-21 23:01:00+00:00,2021-01-21 23:31:00+00:00,31193.48,31252.49,59.01000000000204,0.0018917414793092,False,True
BTC,60,238,2021-01-21 23:00:58+00:00,michael_saylor,BUY,0.8,4.0,2021-01-21 23:01:00+00:00,2021-01-22 00:01:00+00:00,31193.48,30572.45,-621.0299999999988,-0.0199089681561659,False,False
BTC,120,238,2021-01-21 23:00:58+00:00,michael_saylor,BUY,0.8,4.0,2021-01-21 23:01:00+00:00,2021-01-22 01:01:00+00:00,31193.48,29541.48,-1652.0,-0.0529597851858785,False,False
BTC,360,238,2021-01-21 23:00:58+00:00,michael_saylor,BUY,0.8,4.0,2021-01-21 23:01:00+00:00,2021-01-22 05:01:00+00:00,31193.48,30832.68,-360.7999999999993,-0.0115665196701361,False,False
BTC,720,238,2021-01-21 23:00:58+00:00,michael_saylor,BUY,0.8,4.0,2021-01-21 23:01:00+00:00,2021-01-22 11:01:00+00:00,31193.48,31565.41,371.9300000000003,0.0119233250025325,False,True
BTC,1440,238,2021-01-21 23:00:58+00:00,michael_saylor,BUY,0.8,4.0,2021-01-21 23:01:00+00:00,2021-01-22 23:01:00+00:00,31193.48,32787.38,1593.8999999999978,0.0510972164695955,False,True
BTC,1,239,2021-01-22 13:50:51+00:00,michael_saylor,BUY,0.9,4.0,2021-01-22 13:51:00+00:00,2021-01-22 13:52:00+00:00,32236.22,32200.0,-36.22000000000117,-0.0011235808664912,False,False
BTC,3,239,2021-01-22 13:50:51+00:00,michael_saylor,BUY,0.9,4.0,2021-01-22 13:51:00+00:00,2021-01-22 13:54:00+00:00,32236.22,32221.76,-14.460000000002765,-0.000448563758406,False,False
BTC,5,239,2021-01-22 13:50:51+00:00,michael_saylor,BUY,0.9,4.0,2021-01-22 13:51:00+00:00,2021-01-22 13:56:00+00:00,32236.22,32202.9,-33.31999999999971,-0.0010336199467555,False,False
BTC,10,239,2021-01-22 13:50:51+00:00,michael_saylor,BUY,0.9,4.0,2021-01-22 13:51:00+00:00,2021-01-22 14:01:00+00:00,32236.22,32251.4,15.180000000000293,0.0004708988833058,False,True
BTC,15,239,2021-01-22 13:50:51+00:00,michael_saylor,BUY,0.9,4.0,2021-01-22 13:51:00+00:00,2021-01-22 14:06:00+00:00,32236.22,32197.3,-38.92000000000189,-0.0012073375848657,False,False
BTC,30,239,2021-01-22 13:50:51+00:00,michael_saylor,BUY,0.9,4.0,2021-01-22 13:51:00+00:00,2021-01-22 14:21:00+00:00,32236.22,32437.65,201.4300000000003,0.0062485614008094,False,True
BTC,60,239,2021-01-22 13:50:51+00:00,michael_saylor,BUY,0.9,4.0,2021-01-22 13:51:00+00:00,2021-01-22 14:51:00+00:00,32236.22,32411.08,174.86000000000058,0.0054243332499902,False,True
BTC,120,239,2021-01-22 13:50:51+00:00,michael_saylor,BUY,0.9,4.0,2021-01-22 13:51:00+00:00,2021-01-22 15:51:00+00:00,32236.22,32352.48,116.2599999999984,0.0036065022511944,False,True
BTC,360,239,2021-01-22 13:50:51+00:00,michael_saylor,BUY,0.9,4.0,2021-01-22 13:51:00+00:00,2021-01-22 19:51:00+00:00,32236.22,33561.43,1325.2099999999991,0.0411093484285688,False,True
BTC,720,239,2021-01-22 13:50:51+00:00,michael_saylor,BUY,0.9,4.0,2021-01-22 13:51:00+00:00,2021-01-23 01:51:00+00:00,32236.22,32828.63,592.4099999999962,0.01837715464158,False,True
BTC,1440,239,2021-01-22 13:50:51+00:00,michael_saylor,BUY,0.9,4.0,2021-01-22 13:51:00+00:00,2021-01-23 13:51:00+00:00,32236.22,32008.54,-227.6800000000003,-0.0070628628294508,False,False
BTC,1,240,2021-01-22 20:03:21+00:00,michael_saylor,BUY,0.8,4.0,2021-01-22 20:04:00+00:00,2021-01-22 20:05:00+00:00,33468.48,33452.37,-16.110000000000582,-0.000481348420962,False,False
BTC,3,240,2021-01-22 20:03:21+00:00,michael_saylor,BUY,0.8,4.0,2021-01-22 20:04:00+00:00,2021-01-22 20:07:00+00:00,33468.48,33471.18,2.6999999999970896,8.067291971422333e-05,False,True
BTC,5,240,2021-01-22 20:03:21+00:00,michael_saylor,BUY,0.8,4.0,2021-01-22 20:04:00+00:00,2021-01-22 20:09:00+00:00,33468.48,33418.57,-49.91000000000349,-0.0014912538603487,False,False
BTC,10,240,2021-01-22 20:03:21+00:00,michael_saylor,BUY,0.8,4.0,2021-01-22 20:04:00+00:00,2021-01-22 20:14:00+00:00,33468.48,33488.22,19.739999999997963,0.000589808679689,False,True
BTC,15,240,2021-01-22 20:03:21+00:00,michael_saylor,BUY,0.8,4.0,2021-01-22 20:04:00+00:00,2021-01-22 20:19:00+00:00,33468.48,33646.56,178.07999999999447,0.0053208272380459,False,True
BTC,30,240,2021-01-22 20:03:21+00:00,michael_saylor,BUY,0.8,4.0,2021-01-22 20:04:00+00:00,2021-01-22 20:34:00+00:00,33468.48,33714.45,245.9699999999939,0.0073493029859734,False,True
BTC,60,240,2021-01-22 20:03:21+00:00,michael_saylor,BUY,0.8,4.0,2021-01-22 20:04:00+00:00,2021-01-22 21:04:00+00:00,33468.48,33548.28,79.79999999999563,0.002384332960445,False,True
BTC,120,240,2021-01-22 20:03:21+00:00,michael_saylor,BUY,0.8,4.0,2021-01-22 20:04:00+00:00,2021-01-22 22:04:00+00:00,33468.48,33413.72,-54.76000000000204,-0.0016361663272428,False,False
BTC,360,240,2021-01-22 20:03:21+00:00,michael_saylor,BUY,0.8,4.0,2021-01-22 20:04:00+00:00,2021-01-23 02:04:00+00:00,33468.48,32775.73,-692.75,-0.0206985796785512,False,False
BTC,720,240,2021-01-22 20:03:21+00:00,michael_saylor,BUY,0.8,4.0,2021-01-22 20:04:00+00:00,2021-01-23 08:04:00+00:00,33468.48,32650.91,-817.5700000000033,-0.0244280588780847,False,False
BTC,1440,240,2021-01-22 20:03:21+00:00,michael_saylor,BUY,0.8,4.0,2021-01-22 20:04:00+00:00,2021-01-23 20:04:00+00:00,33468.48,32267.99,-1200.4900000000016,-0.0358692716251231,False,False
BTC,1,241,2021-01-25 14:01:42+00:00,michael_saylor,BUY,0.9,5.0,2021-01-25 14:02:00+00:00,2021-01-25 14:03:00+00:00,34530.0,34576.63,46.62999999999738,0.001350419924703,False,True
BTC,3,241,2021-01-25 14:01:42+00:00,michael_saylor,BUY,0.9,5.0,2021-01-25 14:02:00+00:00,2021-01-25 14:05:00+00:00,34530.0,34592.92,62.919999999998254,0.0018221836084563,False,True
BTC,5,241,2021-01-25 14:01:42+00:00,michael_saylor,BUY,0.9,5.0,2021-01-25 14:02:00+00:00,2021-01-25 14:07:00+00:00,34530.0,34752.99,222.98999999999796,0.0064578627280624,False,True
BTC,10,241,2021-01-25 14:01:42+00:00,michael_saylor,BUY,0.9,5.0,2021-01-25 14:02:00+00:00,2021-01-25 14:12:00+00:00,34530.0,34826.05,296.0500000000029,0.0085737040254851,False,True
BTC,15,241,2021-01-25 14:01:42+00:00,michael_saylor,BUY,0.9,5.0,2021-01-25 14:02:00+00:00,2021-01-25 14:17:00+00:00,34530.0,34695.35,165.34999999999854,0.0047885896322038,False,True
BTC,30,241,2021-01-25 14:01:42+00:00,michael_saylor,BUY,0.9,5.0,2021-01-25 14:02:00+00:00,2021-01-25 14:32:00+00:00,34530.0,34637.62,107.62000000000262,0.0031167101071532,False,True
BTC,60,241,2021-01-25 14:01:42+00:00,michael_saylor,BUY,0.9,5.0,2021-01-25 14:02:00+00:00,2021-01-25 15:02:00+00:00,34530.0,34488.71,-41.29000000000087,-0.0011957717926441,False,False
BTC,120,241,2021-01-25 14:01:42+00:00,michael_saylor,BUY,0.9,5.0,2021-01-25 14:02:00+00:00,2021-01-25 16:02:00+00:00,34530.0,34371.35,-158.65000000000146,-0.0045945554590211,False,False
BTC,360,241,2021-01-25 14:01:42+00:00,michael_saylor,BUY,0.9,5.0,2021-01-25 14:02:00+00:00,2021-01-25 20:02:00+00:00,34530.0,33362.37,-1167.6299999999974,-0.0338149435273674,False,False
BTC,720,241,2021-01-25 14:01:42+00:00,michael_saylor,BUY,0.9,5.0,2021-01-25 14:02:00+00:00,2021-01-26 02:02:00+00:00,34530.0,32723.55,-1806.4500000000007,-0.0523153779322328,False,False
BTC,1440,241,2021-01-25 14:01:42+00:00,michael_saylor,BUY,0.9,5.0,2021-01-25 14:02:00+00:00,2021-01-26 14:02:00+00:00,34530.0,31681.36,-2848.6399999999994,-0.0824975383724297,False,False
BTC,1,242,2021-01-25 14:04:01+00:00,michael_saylor,BUY,0.9,5.0,2021-01-25 14:05:00+00:00,2021-01-25 14:06:00+00:00,34592.92,34645.84,52.919999999998254,0.0015297928015327,False,True
BTC,3,242,2021-01-25 14:04:01+00:00,michael_saylor,BUY,0.9,5.0,2021-01-25 14:05:00+00:00,2021-01-25 14:08:00+00:00,34592.92,34811.85,218.9300000000003,0.0063287516636352,False,True
BTC,5,242,2021-01-25 14:04:01+00:00,michael_saylor,BUY,0.9,5.0,2021-01-25 14:05:00+00:00,2021-01-25 14:10:00+00:00,34592.92,34782.49,189.5699999999997,0.0054800230798672,False,True
BTC,10,242,2021-01-25 14:04:01+00:00,michael_saylor,BUY,0.9,5.0,2021-01-25 14:05:00+00:00,2021-01-25 14:15:00+00:00,34592.92,34727.0,134.08000000000175,0.0038759376196054,False,True
BTC,15,242,2021-01-25 14:04:01+00:00,michael_saylor,BUY,0.9,5.0,2021-01-25 14:05:00+00:00,2021-01-25 14:20:00+00:00,34592.92,34649.83,56.91000000000349,0.0016451343222833,False,True
BTC,30,242,2021-01-25 14:04:01+00:00,michael_saylor,BUY,0.9,5.0,2021-01-25 14:05:00+00:00,2021-01-25 14:35:00+00:00,34592.92,34630.17,37.25,0.001076809936831,False,True
BTC,60,242,2021-01-25 14:04:01+00:00,michael_saylor,BUY,0.9,5.0,2021-01-25 14:05:00+00:00,2021-01-25 15:05:00+00:00,34592.92,34442.52,-150.40000000000146,-0.0043477104563593,False,False
BTC,120,242,2021-01-25 14:04:01+00:00,michael_saylor,BUY,0.9,5.0,2021-01-25 14:05:00+00:00,2021-01-25 16:05:00+00:00,34592.92,34270.0,-322.91999999999825,-0.0093348581154756,False,False
BTC,360,242,2021-01-25 14:04:01+00:00,michael_saylor,BUY,0.9,5.0,2021-01-25 14:05:00+00:00,2021-01-25 20:05:00+00:00,34592.92,33294.9,-1298.0199999999968,-0.0375227069585336,False,False
BTC,720,242,2021-01-25 14:04:01+00:00,michael_saylor,BUY,0.9,5.0,2021-01-25 14:05:00+00:00,2021-01-26 02:05:00+00:00,34592.92,32673.87,-1919.0499999999993,-0.0554752244100815,False,False
BTC,1440,242,2021-01-25 14:04:01+00:00,michael_saylor,BUY,0.9,5.0,2021-01-25 14:05:00+00:00,2021-01-26 14:05:00+00:00,34592.92,31691.71,-2901.209999999999,-0.0838671612572745,False,False
BTC,1,243,2021-01-26 19:26:39+00:00,michael_saylor,BUY,0.8,4.0,2021-01-26 19:27:00+00:00,2021-01-26 19:28:00+00:00,32097.8,32087.98,-9.819999999999707,-0.0003059399709637,False,False
BTC,3,243,2021-01-26 19:26:39+00:00,michael_saylor,BUY,0.8,4.0,2021-01-26 19:27:00+00:00,2021-01-26 19:30:00+00:00,32097.8,32157.82,60.02000000000044,0.0018699100872957,False,True
BTC,5,243,2021-01-26 19:26:39+00:00,michael_saylor,BUY,0.8,4.0,2021-01-26 19:27:00+00:00,2021-01-26 19:32:00+00:00,32097.8,32163.83,66.03000000000247,0.0020571503342909,False,True
BTC,10,243,2021-01-26 19:26:39+00:00,michael_saylor,BUY,0.8,4.0,2021-01-26 19:27:00+00:00,2021-01-26 19:37:00+00:00,32097.8,32119.22,21.42000000000189,0.0006673354560126,False,True
BTC,15,243,2021-01-26 19:26:39+00:00,michael_saylor,BUY,0.8,4.0,2021-01-26 19:27:00+00:00,2021-01-26 19:42:00+00:00,32097.8,32119.0,21.200000000000728,0.0006604814037099,False,True
BTC,30,243,2021-01-26 19:26:39+00:00,michael_saylor,BUY,0.8,4.0,2021-01-26 19:27:00+00:00,2021-01-26 19:57:00+00:00,32097.8,32152.72,54.92000000000189,0.001711020693007,False,True
BTC,60,243,2021-01-26 19:26:39+00:00,michael_saylor,BUY,0.8,4.0,2021-01-26 19:27:00+00:00,2021-01-26 20:27:00+00:00,32097.8,32110.33,12.530000000002474,0.0003903694334191,False,True
BTC,120,243,2021-01-26 19:26:39+00:00,michael_saylor,BUY,0.8,4.0,2021-01-26 19:27:00+00:00,2021-01-26 21:27:00+00:00,32097.8,32202.05,104.25,0.0032478861479602,False,True
BTC,360,243,2021-01-26 19:26:39+00:00,michael_saylor,BUY,0.8,4.0,2021-01-26 19:27:00+00:00,2021-01-27 01:27:00+00:00,32097.8,32127.4,29.600000000002183,0.0009221815825384,False,True
BTC,720,243,2021-01-26 19:26:39+00:00,michael_saylor,BUY,0.8,4.0,2021-01-26 19:27:00+00:00,2021-01-27 07:27:00+00:00,32097.8,31790.01,-307.7900000000009,-0.0095891307192393,False,False
BTC,1440,243,2021-01-26 19:26:39+00:00,michael_saylor,BUY,0.8,4.0,2021-01-26 19:27:00+00:00,2021-01-27 19:27:00+00:00,32097.8,30590.0,-1507.7999999999993,-0.0469751820997077,False,False
BTC,1,245,2021-01-28 02:19:47+00:00,michael_saylor,BUY,0.8,4.0,2021-01-28 02:20:00+00:00,2021-01-28 02:21:00+00:00,31095.02,31106.79,11.770000000000437,0.0003785172030762,False,True
BTC,3,245,2021-01-28 02:19:47+00:00,michael_saylor,BUY,0.8,4.0,2021-01-28 02:20:00+00:00,2021-01-28 02:23:00+00:00,31095.02,31043.83,-51.18999999999869,-0.0016462443182219,False,False
BTC,5,245,2021-01-28 02:19:47+00:00,michael_saylor,BUY,0.8,4.0,2021-01-28 02:20:00+00:00,2021-01-28 02:25:00+00:00,31095.02,31041.67,-53.35000000000218,-0.0017157088176821,False,False
BTC,10,245,2021-01-28 02:19:47+00:00,michael_saylor,BUY,0.8,4.0,2021-01-28 02:20:00+00:00,2021-01-28 02:30:00+00:00,31095.02,30934.05,-160.97000000000116,-0.0051767131842977,False,False
BTC,15,245,2021-01-28 02:19:47+00:00,michael_saylor,BUY,0.8,4.0,2021-01-28 02:20:00+00:00,2021-01-28 02:35:00+00:00,31095.02,30974.53,-120.4900000000016,-0.0038748970092317,False,False
BTC,30,245,2021-01-28 02:19:47+00:00,michael_saylor,BUY,0.8,4.0,2021-01-28 02:20:00+00:00,2021-01-28 02:50:00+00:00,31095.02,30969.4,-125.61999999999898,-0.0040398751954492,False,False
BTC,60,245,2021-01-28 02:19:47+00:00,michael_saylor,BUY,0.8,4.0,2021-01-28 02:20:00+00:00,2021-01-28 03:20:00+00:00,31095.02,31181.72,86.70000000000073,0.0027882278255489,False,True
BTC,120,245,2021-01-28 02:19:47+00:00,michael_saylor,BUY,0.8,4.0,2021-01-28 02:20:00+00:00,2021-01-28 04:20:00+00:00,31095.02,31270.88,175.86000000000058,0.0056555679977051,False,True
BTC,360,245,2021-01-28 02:19:47+00:00,michael_saylor,BUY,0.8,4.0,2021-01-28 02:20:00+00:00,2021-01-28 08:20:00+00:00,31095.02,31142.13,47.11000000000058,0.0015150335970197,False,True
BTC,720,245,2021-01-28 02:19:47+00:00,michael_saylor,BUY,0.8,4.0,2021-01-28 02:20:00+00:00,2021-01-28 14:20:00+00:00,31095.02,31981.82,886.7999999999993,0.0285190361672061,False,True
BTC,1440,245,2021-01-28 02:19:47+00:00,michael_saylor,BUY,0.8,4.0,2021-01-28 02:20:00+00:00,2021-01-29 02:20:00+00:00,31095.02,33960.0,2864.9799999999996,0.0921362970662183,False,True
BTC,1,246,2021-01-28 14:18:31+00:00,michael_saylor,BUY,0.9,4.0,2021-01-28 14:19:00+00:00,2021-01-28 14:20:00+00:00,31889.91,31981.82,91.90999999999984,0.0028821028344074,False,True
BTC,3,246,2021-01-28 14:18:31+00:00,michael_saylor,BUY,0.9,4.0,2021-01-28 14:19:00+00:00,2021-01-28 14:22:00+00:00,31889.91,31820.69,-69.22000000000116,-0.0021705925165671,False,False
BTC,5,246,2021-01-28 14:18:31+00:00,michael_saylor,BUY,0.9,4.0,2021-01-28 14:19:00+00:00,2021-01-28 14:24:00+00:00,31889.91,31749.32,-140.59000000000017,-0.00440860447709,False,False
BTC,10,246,2021-01-28 14:18:31+00:00,michael_saylor,BUY,0.9,4.0,2021-01-28 14:19:00+00:00,2021-01-28 14:29:00+00:00,31889.91,31806.56,-83.34999999999854,-0.0026136793738207,False,False
BTC,15,246,2021-01-28 14:18:31+00:00,michael_saylor,BUY,0.9,4.0,2021-01-28 14:19:00+00:00,2021-01-28 14:34:00+00:00,31889.91,31747.89,-142.02000000000044,-0.0044534462467909,False,False
BTC,30,246,2021-01-28 14:18:31+00:00,michael_saylor,BUY,0.9,4.0,2021-01-28 14:19:00+00:00,2021-01-28 14:49:00+00:00,31889.91,31860.73,-29.18000000000029,-0.000915022964944,False,False
BTC,60,246,2021-01-28 14:18:31+00:00,michael_saylor,BUY,0.9,4.0,2021-01-28 14:19:00+00:00,2021-01-28 15:19:00+00:00,31889.91,31898.55,8.639999999999418,0.0002709320910595,False,True
BTC,120,246,2021-01-28 14:18:31+00:00,michael_saylor,BUY,0.9,4.0,2021-01-28 14:19:00+00:00,2021-01-28 16:19:00+00:00,31889.91,31804.66,-85.25,-0.0026732593475491,False,False
BTC,360,246,2021-01-28 14:18:31+00:00,michael_saylor,BUY,0.9,4.0,2021-01-28 14:19:00+00:00,2021-01-28 20:19:00+00:00,31889.91,32811.46,921.5499999999992,0.0288978551523036,False,True
BTC,720,246,2021-01-28 14:18:31+00:00,michael_saylor,BUY,0.9,4.0,2021-01-28 14:19:00+00:00,2021-01-29 02:19:00+00:00,31889.91,33955.57,2065.66,0.0647747202798628,False,True
BTC,1440,246,2021-01-28 14:18:31+00:00,michael_saylor,BUY,0.9,4.0,2021-01-28 14:19:00+00:00,2021-01-29 14:19:00+00:00,31889.91,37837.65,5947.740000000002,0.1865085226016631,False,True
BTC,1,247,2021-01-28 14:47:11+00:00,michael_saylor,BUY,0.8,4.0,2021-01-28 14:48:00+00:00,2021-01-28 14:49:00+00:00,31822.47,31860.73,38.2599999999984,0.0012022951078278,False,True
BTC,3,247,2021-01-28 14:47:11+00:00,michael_saylor,BUY,0.8,4.0,2021-01-28 14:48:00+00:00,2021-01-28 14:51:00+00:00,31822.47,31862.9,40.43000000000029,0.001270485917655,False,True
BTC,5,247,2021-01-28 14:47:11+00:00,michael_saylor,BUY,0.8,4.0,2021-01-28 14:48:00+00:00,2021-01-28 14:53:00+00:00,31822.47,31868.28,45.80999999999767,0.0014395488470881,False,True
BTC,10,247,2021-01-28 14:47:11+00:00,michael_saylor,BUY,0.8,4.0,2021-01-28 14:48:00+00:00,2021-01-28 14:58:00+00:00,31822.47,31850.01,27.539999999997235,0.0008654262224144,False,True
BTC,15,247,2021-01-28 14:47:11+00:00,michael_saylor,BUY,0.8,4.0,2021-01-28 14:48:00+00:00,2021-01-28 15:03:00+00:00,31822.47,31948.46,125.98999999999796,0.0039591521336966,False,True
BTC,30,247,2021-01-28 14:47:11+00:00,michael_saylor,BUY,0.8,4.0,2021-01-28 14:48:00+00:00,2021-01-28 15:18:00+00:00,31822.47,31925.82,103.34999999999854,0.0032477051592789,False,True
BTC,60,247,2021-01-28 14:47:11+00:00,michael_saylor,BUY,0.8,4.0,2021-01-28 14:48:00+00:00,2021-01-28 15:48:00+00:00,31822.47,31889.95,67.47999999999956,0.0021205142152698,False,True
BTC,120,247,2021-01-28 14:47:11+00:00,michael_saylor,BUY,0.8,4.0,2021-01-28 14:48:00+00:00,2021-01-28 16:48:00+00:00,31822.47,32188.37,365.8999999999978,0.0114981646616368,False,True
BTC,360,247,2021-01-28 14:47:11+00:00,michael_saylor,BUY,0.8,4.0,2021-01-28 14:48:00+00:00,2021-01-28 20:48:00+00:00,31822.47,32480.01,657.5399999999972,0.0206627581077143,False,True
BTC,720,247,2021-01-28 14:47:11+00:00,michael_saylor,BUY,0.8,4.0,2021-01-28 14:48:00+00:00,2021-01-29 02:48:00+00:00,31822.47,33869.37,2046.9000000000017,0.0643224740254292,False,True
BTC,1440,247,2021-01-28 14:47:11+00:00,michael_saylor,BUY,0.8,4.0,2021-01-28 14:48:00+00:00,2021-01-29 14:48:00+00:00,31822.47,36800.0,4977.529999999999,0.156415576792122,False,True
BTC,1,248,2021-01-28 21:11:43+00:00,michael_saylor,BUY,0.9,5.0,2021-01-28 21:12:00+00:00,2021-01-28 21:13:00+00:00,32732.99,32821.16,88.17000000000189,0.0026936127741462,False,True
BTC,3,248,2021-01-28 21:11:43+00:00,michael_saylor,BUY,0.9,5.0,2021-01-28 21:12:00+00:00,2021-01-28 21:15:00+00:00,32732.99,32792.57,59.57999999999811,0.0018201820243124,False,True
BTC,5,248,2021-01-28 21:11:43+00:00,michael_saylor,BUY,0.9,5.0,2021-01-28 21:12:00+00:00,2021-01-28 21:17:00+00:00,32732.99,32849.72,116.72999999999956,0.0035661270174218,False,True
BTC,10,248,2021-01-28 21:11:43+00:00,michael_saylor,BUY,0.9,5.0,2021-01-28 21:12:00+00:00,2021-01-28 21:22:00+00:00,32732.99,32896.91,163.9200000000019,0.0050077918332545,False,True
BTC,15,248,2021-01-28 21:11:43+00:00,michael_saylor,BUY,0.9,5.0,2021-01-28 21:12:00+00:00,2021-01-28 21:27:00+00:00,32732.99,32826.92,93.92999999999664,0.0028695820332941,False,True
BTC,30,248,2021-01-28 21:11:43+00:00,michael_saylor,BUY,0.9,5.0,2021-01-28 21:12:00+00:00,2021-01-28 21:42:00+00:00,32732.99,32858.76,125.77000000000044,0.0038423009935847,False,True
BTC,60,248,2021-01-28 21:11:43+00:00,michael_saylor,BUY,0.9,5.0,2021-01-28 21:12:00+00:00,2021-01-28 22:12:00+00:00,32732.99,33312.44,579.4500000000007,0.0177023241689806,False,True
BTC,120,248,2021-01-28 21:11:43+00:00,michael_saylor,BUY,0.9,5.0,2021-01-28 21:12:00+00:00,2021-01-28 23:12:00+00:00,32732.99,33470.05,737.0600000000013,0.0225173441228559,False,True
BTC,360,248,2021-01-28 21:11:43+00:00,michael_saylor,BUY,0.9,5.0,2021-01-28 21:12:00+00:00,2021-01-29 03:12:00+00:00,32732.99,33989.84,1256.849999999995,0.0383970422500356,False,True
BTC,720,248,2021-01-28 21:11:43+00:00,michael_saylor,BUY,0.9,5.0,2021-01-28 21:12:00+00:00,2021-01-29 09:12:00+00:00,32732.99,35954.65,3221.66,0.0984224172616067,False,True
BTC,1440,248,2021-01-28 21:11:43+00:00,michael_saylor,BUY,0.9,5.0,2021-01-28 21:12:00+00:00,2021-01-29 21:12:00+00:00,32732.99,34209.77,1476.7799999999952,0.0451159518271931,False,True
BTC,1,249,2021-01-29 13:20:13+00:00,michael_saylor,BUY,0.8,4.0,2021-01-29 13:21:00+00:00,2021-01-29 13:22:00+00:00,37443.88,37388.29,-55.58999999999651,-0.00148462178599,False,False
BTC,3,249,2021-01-29 13:20:13+00:00,michael_saylor,BUY,0.8,4.0,2021-01-29 13:21:00+00:00,2021-01-29 13:24:00+00:00,37443.88,37352.85,-91.02999999999884,-0.0024311048961806,False,False
BTC,5,249,2021-01-29 13:20:13+00:00,michael_saylor,BUY,0.8,4.0,2021-01-29 13:21:00+00:00,2021-01-29 13:26:00+00:00,37443.88,37369.1,-74.77999999999884,-0.0019971220931163,False,False
BTC,10,249,2021-01-29 13:20:13+00:00,michael_saylor,BUY,0.8,4.0,2021-01-29 13:21:00+00:00,2021-01-29 13:31:00+00:00,37443.88,37519.0,75.12000000000262,0.0020062023486882,False,True
BTC,15,249,2021-01-29 13:20:13+00:00,michael_saylor,BUY,0.8,4.0,2021-01-29 13:21:00+00:00,2021-01-29 13:36:00+00:00,37443.88,37560.41,116.53000000000613,0.0031121240640661,False,True
BTC,30,249,2021-01-29 13:20:13+00:00,michael_saylor,BUY,0.8,4.0,2021-01-29 13:21:00+00:00,2021-01-29 13:51:00+00:00,37443.88,38384.87,940.9900000000052,0.025130675560332,False,True
BTC,60,249,2021-01-29 13:20:13+00:00,michael_saylor,BUY,0.8,4.0,2021-01-29 13:21:00+00:00,2021-01-29 14:21:00+00:00,37443.88,37968.26,524.3800000000047,0.0140044247551269,False,True
BTC,120,249,2021-01-29 13:20:13+00:00,michael_saylor,BUY,0.8,4.0,2021-01-29 13:21:00+00:00,2021-01-29 15:21:00+00:00,37443.88,37186.41,-257.4699999999939,-0.0068761570649193,False,False
BTC,360,249,2021-01-29 13:20:13+00:00,michael_saylor,BUY,0.8,4.0,2021-01-29 13:21:00+00:00,2021-01-29 19:21:00+00:00,37443.88,34650.0,-2793.8799999999974,-0.0746151306969255,False,False
BTC,720,249,2021-01-29 13:20:13+00:00,michael_saylor,BUY,0.8,4.0,2021-01-29 13:21:00+00:00,2021-01-30 01:21:00+00:00,37443.88,34707.31,-2736.5699999999997,-0.0730845735003958,False,False
BTC,1440,249,2021-01-29 13:20:13+00:00,michael_saylor,BUY,0.8,4.0,2021-01-29 13:21:00+00:00,2021-01-30 13:21:00+00:00,37443.88,33783.48,-3660.399999999994,-0.0977569632206917,False,False
BTC,1,252,2021-01-31 15:46:27+00:00,michael_saylor,BUY,0.8,4.0,2021-01-31 15:47:00+00:00,2021-01-31 15:48:00+00:00,32687.01,32773.93,86.92000000000189,0.0026591603208737,False,True
BTC,3,252,2021-01-31 15:46:27+00:00,michael_saylor,BUY,0.8,4.0,2021-01-31 15:47:00+00:00,2021-01-31 15:50:00+00:00,32687.01,32747.11,60.10000000000218,0.0018386508891453,False,True
BTC,5,252,2021-01-31 15:46:27+00:00,michael_saylor,BUY,0.8,4.0,2021-01-31 15:47:00+00:00,2021-01-31 15:52:00+00:00,32687.01,32939.68,252.6700000000019,0.0077299820326179,False,True
BTC,10,252,2021-01-31 15:46:27+00:00,michael_saylor,BUY,0.8,4.0,2021-01-31 15:47:00+00:00,2021-01-31 15:57:00+00:00,32687.01,32914.41,227.4000000000051,0.0069568920497777,False,True
BTC,15,252,2021-01-31 15:46:27+00:00,michael_saylor,BUY,0.8,4.0,2021-01-31 15:47:00+00:00,2021-01-31 16:02:00+00:00,32687.01,32855.05,168.0400000000045,0.0051408801233274,False,True
BTC,30,252,2021-01-31 15:46:27+00:00,michael_saylor,BUY,0.8,4.0,2021-01-31 15:47:00+00:00,2021-01-31 16:17:00+00:00,32687.01,32881.74,194.72999999999956,0.0059574124399876,False,True
BTC,60,252,2021-01-31 15:46:27+00:00,michael_saylor,BUY,0.8,4.0,2021-01-31 15:47:00+00:00,2021-01-31 16:47:00+00:00,32687.01,32988.4,301.39000000000306,0.009220482387346,False,True
BTC,120,252,2021-01-31 15:46:27+00:00,michael_saylor,BUY,0.8,4.0,2021-01-31 15:47:00+00:00,2021-01-31 17:47:00+00:00,32687.01,32632.31,-54.69999999999709,-0.0016734476478575,False,False
BTC,360,252,2021-01-31 15:46:27+00:00,michael_saylor,BUY,0.8,4.0,2021-01-31 15:47:00+00:00,2021-01-31 21:47:00+00:00,32687.01,32600.01,-87.0,-0.0026616077763001,False,False
BTC,720,252,2021-01-31 15:46:27+00:00,michael_saylor,BUY,0.8,4.0,2021-01-31 15:47:00+00:00,2021-02-01 03:47:00+00:00,32687.01,33664.68,977.670000000002,0.0299100468351189,False,True
BTC,1440,252,2021-01-31 15:46:27+00:00,michael_saylor,BUY,0.8,4.0,2021-01-31 15:47:00+00:00,2021-02-01 15:47:00+00:00,32687.01,33459.63,772.619999999999,0.0236369126451149,False,True
BTC,1,253,2021-02-01 13:30:44+00:00,michael_saylor,BUY,0.8,4.0,2021-02-01 13:31:00+00:00,2021-02-01 13:32:00+00:00,33817.94,33841.17,23.229999999995925,0.0006869135139513,False,True
BTC,3,253,2021-02-01 13:30:44+00:00,michael_saylor,BUY,0.8,4.0,2021-02-01 13:31:00+00:00,2021-02-01 13:34:00+00:00,33817.94,33820.23,2.290000000000873,6.771553796596934e-05,False,True
BTC,5,253,2021-02-01 13:30:44+00:00,michael_saylor,BUY,0.8,4.0,2021-02-01 13:31:00+00:00,2021-02-01 13:36:00+00:00,33817.94,33884.77,66.82999999999447,0.0019761700446566,False,True
BTC,10,253,2021-02-01 13:30:44+00:00,michael_saylor,BUY,0.8,4.0,2021-02-01 13:31:00+00:00,2021-02-01 13:41:00+00:00,33817.94,33927.38,109.43999999999504,0.0032361521724858,False,True
BTC,15,253,2021-02-01 13:30:44+00:00,michael_saylor,BUY,0.8,4.0,2021-02-01 13:31:00+00:00,2021-02-01 13:46:00+00:00,33817.94,33951.51,133.5699999999997,0.0039496787799611,False,True
BTC,30,253,2021-02-01 13:30:44+00:00,michael_saylor,BUY,0.8,4.0,2021-02-01 13:31:00+00:00,2021-02-01 14:01:00+00:00,33817.94,33622.76,-195.1800000000003,-0.0057714928821802,False,False
BTC,60,253,2021-02-01 13:30:44+00:00,michael_saylor,BUY,0.8,4.0,2021-02-01 13:31:00+00:00,2021-02-01 14:31:00+00:00,33817.94,33824.2,6.259999999994761,0.0001851088505093,False,True
BTC,120,253,2021-02-01 13:30:44+00:00,michael_saylor,BUY,0.8,4.0,2021-02-01 13:31:00+00:00,2021-02-01 15:31:00+00:00,33817.94,33556.43,-261.51000000000204,-0.0077328778748794,False,False
BTC,360,253,2021-02-01 13:30:44+00:00,michael_saylor,BUY,0.8,4.0,2021-02-01 13:31:00+00:00,2021-02-01 19:31:00+00:00,33817.94,33921.58,103.63999999999942,0.0030646455697774,False,True
BTC,720,253,2021-02-01 13:30:44+00:00,michael_saylor,BUY,0.8,4.0,2021-02-01 13:31:00+00:00,2021-02-02 01:31:00+00:00,33817.94,33626.19,-191.75,-0.0056700674257509,False,False
BTC,1440,253,2021-02-01 13:30:44+00:00,michael_saylor,BUY,0.8,4.0,2021-02-01 13:31:00+00:00,2021-02-02 13:31:00+00:00,33817.94,34812.48,994.5400000000008,0.0294086511478818,False,True
BTC,1,254,2021-02-01 18:00:21+00:00,michael_saylor,BUY,0.8,4.0,2021-02-01 18:01:00+00:00,2021-02-01 18:02:00+00:00,33949.99,33917.6,-32.38999999999942,-0.0009540503546539,False,False
BTC,3,254,2021-02-01 18:00:21+00:00,michael_saylor,BUY,0.8,4.0,2021-02-01 18:01:00+00:00,2021-02-01 18:04:00+00:00,33949.99,33897.4,-52.58999999999651,-0.0015490431661392,False,False
BTC,5,254,2021-02-01 18:00:21+00:00,michael_saylor,BUY,0.8,4.0,2021-02-01 18:01:00+00:00,2021-02-01 18:06:00+00:00,33949.99,33875.17,-74.81999999999971,-0.00220382980967,False,False
BTC,10,254,2021-02-01 18:00:21+00:00,michael_saylor,BUY,0.8,4.0,2021-02-01 18:01:00+00:00,2021-02-01 18:11:00+00:00,33949.99,33876.89,-73.09999999999854,-0.0021531670554247,False,False
BTC,15,254,2021-02-01 18:00:21+00:00,michael_saylor,BUY,0.8,4.0,2021-02-01 18:01:00+00:00,2021-02-01 18:16:00+00:00,33949.99,33811.23,-138.75999999999476,-0.0040871882436488,False,False
BTC,30,254,2021-02-01 18:00:21+00:00,michael_saylor,BUY,0.8,4.0,2021-02-01 18:01:00+00:00,2021-02-01 18:31:00+00:00,33949.99,33813.55,-136.43999999999505,-0.004018852435597,False,False
BTC,60,254,2021-02-01 18:00:21+00:00,michael_saylor,BUY,0.8,4.0,2021-02-01 18:01:00+00:00,2021-02-01 19:01:00+00:00,33949.99,33705.01,-244.97999999999593,-0.0072159078691921,False,False
BTC,120,254,2021-02-01 18:00:21+00:00,michael_saylor,BUY,0.8,4.0,2021-02-01 18:01:00+00:00,2021-02-01 20:01:00+00:00,33949.99,33840.84,-109.15000000000146,-0.0032150230382984,False,False
BTC,360,254,2021-02-01 18:00:21+00:00,michael_saylor,BUY,0.8,4.0,2021-02-01 18:01:00+00:00,2021-02-02 00:01:00+00:00,33949.99,33462.68,-487.3099999999977,-0.0143537597507391,False,False
BTC,720,254,2021-02-01 18:00:21+00:00,michael_saylor,BUY,0.8,4.0,2021-02-01 18:01:00+00:00,2021-02-02 06:01:00+00:00,33949.99,33982.5,32.51000000000204,0.0009575849654153,False,True
BTC,1440,254,2021-02-01 18:00:21+00:00,michael_saylor,BUY,0.8,4.0,2021-02-01 18:01:00+00:00,2021-02-02 18:01:00+00:00,33949.99,34944.23,994.2400000000052,0.029285428360951,False,True
BTC,1,255,2021-02-02 12:00:27+00:00,michael_saylor,BUY,0.9,4.0,2021-02-02 12:01:00+00:00,2021-02-02 12:02:00+00:00,34582.49,34701.96,119.47000000000116,0.0034546384600993,False,True
BTC,3,255,2021-02-02 12:00:27+00:00,michael_saylor,BUY,0.9,4.0,2021-02-02 12:01:00+00:00,2021-02-02 12:04:00+00:00,34582.49,34777.43,194.94000000000233,0.0056369567373547,False,True
BTC,5,255,2021-02-02 12:00:27+00:00,michael_saylor,BUY,0.9,4.0,2021-02-02 12:01:00+00:00,2021-02-02 12:06:00+00:00,34582.49,34787.29,204.8000000000029,0.0059220721237829,False,True
BTC,10,255,2021-02-02 12:00:27+00:00,michael_saylor,BUY,0.9,4.0,2021-02-02 12:01:00+00:00,2021-02-02 12:11:00+00:00,34582.49,34856.24,273.75,0.0079158556830349,False,True
BTC,15,255,2021-02-02 12:00:27+00:00,michael_saylor,BUY,0.9,4.0,2021-02-02 12:01:00+00:00,2021-02-02 12:16:00+00:00,34582.49,34841.25,258.76000000000204,0.0074823993298343,False,True
BTC,30,255,2021-02-02 12:00:27+00:00,michael_saylor,BUY,0.9,4.0,2021-02-02 12:01:00+00:00,2021-02-02 12:31:00+00:00,34582.49,34909.41,326.92000000000553,0.0094533389585309,False,True
BTC,60,255,2021-02-02 12:00:27+00:00,michael_saylor,BUY,0.9,4.0,2021-02-02 12:01:00+00:00,2021-02-02 13:01:00+00:00,34582.49,34760.0,177.51000000000204,0.0051329444467417,False,True
BTC,120,255,2021-02-02 12:00:27+00:00,michael_saylor,BUY,0.9,4.0,2021-02-02 12:01:00+00:00,2021-02-02 14:01:00+00:00,34582.49,34830.0,247.51000000000204,0.0071570901921753,False,True
BTC,360,255,2021-02-02 12:00:27+00:00,michael_saylor,BUY,0.9,4.0,2021-02-02 12:01:00+00:00,2021-02-02 18:01:00+00:00,34582.49,34944.23,361.7400000000053,0.0104602068850451,False,True
BTC,720,255,2021-02-02 12:00:27+00:00,michael_saylor,BUY,0.9,4.0,2021-02-02 12:01:00+00:00,2021-02-03 00:01:00+00:00,34582.49,35445.57,863.0800000000017,0.0249571387138404,False,True
BTC,1440,255,2021-02-02 12:00:27+00:00,michael_saylor,BUY,0.9,4.0,2021-02-02 12:01:00+00:00,2021-02-03 12:01:00+00:00,34582.49,35847.81,1265.3199999999997,0.0365884584944577,False,True
BTC,1,256,2021-02-02 13:47:23+00:00,michael_saylor,BUY,0.8,4.0,2021-02-02 13:48:00+00:00,2021-02-02 13:49:00+00:00,34829.99,34823.19,-6.799999999995634,-0.0001952340497368,False,False
BTC,3,256,2021-02-02 13:47:23+00:00,michael_saylor,BUY,0.8,4.0,2021-02-02 13:48:00+00:00,2021-02-02 13:51:00+00:00,34829.99,34833.72,3.7300000000032014,0.0001070916184587,False,True
BTC,5,256,2021-02-02 13:47:23+00:00,michael_saylor,BUY,0.8,4.0,2021-02-02 13:48:00+00:00,2021-02-02 13:53:00+00:00,34829.99,34829.16,-0.8299999999944703,-2.383003842362488e-05,False,False
BTC,10,256,2021-02-02 13:47:23+00:00,michael_saylor,BUY,0.8,4.0,2021-02-02 13:48:00+00:00,2021-02-02 13:58:00+00:00,34829.99,34824.33,-5.6599999999962165,-0.0001625036355162,False,False
BTC,15,256,2021-02-02 13:47:23+00:00,michael_saylor,BUY,0.8,4.0,2021-02-02 13:48:00+00:00,2021-02-02 14:03:00+00:00,34829.99,34855.81,25.81999999999971,0.0007413151712073,False,True
BTC,30,256,2021-02-02 13:47:23+00:00,michael_saylor,BUY,0.8,4.0,2021-02-02 13:48:00+00:00,2021-02-02 14:18:00+00:00,34829.99,34660.66,-169.32999999999447,-0.0048616149473483,False,False
BTC,60,256,2021-02-02 13:47:23+00:00,michael_saylor,BUY,0.8,4.0,2021-02-02 13:48:00+00:00,2021-02-02 14:48:00+00:00,34829.99,34773.19,-56.799999999995634,-0.0016307785330973,False,False
BTC,120,256,2021-02-02 13:47:23+00:00,michael_saylor,BUY,0.8,4.0,2021-02-02 13:48:00+00:00,2021-02-02 15:48:00+00:00,34829.99,34648.87,-181.11999999999537,-0.0052001163365247,False,False
BTC,360,256,2021-02-02 13:47:23+00:00,michael_saylor,BUY,0.8,4.0,2021-02-02 13:48:00+00:00,2021-02-02 19:48:00+00:00,34829.99,35440.58,610.5900000000038,0.0175305821219013,False,True
BTC,720,256,2021-02-02 13:47:23+00:00,michael_saylor,BUY,0.8,4.0,2021-02-02 13:48:00+00:00,2021-02-03 01:48:00+00:00,34829.99,35945.32,1115.3300000000015,0.0320221165725284,False,True
BTC,1440,256,2021-02-02 13:47:23+00:00,michael_saylor,BUY,0.8,4.0,2021-02-02 13:48:00+00:00,2021-02-03 13:48:00+00:00,34829.99,36575.56,1745.5699999999997,0.0501168676763903,False,True
BTC,1,257,2021-02-02 14:42:49+00:00,michael_saylor,BUY,0.9,4.0,2021-02-02 14:43:00+00:00,2021-02-02 14:44:00+00:00,34740.94,34737.12,-3.819999999999709,-0.0001099567254081,False,False
BTC,3,257,2021-02-02 14:42:49+00:00,michael_saylor,BUY,0.9,4.0,2021-02-02 14:43:00+00:00,2021-02-02 14:46:00+00:00,34740.94,34747.2,6.259999999994761,0.0001801908641503,False,True
BTC,5,257,2021-02-02 14:42:49+00:00,michael_saylor,BUY,0.9,4.0,2021-02-02 14:43:00+00:00,2021-02-02 14:48:00+00:00,34740.94,34773.19,32.25,0.0009282995796889,False,True
BTC,10,257,2021-02-02 14:42:49+00:00,michael_saylor,BUY,0.9,4.0,2021-02-02 14:43:00+00:00,2021-02-02 14:53:00+00:00,34740.94,34777.19,36.25,0.0010434375120535,False,True
BTC,15,257,2021-02-02 14:42:49+00:00,michael_saylor,BUY,0.9,4.0,2021-02-02 14:43:00+00:00,2021-02-02 14:58:00+00:00,34740.94,34743.76,2.819999999999709,8.117224231698131e-05,False,True
BTC,30,257,2021-02-02 14:42:49+00:00,michael_saylor,BUY,0.9,4.0,2021-02-02 14:43:00+00:00,2021-02-02 15:13:00+00:00,34740.94,34800.0,59.05999999999767,0.0017000115713621,False,True
BTC,60,257,2021-02-02 14:42:49+00:00,michael_saylor,BUY,0.9,4.0,2021-02-02 14:43:00+00:00,2021-02-02 15:43:00+00:00,34740.94,34645.75,-95.19000000000231,-0.0027399949454448,False,False
BTC,120,257,2021-02-02 14:42:49+00:00,michael_saylor,BUY,0.9,4.0,2021-02-02 14:43:00+00:00,2021-02-02 16:43:00+00:00,34740.94,35070.67,329.7299999999959,0.0094911076096385,False,True
BTC,360,257,2021-02-02 14:42:49+00:00,michael_saylor,BUY,0.9,4.0,2021-02-02 14:43:00+00:00,2021-02-02 20:43:00+00:00,34740.94,35604.66,863.7200000000012,0.0248617337354717,False,True
BTC,720,257,2021-02-02 14:42:49+00:00,michael_saylor,BUY,0.9,4.0,2021-02-02 14:43:00+00:00,2021-02-03 02:43:00+00:00,34740.94,35954.08,1213.1399999999994,0.0349196078171747,False,True
BTC,1440,257,2021-02-02 14:42:49+00:00,michael_saylor,BUY,0.9,4.0,2021-02-02 14:43:00+00:00,2021-02-03 14:43:00+00:00,34740.94,36440.57,1699.6299999999974,0.048922970996179,False,True
BTC,1,258,2021-02-02 16:38:40+00:00,michael_saylor,BUY,0.9,5.0,2021-02-02 16:39:00+00:00,2021-02-02 16:40:00+00:00,35121.26,35100.29,-20.970000000001164,-0.0005970742507529,False,False
BTC,3,258,2021-02-02 16:38:40+00:00,michael_saylor,BUY,0.9,5.0,2021-02-02 16:39:00+00:00,2021-02-02 16:42:00+00:00,35121.26,35070.2,-51.06000000000495,-0.0014538202786575,False,False
BTC,5,258,2021-02-02 16:38:40+00:00,michael_saylor,BUY,0.9,5.0,2021-02-02 16:39:00+00:00,2021-02-02 16:44:00+00:00,35121.26,35015.41,-105.84999999999854,-0.0030138440363471,False,False
BTC,10,258,2021-02-02 16:38:40+00:00,michael_saylor,BUY,0.9,5.0,2021-02-02 16:39:00+00:00,2021-02-02 16:49:00+00:00,35121.26,34979.85,-141.4100000000035,-0.0040263361849775,False,False
BTC,15,258,2021-02-02 16:38:40+00:00,michael_saylor,BUY,0.9,5.0,2021-02-02 16:39:00+00:00,2021-02-02 16:54:00+00:00,35121.26,34999.99,-121.27000000000407,-0.0034528943437679,False,False
BTC,30,258,2021-02-02 16:38:40+00:00,michael_saylor,BUY,0.9,5.0,2021-02-02 16:39:00+00:00,2021-02-02 17:09:00+00:00,35121.26,34858.18,-263.08000000000175,-0.0074906196417782,False,False
BTC,60,258,2021-02-02 16:38:40+00:00,michael_saylor,BUY,0.9,5.0,2021-02-02 16:39:00+00:00,2021-02-02 17:39:00+00:00,35121.26,34799.87,-321.3899999999994,-0.009150867594158,False,False
BTC,120,258,2021-02-02 16:38:40+00:00,michael_saylor,BUY,0.9,5.0,2021-02-02 16:39:00+00:00,2021-02-02 18:39:00+00:00,35121.26,34964.73,-156.52999999999884,-0.0044568446576232,False,False
BTC,360,258,2021-02-02 16:38:40+00:00,michael_saylor,BUY,0.9,5.0,2021-02-02 16:39:00+00:00,2021-02-02 22:39:00+00:00,35121.26,35598.77,477.5099999999947,0.0135960384109224,False,True
BTC,720,258,2021-02-02 16:38:40+00:00,michael_saylor,BUY,0.9,5.0,2021-02-02 16:39:00+00:00,2021-02-03 04:39:00+00:00,35121.26,36544.71,1423.449999999997,0.0405295823669195,False,True
BTC,1440,258,2021-02-02 16:38:40+00:00,michael_saylor,BUY,0.9,5.0,2021-02-02 16:39:00+00:00,2021-02-03 16:39:00+00:00,35121.26,37047.62,1926.3600000000008,0.0548488294554352,False,True
BTC,1,259,2021-02-02 21:09:27+00:00,michael_saylor,BUY,0.9,5.0,2021-02-02 21:10:00+00:00,2021-02-02 21:11:00+00:00,35698.76,35645.19,-53.56999999999971,-0.0015006123461991,False,False
BTC,3,259,2021-02-02 21:09:27+00:00,michael_saylor,BUY,0.9,5.0,2021-02-02 21:10:00+00:00,2021-02-02 21:13:00+00:00,35698.76,35635.01,-63.75,-0.0017857763126786,False,False
BTC,5,259,2021-02-02 21:09:27+00:00,michael_saylor,BUY,0.9,5.0,2021-02-02 21:10:00+00:00,2021-02-02 21:15:00+00:00,35698.76,35664.14,-34.62000000000262,-0.00096978158345,False,False
BTC,10,259,2021-02-02 21:09:27+00:00,michael_saylor,BUY,0.9,5.0,2021-02-02 21:10:00+00:00,2021-02-02 21:20:00+00:00,35698.76,35618.75,-80.01000000000204,-0.0022412543180772,False,False
BTC,15,259,2021-02-02 21:09:27+00:00,michael_saylor,BUY,0.9,5.0,2021-02-02 21:10:00+00:00,2021-02-02 21:25:00+00:00,35698.76,35614.59,-84.17000000000553,-0.002357784976285,False,False
BTC,30,259,2021-02-02 21:09:27+00:00,michael_saylor,BUY,0.9,5.0,2021-02-02 21:10:00+00:00,2021-02-02 21:40:00+00:00,35698.76,35856.81,158.04999999999563,0.0044273246465702,False,True
BTC,60,259,2021-02-02 21:09:27+00:00,michael_saylor,BUY,0.9,5.0,2021-02-02 21:10:00+00:00,2021-02-02 22:10:00+00:00,35698.76,35613.14,-85.62000000000262,-0.0023984026335929,False,False
BTC,120,259,2021-02-02 21:09:27+00:00,michael_saylor,BUY,0.9,5.0,2021-02-02 21:10:00+00:00,2021-02-02 23:10:00+00:00,35698.76,35607.69,-91.06999999999972,-0.0025510690007159,False,False
BTC,360,259,2021-02-02 21:09:27+00:00,michael_saylor,BUY,0.9,5.0,2021-02-02 21:10:00+00:00,2021-02-03 03:10:00+00:00,35698.76,36022.42,323.6599999999962,0.0090664213546912,False,True
BTC,720,259,2021-02-02 21:09:27+00:00,michael_saylor,BUY,0.9,5.0,2021-02-02 21:10:00+00:00,2021-02-03 09:10:00+00:00,35698.76,35810.88,112.11999999999534,0.0031407253361179,False,True
BTC,1440,259,2021-02-02 21:09:27+00:00,michael_saylor,BUY,0.9,5.0,2021-02-02 21:10:00+00:00,2021-02-03 21:10:00+00:00,35698.76,37036.62,1337.8600000000006,0.0374763717283177,False,True
BTC,1,261,2021-02-03 14:39:22+00:00,michael_saylor,BUY,0.8,4.0,2021-02-03 14:40:00+00:00,2021-02-03 14:41:00+00:00,36412.0,36443.94,31.94000000000233,0.0008771833461496,False,True
BTC,3,261,2021-02-03 14:39:22+00:00,michael_saylor,BUY,0.8,4.0,2021-02-03 14:40:00+00:00,2021-02-03 14:43:00+00:00,36412.0,36440.57,28.56999999999971,0.0007846314401845,False,True
BTC,5,261,2021-02-03 14:39:22+00:00,michael_saylor,BUY,0.8,4.0,2021-02-03 14:40:00+00:00,2021-02-03 14:45:00+00:00,36412.0,36405.63,-6.370000000002619,-0.0001749423267055,False,False
BTC,10,261,2021-02-03 14:39:22+00:00,michael_saylor,BUY,0.8,4.0,2021-02-03 14:40:00+00:00,2021-02-03 14:50:00+00:00,36412.0,36556.52,144.5199999999968,0.0039690212018015,False,True
BTC,15,261,2021-02-03 14:39:22+00:00,michael_saylor,BUY,0.8,4.0,2021-02-03 14:40:00+00:00,2021-02-03 14:55:00+00:00,36412.0,36534.41,122.41000000000348,0.0033618038009448,False,True
BTC,30,261,2021-02-03 14:39:22+00:00,michael_saylor,BUY,0.8,4.0,2021-02-03 14:40:00+00:00,2021-02-03 15:10:00+00:00,36412.0,36590.89,178.88999999999942,0.0049129407887509,False,True
BTC,60,261,2021-02-03 14:39:22+00:00,michael_saylor,BUY,0.8,4.0,2021-02-03 14:40:00+00:00,2021-02-03 15:40:00+00:00,36412.0,36823.94,411.9400000000023,0.0113133033066022,False,True
BTC,120,261,2021-02-03 14:39:22+00:00,michael_saylor,BUY,0.8,4.0,2021-02-03 14:40:00+00:00,2021-02-03 16:40:00+00:00,36412.0,37083.99,671.989999999998,0.0184551796111171,False,True
BTC,360,261,2021-02-03 14:39:22+00:00,michael_saylor,BUY,0.8,4.0,2021-02-03 14:40:00+00:00,2021-02-03 20:40:00+00:00,36412.0,36837.72,425.7200000000011,0.0116917499725365,False,True
BTC,720,261,2021-02-03 14:39:22+00:00,michael_saylor,BUY,0.8,4.0,2021-02-03 14:40:00+00:00,2021-02-04 02:40:00+00:00,36412.0,37856.98,1444.9800000000032,0.0396841700538284,False,True
BTC,1440,261,2021-02-03 14:39:22+00:00,michael_saylor,BUY,0.8,4.0,2021-02-03 14:40:00+00:00,2021-02-04 14:40:00+00:00,36412.0,37112.58,700.5800000000017,0.0192403603207734,False,True
BTC,1,264,2021-02-04 16:46:26+00:00,michael_saylor,BUY,0.8,4.0,2021-02-04 16:47:00+00:00,2021-02-04 16:48:00+00:00,36744.68,36764.97,20.290000000000873,0.0005521887794369,False,True
BTC,3,264,2021-02-04 16:46:26+00:00,michael_saylor,BUY,0.8,4.0,2021-02-04 16:47:00+00:00,2021-02-04 16:50:00+00:00,36744.68,36860.0,115.31999999999972,0.0031384135063905,False,True
BTC,5,264,2021-02-04 16:46:26+00:00,michael_saylor,BUY,0.8,4.0,2021-02-04 16:47:00+00:00,2021-02-04 16:52:00+00:00,36744.68,36865.09,120.40999999999622,0.0032769369606701,False,True
BTC,10,264,2021-02-04 16:46:26+00:00,michael_saylor,BUY,0.8,4.0,2021-02-04 16:47:00+00:00,2021-02-04 16:57:00+00:00,36744.68,36949.98,205.3000000000029,0.0055872033720256,False,True
BTC,15,264,2021-02-04 16:46:26+00:00,michael_saylor,BUY,0.8,4.0,2021-02-04 16:47:00+00:00,2021-02-04 17:02:00+00:00,36744.68,37000.01,255.33000000000175,0.0069487610179215,False,True
BTC,30,264,2021-02-04 16:46:26+00:00,michael_saylor,BUY,0.8,4.0,2021-02-04 16:47:00+00:00,2021-02-04 17:17:00+00:00,36744.68,36846.77,102.08999999999652,0.0027783613845595,False,True
BTC,60,264,2021-02-04 16:46:26+00:00,michael_saylor,BUY,0.8,4.0,2021-02-04 16:47:00+00:00,2021-02-04 17:47:00+00:00,36744.68,36921.9,177.22000000000116,0.0048230111134455,False,True
BTC,120,264,2021-02-04 16:46:26+00:00,michael_saylor,BUY,0.8,4.0,2021-02-04 16:47:00+00:00,2021-02-04 18:47:00+00:00,36744.68,36946.6,201.91999999999825,0.005495217266826,False,True
BTC,360,264,2021-02-04 16:46:26+00:00,michael_saylor,BUY,0.8,4.0,2021-02-04 16:47:00+00:00,2021-02-04 22:47:00+00:00,36744.68,37074.6,329.91999999999825,0.0089787147418346,False,True
BTC,720,264,2021-02-04 16:46:26+00:00,michael_saylor,BUY,0.8,4.0,2021-02-04 16:47:00+00:00,2021-02-05 04:47:00+00:00,36744.68,37300.0,555.3199999999997,0.0151129360767327,False,True
BTC,1440,264,2021-02-04 16:46:26+00:00,michael_saylor,BUY,0.8,4.0,2021-02-04 16:47:00+00:00,2021-02-05 16:47:00+00:00,36744.68,37861.81,1117.1299999999974,0.0304024963613779,False,True
BTC,1,267,2021-02-06 14:43:49+00:00,michael_saylor,SELL,0.6,3.0,2021-02-06 14:44:00+00:00,2021-02-06 14:45:00+00:00,40494.77,40442.97,-51.799999999995634,-0.0012791775332961,False,True
BTC,3,267,2021-02-06 14:43:49+00:00,michael_saylor,SELL,0.6,3.0,2021-02-06 14:44:00+00:00,2021-02-06 14:47:00+00:00,40494.77,40399.96,-94.80999999999769,-0.0023412899986837,False,True
BTC,5,267,2021-02-06 14:43:49+00:00,michael_saylor,SELL,0.6,3.0,2021-02-06 14:44:00+00:00,2021-02-06 14:49:00+00:00,40494.77,40370.01,-124.75999999999476,-0.0030808916805798,False,True
BTC,10,267,2021-02-06 14:43:49+00:00,michael_saylor,SELL,0.6,3.0,2021-02-06 14:44:00+00:00,2021-02-06 14:54:00+00:00,40494.77,40262.05,-232.7199999999939,-0.0057469149719826,False,True
BTC,15,267,2021-02-06 14:43:49+00:00,michael_saylor,SELL,0.6,3.0,2021-02-06 14:44:00+00:00,2021-02-06 14:59:00+00:00,40494.77,40268.44,-226.32999999999447,-0.0055891168168134,False,True
BTC,30,267,2021-02-06 14:43:49+00:00,michael_saylor,SELL,0.6,3.0,2021-02-06 14:44:00+00:00,2021-02-06 15:14:00+00:00,40494.77,40442.38,-52.38999999999942,-0.0012937473160114,False,True
BTC,60,267,2021-02-06 14:43:49+00:00,michael_saylor,SELL,0.6,3.0,2021-02-06 14:44:00+00:00,2021-02-06 15:44:00+00:00,40494.77,40606.83,112.06000000000496,0.0027672709339997,False,False
BTC,120,267,2021-02-06 14:43:49+00:00,michael_saylor,SELL,0.6,3.0,2021-02-06 14:44:00+00:00,2021-02-06 16:44:00+00:00,40494.77,40607.07,112.30000000000292,0.0027731976252736,False,False
BTC,360,267,2021-02-06 14:43:49+00:00,michael_saylor,SELL,0.6,3.0,2021-02-06 14:44:00+00:00,2021-02-06 20:44:00+00:00,40494.77,39780.16,-714.6099999999933,-0.0176469702136842,False,True
BTC,720,267,2021-02-06 14:43:49+00:00,michael_saylor,SELL,0.6,3.0,2021-02-06 14:44:00+00:00,2021-02-07 02:44:00+00:00,40494.77,38610.0,-1884.7699999999968,-0.0465435413017532,False,True
BTC,1440,267,2021-02-06 14:43:49+00:00,michael_saylor,SELL,0.6,3.0,2021-02-06 14:44:00+00:00,2021-02-07 14:44:00+00:00,40494.77,38488.82,-2005.949999999997,-0.0495360265041633,False,True
BTC,1,268,2021-02-06 16:48:01+00:00,michael_saylor,BUY,0.8,5.0,2021-02-06 16:49:00+00:00,2021-02-06 16:50:00+00:00,40532.75,40510.92,-21.830000000001743,-0.0005385768298475,False,False
BTC,3,268,2021-02-06 16:48:01+00:00,michael_saylor,BUY,0.8,5.0,2021-02-06 16:49:00+00:00,2021-02-06 16:52:00+00:00,40532.75,40523.48,-9.2699999999968,-0.0002287039492755,False,False
BTC,5,268,2021-02-06 16:48:01+00:00,michael_saylor,BUY,0.8,5.0,2021-02-06 16:49:00+00:00,2021-02-06 16:54:00+00:00,40532.75,40541.97,9.220000000001164,0.0002274703788911,False,True
BTC,10,268,2021-02-06 16:48:01+00:00,michael_saylor,BUY,0.8,5.0,2021-02-06 16:49:00+00:00,2021-02-06 16:59:00+00:00,40532.75,40608.76,76.01000000000204,0.001875273698429,False,True
BTC,15,268,2021-02-06 16:48:01+00:00,michael_saylor,BUY,0.8,5.0,2021-02-06 16:49:00+00:00,2021-02-06 17:04:00+00:00,40532.75,40587.79,55.04000000000087,0.001357914279194,False,True
BTC,30,268,2021-02-06 16:48:01+00:00,michael_saylor,BUY,0.8,5.0,2021-02-06 16:49:00+00:00,2021-02-06 17:19:00+00:00,40532.75,40434.15,-98.59999999999854,-0.00243260079812,False,False
BTC,60,268,2021-02-06 16:48:01+00:00,michael_saylor,BUY,0.8,5.0,2021-02-06 16:49:00+00:00,2021-02-06 17:49:00+00:00,40532.75,40579.29,46.54000000000087,0.0011482073138388,False,True
BTC,120,268,2021-02-06 16:48:01+00:00,michael_saylor,BUY,0.8,5.0,2021-02-06 16:49:00+00:00,2021-02-06 18:49:00+00:00,40532.75,40300.0,-232.75,-0.0057422701395784,False,False
BTC,360,268,2021-02-06 16:48:01+00:00,michael_saylor,BUY,0.8,5.0,2021-02-06 16:49:00+00:00,2021-02-06 22:49:00+00:00,40532.75,40124.54,-408.2099999999991,-0.010071115332663,False,False
BTC,720,268,2021-02-06 16:48:01+00:00,michael_saylor,BUY,0.8,5.0,2021-02-06 16:49:00+00:00,2021-02-07 04:49:00+00:00,40532.75,38110.49,-2422.260000000002,-0.0597605639883798,False,False
BTC,1440,268,2021-02-06 16:48:01+00:00,michael_saylor,BUY,0.8,5.0,2021-02-06 16:49:00+00:00,2021-02-07 16:49:00+00:00,40532.75,37994.15,-2538.5999999999985,-0.0626308355588998,False,False
BTC,1,271,2021-02-07 15:36:27+00:00,michael_saylor,BUY,0.8,4.0,2021-02-07 15:37:00+00:00,2021-02-07 15:38:00+00:00,37948.78,37944.83,-3.9499999999970896,-0.0001040876676403,False,False
BTC,3,271,2021-02-07 15:36:27+00:00,michael_saylor,BUY,0.8,4.0,2021-02-07 15:37:00+00:00,2021-02-07 15:40:00+00:00,37948.78,38038.96,90.18000000000028,0.0023763609791935,False,True
BTC,5,271,2021-02-07 15:36:27+00:00,michael_saylor,BUY,0.8,4.0,2021-02-07 15:37:00+00:00,2021-02-07 15:42:00+00:00,37948.78,37978.68,29.900000000001455,0.0007879041170757,False,True
BTC,10,271,2021-02-07 15:36:27+00:00,michael_saylor,BUY,0.8,4.0,2021-02-07 15:37:00+00:00,2021-02-07 15:47:00+00:00,37948.78,38110.46,161.6800000000003,0.0042604795200267,False,True
BTC,15,271,2021-02-07 15:36:27+00:00,michael_saylor,BUY,0.8,4.0,2021-02-07 15:37:00+00:00,2021-02-07 15:52:00+00:00,37948.78,38145.69,196.9100000000035,0.0051888361101464,False,True
BTC,30,271,2021-02-07 15:36:27+00:00,michael_saylor,BUY,0.8,4.0,2021-02-07 15:37:00+00:00,2021-02-07 16:07:00+00:00,37948.78,37720.43,-228.34999999999857,-0.0060173212419476,False,False
BTC,60,271,2021-02-07 15:36:27+00:00,michael_saylor,BUY,0.8,4.0,2021-02-07 15:37:00+00:00,2021-02-07 16:37:00+00:00,37948.78,37740.6,-208.1800000000003,-0.0054858153542749,False,False
BTC,120,271,2021-02-07 15:36:27+00:00,michael_saylor,BUY,0.8,4.0,2021-02-07 15:37:00+00:00,2021-02-07 17:37:00+00:00,37948.78,38060.0,111.22000000000116,0.0029307925050555,False,True
BTC,360,271,2021-02-07 15:36:27+00:00,michael_saylor,BUY,0.8,4.0,2021-02-07 15:37:00+00:00,2021-02-07 21:37:00+00:00,37948.78,38450.0,501.2200000000011,0.013207802727782,False,True
BTC,720,271,2021-02-07 15:36:27+00:00,michael_saylor,BUY,0.8,4.0,2021-02-07 15:37:00+00:00,2021-02-08 03:37:00+00:00,37948.78,38400.18,451.40000000000146,0.0118949805500994,False,True
BTC,1440,271,2021-02-07 15:36:27+00:00,michael_saylor,BUY,0.8,4.0,2021-02-07 15:37:00+00:00,2021-02-08 15:37:00+00:00,37948.78,43609.22,5660.440000000002,0.1491599993464876,False,True
BTC,1,272,2021-02-08 13:17:15+00:00,michael_saylor,BUY,0.8,4.0,2021-02-08 13:18:00+00:00,2021-02-08 13:19:00+00:00,42656.64,42600.0,-56.63999999999942,-0.0013278120358284,False,False
BTC,3,272,2021-02-08 13:17:15+00:00,michael_saylor,BUY,0.8,4.0,2021-02-08 13:18:00+00:00,2021-02-08 13:21:00+00:00,42656.64,42971.59,314.9499999999971,0.0073833757182937,False,True
BTC,5,272,2021-02-08 13:17:15+00:00,michael_saylor,BUY,0.8,4.0,2021-02-08 13:18:00+00:00,2021-02-08 13:23:00+00:00,42656.64,43779.0,1122.3600000000006,0.0263114957014898,False,True
BTC,10,272,2021-02-08 13:17:15+00:00,michael_saylor,BUY,0.8,4.0,2021-02-08 13:18:00+00:00,2021-02-08 13:28:00+00:00,42656.64,43726.61,1069.9700000000012,0.0250833164543668,False,True
BTC,15,272,2021-02-08 13:17:15+00:00,michael_saylor,BUY,0.8,4.0,2021-02-08 13:18:00+00:00,2021-02-08 13:33:00+00:00,42656.64,43629.7,973.0599999999976,0.0228114544417937,False,True
BTC,30,272,2021-02-08 13:17:15+00:00,michael_saylor,BUY,0.8,4.0,2021-02-08 13:18:00+00:00,2021-02-08 13:48:00+00:00,42656.64,43884.72,1228.0800000000015,0.0287898906242967,False,True
BTC,60,272,2021-02-08 13:17:15+00:00,michael_saylor,BUY,0.8,4.0,2021-02-08 13:18:00+00:00,2021-02-08 14:18:00+00:00,42656.64,43696.21,1039.5699999999997,0.0243706489775097,False,True
BTC,120,272,2021-02-08 13:17:15+00:00,michael_saylor,BUY,0.8,4.0,2021-02-08 13:18:00+00:00,2021-02-08 15:18:00+00:00,42656.64,43609.75,953.1100000000006,0.0223437664101063,False,True
BTC,360,272,2021-02-08 13:17:15+00:00,michael_saylor,BUY,0.8,4.0,2021-02-08 13:18:00+00:00,2021-02-08 19:18:00+00:00,42656.64,42793.76,137.12000000000262,0.0032145054087711,False,True
BTC,720,272,2021-02-08 13:17:15+00:00,michael_saylor,BUY,0.8,4.0,2021-02-08 13:18:00+00:00,2021-02-09 01:18:00+00:00,42656.64,46566.19,3909.550000000003,0.0916516162548199,False,True
BTC,1440,272,2021-02-08 13:17:15+00:00,michael_saylor,BUY,0.8,4.0,2021-02-08 13:18:00+00:00,2021-02-09 13:18:00+00:00,42656.64,45607.76,2951.1200000000026,0.0691831330362635,False,True
BTC,1,273,2021-02-08 19:55:20+00:00,michael_saylor,BUY,0.9,5.0,2021-02-08 19:56:00+00:00,2021-02-08 19:57:00+00:00,42979.59,42953.24,-26.349999999998545,-0.000613081697615,False,False
BTC,3,273,2021-02-08 19:55:20+00:00,michael_saylor,BUY,0.9,5.0,2021-02-08 19:56:00+00:00,2021-02-08 19:59:00+00:00,42979.59,43051.95,72.36000000000058,0.001683589815538,False,True
BTC,5,273,2021-02-08 19:55:20+00:00,michael_saylor,BUY,0.9,5.0,2021-02-08 19:56:00+00:00,2021-02-08 20:01:00+00:00,42979.59,43048.81,69.22000000000116,0.0016105318826913,False,True
BTC,10,273,2021-02-08 19:55:20+00:00,michael_saylor,BUY,0.9,5.0,2021-02-08 19:56:00+00:00,2021-02-08 20:06:00+00:00,42979.59,43150.12,170.5300000000061,0.0039676972255902,False,True
BTC,15,273,2021-02-08 19:55:20+00:00,michael_saylor,BUY,0.9,5.0,2021-02-08 19:56:00+00:00,2021-02-08 20:11:00+00:00,42979.59,43163.57,183.9800000000032,0.0042806364602362,False,True
BTC,30,273,2021-02-08 19:55:20+00:00,michael_saylor,BUY,0.9,5.0,2021-02-08 19:56:00+00:00,2021-02-08 20:26:00+00:00,42979.59,43050.79,71.20000000000437,0.0016566002607285,False,True
BTC,60,273,2021-02-08 19:55:20+00:00,michael_saylor,BUY,0.9,5.0,2021-02-08 19:56:00+00:00,2021-02-08 20:56:00+00:00,42979.59,44026.21,1046.6200000000026,0.0243515584955557,False,True
BTC,120,273,2021-02-08 19:55:20+00:00,michael_saylor,BUY,0.9,5.0,2021-02-08 19:56:00+00:00,2021-02-08 21:56:00+00:00,42979.59,44623.63,1644.0400000000009,0.0382516445596619,False,True
BTC,360,273,2021-02-08 19:55:20+00:00,michael_saylor,BUY,0.9,5.0,2021-02-08 19:56:00+00:00,2021-02-09 01:56:00+00:00,42979.59,45939.02,2959.4300000000003,0.0688566363708914,False,True
BTC,720,273,2021-02-08 19:55:20+00:00,michael_saylor,BUY,0.9,5.0,2021-02-08 19:56:00+00:00,2021-02-09 07:56:00+00:00,42979.59,47568.09,4588.5,0.1067599760723636,False,True
BTC,1440,273,2021-02-08 19:55:20+00:00,michael_saylor,BUY,0.9,5.0,2021-02-08 19:56:00+00:00,2021-02-09 19:56:00+00:00,42979.59,47200.97,4221.380000000005,0.0982182473122709,False,True
BTC,1,274,2021-02-09 14:43:23+00:00,michael_saylor,BUY,0.9,5.0,2021-02-09 14:44:00+00:00,2021-02-09 14:45:00+00:00,46270.5,46302.42,31.919999999998257,0.0006898563879793,False,True
BTC,3,274,2021-02-09 14:43:23+00:00,michael_saylor,BUY,0.9,5.0,2021-02-09 14:44:00+00:00,2021-02-09 14:47:00+00:00,46270.5,46225.35,-45.150000000001455,-0.0009757837066813,False,False
BTC,5,274,2021-02-09 14:43:23+00:00,michael_saylor,BUY,0.9,5.0,2021-02-09 14:44:00+00:00,2021-02-09 14:49:00+00:00,46270.5,46195.74,-74.76000000000204,-0.0016157162771096,False,False
BTC,10,274,2021-02-09 14:43:23+00:00,michael_saylor,BUY,0.9,5.0,2021-02-09 14:44:00+00:00,2021-02-09 14:54:00+00:00,46270.5,46367.08,96.58000000000176,0.0020872910385667,False,True
BTC,15,274,2021-02-09 14:43:23+00:00,michael_saylor,BUY,0.9,5.0,2021-02-09 14:44:00+00:00,2021-02-09 14:59:00+00:00,46270.5,46624.44,353.9400000000023,0.0076493662268616,False,True
BTC,30,274,2021-02-09 14:43:23+00:00,michael_saylor,BUY,0.9,5.0,2021-02-09 14:44:00+00:00,2021-02-09 15:14:00+00:00,46270.5,46450.0,179.5,0.0038793615802725,False,True
BTC,60,274,2021-02-09 14:43:23+00:00,michael_saylor,BUY,0.9,5.0,2021-02-09 14:44:00+00:00,2021-02-09 15:44:00+00:00,46270.5,47056.66,786.1600000000035,0.0169905231194822,False,True
BTC,120,274,2021-02-09 14:43:23+00:00,michael_saylor,BUY,0.9,5.0,2021-02-09 14:44:00+00:00,2021-02-09 16:44:00+00:00,46270.5,46817.64,547.1399999999994,0.0118248127856841,False,True
BTC,360,274,2021-02-09 14:43:23+00:00,michael_saylor,BUY,0.9,5.0,2021-02-09 14:44:00+00:00,2021-02-09 20:44:00+00:00,46270.5,47260.82,990.3199999999996,0.0214028376611447,False,True
BTC,720,274,2021-02-09 14:43:23+00:00,michael_saylor,BUY,0.9,5.0,2021-02-09 14:44:00+00:00,2021-02-10 02:44:00+00:00,46270.5,46488.22,217.72000000000116,0.0047053738343004,False,True
BTC,1440,274,2021-02-09 14:43:23+00:00,michael_saylor,BUY,0.9,5.0,2021-02-09 14:44:00+00:00,2021-02-10 14:44:00+00:00,46270.5,45228.66,-1041.8399999999965,-0.0225162900768307,False,False
BTC,1,275,2021-02-09 19:08:08+00:00,michael_saylor,BUY,0.9,5.0,2021-02-09 19:09:00+00:00,2021-02-09 19:10:00+00:00,47113.62,46900.42,-213.20000000000437,-0.0045252307082326,False,False
BTC,3,275,2021-02-09 19:08:08+00:00,michael_saylor,BUY,0.9,5.0,2021-02-09 19:09:00+00:00,2021-02-09 19:12:00+00:00,47113.62,46910.36,-203.26000000000204,-0.0043142513778394,False,False
BTC,5,275,2021-02-09 19:08:08+00:00,michael_saylor,BUY,0.9,5.0,2021-02-09 19:09:00+00:00,2021-02-09 19:14:00+00:00,47113.62,46855.09,-258.5300000000061,-0.0054873728658508,False,False
BTC,10,275,2021-02-09 19:08:08+00:00,michael_saylor,BUY,0.9,5.0,2021-02-09 19:09:00+00:00,2021-02-09 19:19:00+00:00,47113.62,47014.1,-99.52000000000407,-0.0021123403381018,False,False
BTC,15,275,2021-02-09 19:08:08+00:00,michael_saylor,BUY,0.9,5.0,2021-02-09 19:09:00+00:00,2021-02-09 19:24:00+00:00,47113.62,46818.34,-295.2800000000061,-0.0062674020803327,False,False
BTC,30,275,2021-02-09 19:08:08+00:00,michael_saylor,BUY,0.9,5.0,2021-02-09 19:09:00+00:00,2021-02-09 19:39:00+00:00,47113.62,46823.48,-290.1399999999994,-0.0061583041167288,False,False
BTC,60,275,2021-02-09 19:08:08+00:00,michael_saylor,BUY,0.9,5.0,2021-02-09 19:09:00+00:00,2021-02-09 20:09:00+00:00,47113.62,46801.06,-312.56000000000495,-0.0066341750007748,False,False
BTC,120,275,2021-02-09 19:08:08+00:00,michael_saylor,BUY,0.9,5.0,2021-02-09 19:09:00+00:00,2021-02-09 21:09:00+00:00,47113.62,47311.97,198.34999999999857,0.0042100352297275,False,True
BTC,360,275,2021-02-09 19:08:08+00:00,michael_saylor,BUY,0.9,5.0,2021-02-09 19:09:00+00:00,2021-02-10 01:09:00+00:00,47113.62,46267.88,-845.7400000000052,-0.0179510723226108,False,False
BTC,720,275,2021-02-09 19:08:08+00:00,michael_saylor,BUY,0.9,5.0,2021-02-09 19:09:00+00:00,2021-02-10 07:09:00+00:00,47113.62,46606.68,-506.9400000000023,-0.0107599458500536,False,False
BTC,1440,275,2021-02-09 19:08:08+00:00,michael_saylor,BUY,0.9,5.0,2021-02-09 19:09:00+00:00,2021-02-10 19:09:00+00:00,47113.62,44932.69,-2180.9300000000003,-0.0462908602650358,False,False
BTC,1,276,2021-02-10 13:49:20+00:00,michael_saylor,BUY,0.9,4.0,2021-02-10 13:50:00+00:00,2021-02-10 13:51:00+00:00,45517.13,45638.17,121.04000000000087,0.0026592186282395,False,True
BTC,3,276,2021-02-10 13:49:20+00:00,michael_saylor,BUY,0.9,4.0,2021-02-10 13:50:00+00:00,2021-02-10 13:53:00+00:00,45517.13,45638.47,121.34000000000378,0.0026658095534583,False,True
BTC,5,276,2021-02-10 13:49:20+00:00,michael_saylor,BUY,0.9,4.0,2021-02-10 13:50:00+00:00,2021-02-10 13:55:00+00:00,45517.13,45624.14,107.01000000000204,0.0023509830255115,False,True
BTC,10,276,2021-02-10 13:49:20+00:00,michael_saylor,BUY,0.9,4.0,2021-02-10 13:50:00+00:00,2021-02-10 14:00:00+00:00,45517.13,45442.96,-74.16999999999825,-0.0016294964115707,False,False
BTC,15,276,2021-02-10 13:49:20+00:00,michael_saylor,BUY,0.9,4.0,2021-02-10 13:50:00+00:00,2021-02-10 14:05:00+00:00,45517.13,45835.83,318.70000000000437,0.0070017595573359,False,True
BTC,30,276,2021-02-10 13:49:20+00:00,michael_saylor,BUY,0.9,4.0,2021-02-10 13:50:00+00:00,2021-02-10 14:20:00+00:00,45517.13,45607.12,89.99000000000524,0.0019770578681038,False,True
BTC,60,276,2021-02-10 13:49:20+00:00,michael_saylor,BUY,0.9,4.0,2021-02-10 13:50:00+00:00,2021-02-10 14:50:00+00:00,45517.13,45102.23,-414.8999999999942,-0.0091152495774666,False,False
BTC,120,276,2021-02-10 13:49:20+00:00,michael_saylor,BUY,0.9,4.0,2021-02-10 13:50:00+00:00,2021-02-10 15:50:00+00:00,45517.13,44102.13,-1415.0,-0.0310871972815509,False,False
BTC,360,276,2021-02-10 13:49:20+00:00,michael_saylor,BUY,0.9,4.0,2021-02-10 13:50:00+00:00,2021-02-10 19:50:00+00:00,45517.13,45175.14,-341.98999999999796,-0.0075134350518145,False,False
BTC,720,276,2021-02-10 13:49:20+00:00,michael_saylor,BUY,0.9,4.0,2021-02-10 13:50:00+00:00,2021-02-11 01:50:00+00:00,45517.13,44472.02,-1045.1100000000006,-0.0229608061843969,False,False
BTC,1440,276,2021-02-10 13:49:20+00:00,michael_saylor,BUY,0.9,4.0,2021-02-10 13:50:00+00:00,2021-02-11 13:50:00+00:00,45517.13,47680.06,2162.9300000000003,0.0475190329443003,False,True
BTC,1,277,2021-02-10 14:50:22+00:00,michael_saylor,BUY,0.9,5.0,2021-02-10 14:51:00+00:00,2021-02-10 14:52:00+00:00,45201.63,45199.19,-2.4399999999950523,-5.398035424817761e-05,False,False
BTC,3,277,2021-02-10 14:50:22+00:00,michael_saylor,BUY,0.9,5.0,2021-02-10 14:51:00+00:00,2021-02-10 14:54:00+00:00,45201.63,45217.3,15.67000000000553,0.0003466689143733,False,True
BTC,5,277,2021-02-10 14:50:22+00:00,michael_saylor,BUY,0.9,5.0,2021-02-10 14:51:00+00:00,2021-02-10 14:56:00+00:00,45201.63,45105.74,-95.88999999999942,-0.0021213836757656,False,False
BTC,10,277,2021-02-10 14:50:22+00:00,michael_saylor,BUY,0.9,5.0,2021-02-10 14:51:00+00:00,2021-02-10 15:01:00+00:00,45201.63,44922.55,-279.07999999999447,-0.0061741136326277,False,False
BTC,15,277,2021-02-10 14:50:22+00:00,michael_saylor,BUY,0.9,5.0,2021-02-10 14:51:00+00:00,2021-02-10 15:06:00+00:00,45201.63,44891.8,-309.82999999999447,-0.0068543988347321,False,False
BTC,30,277,2021-02-10 14:50:22+00:00,michael_saylor,BUY,0.9,5.0,2021-02-10 14:51:00+00:00,2021-02-10 15:21:00+00:00,45201.63,44924.65,-276.9799999999959,-0.0061276551310206,False,False
BTC,60,277,2021-02-10 14:50:22+00:00,michael_saylor,BUY,0.9,5.0,2021-02-10 14:51:00+00:00,2021-02-10 15:51:00+00:00,45201.63,44252.54,-949.0899999999964,-0.0209968091858633,False,False
BTC,120,277,2021-02-10 14:50:22+00:00,michael_saylor,BUY,0.9,5.0,2021-02-10 14:51:00+00:00,2021-02-10 16:51:00+00:00,45201.63,44541.5,-660.1299999999974,-0.0146041193647219,False,False
BTC,360,277,2021-02-10 14:50:22+00:00,michael_saylor,BUY,0.9,5.0,2021-02-10 14:51:00+00:00,2021-02-10 20:51:00+00:00,45201.63,44600.01,-601.6199999999953,-0.0133096970175632,False,False
BTC,720,277,2021-02-10 14:50:22+00:00,michael_saylor,BUY,0.9,5.0,2021-02-10 14:51:00+00:00,2021-02-11 02:51:00+00:00,45201.63,44582.07,-619.5599999999977,-0.0137065853598641,False,False
BTC,1440,277,2021-02-10 14:50:22+00:00,michael_saylor,BUY,0.9,5.0,2021-02-10 14:51:00+00:00,2021-02-11 14:51:00+00:00,45201.63,47850.0,2648.3700000000026,0.0585901437625148,False,True
BTC,1,278,2021-02-10 15:10:04+00:00,michael_saylor,BUY,0.9,5.0,2021-02-10 15:11:00+00:00,2021-02-10 15:12:00+00:00,44775.79,44854.49,78.69999999999709,0.0017576462637509,False,True
BTC,3,278,2021-02-10 15:10:04+00:00,michael_saylor,BUY,0.9,5.0,2021-02-10 15:11:00+00:00,2021-02-10 15:14:00+00:00,44775.79,45003.86,228.0699999999997,0.0050936008052565,False,True
BTC,5,278,2021-02-10 15:10:04+00:00,michael_saylor,BUY,0.9,5.0,2021-02-10 15:11:00+00:00,2021-02-10 15:16:00+00:00,44775.79,45059.07,283.27999999999884,0.0063266332095982,False,True
BTC,10,278,2021-02-10 15:10:04+00:00,michael_saylor,BUY,0.9,5.0,2021-02-10 15:11:00+00:00,2021-02-10 15:21:00+00:00,44775.79,44924.65,148.86000000000058,0.0033245644577125,False,True
BTC,15,278,2021-02-10 15:10:04+00:00,michael_saylor,BUY,0.9,5.0,2021-02-10 15:11:00+00:00,2021-02-10 15:26:00+00:00,44775.79,44611.29,-164.5,-0.0036738603606993,False,False
BTC,30,278,2021-02-10 15:10:04+00:00,michael_saylor,BUY,0.9,5.0,2021-02-10 15:11:00+00:00,2021-02-10 15:41:00+00:00,44775.79,44066.12,-709.6699999999983,-0.0158494132655168,False,False
BTC,60,278,2021-02-10 15:10:04+00:00,michael_saylor,BUY,0.9,5.0,2021-02-10 15:11:00+00:00,2021-02-10 16:11:00+00:00,44775.79,44478.7,-297.0900000000038,-0.006635058811916,False,False
BTC,120,278,2021-02-10 15:10:04+00:00,michael_saylor,BUY,0.9,5.0,2021-02-10 15:11:00+00:00,2021-02-10 17:11:00+00:00,44775.79,44660.91,-114.87999999999738,-0.0025656722081284,False,False
BTC,360,278,2021-02-10 15:10:04+00:00,michael_saylor,BUY,0.9,5.0,2021-02-10 15:11:00+00:00,2021-02-10 21:11:00+00:00,44775.79,44590.13,-185.6600000000035,-0.0041464371706228,False,False
BTC,720,278,2021-02-10 15:10:04+00:00,michael_saylor,BUY,0.9,5.0,2021-02-10 15:11:00+00:00,2021-02-11 03:11:00+00:00,44775.79,44582.07,-193.72000000000116,-0.0043264451615482,False,False
BTC,1440,278,2021-02-10 15:10:04+00:00,michael_saylor,BUY,0.9,5.0,2021-02-10 15:11:00+00:00,2021-02-11 15:11:00+00:00,44775.79,47641.12,2865.3300000000017,0.0639928407739986,False,True
BTC,1,280,2021-02-10 19:51:30+00:00,michael_saylor,BUY,0.9,5.0,2021-02-10 19:52:00+00:00,2021-02-10 19:53:00+00:00,45193.37,45218.03,24.659999999996217,0.0005456552587248,False,True
BTC,3,280,2021-02-10 19:51:30+00:00,michael_saylor,BUY,0.9,5.0,2021-02-10 19:52:00+00:00,2021-02-10 19:55:00+00:00,45193.37,45197.5,4.129999999997381,9.138508590966729e-05,False,True
BTC,5,280,2021-02-10 19:51:30+00:00,michael_saylor,BUY,0.9,5.0,2021-02-10 19:52:00+00:00,2021-02-10 19:57:00+00:00,45193.37,45207.4,14.029999999998836,0.0003104437664196,False,True
BTC,10,280,2021-02-10 19:51:30+00:00,michael_saylor,BUY,0.9,5.0,2021-02-10 19:52:00+00:00,2021-02-10 20:02:00+00:00,45193.37,45117.63,-75.74000000000524,-0.0016759095415988,False,False
BTC,15,280,2021-02-10 19:51:30+00:00,michael_saylor,BUY,0.9,5.0,2021-02-10 19:52:00+00:00,2021-02-10 20:07:00+00:00,45193.37,45087.19,-106.18000000000028,-0.0023494596663183,False,False
BTC,30,280,2021-02-10 19:51:30+00:00,michael_saylor,BUY,0.9,5.0,2021-02-10 19:52:00+00:00,2021-02-10 20:22:00+00:00,45193.37,44947.45,-245.92000000000553,-0.0054415061324261,False,False
BTC,60,280,2021-02-10 19:51:30+00:00,michael_saylor,BUY,0.9,5.0,2021-02-10 19:52:00+00:00,2021-02-10 20:52:00+00:00,45193.37,44617.25,-576.1200000000026,-0.012747887577315,False,False
BTC,120,280,2021-02-10 19:51:30+00:00,michael_saylor,BUY,0.9,5.0,2021-02-10 19:52:00+00:00,2021-02-10 21:52:00+00:00,45193.37,44932.48,-260.8899999999994,-0.0057727494099244,False,False
BTC,360,280,2021-02-10 19:51:30+00:00,michael_saylor,BUY,0.9,5.0,2021-02-10 19:52:00+00:00,2021-02-11 01:52:00+00:00,45193.37,44446.09,-747.2800000000061,-0.016535168764799,False,False
BTC,720,280,2021-02-10 19:51:30+00:00,michael_saylor,BUY,0.9,5.0,2021-02-10 19:52:00+00:00,2021-02-11 07:52:00+00:00,45193.37,44753.27,-440.1000000000058,-0.0097381540699444,False,False
BTC,1440,280,2021-02-10 19:51:30+00:00,michael_saylor,BUY,0.9,5.0,2021-02-10 19:52:00+00:00,2021-02-11 19:52:00+00:00,45193.37,47846.87,2653.5,0.0587143645185123,False,True
BTC,1,281,2021-02-10 20:06:46+00:00,michael_saylor,BUY,0.9,5.0,2021-02-10 20:07:00+00:00,2021-02-10 20:08:00+00:00,45087.19,45045.54,-41.650000000001455,-0.0009237657081756,False,False
BTC,3,281,2021-02-10 20:06:46+00:00,michael_saylor,BUY,0.9,5.0,2021-02-10 20:07:00+00:00,2021-02-10 20:10:00+00:00,45087.19,45026.6,-60.59000000000378,-0.0013438406784721,False,False
BTC,5,281,2021-02-10 20:06:46+00:00,michael_saylor,BUY,0.9,5.0,2021-02-10 20:07:00+00:00,2021-02-10 20:12:00+00:00,45087.19,45075.0,-12.190000000002328,-0.0002703650416005,False,False
BTC,10,281,2021-02-10 20:06:46+00:00,michael_saylor,BUY,0.9,5.0,2021-02-10 20:07:00+00:00,2021-02-10 20:17:00+00:00,45087.19,45011.63,-75.56000000000495,-0.0016758640314467,False,False
BTC,15,281,2021-02-10 20:06:46+00:00,michael_saylor,BUY,0.9,5.0,2021-02-10 20:07:00+00:00,2021-02-10 20:22:00+00:00,45087.19,44947.45,-139.74000000000524,-0.0030993282127363,False,False
BTC,30,281,2021-02-10 20:06:46+00:00,michael_saylor,BUY,0.9,5.0,2021-02-10 20:07:00+00:00,2021-02-10 20:37:00+00:00,45087.19,44801.62,-285.5699999999997,-0.0063337280500292,False,False
BTC,60,281,2021-02-10 20:06:46+00:00,michael_saylor,BUY,0.9,5.0,2021-02-10 20:07:00+00:00,2021-02-10 21:07:00+00:00,45087.19,44469.01,-618.1800000000003,-0.013710767958704,False,False
BTC,120,281,2021-02-10 20:06:46+00:00,michael_saylor,BUY,0.9,5.0,2021-02-10 20:07:00+00:00,2021-02-10 22:07:00+00:00,45087.19,44926.99,-160.20000000000437,-0.0035531156410502,False,False
BTC,360,281,2021-02-10 20:06:46+00:00,michael_saylor,BUY,0.9,5.0,2021-02-10 20:07:00+00:00,2021-02-11 02:07:00+00:00,45087.19,44611.33,-475.8600000000006,-0.0105542172843328,False,False
BTC,720,281,2021-02-10 20:06:46+00:00,michael_saylor,BUY,0.9,5.0,2021-02-10 20:07:00+00:00,2021-02-11 08:07:00+00:00,45087.19,44696.12,-391.0699999999997,-0.0086736387874249,False,False
BTC,1440,281,2021-02-10 20:06:46+00:00,michael_saylor,BUY,0.9,5.0,2021-02-10 20:07:00+00:00,2021-02-11 20:07:00+00:00,45087.19,47785.19,2698.0,0.0598396129809819,False,True
BTC,1,282,2021-02-11 13:14:02+00:00,michael_saylor,BUY,0.9,5.0,2021-02-11 13:15:00+00:00,2021-02-11 13:16:00+00:00,47468.52,47292.54,-175.97999999999593,-0.0037072990689407,False,False
BTC,3,282,2021-02-11 13:14:02+00:00,michael_saylor,BUY,0.9,5.0,2021-02-11 13:15:00+00:00,2021-02-11 13:18:00+00:00,47468.52,47815.06,346.5400000000009,0.0073004172028114,False,True
BTC,5,282,2021-02-11 13:14:02+00:00,michael_saylor,BUY,0.9,5.0,2021-02-11 13:15:00+00:00,2021-02-11 13:20:00+00:00,47468.52,48133.6,665.0800000000017,0.014010969796404,False,True
BTC,10,282,2021-02-11 13:14:02+00:00,michael_saylor,BUY,0.9,5.0,2021-02-11 13:15:00+00:00,2021-02-11 13:25:00+00:00,47468.52,48025.22,556.7000000000044,0.0117277724268632,False,True
BTC,15,282,2021-02-11 13:14:02+00:00,michael_saylor,BUY,0.9,5.0,2021-02-11 13:15:00+00:00,2021-02-11 13:30:00+00:00,47468.52,48275.58,807.060000000005,0.0170020046970077,False,True
BTC,30,282,2021-02-11 13:14:02+00:00,michael_saylor,BUY,0.9,5.0,2021-02-11 13:15:00+00:00,2021-02-11 13:45:00+00:00,47468.52,47849.21,380.6900000000023,0.0080198413601267,False,True
BTC,60,282,2021-02-11 13:14:02+00:00,michael_saylor,BUY,0.9,5.0,2021-02-11 13:15:00+00:00,2021-02-11 14:15:00+00:00,47468.52,47453.87,-14.64999999999418,-0.0003086255901804,False,False
BTC,120,282,2021-02-11 13:14:02+00:00,michael_saylor,BUY,0.9,5.0,2021-02-11 13:15:00+00:00,2021-02-11 15:15:00+00:00,47468.52,47811.0,342.4800000000032,0.0072148868344747,False,True
BTC,360,282,2021-02-11 13:14:02+00:00,michael_saylor,BUY,0.9,5.0,2021-02-11 13:15:00+00:00,2021-02-11 19:15:00+00:00,47468.52,47875.82,407.3000000000029,0.0085804234048165,False,True
BTC,720,282,2021-02-11 13:14:02+00:00,michael_saylor,BUY,0.9,5.0,2021-02-11 13:15:00+00:00,2021-02-12 01:15:00+00:00,47468.52,48140.14,671.6200000000026,0.014148745315843,False,True
BTC,1440,282,2021-02-11 13:14:02+00:00,michael_saylor,BUY,0.9,5.0,2021-02-11 13:15:00+00:00,2021-02-12 13:15:00+00:00,47468.52,48080.8,612.2800000000061,0.0128986536761627,False,True
BTC,1,283,2021-02-11 17:35:22+00:00,michael_saylor,BUY,0.9,4.0,2021-02-11 17:36:00+00:00,2021-02-11 17:37:00+00:00,47284.77,47256.07,-28.69999999999709,-0.0006069607613613,False,False
BTC,3,283,2021-02-11 17:35:22+00:00,michael_saylor,BUY,0.9,4.0,2021-02-11 17:36:00+00:00,2021-02-11 17:39:00+00:00,47284.77,47295.99,11.220000000001164,0.0002372857053127,False,True
BTC,5,283,2021-02-11 17:35:22+00:00,michael_saylor,BUY,0.9,4.0,2021-02-11 17:36:00+00:00,2021-02-11 17:41:00+00:00,47284.77,47322.3,37.53000000000611,0.0007937016506584,False,True
BTC,10,283,2021-02-11 17:35:22+00:00,michael_saylor,BUY,0.9,4.0,2021-02-11 17:36:00+00:00,2021-02-11 17:46:00+00:00,47284.77,47254.76,-30.00999999999476,-0.0006346652421063,False,False
BTC,15,283,2021-02-11 17:35:22+00:00,michael_saylor,BUY,0.9,4.0,2021-02-11 17:36:00+00:00,2021-02-11 17:51:00+00:00,47284.77,47285.51,0.7400000000052387,1.5649859352286978e-05,False,True
BTC,30,283,2021-02-11 17:35:22+00:00,michael_saylor,BUY,0.9,4.0,2021-02-11 17:36:00+00:00,2021-02-11 18:06:00+00:00,47284.77,47476.52,191.75,0.0040552169334861,False,True
BTC,60,283,2021-02-11 17:35:22+00:00,michael_saylor,BUY,0.9,4.0,2021-02-11 17:36:00+00:00,2021-02-11 18:36:00+00:00,47284.77,47748.82,464.0500000000029,0.0098139422059154,False,True
BTC,120,283,2021-02-11 17:35:22+00:00,michael_saylor,BUY,0.9,4.0,2021-02-11 17:36:00+00:00,2021-02-11 19:36:00+00:00,47284.77,47771.15,486.38000000000466,0.0102861872860966,False,True
BTC,360,283,2021-02-11 17:35:22+00:00,michael_saylor,BUY,0.9,4.0,2021-02-11 17:36:00+00:00,2021-02-11 23:36:00+00:00,47284.77,47935.01,650.2400000000052,0.0137515737096744,False,True
BTC,720,283,2021-02-11 17:35:22+00:00,michael_saylor,BUY,0.9,4.0,2021-02-11 17:36:00+00:00,2021-02-12 05:36:00+00:00,47284.77,47278.32,-6.44999999999709,-0.0001364075578668,False,False
BTC,1440,283,2021-02-11 17:35:22+00:00,michael_saylor,BUY,0.9,4.0,2021-02-11 17:36:00+00:00,2021-02-12 17:36:00+00:00,47284.77,47617.26,332.49000000000524,0.0070316509946015,False,True
BTC,1,285,2021-02-12 06:33:52+00:00,jack,BUY,0.9,4.0,2021-02-12 06:34:00+00:00,2021-02-12 06:35:00+00:00,47321.83,47369.84,48.00999999999476,0.0010145423370143,False,True
BTC,3,285,2021-02-12 06:33:52+00:00,jack,BUY,0.9,4.0,2021-02-12 06:34:00+00:00,2021-02-12 06:37:00+00:00,47321.83,47550.0,228.16999999999825,0.0048216647581042,False,True
BTC,5,285,2021-02-12 06:33:52+00:00,jack,BUY,0.9,4.0,2021-02-12 06:34:00+00:00,2021-02-12 06:39:00+00:00,47321.83,47534.29,212.45999999999913,0.0044896826686541,False,True
BTC,10,285,2021-02-12 06:33:52+00:00,jack,BUY,0.9,4.0,2021-02-12 06:34:00+00:00,2021-02-12 06:44:00+00:00,47321.83,47444.32,122.48999999999796,0.0025884459666922,False,True
BTC,15,285,2021-02-12 06:33:52+00:00,jack,BUY,0.9,4.0,2021-02-12 06:34:00+00:00,2021-02-12 06:49:00+00:00,47321.83,47522.42,200.5899999999965,0.0042388470606482,False,True
BTC,30,285,2021-02-12 06:33:52+00:00,jack,BUY,0.9,4.0,2021-02-12 06:34:00+00:00,2021-02-12 07:04:00+00:00,47321.83,47237.36,-84.47000000000116,-0.00178501127281,False,False
BTC,60,285,2021-02-12 06:33:52+00:00,jack,BUY,0.9,4.0,2021-02-12 06:34:00+00:00,2021-02-12 07:34:00+00:00,47321.83,47116.33,-205.5,-0.0043426046710366,False,False
BTC,120,285,2021-02-12 06:33:52+00:00,jack,BUY,0.9,4.0,2021-02-12 06:34:00+00:00,2021-02-12 08:34:00+00:00,47321.83,47563.2,241.36999999999537,0.0051006057880685,False,True
BTC,360,285,2021-02-12 06:33:52+00:00,jack,BUY,0.9,4.0,2021-02-12 06:34:00+00:00,2021-02-12 12:34:00+00:00,47321.83,47862.52,540.689999999995,0.0114258049614732,False,True
BTC,720,285,2021-02-12 06:33:52+00:00,jack,BUY,0.9,4.0,2021-02-12 06:34:00+00:00,2021-02-12 18:34:00+00:00,47321.83,47370.99,49.15999999999622,0.0010388440176551,False,True
BTC,1440,285,2021-02-12 06:33:52+00:00,jack,BUY,0.9,4.0,2021-02-12 06:34:00+00:00,2021-02-13 06:34:00+00:00,47321.83,47524.61,202.77999999999884,0.0042851259133469,False,True
BTC,1,287,2021-02-12 20:57:25+00:00,michael_saylor,BUY,0.8,4.0,2021-02-12 20:58:00+00:00,2021-02-12 20:59:00+00:00,47582.6,47577.49,-5.110000000000582,-0.0001073921979883,False,False
BTC,3,287,2021-02-12 20:57:25+00:00,michael_saylor,BUY,0.8,4.0,2021-02-12 20:58:00+00:00,2021-02-12 21:01:00+00:00,47582.6,47620.01,37.41000000000349,0.0007862117664861,False,True
BTC,5,287,2021-02-12 20:57:25+00:00,michael_saylor,BUY,0.8,4.0,2021-02-12 20:58:00+00:00,2021-02-12 21:03:00+00:00,47582.6,47642.71,60.11000000000058,0.0012632769121485,False,True
BTC,10,287,2021-02-12 20:57:25+00:00,michael_saylor,BUY,0.8,4.0,2021-02-12 20:58:00+00:00,2021-02-12 21:08:00+00:00,47582.6,47567.12,-15.479999999995924,-0.0003253290068217,False,False
BTC,15,287,2021-02-12 20:57:25+00:00,michael_saylor,BUY,0.8,4.0,2021-02-12 20:58:00+00:00,2021-02-12 21:13:00+00:00,47582.6,47622.98,40.38000000000466,0.0008486295410508,False,True
BTC,30,287,2021-02-12 20:57:25+00:00,michael_saylor,BUY,0.8,4.0,2021-02-12 20:58:00+00:00,2021-02-12 21:28:00+00:00,47582.6,47640.0,57.400000000001455,0.001206323319869,False,True
BTC,60,287,2021-02-12 20:57:25+00:00,michael_saylor,BUY,0.8,4.0,2021-02-12 20:58:00+00:00,2021-02-12 21:58:00+00:00,47582.6,47792.0,209.40000000000143,0.0044007683480936,False,True
BTC,120,287,2021-02-12 20:57:25+00:00,michael_saylor,BUY,0.8,4.0,2021-02-12 20:58:00+00:00,2021-02-12 22:58:00+00:00,47582.6,47845.41,262.81000000000495,0.0055232374859718,False,True
BTC,360,287,2021-02-12 20:57:25+00:00,michael_saylor,BUY,0.8,4.0,2021-02-12 20:58:00+00:00,2021-02-13 02:58:00+00:00,47582.6,47812.86,230.26000000000204,0.004839163896046,False,True
BTC,720,287,2021-02-12 20:57:25+00:00,michael_saylor,BUY,0.8,4.0,2021-02-12 20:58:00+00:00,2021-02-13 08:58:00+00:00,47582.6,47412.54,-170.05999999999767,-0.0035739955361833,False,False
BTC,1440,287,2021-02-12 20:57:25+00:00,michael_saylor,BUY,0.8,4.0,2021-02-12 20:58:00+00:00,2021-02-13 20:58:00+00:00,47582.6,46949.57,-633.0299999999988,-0.0133038127382698,False,False
BTC,1,292,2021-02-15 14:01:17+00:00,michael_saylor,BUY,0.9,5.0,2021-02-15 14:02:00+00:00,2021-02-15 14:03:00+00:00,48027.07,48036.99,9.919999999998254,0.0002065501809708,False,True
BTC,3,292,2021-02-15 14:01:17+00:00,michael_saylor,BUY,0.9,5.0,2021-02-15 14:02:00+00:00,2021-02-15 14:05:00+00:00,48027.07,48043.45,16.37999999999738,0.0003410576576917,False,True
BTC,5,292,2021-02-15 14:01:17+00:00,michael_saylor,BUY,0.9,5.0,2021-02-15 14:02:00+00:00,2021-02-15 14:07:00+00:00,48027.07,48050.01,22.94000000000233,0.0004776472934951,False,True
BTC,10,292,2021-02-15 14:01:17+00:00,michael_saylor,BUY,0.9,5.0,2021-02-15 14:02:00+00:00,2021-02-15 14:12:00+00:00,48027.07,48069.73,42.66000000000349,0.000888249064538,False,True
BTC,15,292,2021-02-15 14:01:17+00:00,michael_saylor,BUY,0.9,5.0,2021-02-15 14:02:00+00:00,2021-02-15 14:17:00+00:00,48027.07,47784.73,-242.3399999999965,-0.0050459043202093,False,False
BTC,30,292,2021-02-15 14:01:17+00:00,michael_saylor,BUY,0.9,5.0,2021-02-15 14:02:00+00:00,2021-02-15 14:32:00+00:00,48027.07,47802.94,-224.12999999999735,-0.0046667431513102,False,False
BTC,60,292,2021-02-15 14:01:17+00:00,michael_saylor,BUY,0.9,5.0,2021-02-15 14:02:00+00:00,2021-02-15 15:02:00+00:00,48027.07,47635.44,-391.6299999999974,-0.0081543596142758,False,False
BTC,120,292,2021-02-15 14:01:17+00:00,michael_saylor,BUY,0.9,5.0,2021-02-15 14:02:00+00:00,2021-02-15 16:02:00+00:00,48027.07,48063.88,36.80999999999767,0.0007664427582194,False,True
BTC,360,292,2021-02-15 14:01:17+00:00,michael_saylor,BUY,0.9,5.0,2021-02-15 14:02:00+00:00,2021-02-15 20:02:00+00:00,48027.07,48711.0,683.9300000000003,0.014240510612036,False,True
BTC,720,292,2021-02-15 14:01:17+00:00,michael_saylor,BUY,0.9,5.0,2021-02-15 14:02:00+00:00,2021-02-16 02:02:00+00:00,48027.07,48190.39,163.3199999999997,0.0034005822133226,False,True
BTC,1440,292,2021-02-15 14:01:17+00:00,michael_saylor,BUY,0.9,5.0,2021-02-15 14:02:00+00:00,2021-02-16 14:02:00+00:00,48027.07,48789.53,762.4599999999991,0.0158756301394192,False,True
BTC,1,293,2021-02-15 16:07:59+00:00,michael_saylor,BUY,0.9,4.0,2021-02-15 16:08:00+00:00,2021-02-15 16:09:00+00:00,48140.5,48169.68,29.18000000000029,0.0006061424372409,False,True
BTC,3,293,2021-02-15 16:07:59+00:00,michael_saylor,BUY,0.9,4.0,2021-02-15 16:08:00+00:00,2021-02-15 16:11:00+00:00,48140.5,48125.44,-15.059999999997672,-0.0003128343079111,False,False
BTC,5,293,2021-02-15 16:07:59+00:00,michael_saylor,BUY,0.9,4.0,2021-02-15 16:08:00+00:00,2021-02-15 16:13:00+00:00,48140.5,48159.79,19.290000000000873,0.0004007021115277,False,True
BTC,10,293,2021-02-15 16:07:59+00:00,michael_saylor,BUY,0.9,4.0,2021-02-15 16:08:00+00:00,2021-02-15 16:18:00+00:00,48140.5,48430.68,290.1800000000003,0.0060277728731525,False,True
BTC,15,293,2021-02-15 16:07:59+00:00,michael_saylor,BUY,0.9,4.0,2021-02-15 16:08:00+00:00,2021-02-15 16:23:00+00:00,48140.5,48420.01,279.51000000000204,0.0058061299737227,False,True
BTC,30,293,2021-02-15 16:07:59+00:00,michael_saylor,BUY,0.9,4.0,2021-02-15 16:08:00+00:00,2021-02-15 16:38:00+00:00,48140.5,48418.63,278.1299999999974,0.0057774638817627,False,True
BTC,60,293,2021-02-15 16:07:59+00:00,michael_saylor,BUY,0.9,4.0,2021-02-15 16:08:00+00:00,2021-02-15 17:08:00+00:00,48140.5,48688.1,547.5999999999985,0.0113750376502113,False,True
BTC,120,293,2021-02-15 16:07:59+00:00,michael_saylor,BUY,0.9,4.0,2021-02-15 16:08:00+00:00,2021-02-15 18:08:00+00:00,48140.5,48629.85,489.34999999999854,0.0101650377540739,False,True
BTC,360,293,2021-02-15 16:07:59+00:00,michael_saylor,BUY,0.9,4.0,2021-02-15 16:08:00+00:00,2021-02-15 22:08:00+00:00,48140.5,47746.68,-393.8199999999997,-0.0081806379244087,False,False
BTC,720,293,2021-02-15 16:07:59+00:00,michael_saylor,BUY,0.9,4.0,2021-02-15 16:08:00+00:00,2021-02-16 04:08:00+00:00,48140.5,49450.02,1309.5199999999968,0.0272020440169918,False,True
BTC,1440,293,2021-02-15 16:07:59+00:00,michael_saylor,BUY,0.9,4.0,2021-02-15 16:08:00+00:00,2021-02-16 16:08:00+00:00,48140.5,49076.96,936.4599999999992,0.0194526438238073,False,True
BTC,1,295,2021-02-17 12:23:18+00:00,michael_saylor,BUY,0.9,5.0,2021-02-17 12:24:00+00:00,2021-02-17 12:25:00+00:00,51282.63,51312.49,29.860000000000586,0.0005822634291572,False,True
BTC,3,295,2021-02-17 12:23:18+00:00,michael_saylor,BUY,0.9,5.0,2021-02-17 12:24:00+00:00,2021-02-17 12:27:00+00:00,51282.63,51354.77,72.13999999999942,0.001406714125231,False,True
BTC,5,295,2021-02-17 12:23:18+00:00,michael_saylor,BUY,0.9,5.0,2021-02-17 12:24:00+00:00,2021-02-17 12:29:00+00:00,51282.63,51315.3,32.67000000000553,0.0006370578108027,False,True
BTC,10,295,2021-02-17 12:23:18+00:00,michael_saylor,BUY,0.9,5.0,2021-02-17 12:24:00+00:00,2021-02-17 12:34:00+00:00,51282.63,51408.18,125.55000000000292,0.0024481973720927,False,True
BTC,15,295,2021-02-17 12:23:18+00:00,michael_saylor,BUY,0.9,5.0,2021-02-17 12:24:00+00:00,2021-02-17 12:39:00+00:00,51282.63,51426.52,143.88999999999942,0.0028058233362836,False,True
BTC,30,295,2021-02-17 12:23:18+00:00,michael_saylor,BUY,0.9,5.0,2021-02-17 12:24:00+00:00,2021-02-17 12:54:00+00:00,51282.63,50881.06,-401.5699999999997,-0.0078305266325069,False,False
BTC,60,295,2021-02-17 12:23:18+00:00,michael_saylor,BUY,0.9,5.0,2021-02-17 12:24:00+00:00,2021-02-17 13:24:00+00:00,51282.63,50814.09,-468.5400000000009,-0.0091364268954225,False,False
BTC,120,295,2021-02-17 12:23:18+00:00,michael_saylor,BUY,0.9,5.0,2021-02-17 12:24:00+00:00,2021-02-17 14:24:00+00:00,51282.63,51039.33,-243.29999999999563,-0.0047442964606143,False,False
BTC,360,295,2021-02-17 12:23:18+00:00,michael_saylor,BUY,0.9,5.0,2021-02-17 12:24:00+00:00,2021-02-17 18:24:00+00:00,51282.63,51544.94,262.31000000000495,0.0051149872773686,False,True
BTC,720,295,2021-02-17 12:23:18+00:00,michael_saylor,BUY,0.9,5.0,2021-02-17 12:24:00+00:00,2021-02-18 00:24:00+00:00,51282.63,52509.37,1226.7400000000052,0.0239211600497089,False,True
BTC,1440,295,2021-02-17 12:23:18+00:00,michael_saylor,BUY,0.9,5.0,2021-02-17 12:24:00+00:00,2021-02-18 12:24:00+00:00,51282.63,51335.83,53.200000000004366,0.0010373882930731,False,True
BTC,1,296,2021-02-17 13:22:34+00:00,michael_saylor,BUY,0.9,5.0,2021-02-17 13:23:00+00:00,2021-02-17 13:24:00+00:00,50789.81,50814.09,24.279999999998836,0.0004780486479472,False,True
BTC,3,296,2021-02-17 13:22:34+00:00,michael_saylor,BUY,0.9,5.0,2021-02-17 13:23:00+00:00,2021-02-17 13:26:00+00:00,50789.81,50750.45,-39.36000000000058,-0.0007749585989788,False,False
BTC,5,296,2021-02-17 13:22:34+00:00,michael_saylor,BUY,0.9,5.0,2021-02-17 13:23:00+00:00,2021-02-17 13:28:00+00:00,50789.81,50679.32,-110.48999999999796,-0.0021754363719808,False,False
BTC,10,296,2021-02-17 13:22:34+00:00,michael_saylor,BUY,0.9,5.0,2021-02-17 13:23:00+00:00,2021-02-17 13:33:00+00:00,50789.81,50619.59,-170.22000000000116,-0.0033514596727178,False,False
BTC,15,296,2021-02-17 13:22:34+00:00,michael_saylor,BUY,0.9,5.0,2021-02-17 13:23:00+00:00,2021-02-17 13:38:00+00:00,50789.81,50757.48,-32.32999999999447,-0.0006365450077484,False,False
BTC,30,296,2021-02-17 13:22:34+00:00,michael_saylor,BUY,0.9,5.0,2021-02-17 13:23:00+00:00,2021-02-17 13:53:00+00:00,50789.81,51060.88,271.0699999999997,0.005337094192713,False,True
BTC,60,296,2021-02-17 13:22:34+00:00,michael_saylor,BUY,0.9,5.0,2021-02-17 13:23:00+00:00,2021-02-17 14:23:00+00:00,50789.81,51069.99,280.1800000000003,0.0055164608806372,False,True
BTC,120,296,2021-02-17 13:22:34+00:00,michael_saylor,BUY,0.9,5.0,2021-02-17 13:23:00+00:00,2021-02-17 15:23:00+00:00,50789.81,51223.61,433.8000000000029,0.0085410833393549,False,True
BTC,360,296,2021-02-17 13:22:34+00:00,michael_saylor,BUY,0.9,5.0,2021-02-17 13:23:00+00:00,2021-02-17 19:23:00+00:00,50789.81,51609.24,819.4300000000003,0.0161337480884453,False,True
BTC,720,296,2021-02-17 13:22:34+00:00,michael_saylor,BUY,0.9,5.0,2021-02-17 13:23:00+00:00,2021-02-18 01:23:00+00:00,50789.81,52143.13,1353.3199999999997,0.026645502316311,False,True
BTC,1440,296,2021-02-17 13:22:34+00:00,michael_saylor,BUY,0.9,5.0,2021-02-17 13:23:00+00:00,2021-02-18 13:23:00+00:00,50789.81,51640.88,851.0699999999997,0.0167567076939252,False,True
BTC,1,297,2021-02-19 15:27:21+00:00,michael_saylor,BUY,0.9,4.0,2021-02-19 15:28:00+00:00,2021-02-19 15:29:00+00:00,53347.01,53367.75,20.739999999997963,0.000388775303433,False,True
BTC,3,297,2021-02-19 15:27:21+00:00,michael_saylor,BUY,0.9,4.0,2021-02-19 15:28:00+00:00,2021-02-19 15:31:00+00:00,53347.01,53304.84,-42.17000000000553,-0.0007904847900567,False,False
BTC,5,297,2021-02-19 15:27:21+00:00,michael_saylor,BUY,0.9,4.0,2021-02-19 15:28:00+00:00,2021-02-19 15:33:00+00:00,53347.01,53422.12,75.11000000000058,0.0014079514484504,False,True
BTC,10,297,2021-02-19 15:27:21+00:00,michael_saylor,BUY,0.9,4.0,2021-02-19 15:28:00+00:00,2021-02-19 15:38:00+00:00,53347.01,53739.04,392.0299999999989,0.0073486780233793,False,True
BTC,15,297,2021-02-19 15:27:21+00:00,michael_saylor,BUY,0.9,4.0,2021-02-19 15:28:00+00:00,2021-02-19 15:43:00+00:00,53347.01,53650.87,303.8600000000006,0.0056959143539628,False,True
BTC,30,297,2021-02-19 15:27:21+00:00,michael_saylor,BUY,0.9,4.0,2021-02-19 15:28:00+00:00,2021-02-19 15:58:00+00:00,53347.01,53825.71,478.6999999999971,0.0089733239032515,False,True
BTC,60,297,2021-02-19 15:27:21+00:00,michael_saylor,BUY,0.9,4.0,2021-02-19 15:28:00+00:00,2021-02-19 16:28:00+00:00,53347.01,54330.81,983.7999999999956,0.0184415209024834,False,True
BTC,120,297,2021-02-19 15:27:21+00:00,michael_saylor,BUY,0.9,4.0,2021-02-19 15:28:00+00:00,2021-02-19 17:28:00+00:00,53347.01,54524.82,1177.8099999999977,0.0220782758021489,False,True
BTC,360,297,2021-02-19 15:27:21+00:00,michael_saylor,BUY,0.9,4.0,2021-02-19 15:28:00+00:00,2021-02-19 21:28:00+00:00,53347.01,56232.92,2885.909999999996,0.0540969400159445,False,True
BTC,720,297,2021-02-19 15:27:21+00:00,michael_saylor,BUY,0.9,4.0,2021-02-19 15:28:00+00:00,2021-02-20 03:28:00+00:00,53347.01,55878.7,2531.689999999995,0.0474570177410129,False,True
BTC,1440,297,2021-02-19 15:27:21+00:00,michael_saylor,BUY,0.9,4.0,2021-02-19 15:28:00+00:00,2021-02-20 15:28:00+00:00,53347.01,56177.52,2830.5099999999948,0.0530584563221067,False,True
BTC,1,299,2021-02-20 13:05:16+00:00,michael_saylor,BUY,0.8,4.0,2021-02-20 13:06:00+00:00,2021-02-20 13:07:00+00:00,57280.38,57200.6,-79.77999999999884,-0.0013927980226387,False,False
BTC,3,299,2021-02-20 13:05:16+00:00,michael_saylor,BUY,0.8,4.0,2021-02-20 13:06:00+00:00,2021-02-20 13:09:00+00:00,57280.38,57110.99,-169.38999999999942,-0.0029572080352818,False,False
BTC,5,299,2021-02-20 13:05:16+00:00,michael_saylor,BUY,0.8,4.0,2021-02-20 13:06:00+00:00,2021-02-20 13:11:00+00:00,57280.38,57180.23,-100.14999999999418,-0.0017484171718133,False,False
BTC,10,299,2021-02-20 13:05:16+00:00,michael_saylor,BUY,0.8,4.0,2021-02-20 13:06:00+00:00,2021-02-20 13:16:00+00:00,57280.38,57080.99,-199.38999999999945,-0.0034809475775125,False,False
BTC,15,299,2021-02-20 13:05:16+00:00,michael_saylor,BUY,0.8,4.0,2021-02-20 13:06:00+00:00,2021-02-20 13:21:00+00:00,57280.38,57252.38,-28.0,-0.0004888235727486,False,False
BTC,30,299,2021-02-20 13:05:16+00:00,michael_saylor,BUY,0.8,4.0,2021-02-20 13:06:00+00:00,2021-02-20 13:36:00+00:00,57280.38,57374.01,93.63000000000466,0.001634591111302,False,True
BTC,60,299,2021-02-20 13:05:16+00:00,michael_saylor,BUY,0.8,4.0,2021-02-20 13:06:00+00:00,2021-02-20 14:06:00+00:00,57280.38,57328.64,48.26000000000204,0.0008425223436018,False,True
BTC,120,299,2021-02-20 13:05:16+00:00,michael_saylor,BUY,0.8,4.0,2021-02-20 13:06:00+00:00,2021-02-20 15:06:00+00:00,57280.38,56722.2,-558.1800000000003,-0.0097446979227442,False,False
BTC,360,299,2021-02-20 13:05:16+00:00,michael_saylor,BUY,0.8,4.0,2021-02-20 13:06:00+00:00,2021-02-20 19:06:00+00:00,57280.38,56920.79,-359.5899999999965,-0.0062777167330244,False,False
BTC,720,299,2021-02-20 13:05:16+00:00,michael_saylor,BUY,0.8,4.0,2021-02-20 13:06:00+00:00,2021-02-21 01:06:00+00:00,57280.38,56070.01,-1210.3699999999951,-0.0211306209909919,False,False
BTC,1440,299,2021-02-20 13:05:16+00:00,michael_saylor,BUY,0.8,4.0,2021-02-20 13:06:00+00:00,2021-02-21 13:06:00+00:00,57280.38,56957.92,-322.4599999999991,-0.0056295017595902,False,False
BTC,1,300,2021-02-20 15:57:21+00:00,michael_saylor,BUY,0.9,5.0,2021-02-20 15:58:00+00:00,2021-02-20 15:59:00+00:00,56129.13,56145.97,16.840000000003783,0.0003000224660528,False,True
BTC,3,300,2021-02-20 15:57:21+00:00,michael_saylor,BUY,0.9,5.0,2021-02-20 15:58:00+00:00,2021-02-20 16:01:00+00:00,56129.13,56300.0,170.87000000000262,0.0030442303310242,False,True
BTC,5,300,2021-02-20 15:57:21+00:00,michael_saylor,BUY,0.9,5.0,2021-02-20 15:58:00+00:00,2021-02-20 16:03:00+00:00,56129.13,56443.18,314.0500000000029,0.0055951339349104,False,True
BTC,10,300,2021-02-20 15:57:21+00:00,michael_saylor,BUY,0.9,5.0,2021-02-20 15:58:00+00:00,2021-02-20 16:08:00+00:00,56129.13,56350.01,220.88000000000463,0.0039352115381087,False,True
BTC,15,300,2021-02-20 15:57:21+00:00,michael_saylor,BUY,0.9,5.0,2021-02-20 15:58:00+00:00,2021-02-20 16:13:00+00:00,56129.13,56428.19,299.06000000000495,0.0053280711815772,False,True
BTC,30,300,2021-02-20 15:57:21+00:00,michael_saylor,BUY,0.9,5.0,2021-02-20 15:58:00+00:00,2021-02-20 16:28:00+00:00,56129.13,56335.81,206.6800000000003,0.0036822234729097,False,True
BTC,60,300,2021-02-20 15:57:21+00:00,michael_saylor,BUY,0.9,5.0,2021-02-20 15:58:00+00:00,2021-02-20 16:58:00+00:00,56129.13,56712.84,583.7099999999991,0.0103994129251602,False,True
BTC,120,300,2021-02-20 15:57:21+00:00,michael_saylor,BUY,0.9,5.0,2021-02-20 15:58:00+00:00,2021-02-20 17:58:00+00:00,56129.13,57008.18,879.0500000000029,0.0156612083600797,False,True
BTC,360,300,2021-02-20 15:57:21+00:00,michael_saylor,BUY,0.9,5.0,2021-02-20 15:58:00+00:00,2021-02-20 21:58:00+00:00,56129.13,56585.08,455.9500000000044,0.008123232980807,False,True
BTC,720,300,2021-02-20 15:57:21+00:00,michael_saylor,BUY,0.9,5.0,2021-02-20 15:58:00+00:00,2021-02-21 03:58:00+00:00,56129.13,56459.9,330.7700000000041,0.0058930184736518,False,True
BTC,1440,300,2021-02-20 15:57:21+00:00,michael_saylor,BUY,0.9,5.0,2021-02-20 15:58:00+00:00,2021-02-21 15:58:00+00:00,56129.13,57271.95,1142.8199999999997,0.0203605507514547,False,True
BTC,1,302,2021-02-21 13:36:29+00:00,michael_saylor,BUY,0.8,4.0,2021-02-21 13:37:00+00:00,2021-02-21 13:38:00+00:00,57145.21,57169.52,24.30999999999767,0.0004254074838468,False,True
BTC,3,302,2021-02-21 13:36:29+00:00,michael_saylor,BUY,0.8,4.0,2021-02-21 13:37:00+00:00,2021-02-21 13:40:00+00:00,57145.21,57124.51,-20.69999999999709,-0.0003622350849703,False,False
BTC,5,302,2021-02-21 13:36:29+00:00,michael_saylor,BUY,0.8,4.0,2021-02-21 13:37:00+00:00,2021-02-21 13:42:00+00:00,57145.21,57103.96,-41.25,-0.0007218452780206,False,False
BTC,10,302,2021-02-21 13:36:29+00:00,michael_saylor,BUY,0.8,4.0,2021-02-21 13:37:00+00:00,2021-02-21 13:47:00+00:00,57145.21,57086.49,-58.72000000000117,-0.0010275576903121,False,False
BTC,15,302,2021-02-21 13:36:29+00:00,michael_saylor,BUY,0.8,4.0,2021-02-21 13:37:00+00:00,2021-02-21 13:52:00+00:00,57145.21,57067.77,-77.44000000000233,-0.0013551442019375,False,False
BTC,30,302,2021-02-21 13:36:29+00:00,michael_saylor,BUY,0.8,4.0,2021-02-21 13:37:00+00:00,2021-02-21 14:07:00+00:00,57145.21,57252.99,107.77999999999884,0.0018860723409713,False,True
BTC,60,302,2021-02-21 13:36:29+00:00,michael_saylor,BUY,0.8,4.0,2021-02-21 13:37:00+00:00,2021-02-21 14:37:00+00:00,57145.21,57400.71,255.5,0.0044710659038614,False,True
BTC,120,302,2021-02-21 13:36:29+00:00,michael_saylor,BUY,0.8,4.0,2021-02-21 13:37:00+00:00,2021-02-21 15:37:00+00:00,57145.21,57340.0,194.79000000000087,0.0034086846474096,False,True
BTC,360,302,2021-02-21 13:36:29+00:00,michael_saylor,BUY,0.8,4.0,2021-02-21 13:37:00+00:00,2021-02-21 19:37:00+00:00,57145.21,58158.12,1012.9100000000036,0.0177251951650891,False,True
BTC,720,302,2021-02-21 13:36:29+00:00,michael_saylor,BUY,0.8,4.0,2021-02-21 13:37:00+00:00,2021-02-22 01:37:00+00:00,57145.21,56881.5,-263.7099999999991,-0.0046147349882868,False,False
BTC,1440,302,2021-02-21 13:36:29+00:00,michael_saylor,BUY,0.8,4.0,2021-02-21 13:37:00+00:00,2021-02-22 13:37:00+00:00,57145.21,53154.39,-3990.82,-0.0698364744831631,False,False
BTC,1,303,2021-02-21 15:10:44+00:00,michael_saylor,BUY,0.8,4.0,2021-02-21 15:11:00+00:00,2021-02-21 15:12:00+00:00,57363.74,57415.76,52.020000000004075,0.0009068446373964,False,True
BTC,3,303,2021-02-21 15:10:44+00:00,michael_saylor,BUY,0.8,4.0,2021-02-21 15:11:00+00:00,2021-02-21 15:14:00+00:00,57363.74,57461.47,97.7300000000032,0.0017036894735246,False,True
BTC,5,303,2021-02-21 15:10:44+00:00,michael_saylor,BUY,0.8,4.0,2021-02-21 15:11:00+00:00,2021-02-21 15:16:00+00:00,57363.74,57397.15,33.41000000000349,0.0005824236704232,False,True
BTC,10,303,2021-02-21 15:10:44+00:00,michael_saylor,BUY,0.8,4.0,2021-02-21 15:11:00+00:00,2021-02-21 15:21:00+00:00,57363.74,57485.31,121.56999999999972,0.0021192830174601,False,True
BTC,15,303,2021-02-21 15:10:44+00:00,michael_saylor,BUY,0.8,4.0,2021-02-21 15:11:00+00:00,2021-02-21 15:26:00+00:00,57363.74,57325.73,-38.00999999999476,-0.0006626136998737,False,False
BTC,30,303,2021-02-21 15:10:44+00:00,michael_saylor,BUY,0.8,4.0,2021-02-21 15:11:00+00:00,2021-02-21 15:41:00+00:00,57363.74,57372.94,9.200000000004366,0.0001603800589013,False,True
BTC,60,303,2021-02-21 15:10:44+00:00,michael_saylor,BUY,0.8,4.0,2021-02-21 15:11:00+00:00,2021-02-21 16:11:00+00:00,57363.74,57135.37,-228.36999999999537,-0.0039810863099232,False,False
BTC,120,303,2021-02-21 15:10:44+00:00,michael_saylor,BUY,0.8,4.0,2021-02-21 15:11:00+00:00,2021-02-21 17:11:00+00:00,57363.74,57674.83,311.0900000000038,0.0054231122308274,False,True
BTC,360,303,2021-02-21 15:10:44+00:00,michael_saylor,BUY,0.8,4.0,2021-02-21 15:11:00+00:00,2021-02-21 21:11:00+00:00,57363.74,57630.11,266.3700000000026,0.0046435256836461,False,True
BTC,720,303,2021-02-21 15:10:44+00:00,michael_saylor,BUY,0.8,4.0,2021-02-21 15:11:00+00:00,2021-02-22 03:11:00+00:00,57363.74,56857.62,-506.11999999999534,-0.0088229951533842,False,False
BTC,1440,303,2021-02-21 15:10:44+00:00,michael_saylor,BUY,0.8,4.0,2021-02-21 15:11:00+00:00,2021-02-22 15:11:00+00:00,57363.74,53501.61,-3862.1299999999974,-0.0673270257483211,False,False
BTC,1,304,2021-02-21 15:19:26+00:00,michael_saylor,BUY,0.9,4.0,2021-02-21 15:20:00+00:00,2021-02-21 15:21:00+00:00,57447.46,57485.31,37.849999999998545,0.000658862898377,False,True
BTC,3,304,2021-02-21 15:19:26+00:00,michael_saylor,BUY,0.9,4.0,2021-02-21 15:20:00+00:00,2021-02-21 15:23:00+00:00,57447.46,57449.92,2.459999999999127,4.282173659199426e-05,False,True
BTC,5,304,2021-02-21 15:19:26+00:00,michael_saylor,BUY,0.9,4.0,2021-02-21 15:20:00+00:00,2021-02-21 15:25:00+00:00,57447.46,57323.36,-124.09999999999854,-0.0021602347605968,False,False
BTC,10,304,2021-02-21 15:19:26+00:00,michael_saylor,BUY,0.9,4.0,2021-02-21 15:20:00+00:00,2021-02-21 15:30:00+00:00,57447.46,57312.91,-134.54999999999563,-0.0023421401050628,False,False
BTC,15,304,2021-02-21 15:19:26+00:00,michael_saylor,BUY,0.9,4.0,2021-02-21 15:20:00+00:00,2021-02-21 15:35:00+00:00,57447.46,57338.93,-108.52999999999884,-0.0018892045009474,False,False
BTC,30,304,2021-02-21 15:19:26+00:00,michael_saylor,BUY,0.9,4.0,2021-02-21 15:20:00+00:00,2021-02-21 15:50:00+00:00,57447.46,57325.29,-122.16999999999824,-0.0021266388453031,False,False
BTC,60,304,2021-02-21 15:19:26+00:00,michael_saylor,BUY,0.9,4.0,2021-02-21 15:20:00+00:00,2021-02-21 16:20:00+00:00,57447.46,57204.93,-242.52999999999884,-0.0042217706405121,False,False
BTC,120,304,2021-02-21 15:19:26+00:00,michael_saylor,BUY,0.9,4.0,2021-02-21 15:20:00+00:00,2021-02-21 17:20:00+00:00,57447.46,57696.33,248.87000000000265,0.0043321323518916,False,True
BTC,360,304,2021-02-21 15:19:26+00:00,michael_saylor,BUY,0.9,4.0,2021-02-21 15:20:00+00:00,2021-02-21 21:20:00+00:00,57447.46,57875.86,428.40000000000146,0.0074572487626085,False,True
BTC,720,304,2021-02-21 15:19:26+00:00,michael_saylor,BUY,0.9,4.0,2021-02-21 15:20:00+00:00,2021-02-22 03:20:00+00:00,57447.46,56745.48,-701.9799999999959,-0.0122195132735197,False,False
BTC,1440,304,2021-02-21 15:19:26+00:00,michael_saylor,BUY,0.9,4.0,2021-02-21 15:20:00+00:00,2021-02-22 15:20:00+00:00,57447.46,53057.71,-4389.75,-0.0764133000832412,False,False
BTC,1,305,2021-02-21 15:38:08+00:00,michael_saylor,BUY,0.9,5.0,2021-02-21 15:39:00+00:00,2021-02-21 15:40:00+00:00,57349.5,57405.0,55.5,0.0009677503727146,False,True
BTC,3,305,2021-02-21 15:38:08+00:00,michael_saylor,BUY,0.9,5.0,2021-02-21 15:39:00+00:00,2021-02-21 15:42:00+00:00,57349.5,57330.0,-19.5,-0.000340020401224,False,False
BTC,5,305,2021-02-21 15:38:08+00:00,michael_saylor,BUY,0.9,5.0,2021-02-21 15:39:00+00:00,2021-02-21 15:44:00+00:00,57349.5,57330.77,-18.7300000000032,-0.0003265939546116,False,False
BTC,10,305,2021-02-21 15:38:08+00:00,michael_saylor,BUY,0.9,5.0,2021-02-21 15:39:00+00:00,2021-02-21 15:49:00+00:00,57349.5,57300.01,-49.48999999999796,-0.000862954341363,False,False
BTC,15,305,2021-02-21 15:38:08+00:00,michael_saylor,BUY,0.9,5.0,2021-02-21 15:39:00+00:00,2021-02-21 15:54:00+00:00,57349.5,57263.59,-85.91000000000349,-0.0014980078291877,False,False
BTC,30,305,2021-02-21 15:38:08+00:00,michael_saylor,BUY,0.9,5.0,2021-02-21 15:39:00+00:00,2021-02-21 16:09:00+00:00,57349.5,57139.68,-209.8199999999997,-0.003658619517171,False,False
BTC,60,305,2021-02-21 15:38:08+00:00,michael_saylor,BUY,0.9,5.0,2021-02-21 15:39:00+00:00,2021-02-21 16:39:00+00:00,57349.5,57427.37,77.87000000000262,0.0013578148022215,False,True
BTC,120,305,2021-02-21 15:38:08+00:00,michael_saylor,BUY,0.9,5.0,2021-02-21 15:39:00+00:00,2021-02-21 17:39:00+00:00,57349.5,57490.6,141.09999999999854,0.00246035274937,False,True
BTC,360,305,2021-02-21 15:38:08+00:00,michael_saylor,BUY,0.9,5.0,2021-02-21 15:39:00+00:00,2021-02-21 21:39:00+00:00,57349.5,57635.15,285.65000000000146,0.0049808629543413,False,True
BTC,720,305,2021-02-21 15:38:08+00:00,michael_saylor,BUY,0.9,5.0,2021-02-21 15:39:00+00:00,2021-02-22 03:39:00+00:00,57349.5,56295.03,-1054.4700000000012,-0.0183867339732691,False,False
BTC,1440,305,2021-02-21 15:38:08+00:00,michael_saylor,BUY,0.9,5.0,2021-02-21 15:39:00+00:00,2021-02-22 15:39:00+00:00,57349.5,53372.62,-3976.8799999999974,-0.0693446324728201,False,False
BTC,1,307,2021-02-22 16:24:59+00:00,michael_saylor,BUY,0.8,4.0,2021-02-22 16:25:00+00:00,2021-02-22 16:26:00+00:00,53592.92,53522.66,-70.25999999999476,-0.0013109940641412,False,False
BTC,3,307,2021-02-22 16:24:59+00:00,michael_saylor,BUY,0.8,4.0,2021-02-22 16:25:00+00:00,2021-02-22 16:28:00+00:00,53592.92,53479.71,-113.20999999999913,-0.0021124058924201,False,False
BTC,5,307,2021-02-22 16:24:59+00:00,michael_saylor,BUY,0.8,4.0,2021-02-22 16:25:00+00:00,2021-02-22 16:30:00+00:00,53592.92,53435.19,-157.72999999999593,-0.002943112635027,False,False
BTC,10,307,2021-02-22 16:24:59+00:00,michael_saylor,BUY,0.8,4.0,2021-02-22 16:25:00+00:00,2021-02-22 16:35:00+00:00,53592.92,53661.9,68.9800000000032,0.0012871103123323,False,True
BTC,15,307,2021-02-22 16:24:59+00:00,michael_saylor,BUY,0.8,4.0,2021-02-22 16:25:00+00:00,2021-02-22 16:40:00+00:00,53592.92,53386.19,-206.72999999999593,-0.0038574125089656,False,False
BTC,30,307,2021-02-22 16:24:59+00:00,michael_saylor,BUY,0.8,4.0,2021-02-22 16:25:00+00:00,2021-02-22 16:55:00+00:00,53592.92,53217.47,-375.4499999999971,-0.0070055895442904,False,False
BTC,60,307,2021-02-22 16:24:59+00:00,michael_saylor,BUY,0.8,4.0,2021-02-22 16:25:00+00:00,2021-02-22 17:25:00+00:00,53592.92,52971.29,-621.6299999999974,-0.0115991067476822,False,False
BTC,120,307,2021-02-22 16:24:59+00:00,michael_saylor,BUY,0.8,4.0,2021-02-22 16:25:00+00:00,2021-02-22 18:25:00+00:00,53592.92,52679.81,-913.1100000000006,-0.0170378848549398,False,False
BTC,360,307,2021-02-22 16:24:59+00:00,michael_saylor,BUY,0.8,4.0,2021-02-22 16:25:00+00:00,2021-02-22 22:25:00+00:00,53592.92,54551.38,958.4599999999992,0.0178840787178604,False,True
BTC,720,307,2021-02-22 16:24:59+00:00,michael_saylor,BUY,0.8,4.0,2021-02-22 16:25:00+00:00,2021-02-23 04:25:00+00:00,53592.92,51668.42,-1924.5,-0.0359095940284649,False,False
BTC,1440,307,2021-02-22 16:24:59+00:00,michael_saylor,BUY,0.8,4.0,2021-02-22 16:25:00+00:00,2021-02-23 16:25:00+00:00,53592.92,47715.99,-5876.93,-0.1096587011866492,False,False
BTC,1,308,2021-02-23 12:33:39+00:00,michael_saylor,BUY,0.8,4.0,2021-02-23 12:34:00+00:00,2021-02-23 12:35:00+00:00,46188.32,46023.88,-164.44000000000233,-0.0035602074290643,False,False
BTC,3,308,2021-02-23 12:33:39+00:00,michael_saylor,BUY,0.8,4.0,2021-02-23 12:34:00+00:00,2021-02-23 12:37:00+00:00,46188.32,46710.75,522.4300000000003,0.0113108682021775,False,True
BTC,5,308,2021-02-23 12:33:39+00:00,michael_saylor,BUY,0.8,4.0,2021-02-23 12:34:00+00:00,2021-02-23 12:39:00+00:00,46188.32,48462.34,2274.019999999997,0.0492336590722502,False,True
BTC,10,308,2021-02-23 12:33:39+00:00,michael_saylor,BUY,0.8,4.0,2021-02-23 12:34:00+00:00,2021-02-23 12:44:00+00:00,46188.32,47684.37,1496.050000000003,0.032390223329188,False,True
BTC,15,308,2021-02-23 12:33:39+00:00,michael_saylor,BUY,0.8,4.0,2021-02-23 12:34:00+00:00,2021-02-23 12:49:00+00:00,46188.32,48536.42,2348.0999999999985,0.0508375277559348,False,True
BTC,30,308,2021-02-23 12:33:39+00:00,michael_saylor,BUY,0.8,4.0,2021-02-23 12:34:00+00:00,2021-02-23 13:04:00+00:00,46188.32,49054.6,2866.279999999999,0.0620563813535542,False,True
BTC,60,308,2021-02-23 12:33:39+00:00,michael_saylor,BUY,0.8,4.0,2021-02-23 12:34:00+00:00,2021-02-23 13:34:00+00:00,46188.32,48865.84,2677.519999999997,0.057969633881466,False,True
BTC,120,308,2021-02-23 12:33:39+00:00,michael_saylor,BUY,0.8,4.0,2021-02-23 12:34:00+00:00,2021-02-23 14:34:00+00:00,46188.32,48187.0,1998.6800000000003,0.043272411726601,False,True
BTC,360,308,2021-02-23 12:33:39+00:00,michael_saylor,BUY,0.8,4.0,2021-02-23 12:34:00+00:00,2021-02-23 18:34:00+00:00,46188.32,47586.06,1397.739999999998,0.0302617631470466,False,True
BTC,720,308,2021-02-23 12:33:39+00:00,michael_saylor,BUY,0.8,4.0,2021-02-23 12:34:00+00:00,2021-02-24 00:34:00+00:00,46188.32,47626.12,1437.800000000003,0.0311290819843632,False,True
BTC,1440,308,2021-02-23 12:33:39+00:00,michael_saylor,BUY,0.8,4.0,2021-02-23 12:34:00+00:00,2021-02-24 12:34:00+00:00,46188.32,51232.12,5043.800000000003,0.1092007676399575,False,True
BTC,1,309,2021-02-23 13:57:01+00:00,michael_saylor,BUY,0.8,4.0,2021-02-23 13:58:00+00:00,2021-02-23 13:59:00+00:00,48645.4,48750.0,104.59999999999854,0.0021502547003416,False,True
BTC,3,309,2021-02-23 13:57:01+00:00,michael_saylor,BUY,0.8,4.0,2021-02-23 13:58:00+00:00,2021-02-23 14:01:00+00:00,48645.4,48703.01,57.61000000000058,0.001184284639452,False,True
BTC,5,309,2021-02-23 13:57:01+00:00,michael_saylor,BUY,0.8,4.0,2021-02-23 13:58:00+00:00,2021-02-23 14:03:00+00:00,48645.4,48764.63,119.22999999999593,0.0024510025613931,False,True
BTC,10,309,2021-02-23 13:57:01+00:00,michael_saylor,BUY,0.8,4.0,2021-02-23 13:58:00+00:00,2021-02-23 14:08:00+00:00,48645.4,49042.4,397.0,0.0081611005357135,False,True
BTC,15,309,2021-02-23 13:57:01+00:00,michael_saylor,BUY,0.8,4.0,2021-02-23 13:58:00+00:00,2021-02-23 14:13:00+00:00,48645.4,48964.21,318.8099999999977,0.0065537543118156,False,True
BTC,30,309,2021-02-23 13:57:01+00:00,michael_saylor,BUY,0.8,4.0,2021-02-23 13:58:00+00:00,2021-02-23 14:28:00+00:00,48645.4,48573.5,-71.90000000000146,-0.0014780431448811,False,False
BTC,60,309,2021-02-23 13:57:01+00:00,michael_saylor,BUY,0.8,4.0,2021-02-23 13:58:00+00:00,2021-02-23 14:58:00+00:00,48645.4,47032.19,-1613.2099999999991,-0.0331626423053361,False,False
BTC,120,309,2021-02-23 13:57:01+00:00,michael_saylor,BUY,0.8,4.0,2021-02-23 13:58:00+00:00,2021-02-23 15:58:00+00:00,48645.4,48444.0,-201.40000000000143,-0.0041401653599312,False,False
BTC,360,309,2021-02-23 13:57:01+00:00,michael_saylor,BUY,0.8,4.0,2021-02-23 13:58:00+00:00,2021-02-23 19:58:00+00:00,48645.4,45819.45,-2825.9500000000044,-0.0580928515337525,False,False
BTC,720,309,2021-02-23 13:57:01+00:00,michael_saylor,BUY,0.8,4.0,2021-02-23 13:58:00+00:00,2021-02-24 01:58:00+00:00,48645.4,50055.81,1410.4099999999962,0.0289936972457826,False,True
BTC,1440,309,2021-02-23 13:57:01+00:00,michael_saylor,BUY,0.8,4.0,2021-02-23 13:58:00+00:00,2021-02-24 13:58:00+00:00,48645.4,49512.66,867.260000000002,0.0178282016387983,False,True
BTC,1,310,2021-02-23 14:04:48+00:00,michael_saylor,BUY,0.9,5.0,2021-02-23 14:05:00+00:00,2021-02-23 14:06:00+00:00,48934.26,48934.33,0.0699999999997089,1.430490621493182e-06,False,True
BTC,3,310,2021-02-23 14:04:48+00:00,michael_saylor,BUY,0.9,5.0,2021-02-23 14:05:00+00:00,2021-02-23 14:08:00+00:00,48934.26,49042.4,108.13999999999942,0.002209903654413,False,True
BTC,5,310,2021-02-23 14:04:48+00:00,michael_saylor,BUY,0.9,5.0,2021-02-23 14:05:00+00:00,2021-02-23 14:10:00+00:00,48934.26,48995.12,60.86000000000058,0.0012437094174919,False,True
BTC,10,310,2021-02-23 14:04:48+00:00,michael_saylor,BUY,0.9,5.0,2021-02-23 14:05:00+00:00,2021-02-23 14:15:00+00:00,48934.26,48753.3,-180.95999999999913,-0.0036980226123783,False,False
BTC,15,310,2021-02-23 14:04:48+00:00,michael_saylor,BUY,0.9,5.0,2021-02-23 14:05:00+00:00,2021-02-23 14:20:00+00:00,48934.26,48694.49,-239.77000000000407,-0.0048998390902407,False,False
BTC,30,310,2021-02-23 14:04:48+00:00,michael_saylor,BUY,0.9,5.0,2021-02-23 14:05:00+00:00,2021-02-23 14:35:00+00:00,48934.26,47925.86,-1008.4000000000016,-0.0206072391817103,False,False
BTC,60,310,2021-02-23 14:04:48+00:00,michael_saylor,BUY,0.9,5.0,2021-02-23 14:05:00+00:00,2021-02-23 15:05:00+00:00,48934.26,47851.74,-1082.520000000004,-0.0221219243940749,False,False
BTC,120,310,2021-02-23 14:04:48+00:00,michael_saylor,BUY,0.9,5.0,2021-02-23 14:05:00+00:00,2021-02-23 16:05:00+00:00,48934.26,49187.52,253.25999999999476,0.0051755150685837,False,True
BTC,360,310,2021-02-23 14:04:48+00:00,michael_saylor,BUY,0.9,5.0,2021-02-23 14:05:00+00:00,2021-02-23 20:05:00+00:00,48934.26,46213.81,-2720.4500000000044,-0.055593974446533,False,False
BTC,720,310,2021-02-23 14:04:48+00:00,michael_saylor,BUY,0.9,5.0,2021-02-23 14:05:00+00:00,2021-02-24 02:05:00+00:00,48934.26,50397.37,1463.1100000000006,0.0298995019031656,False,True
BTC,1440,310,2021-02-23 14:04:48+00:00,michael_saylor,BUY,0.9,5.0,2021-02-23 14:05:00+00:00,2021-02-24 14:05:00+00:00,48934.26,49652.08,717.8199999999997,0.0146690682560643,False,True
BTC,1,311,2021-02-23 18:03:12+00:00,michael_saylor,BUY,0.8,4.0,2021-02-23 18:04:00+00:00,2021-02-23 18:05:00+00:00,47315.04,47351.45,36.40999999999622,0.0007695227564004,False,True
BTC,3,311,2021-02-23 18:03:12+00:00,michael_saylor,BUY,0.8,4.0,2021-02-23 18:04:00+00:00,2021-02-23 18:07:00+00:00,47315.04,47340.3,25.260000000002037,0.0005338683006503,False,True
BTC,5,311,2021-02-23 18:03:12+00:00,michael_saylor,BUY,0.8,4.0,2021-02-23 18:04:00+00:00,2021-02-23 18:09:00+00:00,47315.04,47008.97,-306.0699999999997,-0.0064687676476655,False,False
BTC,10,311,2021-02-23 18:03:12+00:00,michael_saylor,BUY,0.8,4.0,2021-02-23 18:04:00+00:00,2021-02-23 18:14:00+00:00,47315.04,46525.06,-789.9800000000032,-0.0166961710272252,False,False
BTC,15,311,2021-02-23 18:03:12+00:00,michael_saylor,BUY,0.8,4.0,2021-02-23 18:04:00+00:00,2021-02-23 18:19:00+00:00,47315.04,46650.03,-665.010000000002,-0.0140549389792337,False,False
BTC,30,311,2021-02-23 18:03:12+00:00,michael_saylor,BUY,0.8,4.0,2021-02-23 18:04:00+00:00,2021-02-23 18:34:00+00:00,47315.04,47586.06,271.0199999999968,0.0057279883943878,False,True
BTC,60,311,2021-02-23 18:03:12+00:00,michael_saylor,BUY,0.8,4.0,2021-02-23 18:04:00+00:00,2021-02-23 19:04:00+00:00,47315.04,46708.76,-606.2799999999988,-0.0128136846127573,False,False
BTC,120,311,2021-02-23 18:03:12+00:00,michael_saylor,BUY,0.8,4.0,2021-02-23 18:04:00+00:00,2021-02-23 20:04:00+00:00,47315.04,46250.85,-1064.1900000000023,-0.0224915798443793,False,False
BTC,360,311,2021-02-23 18:03:12+00:00,michael_saylor,BUY,0.8,4.0,2021-02-23 18:04:00+00:00,2021-02-24 00:04:00+00:00,47315.04,48606.83,1291.7900000000009,0.0273018896317112,False,True
BTC,720,311,2021-02-23 18:03:12+00:00,michael_saylor,BUY,0.8,4.0,2021-02-23 18:04:00+00:00,2021-02-24 06:04:00+00:00,47315.04,50532.53,3217.489999999998,0.0680014219580073,False,True
BTC,1440,311,2021-02-23 18:03:12+00:00,michael_saylor,BUY,0.8,4.0,2021-02-23 18:04:00+00:00,2021-02-24 18:04:00+00:00,47315.04,49925.09,2610.0499999999956,0.0551632208278804,False,True
BTC,1,312,2021-02-23 21:16:16+00:00,michael_saylor,BUY,0.9,5.0,2021-02-23 21:17:00+00:00,2021-02-23 21:18:00+00:00,47921.47,47943.95,22.479999999995925,0.0004691008017908,False,True
BTC,3,312,2021-02-23 21:16:16+00:00,michael_saylor,BUY,0.9,5.0,2021-02-23 21:17:00+00:00,2021-02-23 21:20:00+00:00,47921.47,48089.67,168.1999999999971,0.0035099090240762,False,True
BTC,5,312,2021-02-23 21:16:16+00:00,michael_saylor,BUY,0.9,5.0,2021-02-23 21:17:00+00:00,2021-02-23 21:22:00+00:00,47921.47,48037.34,115.86999999999534,0.0024179141416153,False,True
BTC,10,312,2021-02-23 21:16:16+00:00,michael_saylor,BUY,0.9,5.0,2021-02-23 21:17:00+00:00,2021-02-23 21:27:00+00:00,47921.47,48026.42,104.94999999999708,0.0021900413322044,False,True
BTC,15,312,2021-02-23 21:16:16+00:00,michael_saylor,BUY,0.9,5.0,2021-02-23 21:17:00+00:00,2021-02-23 21:32:00+00:00,47921.47,47773.4,-148.0699999999997,-0.0030898467847501,False,False
BTC,30,312,2021-02-23 21:16:16+00:00,michael_saylor,BUY,0.9,5.0,2021-02-23 21:17:00+00:00,2021-02-23 21:47:00+00:00,47921.47,48245.18,323.7099999999991,0.0067550098108425,False,True
BTC,60,312,2021-02-23 21:16:16+00:00,michael_saylor,BUY,0.9,5.0,2021-02-23 21:17:00+00:00,2021-02-23 22:17:00+00:00,47921.47,48437.65,516.1800000000003,0.0107713724140766,False,True
BTC,120,312,2021-02-23 21:16:16+00:00,michael_saylor,BUY,0.9,5.0,2021-02-23 21:17:00+00:00,2021-02-23 23:17:00+00:00,47921.47,48700.0,778.5299999999988,0.0162459540577532,False,True
BTC,360,312,2021-02-23 21:16:16+00:00,michael_saylor,BUY,0.9,5.0,2021-02-23 21:17:00+00:00,2021-02-24 03:17:00+00:00,47921.47,50276.01,2354.540000000001,0.0491333007939865,False,True
BTC,720,312,2021-02-23 21:16:16+00:00,michael_saylor,BUY,0.9,5.0,2021-02-23 21:17:00+00:00,2021-02-24 09:17:00+00:00,47921.47,50871.96,2950.489999999998,0.0615692715603256,False,True
BTC,1440,312,2021-02-23 21:16:16+00:00,michael_saylor,BUY,0.9,5.0,2021-02-23 21:17:00+00:00,2021-02-24 21:17:00+00:00,47921.47,48306.93,385.4599999999991,0.0080435762926304,False,True
BTC,1,313,2021-02-23 21:59:19+00:00,michael_saylor,BUY,0.8,4.0,2021-02-23 22:00:00+00:00,2021-02-23 22:01:00+00:00,47932.31,47973.12,40.81000000000495,0.0008514089973966,False,True
BTC,3,313,2021-02-23 21:59:19+00:00,michael_saylor,BUY,0.8,4.0,2021-02-23 22:00:00+00:00,2021-02-23 22:03:00+00:00,47932.31,47984.43,52.12000000000262,0.0010873667469813,False,True
BTC,5,313,2021-02-23 21:59:19+00:00,michael_saylor,BUY,0.8,4.0,2021-02-23 22:00:00+00:00,2021-02-23 22:05:00+00:00,47932.31,47781.64,-150.66999999999825,-0.0031433911697558,False,False
BTC,10,313,2021-02-23 21:59:19+00:00,michael_saylor,BUY,0.8,4.0,2021-02-23 22:00:00+00:00,2021-02-23 22:10:00+00:00,47932.31,48205.65,273.3400000000038,0.0057026252229446,False,True
BTC,15,313,2021-02-23 21:59:19+00:00,michael_saylor,BUY,0.8,4.0,2021-02-23 22:00:00+00:00,2021-02-23 22:15:00+00:00,47932.31,48375.72,443.4100000000035,0.0092507538234648,False,True
BTC,30,313,2021-02-23 21:59:19+00:00,michael_saylor,BUY,0.8,4.0,2021-02-23 22:00:00+00:00,2021-02-23 22:30:00+00:00,47932.31,48109.76,177.45000000000437,0.003702095726244,False,True
BTC,60,313,2021-02-23 21:59:19+00:00,michael_saylor,BUY,0.8,4.0,2021-02-23 22:00:00+00:00,2021-02-23 23:00:00+00:00,47932.31,48711.31,779.0,0.016252085493063,False,True
BTC,120,313,2021-02-23 21:59:19+00:00,michael_saylor,BUY,0.8,4.0,2021-02-23 22:00:00+00:00,2021-02-24 00:00:00+00:00,47932.31,48987.28,1054.9700000000012,0.0220095797594566,False,True
BTC,360,313,2021-02-23 21:59:19+00:00,michael_saylor,BUY,0.8,4.0,2021-02-23 22:00:00+00:00,2021-02-24 04:00:00+00:00,47932.31,51001.28,3068.970000000001,0.064027166643961,False,True
BTC,720,313,2021-02-23 21:59:19+00:00,michael_saylor,BUY,0.8,4.0,2021-02-23 22:00:00+00:00,2021-02-24 10:00:00+00:00,47932.31,50989.16,3056.850000000006,0.0637743100635042,False,True
BTC,1440,313,2021-02-23 21:59:19+00:00,michael_saylor,BUY,0.8,4.0,2021-02-23 22:00:00+00:00,2021-02-24 22:00:00+00:00,47932.31,48599.48,667.1700000000055,0.0139190036950025,False,True
BTC,1,315,2021-02-24 13:05:01+00:00,michael_saylor,BUY,0.9,5.0,2021-02-24 13:06:00+00:00,2021-02-24 13:07:00+00:00,50628.44,50567.7,-60.74000000000524,-0.0011997209473569,False,False
BTC,3,315,2021-02-24 13:05:01+00:00,michael_saylor,BUY,0.9,5.0,2021-02-24 13:06:00+00:00,2021-02-24 13:09:00+00:00,50628.44,50540.64,-87.80000000000291,-0.00173420314748,False,False
BTC,5,315,2021-02-24 13:05:01+00:00,michael_saylor,BUY,0.9,5.0,2021-02-24 13:06:00+00:00,2021-02-24 13:11:00+00:00,50628.44,50517.85,-110.59000000000378,-0.0021843453995423,False,False
BTC,10,315,2021-02-24 13:05:01+00:00,michael_saylor,BUY,0.9,5.0,2021-02-24 13:06:00+00:00,2021-02-24 13:16:00+00:00,50628.44,49903.46,-724.9800000000032,-0.0143196195656039,False,False
BTC,15,315,2021-02-24 13:05:01+00:00,michael_saylor,BUY,0.9,5.0,2021-02-24 13:06:00+00:00,2021-02-24 13:21:00+00:00,50628.44,49710.68,-917.760000000002,-0.0181273608272346,False,False
BTC,30,315,2021-02-24 13:05:01+00:00,michael_saylor,BUY,0.9,5.0,2021-02-24 13:06:00+00:00,2021-02-24 13:36:00+00:00,50628.44,49393.42,-1235.020000000004,-0.0243937992164088,False,False
BTC,60,315,2021-02-24 13:05:01+00:00,michael_saylor,BUY,0.9,5.0,2021-02-24 13:06:00+00:00,2021-02-24 14:06:00+00:00,50628.44,49591.43,-1037.010000000002,-0.0204827563322117,False,False
BTC,120,315,2021-02-24 13:05:01+00:00,michael_saylor,BUY,0.9,5.0,2021-02-24 13:06:00+00:00,2021-02-24 15:06:00+00:00,50628.44,49447.27,-1181.1700000000055,-0.0233301677871173,False,False
BTC,360,315,2021-02-24 13:05:01+00:00,michael_saylor,BUY,0.9,5.0,2021-02-24 13:06:00+00:00,2021-02-24 19:06:00+00:00,50628.44,49468.6,-1159.8400000000038,-0.0229088630816988,False,False
BTC,720,315,2021-02-24 13:05:01+00:00,michael_saylor,BUY,0.9,5.0,2021-02-24 13:06:00+00:00,2021-02-25 01:06:00+00:00,50628.44,50532.69,-95.75,-0.0018912295144784,False,False
BTC,1440,315,2021-02-24 13:05:01+00:00,michael_saylor,BUY,0.9,5.0,2021-02-24 13:06:00+00:00,2021-02-25 13:06:00+00:00,50628.44,51800.0,1171.5599999999977,0.0231403535246197,False,True
BTC,1,318,2021-02-25 19:26:41+00:00,michael_saylor,BUY,0.8,4.0,2021-02-25 19:27:00+00:00,2021-02-25 19:28:00+00:00,49635.84,49667.04,31.20000000000437,0.0006285780597246,False,True
BTC,3,318,2021-02-25 19:26:41+00:00,michael_saylor,BUY,0.8,4.0,2021-02-25 19:27:00+00:00,2021-02-25 19:30:00+00:00,49635.84,49651.03,15.190000000002328,0.0003060288694621,False,True
BTC,5,318,2021-02-25 19:26:41+00:00,michael_saylor,BUY,0.8,4.0,2021-02-25 19:27:00+00:00,2021-02-25 19:32:00+00:00,49635.84,49692.08,56.24000000000524,0.001133052246119,False,True
BTC,10,318,2021-02-25 19:26:41+00:00,michael_saylor,BUY,0.8,4.0,2021-02-25 19:27:00+00:00,2021-02-25 19:37:00+00:00,49635.84,49631.53,-4.309999999997672,-8.68324178657533e-05,False,False
BTC,15,318,2021-02-25 19:26:41+00:00,michael_saylor,BUY,0.8,4.0,2021-02-25 19:27:00+00:00,2021-02-25 19:42:00+00:00,49635.84,49669.69,33.85000000000582,0.0006819669013359,False,True
BTC,30,318,2021-02-25 19:26:41+00:00,michael_saylor,BUY,0.8,4.0,2021-02-25 19:27:00+00:00,2021-02-25 19:57:00+00:00,49635.84,49476.37,-159.4699999999939,-0.0032127994610344,False,False
BTC,60,318,2021-02-25 19:26:41+00:00,michael_saylor,BUY,0.8,4.0,2021-02-25 19:27:00+00:00,2021-02-25 20:27:00+00:00,49635.84,49447.87,-187.9699999999939,-0.0037869813425136,False,False
BTC,120,318,2021-02-25 19:26:41+00:00,michael_saylor,BUY,0.8,4.0,2021-02-25 19:27:00+00:00,2021-02-25 21:27:00+00:00,49635.84,48974.35,-661.489999999998,-0.0133268622027953,False,False
BTC,360,318,2021-02-25 19:26:41+00:00,michael_saylor,BUY,0.8,4.0,2021-02-25 19:27:00+00:00,2021-02-26 01:27:00+00:00,49635.84,47245.21,-2390.6299999999974,-0.0481633835551085,False,False
BTC,720,318,2021-02-25 19:26:41+00:00,michael_saylor,BUY,0.8,4.0,2021-02-25 19:27:00+00:00,2021-02-26 07:27:00+00:00,49635.84,45363.57,-4272.269999999997,-0.0860722816416524,False,False
BTC,1440,318,2021-02-25 19:26:41+00:00,michael_saylor,BUY,0.8,4.0,2021-02-25 19:27:00+00:00,2021-02-26 19:27:00+00:00,49635.84,47175.0,-2460.8399999999965,-0.0495778856568156,False,False
BTC,1,319,2021-02-25 19:51:56+00:00,michael_saylor,BUY,0.8,4.0,2021-02-25 19:52:00+00:00,2021-02-25 19:53:00+00:00,49750.0,49719.61,-30.389999999999414,-0.0006108542713567,False,False
BTC,3,319,2021-02-25 19:51:56+00:00,michael_saylor,BUY,0.8,4.0,2021-02-25 19:52:00+00:00,2021-02-25 19:55:00+00:00,49750.0,49554.42,-195.58000000000175,-0.003931256281407,False,False
BTC,5,319,2021-02-25 19:51:56+00:00,michael_saylor,BUY,0.8,4.0,2021-02-25 19:52:00+00:00,2021-02-25 19:57:00+00:00,49750.0,49476.37,-273.6299999999974,-0.0055001005025125,False,False
BTC,10,319,2021-02-25 19:51:56+00:00,michael_saylor,BUY,0.8,4.0,2021-02-25 19:52:00+00:00,2021-02-25 20:02:00+00:00,49750.0,49302.98,-447.0199999999968,-0.0089853266331657,False,False
BTC,15,319,2021-02-25 19:51:56+00:00,michael_saylor,BUY,0.8,4.0,2021-02-25 19:52:00+00:00,2021-02-25 20:07:00+00:00,49750.0,49064.05,-685.9499999999971,-0.0137879396984924,False,False
BTC,30,319,2021-02-25 19:51:56+00:00,michael_saylor,BUY,0.8,4.0,2021-02-25 19:52:00+00:00,2021-02-25 20:22:00+00:00,49750.0,49214.54,-535.4599999999991,-0.0107630150753768,False,False
BTC,60,319,2021-02-25 19:51:56+00:00,michael_saylor,BUY,0.8,4.0,2021-02-25 19:52:00+00:00,2021-02-25 20:52:00+00:00,49750.0,48919.89,-830.1100000000006,-0.0166856281407035,False,False
BTC,120,319,2021-02-25 19:51:56+00:00,michael_saylor,BUY,0.8,4.0,2021-02-25 19:52:00+00:00,2021-02-25 21:52:00+00:00,49750.0,48416.9,-1333.0999999999983,-0.0267959798994974,False,False
BTC,360,319,2021-02-25 19:51:56+00:00,michael_saylor,BUY,0.8,4.0,2021-02-25 19:52:00+00:00,2021-02-26 01:52:00+00:00,49750.0,46346.11,-3403.8899999999994,-0.0684198994974874,False,False
BTC,720,319,2021-02-25 19:51:56+00:00,michael_saylor,BUY,0.8,4.0,2021-02-25 19:52:00+00:00,2021-02-26 07:52:00+00:00,49750.0,44631.67,-5118.330000000002,-0.1028810050251256,False,False
BTC,1440,319,2021-02-25 19:51:56+00:00,michael_saylor,BUY,0.8,4.0,2021-02-25 19:52:00+00:00,2021-02-26 19:52:00+00:00,49750.0,46826.87,-2923.1299999999974,-0.0587563819095476,False,False
BTC,1,320,2021-02-25 20:23:56+00:00,michael_saylor,BUY,0.9,5.0,2021-02-25 20:24:00+00:00,2021-02-25 20:25:00+00:00,49354.69,49400.01,45.31999999999971,0.0009182511327697,False,True
BTC,3,320,2021-02-25 20:23:56+00:00,michael_saylor,BUY,0.9,5.0,2021-02-25 20:24:00+00:00,2021-02-25 20:27:00+00:00,49354.69,49447.87,93.18000000000028,0.0018879664728924,False,True
BTC,5,320,2021-02-25 20:23:56+00:00,michael_saylor,BUY,0.9,5.0,2021-02-25 20:24:00+00:00,2021-02-25 20:29:00+00:00,49354.69,49099.99,-254.70000000000437,-0.0051606037845644,False,False
BTC,10,320,2021-02-25 20:23:56+00:00,michael_saylor,BUY,0.9,5.0,2021-02-25 20:24:00+00:00,2021-02-25 20:34:00+00:00,49354.69,48730.96,-623.7300000000032,-0.0126377047449797,False,False
BTC,15,320,2021-02-25 20:23:56+00:00,michael_saylor,BUY,0.9,5.0,2021-02-25 20:24:00+00:00,2021-02-25 20:39:00+00:00,49354.69,48593.02,-761.6700000000055,-0.0154325759112255,False,False
BTC,30,320,2021-02-25 20:23:56+00:00,michael_saylor,BUY,0.9,5.0,2021-02-25 20:24:00+00:00,2021-02-25 20:54:00+00:00,49354.69,48975.14,-379.5500000000029,-0.0076902519294519,False,False
BTC,60,320,2021-02-25 20:23:56+00:00,michael_saylor,BUY,0.9,5.0,2021-02-25 20:24:00+00:00,2021-02-25 21:24:00+00:00,49354.69,49265.88,-88.81000000000495,-0.0017994237224467,False,False
BTC,120,320,2021-02-25 20:23:56+00:00,michael_saylor,BUY,0.9,5.0,2021-02-25 20:24:00+00:00,2021-02-25 22:24:00+00:00,49354.69,48400.86,-953.8300000000016,-0.0193260255509659,False,False
BTC,360,320,2021-02-25 20:23:56+00:00,michael_saylor,BUY,0.9,5.0,2021-02-25 20:24:00+00:00,2021-02-26 02:24:00+00:00,49354.69,47107.76,-2246.9300000000003,-0.0455261698533614,False,False
BTC,720,320,2021-02-25 20:23:56+00:00,michael_saylor,BUY,0.9,5.0,2021-02-25 20:24:00+00:00,2021-02-26 08:24:00+00:00,49354.69,45588.54,-3766.1500000000015,-0.076307844300106,False,False
BTC,1440,320,2021-02-25 20:23:56+00:00,michael_saylor,BUY,0.9,5.0,2021-02-25 20:24:00+00:00,2021-02-26 20:24:00+00:00,49354.69,46315.44,-3039.25,-0.061579760707645,False,False
BTC,1,322,2021-02-26 13:34:22+00:00,michael_saylor,BUY,0.8,4.0,2021-02-26 13:35:00+00:00,2021-02-26 13:36:00+00:00,46448.11,46368.65,-79.45999999999913,-0.0017107262276118,False,False
BTC,3,322,2021-02-26 13:34:22+00:00,michael_saylor,BUY,0.8,4.0,2021-02-26 13:35:00+00:00,2021-02-26 13:38:00+00:00,46448.11,46430.21,-17.900000000001455,-0.0003853762833407,False,False
BTC,5,322,2021-02-26 13:34:22+00:00,michael_saylor,BUY,0.8,4.0,2021-02-26 13:35:00+00:00,2021-02-26 13:40:00+00:00,46448.11,46143.34,-304.7700000000041,-0.0065615156354048,False,False
BTC,10,322,2021-02-26 13:34:22+00:00,michael_saylor,BUY,0.8,4.0,2021-02-26 13:35:00+00:00,2021-02-26 13:45:00+00:00,46448.11,46231.64,-216.47000000000116,-0.004660469500266,False,False
BTC,15,322,2021-02-26 13:34:22+00:00,michael_saylor,BUY,0.8,4.0,2021-02-26 13:35:00+00:00,2021-02-26 13:50:00+00:00,46448.11,46461.0,12.889999999999418,0.0002775139828078,False,True
BTC,30,322,2021-02-26 13:34:22+00:00,michael_saylor,BUY,0.8,4.0,2021-02-26 13:35:00+00:00,2021-02-26 14:05:00+00:00,46448.11,46362.97,-85.13999999999942,-0.0018330132270182,False,False
BTC,60,322,2021-02-26 13:34:22+00:00,michael_saylor,BUY,0.8,4.0,2021-02-26 13:35:00+00:00,2021-02-26 14:35:00+00:00,46448.11,47012.61,564.5,0.0121533470360796,False,True
BTC,120,322,2021-02-26 13:34:22+00:00,michael_saylor,BUY,0.8,4.0,2021-02-26 13:35:00+00:00,2021-02-26 15:35:00+00:00,46448.11,47075.21,627.0999999999985,0.0135010875577068,False,True
BTC,360,322,2021-02-26 13:34:22+00:00,michael_saylor,BUY,0.8,4.0,2021-02-26 13:35:00+00:00,2021-02-26 19:35:00+00:00,46448.11,46936.81,488.6999999999971,0.0105214184172401,False,True
BTC,720,322,2021-02-26 13:34:22+00:00,michael_saylor,BUY,0.8,4.0,2021-02-26 13:35:00+00:00,2021-02-27 01:35:00+00:00,46448.11,47550.0,1101.8899999999994,0.0237230320028091,False,True
BTC,1440,322,2021-02-26 13:34:22+00:00,michael_saylor,BUY,0.8,4.0,2021-02-26 13:35:00+00:00,2021-02-27 13:35:00+00:00,46448.11,47472.18,1024.0699999999997,0.0220476139933357,False,True
BTC,1,323,2021-02-26 14:19:34+00:00,michael_saylor,BUY,0.8,4.0,2021-02-26 14:20:00+00:00,2021-02-26 14:21:00+00:00,46423.96,46378.55,-45.40999999999622,-0.0009781586921924,False,False
BTC,3,323,2021-02-26 14:19:34+00:00,michael_saylor,BUY,0.8,4.0,2021-02-26 14:20:00+00:00,2021-02-26 14:23:00+00:00,46423.96,46740.36,316.40000000000146,0.0068154461618526,False,True
BTC,5,323,2021-02-26 14:19:34+00:00,michael_saylor,BUY,0.8,4.0,2021-02-26 14:20:00+00:00,2021-02-26 14:25:00+00:00,46423.96,46777.84,353.8799999999974,0.0076227878879784,False,True
BTC,10,323,2021-02-26 14:19:34+00:00,michael_saylor,BUY,0.8,4.0,2021-02-26 14:20:00+00:00,2021-02-26 14:30:00+00:00,46423.96,46860.22,436.2600000000021,0.0093973025997782,False,True
BTC,15,323,2021-02-26 14:19:34+00:00,michael_saylor,BUY,0.8,4.0,2021-02-26 14:20:00+00:00,2021-02-26 14:35:00+00:00,46423.96,47012.61,588.6500000000015,0.0126798747887944,False,True
BTC,30,323,2021-02-26 14:19:34+00:00,michael_saylor,BUY,0.8,4.0,2021-02-26 14:20:00+00:00,2021-02-26 14:50:00+00:00,46423.96,47153.21,729.25,0.0157084832918174,False,True
BTC,60,323,2021-02-26 14:19:34+00:00,michael_saylor,BUY,0.8,4.0,2021-02-26 14:20:00+00:00,2021-02-26 15:20:00+00:00,46423.96,46594.94,170.9800000000032,0.0036830119619266,False,True
BTC,120,323,2021-02-26 14:19:34+00:00,michael_saylor,BUY,0.8,4.0,2021-02-26 14:20:00+00:00,2021-02-26 16:20:00+00:00,46423.96,47827.01,1403.050000000003,0.0302225402572293,False,True
BTC,360,323,2021-02-26 14:19:34+00:00,michael_saylor,BUY,0.8,4.0,2021-02-26 14:20:00+00:00,2021-02-26 20:20:00+00:00,46423.96,46570.64,146.6800000000003,0.0031595753572077,False,True
BTC,720,323,2021-02-26 14:19:34+00:00,michael_saylor,BUY,0.8,4.0,2021-02-26 14:20:00+00:00,2021-02-27 02:20:00+00:00,46423.96,47762.78,1338.8199999999997,0.0288389874538923,False,True
BTC,1440,323,2021-02-26 14:19:34+00:00,michael_saylor,BUY,0.8,4.0,2021-02-26 14:20:00+00:00,2021-02-27 14:20:00+00:00,46423.96,47289.13,865.1699999999983,0.0186362817820797,False,True
BTC,1,324,2021-02-26 18:09:28+00:00,michael_saylor,BUY,0.9,5.0,2021-02-26 18:10:00+00:00,2021-02-26 18:11:00+00:00,47747.77,47786.43,38.66000000000349,0.0008096713207758,False,True
BTC,3,324,2021-02-26 18:09:28+00:00,michael_saylor,BUY,0.9,5.0,2021-02-26 18:10:00+00:00,2021-02-26 18:13:00+00:00,47747.77,47756.28,8.510000000002037,0.0001782282188257,False,True
BTC,5,324,2021-02-26 18:09:28+00:00,michael_saylor,BUY,0.9,5.0,2021-02-26 18:10:00+00:00,2021-02-26 18:15:00+00:00,47747.77,47794.32,46.55000000000291,0.0009749146399926,False,True
BTC,10,324,2021-02-26 18:09:28+00:00,michael_saylor,BUY,0.9,5.0,2021-02-26 18:10:00+00:00,2021-02-26 18:20:00+00:00,47747.77,47572.45,-175.3199999999997,-0.0036717945152202,False,False
BTC,15,324,2021-02-26 18:09:28+00:00,michael_saylor,BUY,0.9,5.0,2021-02-26 18:10:00+00:00,2021-02-26 18:25:00+00:00,47747.77,47502.53,-245.23999999999796,-0.0051361560969234,False,False
BTC,30,324,2021-02-26 18:09:28+00:00,michael_saylor,BUY,0.9,5.0,2021-02-26 18:10:00+00:00,2021-02-26 18:40:00+00:00,47747.77,47743.01,-4.759999999994761,-9.969051957808213e-05,False,False
BTC,60,324,2021-02-26 18:09:28+00:00,michael_saylor,BUY,0.9,5.0,2021-02-26 18:10:00+00:00,2021-02-26 19:10:00+00:00,47747.77,47080.13,-667.6399999999994,-0.0139826425401646,False,False
BTC,120,324,2021-02-26 18:09:28+00:00,michael_saylor,BUY,0.9,5.0,2021-02-26 18:10:00+00:00,2021-02-26 20:10:00+00:00,47747.77,46941.64,-806.1299999999974,-0.0168830921318419,False,False
BTC,360,324,2021-02-26 18:09:28+00:00,michael_saylor,BUY,0.9,5.0,2021-02-26 18:10:00+00:00,2021-02-27 00:10:00+00:00,47747.77,46844.6,-903.1699999999984,-0.0189154383545032,False,False
BTC,720,324,2021-02-26 18:09:28+00:00,michael_saylor,BUY,0.9,5.0,2021-02-26 18:10:00+00:00,2021-02-27 06:10:00+00:00,47747.77,47730.14,-17.62999999999738,-0.0003692319033956,False,False
BTC,1440,324,2021-02-26 18:09:28+00:00,michael_saylor,BUY,0.9,5.0,2021-02-26 18:10:00+00:00,2021-02-27 18:10:00+00:00,47747.77,46922.07,-825.6999999999971,-0.0172929542049816,False,False
BTC,1,325,2021-02-27 14:46:37+00:00,michael_saylor,BUY,0.8,4.0,2021-02-27 14:47:00+00:00,2021-02-27 14:48:00+00:00,46997.52,47009.3,11.780000000006112,0.0002506515237401,False,True
BTC,3,325,2021-02-27 14:46:37+00:00,michael_saylor,BUY,0.8,4.0,2021-02-27 14:47:00+00:00,2021-02-27 14:50:00+00:00,46997.52,46969.83,-27.689999999995052,-0.0005891800248182,False,False
BTC,5,325,2021-02-27 14:46:37+00:00,michael_saylor,BUY,0.8,4.0,2021-02-27 14:47:00+00:00,2021-02-27 14:52:00+00:00,46997.52,47019.76,22.24000000000524,0.0004732164590813,False,True
BTC,10,325,2021-02-27 14:46:37+00:00,michael_saylor,BUY,0.8,4.0,2021-02-27 14:47:00+00:00,2021-02-27 14:57:00+00:00,46997.52,46985.78,-11.739999999997965,-0.0002498004150005,False,False
BTC,15,325,2021-02-27 14:46:37+00:00,michael_saylor,BUY,0.8,4.0,2021-02-27 14:47:00+00:00,2021-02-27 15:02:00+00:00,46997.52,47098.96,101.44000000000231,0.0021584117630037,False,True
BTC,30,325,2021-02-27 14:46:37+00:00,michael_saylor,BUY,0.8,4.0,2021-02-27 14:47:00+00:00,2021-02-27 15:17:00+00:00,46997.52,47295.98,298.4600000000064,0.0063505478586956,False,True
BTC,60,325,2021-02-27 14:46:37+00:00,michael_saylor,BUY,0.8,4.0,2021-02-27 14:47:00+00:00,2021-02-27 15:47:00+00:00,46997.52,46683.49,-314.02999999999884,-0.0066818419354893,False,False
BTC,120,325,2021-02-27 14:46:37+00:00,michael_saylor,BUY,0.8,4.0,2021-02-27 14:47:00+00:00,2021-02-27 16:47:00+00:00,46997.52,46819.92,-177.59999999999854,-0.003778922802735,False,False
BTC,360,325,2021-02-27 14:46:37+00:00,michael_saylor,BUY,0.8,4.0,2021-02-27 14:47:00+00:00,2021-02-27 20:47:00+00:00,46997.52,47061.13,63.61000000000058,0.0013534756727589,False,True
BTC,720,325,2021-02-27 14:46:37+00:00,michael_saylor,BUY,0.8,4.0,2021-02-27 14:47:00+00:00,2021-02-28 02:47:00+00:00,46997.52,45441.45,-1556.0699999999997,-0.0331096194011939,False,False
BTC,1440,325,2021-02-27 14:46:37+00:00,michael_saylor,BUY,0.8,4.0,2021-02-27 14:47:00+00:00,2021-02-28 14:47:00+00:00,46997.52,44393.35,-2604.1699999999983,-0.0554107961441369,False,False
BTC,1,326,2021-02-27 18:30:53+00:00,michael_saylor,BUY,0.8,4.0,2021-02-27 18:31:00+00:00,2021-02-27 18:32:00+00:00,47216.7,47195.26,-21.439999999995052,-0.0004540766296669,False,False
BTC,3,326,2021-02-27 18:30:53+00:00,michael_saylor,BUY,0.8,4.0,2021-02-27 18:31:00+00:00,2021-02-27 18:34:00+00:00,47216.7,47199.9,-16.799999999995634,-0.0003558063142912,False,False
BTC,5,326,2021-02-27 18:30:53+00:00,michael_saylor,BUY,0.8,4.0,2021-02-27 18:31:00+00:00,2021-02-27 18:36:00+00:00,47216.7,47190.36,-26.339999999996508,-0.0005578534713352,False,False
BTC,10,326,2021-02-27 18:30:53+00:00,michael_saylor,BUY,0.8,4.0,2021-02-27 18:31:00+00:00,2021-02-27 18:41:00+00:00,47216.7,47270.0,53.30000000000291,0.0011288378899839,False,True
BTC,15,326,2021-02-27 18:30:53+00:00,michael_saylor,BUY,0.8,4.0,2021-02-27 18:31:00+00:00,2021-02-27 18:46:00+00:00,47216.7,47200.35,-16.349999999998545,-0.0003462757880156,False,False
BTC,30,326,2021-02-27 18:30:53+00:00,michael_saylor,BUY,0.8,4.0,2021-02-27 18:31:00+00:00,2021-02-27 19:01:00+00:00,47216.7,47158.25,-58.44999999999709,-0.0012379094684718,False,False
BTC,60,326,2021-02-27 18:30:53+00:00,michael_saylor,BUY,0.8,4.0,2021-02-27 18:31:00+00:00,2021-02-27 19:31:00+00:00,47216.7,47280.31,63.61000000000058,0.0013471928364328,False,True
BTC,120,326,2021-02-27 18:30:53+00:00,michael_saylor,BUY,0.8,4.0,2021-02-27 18:31:00+00:00,2021-02-27 20:31:00+00:00,47216.7,47337.86,121.16000000000348,0.0025660412523535,False,True
BTC,360,326,2021-02-27 18:30:53+00:00,michael_saylor,BUY,0.8,4.0,2021-02-27 18:31:00+00:00,2021-02-28 00:31:00+00:00,47216.7,46276.73,-939.969999999994,-0.0199075750740732,False,False
BTC,720,326,2021-02-27 18:30:53+00:00,michael_saylor,BUY,0.8,4.0,2021-02-27 18:31:00+00:00,2021-02-28 06:31:00+00:00,47216.7,44846.2,-2370.5,-0.0502046945254539,False,False
BTC,1440,326,2021-02-27 18:30:53+00:00,michael_saylor,BUY,0.8,4.0,2021-02-27 18:31:00+00:00,2021-02-28 18:31:00+00:00,47216.7,43574.28,-3642.4199999999983,-0.0771426211488731,False,False
BTC,1,327,2022-06-14 19:59:36+00:00,nayibbukele,BUY,0.8,4.0,2022-06-14 20:00:00+00:00,2022-06-14 20:01:00+00:00,22184.11,22212.57,28.459999999999127,0.0012829002380532,False,True
BTC,3,327,2022-06-14 19:59:36+00:00,nayibbukele,BUY,0.8,4.0,2022-06-14 20:00:00+00:00,2022-06-14 20:03:00+00:00,22184.11,22213.68,29.56999999999971,0.0013329360519759,False,True
BTC,5,327,2022-06-14 19:59:36+00:00,nayibbukele,BUY,0.8,4.0,2022-06-14 20:00:00+00:00,2022-06-14 20:05:00+00:00,22184.11,22230.88,46.77000000000044,0.0021082657812281,False,True
BTC,10,327,2022-06-14 19:59:36+00:00,nayibbukele,BUY,0.8,4.0,2022-06-14 20:00:00+00:00,2022-06-14 20:10:00+00:00,22184.11,22230.09,45.97999999999956,0.0020726547064542,False,True
BTC,15,327,2022-06-14 19:59:36+00:00,nayibbukele,BUY,0.8,4.0,2022-06-14 20:00:00+00:00,2022-06-14 20:15:00+00:00,22184.11,22209.42,25.30999999999767,0.0011409067120564,False,True
BTC,30,327,2022-06-14 19:59:36+00:00,nayibbukele,BUY,0.8,4.0,2022-06-14 20:00:00+00:00,2022-06-14 20:30:00+00:00,22184.11,21920.52,-263.59000000000015,-0.0118819281007892,False,False
BTC,60,327,2022-06-14 19:59:36+00:00,nayibbukele,BUY,0.8,4.0,2022-06-14 20:00:00+00:00,2022-06-14 21:00:00+00:00,22184.11,22078.71,-105.40000000000146,-0.0047511484571615,False,False
BTC,120,327,2022-06-14 19:59:36+00:00,nayibbukele,BUY,0.8,4.0,2022-06-14 20:00:00+00:00,2022-06-14 22:00:00+00:00,22184.11,21486.78,-697.3300000000017,-0.0314337604708956,False,False
BTC,360,327,2022-06-14 19:59:36+00:00,nayibbukele,BUY,0.8,4.0,2022-06-14 20:00:00+00:00,2022-06-15 02:00:00+00:00,22184.11,22122.64,-61.47000000000117,-0.0027709022358796,False,False
BTC,720,327,2022-06-14 19:59:36+00:00,nayibbukele,BUY,0.8,4.0,2022-06-14 20:00:00+00:00,2022-06-15 08:00:00+00:00,22184.11,20716.19,-1467.920000000002,-0.0661698846606873,False,False
BTC,1440,327,2022-06-14 19:59:36+00:00,nayibbukele,BUY,0.8,4.0,2022-06-14 20:00:00+00:00,2022-06-15 20:00:00+00:00,22184.11,21725.37,-458.7400000000016,-0.0206787651161124,False,False
BTC,1,328,2022-06-19 03:04:01+00:00,nayibbukele,BUY,0.8,4.0,2022-06-19 03:05:00+00:00,2022-06-19 03:06:00+00:00,18594.79,18590.51,-4.280000000002474,-0.0002301719997914,False,False
BTC,3,328,2022-06-19 03:04:01+00:00,nayibbukele,BUY,0.8,4.0,2022-06-19 03:05:00+00:00,2022-06-19 03:08:00+00:00,18594.79,18561.21,-33.580000000001746,-0.0018058821852788,False,False
BTC,5,328,2022-06-19 03:04:01+00:00,nayibbukele,BUY,0.8,4.0,2022-06-19 03:05:00+00:00,2022-06-19 03:10:00+00:00,18594.79,18584.53,-10.260000000002035,-0.0005517674574438,False,False
BTC,10,328,2022-06-19 03:04:01+00:00,nayibbukele,BUY,0.8,4.0,2022-06-19 03:05:00+00:00,2022-06-19 03:15:00+00:00,18594.79,18676.29,81.5,0.0043829481268677,False,True
BTC,15,328,2022-06-19 03:04:01+00:00,nayibbukele,BUY,0.8,4.0,2022-06-19 03:05:00+00:00,2022-06-19 03:20:00+00:00,18594.79,18576.8,-17.9900000000016,-0.0009674752981884,False,False
BTC,30,328,2022-06-19 03:04:01+00:00,nayibbukele,BUY,0.8,4.0,2022-06-19 03:05:00+00:00,2022-06-19 03:35:00+00:00,18594.79,18606.34,11.549999999999272,0.0006211417284088,False,True
BTC,60,328,2022-06-19 03:04:01+00:00,nayibbukele,BUY,0.8,4.0,2022-06-19 03:05:00+00:00,2022-06-19 04:05:00+00:00,18594.79,18281.93,-312.8600000000006,-0.0168251429567099,False,False
BTC,120,328,2022-06-19 03:04:01+00:00,nayibbukele,BUY,0.8,4.0,2022-06-19 03:05:00+00:00,2022-06-19 05:05:00+00:00,18594.79,18498.93,-95.86000000000058,-0.0051552074532705,False,False
BTC,360,328,2022-06-19 03:04:01+00:00,nayibbukele,BUY,0.8,4.0,2022-06-19 03:05:00+00:00,2022-06-19 09:05:00+00:00,18594.79,18608.12,13.329999999998108,0.0007168674666397,False,True
BTC,720,328,2022-06-19 03:04:01+00:00,nayibbukele,BUY,0.8,4.0,2022-06-19 03:05:00+00:00,2022-06-19 15:05:00+00:00,18594.79,19487.87,893.0799999999981,0.048028506909731,False,True
BTC,1440,328,2022-06-19 03:04:01+00:00,nayibbukele,BUY,0.8,4.0,2022-06-19 03:05:00+00:00,2022-06-20 03:05:00+00:00,18594.79,19925.56,1330.7700000000004,0.071566820598673,False,True
ETH,1,2,2017-09-25 02:32:13+00:00,vitalikbuterin,BUY,0.9,5.0,2017-09-25 02:33:00+00:00,2017-09-25 02:34:00+00:00,289.01,288.85,-0.1599999999999681,-0.000553614061797,False,False
ETH,3,2,2017-09-25 02:32:13+00:00,vitalikbuterin,BUY,0.9,5.0,2017-09-25 02:33:00+00:00,2017-09-25 02:36:00+00:00,289.01,290.6,1.5900000000000318,0.0055015397391094,False,True
ETH,5,2,2017-09-25 02:32:13+00:00,vitalikbuterin,BUY,0.9,5.0,2017-09-25 02:33:00+00:00,2017-09-25 02:38:00+00:00,289.01,288.85,-0.1599999999999681,-0.000553614061797,False,False
ETH,10,2,2017-09-25 02:32:13+00:00,vitalikbuterin,BUY,0.9,5.0,2017-09-25 02:33:00+00:00,2017-09-25 02:43:00+00:00,289.01,290.0,0.9900000000000092,0.00342548700737,False,True
ETH,15,2,2017-09-25 02:32:13+00:00,vitalikbuterin,BUY,0.9,5.0,2017-09-25 02:33:00+00:00,2017-09-25 02:48:00+00:00,289.01,288.33,-0.6800000000000068,-0.0023528597626379,False,False
ETH,30,2,2017-09-25 02:32:13+00:00,vitalikbuterin,BUY,0.9,5.0,2017-09-25 02:33:00+00:00,2017-09-25 03:03:00+00:00,289.01,288.01,-1.0,-0.0034600878862323,False,False
ETH,60,2,2017-09-25 02:32:13+00:00,vitalikbuterin,BUY,0.9,5.0,2017-09-25 02:33:00+00:00,2017-09-25 03:33:00+00:00,289.01,285.35,-3.659999999999968,-0.0126639216636101,False,False
ETH,120,2,2017-09-25 02:32:13+00:00,vitalikbuterin,BUY,0.9,5.0,2017-09-25 02:33:00+00:00,2017-09-25 04:33:00+00:00,289.01,290.93,1.920000000000016,0.006643368741566,False,True
ETH,360,2,2017-09-25 02:32:13+00:00,vitalikbuterin,BUY,0.9,5.0,2017-09-25 02:33:00+00:00,2017-09-25 08:33:00+00:00,289.01,288.19,-0.8199999999999932,-0.0028372720667104,False,False
ETH,720,2,2017-09-25 02:32:13+00:00,vitalikbuterin,BUY,0.9,5.0,2017-09-25 02:33:00+00:00,2017-09-25 14:33:00+00:00,289.01,293.92,4.910000000000025,0.0169890315214007,False,True
ETH,1440,2,2017-09-25 02:32:13+00:00,vitalikbuterin,BUY,0.9,5.0,2017-09-25 02:33:00+00:00,2017-09-26 02:33:00+00:00,289.01,295.07,6.060000000000002,0.0209681325905678,False,True
ETH,1,6,2017-10-08 00:50:06+00:00,vitalikbuterin,SELL,0.7,4.0,2017-10-08 00:51:00+00:00,2017-10-08 00:52:00+00:00,312.15,312.15,0.0,0.0,True,
ETH,3,6,2017-10-08 00:50:06+00:00,vitalikbuterin,SELL,0.7,4.0,2017-10-08 00:51:00+00:00,2017-10-08 00:54:00+00:00,312.15,311.02,-1.1299999999999957,-0.0036200544609963,False,True
ETH,5,6,2017-10-08 00:50:06+00:00,vitalikbuterin,SELL,0.7,4.0,2017-10-08 00:51:00+00:00,2017-10-08 00:56:00+00:00,312.15,311.87,-0.2799999999999727,-0.0008970046452025,False,True
ETH,10,6,2017-10-08 00:50:06+00:00,vitalikbuterin,SELL,0.7,4.0,2017-10-08 00:51:00+00:00,2017-10-08 01:01:00+00:00,312.15,311.87,-0.2799999999999727,-0.0008970046452025,False,True
ETH,15,6,2017-10-08 00:50:06+00:00,vitalikbuterin,SELL,0.7,4.0,2017-10-08 00:51:00+00:00,2017-10-08 01:06:00+00:00,312.15,311.87,-0.2799999999999727,-0.0008970046452025,False,True
ETH,30,6,2017-10-08 00:50:06+00:00,vitalikbuterin,SELL,0.7,4.0,2017-10-08 00:51:00+00:00,2017-10-08 01:21:00+00:00,312.15,312.49,0.3400000000000318,0.0010892199263175,False,False
ETH,60,6,2017-10-08 00:50:06+00:00,vitalikbuterin,SELL,0.7,4.0,2017-10-08 00:51:00+00:00,2017-10-08 01:51:00+00:00,312.15,313.31,1.160000000000025,0.0037161621015538,False,False
ETH,120,6,2017-10-08 00:50:06+00:00,vitalikbuterin,SELL,0.7,4.0,2017-10-08 00:51:00+00:00,2017-10-08 02:51:00+00:00,312.15,311.58,-0.5699999999999932,-0.001826045170591,False,True
ETH,360,6,2017-10-08 00:50:06+00:00,vitalikbuterin,SELL,0.7,4.0,2017-10-08 00:51:00+00:00,2017-10-08 06:51:00+00:00,312.15,313.0,0.8500000000000227,0.0027230498157937,False,False
ETH,720,6,2017-10-08 00:50:06+00:00,vitalikbuterin,SELL,0.7,4.0,2017-10-08 00:51:00+00:00,2017-10-08 12:51:00+00:00,312.15,310.79,-1.3599999999999568,-0.0043568797052697,False,True
ETH,1440,6,2017-10-08 00:50:06+00:00,vitalikbuterin,SELL,0.7,4.0,2017-10-08 00:51:00+00:00,2017-10-09 00:51:00+00:00,312.15,308.61,-3.5399999999999636,-0.0113407015857759,False,True
ETH,1,24,2017-11-12 20:29:30+00:00,vitalikbuterin,SELL,0.8,4.0,2017-11-12 20:30:00+00:00,2017-11-12 20:31:00+00:00,310.53,310.54,0.0100000000000477,3.2203007761078635e-05,False,False
ETH,3,24,2017-11-12 20:29:30+00:00,vitalikbuterin,SELL,0.8,4.0,2017-11-12 20:30:00+00:00,2017-11-12 20:33:00+00:00,310.53,310.55,0.0200000000000386,6.440601552197423e-05,False,False
ETH,5,24,2017-11-12 20:29:30+00:00,vitalikbuterin,SELL,0.8,4.0,2017-11-12 20:30:00+00:00,2017-11-12 20:35:00+00:00,310.53,311.0,0.4700000000000273,0.0015135413647635,False,False
ETH,10,24,2017-11-12 20:29:30+00:00,vitalikbuterin,SELL,0.8,4.0,2017-11-12 20:30:00+00:00,2017-11-12 20:40:00+00:00,310.53,312.85,2.32000000000005,0.0074710978005347,False,False
ETH,15,24,2017-11-12 20:29:30+00:00,vitalikbuterin,SELL,0.8,4.0,2017-11-12 20:30:00+00:00,2017-11-12 20:45:00+00:00,310.53,312.25,1.7200000000000273,0.0055389173348791,False,False
ETH,30,24,2017-11-12 20:29:30+00:00,vitalikbuterin,SELL,0.8,4.0,2017-11-12 20:30:00+00:00,2017-11-12 21:00:00+00:00,310.53,312.14,1.6100000000000136,0.0051846842495089,False,False
ETH,60,24,2017-11-12 20:29:30+00:00,vitalikbuterin,SELL,0.8,4.0,2017-11-12 20:30:00+00:00,2017-11-12 21:30:00+00:00,310.53,309.15,-1.3799999999999957,-0.0044440150710076,False,True
ETH,120,24,2017-11-12 20:29:30+00:00,vitalikbuterin,SELL,0.8,4.0,2017-11-12 20:30:00+00:00,2017-11-12 22:30:00+00:00,310.53,304.56,-5.96999999999997,-0.019225195633272,False,True
ETH,360,24,2017-11-12 20:29:30+00:00,vitalikbuterin,SELL,0.8,4.0,2017-11-12 20:30:00+00:00,2017-11-13 02:30:00+00:00,310.53,317.99,7.460000000000036,0.02402344378965,False,False
ETH,720,24,2017-11-12 20:29:30+00:00,vitalikbuterin,SELL,0.8,4.0,2017-11-12 20:30:00+00:00,2017-11-13 08:30:00+00:00,310.53,313.07,2.5400000000000205,0.0081795639712749,False,False
ETH,1440,24,2017-11-12 20:29:30+00:00,vitalikbuterin,SELL,0.8,4.0,2017-11-12 20:30:00+00:00,2017-11-13 20:30:00+00:00,310.53,311.82,1.2900000000000205,0.0041541880011593,False,False
ETH,1,33,2017-11-17 01:09:40+00:00,vitalikbuterin,BUY,0.9,4.0,2017-11-17 01:10:00+00:00,2017-11-17 01:11:00+00:00,329.04,328.87,-0.1700000000000159,-0.00051665451009,False,False
ETH,3,33,2017-11-17 01:09:40+00:00,vitalikbuterin,BUY,0.9,4.0,2017-11-17 01:10:00+00:00,2017-11-17 01:13:00+00:00,329.04,328.68,-0.3600000000000136,-0.0010940919037199,False,False
ETH,5,33,2017-11-17 01:09:40+00:00,vitalikbuterin,BUY,0.9,4.0,2017-11-17 01:10:00+00:00,2017-11-17 01:15:00+00:00,329.04,328.23,-0.8100000000000023,-0.0024617067833698,False,False
ETH,10,33,2017-11-17 01:09:40+00:00,vitalikbuterin,BUY,0.9,4.0,2017-11-17 01:10:00+00:00,2017-11-17 01:20:00+00:00,329.04,328.99,-0.0500000000000113,-0.00015195720885,False,False
ETH,15,33,2017-11-17 01:09:40+00:00,vitalikbuterin,BUY,0.9,4.0,2017-11-17 01:10:00+00:00,2017-11-17 01:25:00+00:00,329.04,329.04,0.0,0.0,True,
ETH,30,33,2017-11-17 01:09:40+00:00,vitalikbuterin,BUY,0.9,4.0,2017-11-17 01:10:00+00:00,2017-11-17 01:40:00+00:00,329.04,328.89,-0.1500000000000341,-0.00045587162655,False,False
ETH,60,33,2017-11-17 01:09:40+00:00,vitalikbuterin,BUY,0.9,4.0,2017-11-17 01:10:00+00:00,2017-11-17 02:10:00+00:00,329.04,330.0,0.9599999999999796,0.0029175784099197,False,True
ETH,120,33,2017-11-17 01:09:40+00:00,vitalikbuterin,BUY,0.9,4.0,2017-11-17 01:10:00+00:00,2017-11-17 03:10:00+00:00,329.04,331.68,2.6399999999999864,0.0080233406272793,False,True
ETH,360,33,2017-11-17 01:09:40+00:00,vitalikbuterin,BUY,0.9,4.0,2017-11-17 01:10:00+00:00,2017-11-17 07:10:00+00:00,329.04,330.22,1.1800000000000068,0.0035861901288597,False,True
ETH,720,33,2017-11-17 01:09:40+00:00,vitalikbuterin,BUY,0.9,4.0,2017-11-17 01:10:00+00:00,2017-11-17 13:10:00+00:00,329.04,329.51,0.4699999999999704,0.0014283977631897,False,True
ETH,1440,33,2017-11-17 01:09:40+00:00,vitalikbuterin,BUY,0.9,4.0,2017-11-17 01:10:00+00:00,2017-11-18 01:10:00+00:00,329.04,328.62,-0.4200000000000159,-0.0012764405543399,False,False
ETH,1,40,2017-12-01 07:28:55+00:00,vitalikbuterin,SELL,0.9,5.0,2017-12-01 07:29:00+00:00,2017-12-01 07:30:00+00:00,416.18,417.3,1.1200000000000043,0.0026911432553222,False,False
ETH,3,40,2017-12-01 07:28:55+00:00,vitalikbuterin,SELL,0.9,5.0,2017-12-01 07:29:00+00:00,2017-12-01 07:32:00+00:00,416.18,415.02,-1.160000000000025,-0.0027872555144409,False,True
ETH,5,40,2017-12-01 07:28:55+00:00,vitalikbuterin,SELL,0.9,5.0,2017-12-01 07:29:00+00:00,2017-12-01 07:34:00+00:00,416.18,416.61,0.4300000000000068,0.0010332067855255,False,False
ETH,10,40,2017-12-01 07:28:55+00:00,vitalikbuterin,SELL,0.9,5.0,2017-12-01 07:29:00+00:00,2017-12-01 07:39:00+00:00,416.18,418.0,1.8199999999999932,0.0043731077898985,False,False
ETH,15,40,2017-12-01 07:28:55+00:00,vitalikbuterin,SELL,0.9,5.0,2017-12-01 07:29:00+00:00,2017-12-01 07:44:00+00:00,416.18,420.5,4.319999999999993,0.0103801239848142,False,False
ETH,30,40,2017-12-01 07:28:55+00:00,vitalikbuterin,SELL,0.9,5.0,2017-12-01 07:29:00+00:00,2017-12-01 07:59:00+00:00,416.18,418.8,2.6200000000000045,0.0062953529722716,False,False
ETH,60,40,2017-12-01 07:28:55+00:00,vitalikbuterin,SELL,0.9,5.0,2017-12-01 07:29:00+00:00,2017-12-01 08:29:00+00:00,416.18,424.4,8.21999999999997,0.0197510692488826,False,False
ETH,120,40,2017-12-01 07:28:55+00:00,vitalikbuterin,SELL,0.9,5.0,2017-12-01 07:29:00+00:00,2017-12-01 09:29:00+00:00,416.18,428.7,12.519999999999982,0.0300831371041375,False,False
ETH,360,40,2017-12-01 07:28:55+00:00,vitalikbuterin,SELL,0.9,5.0,2017-12-01 07:29:00+00:00,2017-12-01 13:29:00+00:00,416.18,448.7,32.51999999999998,0.0781392666634628,False,False
ETH,720,40,2017-12-01 07:28:55+00:00,vitalikbuterin,SELL,0.9,5.0,2017-12-01 07:29:00+00:00,2017-12-01 19:29:00+00:00,416.18,452.92,36.74000000000001,0.0882791100004805,False,False
ETH,1440,40,2017-12-01 07:28:55+00:00,vitalikbuterin,SELL,0.9,5.0,2017-12-01 07:29:00+00:00,2017-12-02 07:29:00+00:00,416.18,462.04,45.860000000000014,0.1101927050795329,False,False
ETH,1,48,2017-12-27 11:59:32+00:00,vitalikbuterin,SELL,0.7,4.0,2017-12-27 12:00:00+00:00,2017-12-27 12:01:00+00:00,748.01,749.0,0.9900000000000092,0.0013235117177577,False,False
ETH,3,48,2017-12-27 11:59:32+00:00,vitalikbuterin,SELL,0.7,4.0,2017-12-27 12:00:00+00:00,2017-12-27 12:03:00+00:00,748.01,749.51,1.5,0.0020053207844814,False,False
ETH,5,48,2017-12-27 11:59:32+00:00,vitalikbuterin,SELL,0.7,4.0,2017-12-27 12:00:00+00:00,2017-12-27 12:05:00+00:00,748.01,752.99,4.980000000000018,0.0066576650044785,False,False
ETH,10,48,2017-12-27 11:59:32+00:00,vitalikbuterin,SELL,0.7,4.0,2017-12-27 12:00:00+00:00,2017-12-27 12:10:00+00:00,748.01,755.04,7.029999999999973,0.0093982700766032,False,False
ETH,15,48,2017-12-27 11:59:32+00:00,vitalikbuterin,SELL,0.7,4.0,2017-12-27 12:00:00+00:00,2017-12-27 12:15:00+00:00,748.01,754.0,5.990000000000009,0.0080079143326961,False,False
ETH,30,48,2017-12-27 11:59:32+00:00,vitalikbuterin,SELL,0.7,4.0,2017-12-27 12:00:00+00:00,2017-12-27 12:30:00+00:00,748.01,754.01,6.0,0.0080212831379259,False,False
ETH,60,48,2017-12-27 11:59:32+00:00,vitalikbuterin,SELL,0.7,4.0,2017-12-27 12:00:00+00:00,2017-12-27 13:00:00+00:00,748.01,757.1,9.090000000000032,0.0121522439539578,False,False
ETH,120,48,2017-12-27 11:59:32+00:00,vitalikbuterin,SELL,0.7,4.0,2017-12-27 12:00:00+00:00,2017-12-27 14:00:00+00:00,748.01,758.83,10.82000000000005,0.0144650472587265,False,False
ETH,360,48,2017-12-27 11:59:32+00:00,vitalikbuterin,SELL,0.7,4.0,2017-12-27 12:00:00+00:00,2017-12-27 18:00:00+00:00,748.01,717.56,-30.450000000000045,-0.0407080119249743,False,True
ETH,720,48,2017-12-27 11:59:32+00:00,vitalikbuterin,SELL,0.7,4.0,2017-12-27 12:00:00+00:00,2017-12-28 00:00:00+00:00,748.01,738.58,-9.42999999999995,-0.0126067833317735,False,True
ETH,1440,48,2017-12-27 11:59:32+00:00,vitalikbuterin,SELL,0.7,4.0,2017-12-27 12:00:00+00:00,2017-12-28 12:00:00+00:00,748.01,669.92,-78.09000000000003,-0.1043970000401064,False,True
ETH,1,49,2017-12-27 12:05:45+00:00,vitalikbuterin,BUY,0.8,4.0,2017-12-27 12:06:00+00:00,2017-12-27 12:07:00+00:00,752.1,753.6,1.5,0.0019944156362185,False,True
ETH,3,49,2017-12-27 12:05:45+00:00,vitalikbuterin,BUY,0.8,4.0,2017-12-27 12:06:00+00:00,2017-12-27 12:09:00+00:00,752.1,754.92,2.8199999999999363,0.0037495013960908,False,True
ETH,5,49,2017-12-27 12:05:45+00:00,vitalikbuterin,BUY,0.8,4.0,2017-12-27 12:06:00+00:00,2017-12-27 12:11:00+00:00,752.1,756.0,3.8999999999999777,0.0051854806541682,False,True
ETH,10,49,2017-12-27 12:05:45+00:00,vitalikbuterin,BUY,0.8,4.0,2017-12-27 12:06:00+00:00,2017-12-27 12:16:00+00:00,752.1,753.0,0.8999999999999773,0.0011966493817311,False,True
ETH,15,49,2017-12-27 12:05:45+00:00,vitalikbuterin,BUY,0.8,4.0,2017-12-27 12:06:00+00:00,2017-12-27 12:21:00+00:00,752.1,751.93,-0.1700000000000727,-0.0002260337721048,False,False
ETH,30,49,2017-12-27 12:05:45+00:00,vitalikbuterin,BUY,0.8,4.0,2017-12-27 12:06:00+00:00,2017-12-27 12:36:00+00:00,752.1,755.23,3.1299999999999955,0.0041616806275761,False,True
ETH,60,49,2017-12-27 12:05:45+00:00,vitalikbuterin,BUY,0.8,4.0,2017-12-27 12:06:00+00:00,2017-12-27 13:06:00+00:00,752.1,754.99,2.8899999999999864,0.0038425741257811,False,True
ETH,120,49,2017-12-27 12:05:45+00:00,vitalikbuterin,BUY,0.8,4.0,2017-12-27 12:06:00+00:00,2017-12-27 14:06:00+00:00,752.1,756.1,4.0,0.0053184416965829,False,True
ETH,360,49,2017-12-27 12:05:45+00:00,vitalikbuterin,BUY,0.8,4.0,2017-12-27 12:06:00+00:00,2017-12-27 18:06:00+00:00,752.1,728.01,-24.090000000000032,-0.0320303151176705,False,False
ETH,720,49,2017-12-27 12:05:45+00:00,vitalikbuterin,BUY,0.8,4.0,2017-12-27 12:06:00+00:00,2017-12-28 00:06:00+00:00,752.1,740.88,-11.220000000000027,-0.014918228958915,False,False
ETH,1440,49,2017-12-27 12:05:45+00:00,vitalikbuterin,BUY,0.8,4.0,2017-12-27 12:06:00+00:00,2017-12-28 12:06:00+00:00,752.1,667.0,-85.10000000000002,-0.1131498470948012,False,False
ETH,1,56,2018-01-22 04:30:03+00:00,ethereum,BUY,0.8,4.0,2018-01-22 04:31:00+00:00,2018-01-22 04:32:00+00:00,1066.85,1062.41,-4.439999999999827,-0.0041617846932556,False,False
ETH,3,56,2018-01-22 04:30:03+00:00,ethereum,BUY,0.8,4.0,2018-01-22 04:31:00+00:00,2018-01-22 04:34:00+00:00,1066.85,1060.58,-6.269999999999982,-0.0058771148708815,False,False
ETH,5,56,2018-01-22 04:30:03+00:00,ethereum,BUY,0.8,4.0,2018-01-22 04:31:00+00:00,2018-01-22 04:36:00+00:00,1066.85,1061.61,-5.240000000000009,-0.0049116558091578,False,False
ETH,10,56,2018-01-22 04:30:03+00:00,ethereum,BUY,0.8,4.0,2018-01-22 04:31:00+00:00,2018-01-22 04:41:00+00:00,1066.85,1062.09,-4.759999999999991,-0.0044617331396166,False,False
ETH,15,56,2018-01-22 04:30:03+00:00,ethereum,BUY,0.8,4.0,2018-01-22 04:31:00+00:00,2018-01-22 04:46:00+00:00,1066.85,1060.01,-6.839999999999918,-0.0064113980409616,False,False
ETH,30,56,2018-01-22 04:30:03+00:00,ethereum,BUY,0.8,4.0,2018-01-22 04:31:00+00:00,2018-01-22 05:01:00+00:00,1066.85,1060.0,-6.849999999999909,-0.0064207714299103,False,False
ETH,60,56,2018-01-22 04:30:03+00:00,ethereum,BUY,0.8,4.0,2018-01-22 04:31:00+00:00,2018-01-22 05:31:00+00:00,1066.85,1059.31,-7.539999999999964,-0.0070675352673758,False,False
ETH,120,56,2018-01-22 04:30:03+00:00,ethereum,BUY,0.8,4.0,2018-01-22 04:31:00+00:00,2018-01-22 06:31:00+00:00,1066.85,1060.07,-6.779999999999973,-0.006355157707269,False,False
ETH,360,56,2018-01-22 04:30:03+00:00,ethereum,BUY,0.8,4.0,2018-01-22 04:31:00+00:00,2018-01-22 10:31:00+00:00,1066.85,1077.63,10.7800000000002,0.010104513286779,False,True
ETH,720,56,2018-01-22 04:30:03+00:00,ethereum,BUY,0.8,4.0,2018-01-22 04:31:00+00:00,2018-01-22 16:31:00+00:00,1066.85,968.99,-97.8599999999999,-0.0917279842527064,False,False
ETH,1440,56,2018-01-22 04:30:03+00:00,ethereum,BUY,0.8,4.0,2018-01-22 04:31:00+00:00,2018-01-23 04:31:00+00:00,1066.85,984.04,-82.80999999999995,-0.077621033884801,False,False
ETH,1,71,2018-04-01 14:05:50+00:00,ethereum,BUY,0.9,5.0,2018-04-01 14:06:00+00:00,2018-04-01 14:07:00+00:00,361.04,363.5,2.4599999999999795,0.0068136494571238,False,True
ETH,3,71,2018-04-01 14:05:50+00:00,ethereum,BUY,0.9,5.0,2018-04-01 14:06:00+00:00,2018-04-01 14:09:00+00:00,361.04,362.44,1.3999999999999773,0.0038776866829159,False,True
ETH,5,71,2018-04-01 14:05:50+00:00,ethereum,BUY,0.9,5.0,2018-04-01 14:06:00+00:00,2018-04-01 14:11:00+00:00,361.04,360.43,-0.6100000000000136,-0.0016895634832705,False,False
ETH,10,71,2018-04-01 14:05:50+00:00,ethereum,BUY,0.9,5.0,2018-04-01 14:06:00+00:00,2018-04-01 14:16:00+00:00,361.04,363.7,2.659999999999968,0.0073676046975403,False,True
ETH,15,71,2018-04-01 14:05:50+00:00,ethereum,BUY,0.9,5.0,2018-04-01 14:06:00+00:00,2018-04-01 14:21:00+00:00,361.04,360.0,-1.0400000000000205,-0.0028805672501662,False,False
ETH,30,71,2018-04-01 14:05:50+00:00,ethereum,BUY,0.9,5.0,2018-04-01 14:06:00+00:00,2018-04-01 14:36:00+00:00,361.04,360.86,-0.1800000000000068,-0.0004985597163749,False,False
ETH,60,71,2018-04-01 14:05:50+00:00,ethereum,BUY,0.9,5.0,2018-04-01 14:06:00+00:00,2018-04-01 15:06:00+00:00,361.04,365.4,4.359999999999957,0.0120762242410812,False,True
ETH,120,71,2018-04-01 14:05:50+00:00,ethereum,BUY,0.9,5.0,2018-04-01 14:06:00+00:00,2018-04-01 16:06:00+00:00,361.04,364.0,2.9599999999999795,0.0081985375581652,False,True
ETH,360,71,2018-04-01 14:05:50+00:00,ethereum,BUY,0.9,5.0,2018-04-01 14:06:00+00:00,2018-04-01 20:06:00+00:00,361.04,379.39,18.34999999999997,0.0508253933082206,False,True
ETH,720,71,2018-04-01 14:05:50+00:00,ethereum,BUY,0.9,5.0,2018-04-01 14:06:00+00:00,2018-04-02 02:06:00+00:00,361.04,381.7,20.659999999999968,0.057223576335032,False,True
ETH,1440,71,2018-04-01 14:05:50+00:00,ethereum,BUY,0.9,5.0,2018-04-01 14:06:00+00:00,2018-04-02 14:06:00+00:00,361.04,388.94,27.899999999999977,0.077276756038112,False,True
ETH,1,99,2018-04-17 04:50:49+00:00,vitalikbuterin,BUY,0.8,4.0,2018-04-17 04:51:00+00:00,2018-04-17 04:52:00+00:00,506.17,507.0,0.8299999999999841,0.0016397652962443,False,True
ETH,3,99,2018-04-17 04:50:49+00:00,vitalikbuterin,BUY,0.8,4.0,2018-04-17 04:51:00+00:00,2018-04-17 04:54:00+00:00,506.17,506.57,0.3999999999999772,0.0007902483355393,False,True
ETH,5,99,2018-04-17 04:50:49+00:00,vitalikbuterin,BUY,0.8,4.0,2018-04-17 04:51:00+00:00,2018-04-17 04:56:00+00:00,506.17,507.18,1.009999999999991,0.001995377047237,False,True
ETH,10,99,2018-04-17 04:50:49+00:00,vitalikbuterin,BUY,0.8,4.0,2018-04-17 04:51:00+00:00,2018-04-17 05:01:00+00:00,506.17,507.31,1.1399999999999864,0.0022522077562873,False,True
ETH,15,99,2018-04-17 04:50:49+00:00,vitalikbuterin,BUY,0.8,4.0,2018-04-17 04:51:00+00:00,2018-04-17 05:06:00+00:00,506.17,507.13,0.9599999999999796,0.0018965960052946,False,True
ETH,30,99,2018-04-17 04:50:49+00:00,vitalikbuterin,BUY,0.8,4.0,2018-04-17 04:51:00+00:00,2018-04-17 05:21:00+00:00,506.17,508.0,1.829999999999984,0.0036153861350929,False,True
ETH,60,99,2018-04-17 04:50:49+00:00,vitalikbuterin,BUY,0.8,4.0,2018-04-17 04:51:00+00:00,2018-04-17 05:51:00+00:00,506.17,506.99,0.8199999999999932,0.0016200090878558,False,True
ETH,120,99,2018-04-17 04:50:49+00:00,vitalikbuterin,BUY,0.8,4.0,2018-04-17 04:51:00+00:00,2018-04-17 06:51:00+00:00,506.17,507.6,1.4300000000000068,0.0028251377995535,False,True
ETH,360,99,2018-04-17 04:50:49+00:00,vitalikbuterin,BUY,0.8,4.0,2018-04-17 04:51:00+00:00,2018-04-17 10:51:00+00:00,506.17,515.5,9.329999999999984,0.0184325424264574,False,True
ETH,720,99,2018-04-17 04:50:49+00:00,vitalikbuterin,BUY,0.8,4.0,2018-04-17 04:51:00+00:00,2018-04-17 16:51:00+00:00,506.17,515.69,9.52000000000004,0.0188079103858388,False,True
ETH,1440,99,2018-04-17 04:50:49+00:00,vitalikbuterin,BUY,0.8,4.0,2018-04-17 04:51:00+00:00,2018-04-18 04:51:00+00:00,506.17,506.55,0.3799999999999954,0.0007507359187624,False,True
ETH,1,116,2018-05-19 22:21:24+00:00,vitalikbuterin,BUY,0.9,4.0,2018-05-19 22:22:00+00:00,2018-05-19 22:23:00+00:00,694.02,693.29,-0.7300000000000182,-0.0010518428863721,False,False
ETH,3,116,2018-05-19 22:21:24+00:00,vitalikbuterin,BUY,0.9,4.0,2018-05-19 22:22:00+00:00,2018-05-19 22:25:00+00:00,694.02,692.56,-1.4600000000000364,-0.0021036857727443,False,False
ETH,5,116,2018-05-19 22:21:24+00:00,vitalikbuterin,BUY,0.9,4.0,2018-05-19 22:22:00+00:00,2018-05-19 22:27:00+00:00,694.02,692.59,-1.42999999999995,-0.0020604593527563,False,False
ETH,10,116,2018-05-19 22:21:24+00:00,vitalikbuterin,BUY,0.9,4.0,2018-05-19 22:22:00+00:00,2018-05-19 22:32:00+00:00,694.02,692.04,-1.9800000000000184,-0.0028529437192012,False,False
ETH,15,116,2018-05-19 22:21:24+00:00,vitalikbuterin,BUY,0.9,4.0,2018-05-19 22:22:00+00:00,2018-05-19 22:37:00+00:00,694.02,688.72,-5.2999999999999545,-0.007636667531195,False,False
ETH,30,116,2018-05-19 22:21:24+00:00,vitalikbuterin,BUY,0.9,4.0,2018-05-19 22:22:00+00:00,2018-05-19 22:52:00+00:00,694.02,689.6,-4.419999999999959,-0.0063686925448833,False,False
ETH,60,116,2018-05-19 22:21:24+00:00,vitalikbuterin,BUY,0.9,4.0,2018-05-19 22:22:00+00:00,2018-05-19 23:22:00+00:00,694.02,693.14,-0.8799999999999955,-0.0012679749863116,False,False
ETH,120,116,2018-05-19 22:21:24+00:00,vitalikbuterin,BUY,0.9,4.0,2018-05-19 22:22:00+00:00,2018-05-20 00:22:00+00:00,694.02,695.1,1.080000000000041,0.0015561511195643,False,True
ETH,360,116,2018-05-19 22:21:24+00:00,vitalikbuterin,BUY,0.9,4.0,2018-05-19 22:22:00+00:00,2018-05-20 04:22:00+00:00,694.02,705.0,10.980000000000018,0.0158208697155701,False,True
ETH,720,116,2018-05-19 22:21:24+00:00,vitalikbuterin,BUY,0.9,4.0,2018-05-19 22:22:00+00:00,2018-05-20 10:22:00+00:00,694.02,718.19,24.170000000000073,0.0348260857035821,False,True
ETH,1440,116,2018-05-19 22:21:24+00:00,vitalikbuterin,BUY,0.9,4.0,2018-05-19 22:22:00+00:00,2018-05-20 22:22:00+00:00,694.02,718.82,24.800000000000068,0.0357338405233279,False,True
ETH,1,117,2018-05-30 17:46:50+00:00,ethereum,BUY,0.8,5.0,2018-05-30 17:47:00+00:00,2018-05-30 17:48:00+00:00,545.75,546.54,0.7899999999999636,0.0014475492441593,False,True
ETH,3,117,2018-05-30 17:46:50+00:00,ethereum,BUY,0.8,5.0,2018-05-30 17:47:00+00:00,2018-05-30 17:50:00+00:00,545.75,548.11,2.3600000000000136,0.0043243243243243,False,True
ETH,5,117,2018-05-30 17:46:50+00:00,ethereum,BUY,0.8,5.0,2018-05-30 17:47:00+00:00,2018-05-30 17:52:00+00:00,545.75,547.79,2.0399999999999636,0.0037379752633989,False,True
ETH,10,117,2018-05-30 17:46:50+00:00,ethereum,BUY,0.8,5.0,2018-05-30 17:47:00+00:00,2018-05-30 17:57:00+00:00,545.75,548.86,3.1100000000000136,0.005698579935868,False,True
ETH,15,117,2018-05-30 17:46:50+00:00,ethereum,BUY,0.8,5.0,2018-05-30 17:47:00+00:00,2018-05-30 18:02:00+00:00,545.75,548.56,2.8099999999999454,0.0051488776912504,False,True
ETH,30,117,2018-05-30 17:46:50+00:00,ethereum,BUY,0.8,5.0,2018-05-30 17:47:00+00:00,2018-05-30 18:17:00+00:00,545.75,548.71,2.9600000000000364,0.0054237288135593,False,True
ETH,60,117,2018-05-30 17:46:50+00:00,ethereum,BUY,0.8,5.0,2018-05-30 17:47:00+00:00,2018-05-30 18:47:00+00:00,545.75,548.25,2.5,0.0045808520384791,False,True
ETH,120,117,2018-05-30 17:46:50+00:00,ethereum,BUY,0.8,5.0,2018-05-30 17:47:00+00:00,2018-05-30 19:47:00+00:00,545.75,548.49,2.740000000000009,0.0050206138341731,False,True
ETH,360,117,2018-05-30 17:46:50+00:00,ethereum,BUY,0.8,5.0,2018-05-30 17:47:00+00:00,2018-05-30 23:47:00+00:00,545.75,558.72,12.970000000000027,0.0237654603756299,False,True
ETH,720,117,2018-05-30 17:46:50+00:00,ethereum,BUY,0.8,5.0,2018-05-30 17:47:00+00:00,2018-05-31 05:47:00+00:00,545.75,570.79,25.039999999999964,0.0458818140174071,False,True
ETH,1440,117,2018-05-30 17:46:50+00:00,ethereum,BUY,0.8,5.0,2018-05-30 17:47:00+00:00,2018-05-31 17:47:00+00:00,545.75,586.28,40.52999999999997,0.074264773247824,False,True
ETH,1,144,2018-08-23 19:35:34+00:00,ethereum,BUY,0.8,4.0,2018-08-23 19:36:00+00:00,2018-08-23 19:37:00+00:00,272.14,271.76,-0.3799999999999954,-0.0013963401190563,False,False
ETH,3,144,2018-08-23 19:35:34+00:00,ethereum,BUY,0.8,4.0,2018-08-23 19:36:00+00:00,2018-08-23 19:39:00+00:00,272.14,271.75,-0.3899999999999863,-0.001433085911663,False,False
ETH,5,144,2018-08-23 19:35:34+00:00,ethereum,BUY,0.8,4.0,2018-08-23 19:36:00+00:00,2018-08-23 19:41:00+00:00,272.14,271.78,-0.3600000000000136,-0.0013228485338429,False,False
ETH,10,144,2018-08-23 19:35:34+00:00,ethereum,BUY,0.8,4.0,2018-08-23 19:36:00+00:00,2018-08-23 19:46:00+00:00,272.14,273.97,1.830000000000041,0.0067244800470347,False,True
ETH,15,144,2018-08-23 19:35:34+00:00,ethereum,BUY,0.8,4.0,2018-08-23 19:36:00+00:00,2018-08-23 19:51:00+00:00,272.14,273.22,1.080000000000041,0.0039685456015287,False,True
ETH,30,144,2018-08-23 19:35:34+00:00,ethereum,BUY,0.8,4.0,2018-08-23 19:36:00+00:00,2018-08-23 20:06:00+00:00,272.14,273.19,1.0500000000000114,0.0038583082237084,False,True
ETH,60,144,2018-08-23 19:35:34+00:00,ethereum,BUY,0.8,4.0,2018-08-23 19:36:00+00:00,2018-08-23 20:36:00+00:00,272.14,272.87,0.7300000000000182,0.0026824428602925,False,True
ETH,120,144,2018-08-23 19:35:34+00:00,ethereum,BUY,0.8,4.0,2018-08-23 19:36:00+00:00,2018-08-23 21:36:00+00:00,272.14,274.91,2.7700000000000387,0.0101785845520689,False,True
ETH,360,144,2018-08-23 19:35:34+00:00,ethereum,BUY,0.8,4.0,2018-08-23 19:36:00+00:00,2018-08-24 01:36:00+00:00,272.14,273.76,1.6200000000000043,0.0059528184022929,False,True
ETH,720,144,2018-08-23 19:35:34+00:00,ethereum,BUY,0.8,4.0,2018-08-23 19:36:00+00:00,2018-08-24 07:36:00+00:00,272.14,276.48,4.340000000000032,0.0159476739913281,False,True
ETH,1440,144,2018-08-23 19:35:34+00:00,ethereum,BUY,0.8,4.0,2018-08-23 19:36:00+00:00,2018-08-24 19:36:00+00:00,272.14,279.91,7.770000000000039,0.0285514808554421,False,True
ETH,1,152,2018-09-11 15:20:39+00:00,vitalikbuterin,BUY,0.7,4.0,2018-09-11 15:21:00+00:00,2018-09-11 15:22:00+00:00,185.49,185.3,-0.1899999999999977,-0.0010243139791902,False,False
ETH,3,152,2018-09-11 15:20:39+00:00,vitalikbuterin,BUY,0.7,4.0,2018-09-11 15:21:00+00:00,2018-09-11 15:24:00+00:00,185.49,185.31,-0.1800000000000068,-0.0009704027171276,False,False
ETH,5,152,2018-09-11 15:20:39+00:00,vitalikbuterin,BUY,0.7,4.0,2018-09-11 15:21:00+00:00,2018-09-11 15:26:00+00:00,185.49,185.03,-0.4600000000000079,-0.0024799180548817,False,False
ETH,10,152,2018-09-11 15:20:39+00:00,vitalikbuterin,BUY,0.7,4.0,2018-09-11 15:21:00+00:00,2018-09-11 15:31:00+00:00,185.49,184.3,-1.1899999999999975,-0.0064154401854547,False,False
ETH,15,152,2018-09-11 15:20:39+00:00,vitalikbuterin,BUY,0.7,4.0,2018-09-11 15:21:00+00:00,2018-09-11 15:36:00+00:00,185.49,184.33,-1.1599999999999966,-0.0062537063992667,False,False
ETH,30,152,2018-09-11 15:20:39+00:00,vitalikbuterin,BUY,0.7,4.0,2018-09-11 15:21:00+00:00,2018-09-11 15:51:00+00:00,185.49,183.87,-1.6200000000000043,-0.0087336244541484,False,False
ETH,60,152,2018-09-11 15:20:39+00:00,vitalikbuterin,BUY,0.7,4.0,2018-09-11 15:21:00+00:00,2018-09-11 16:21:00+00:00,185.49,185.2,-0.2900000000000204,-0.0015634265998168,False,False
ETH,120,152,2018-09-11 15:20:39+00:00,vitalikbuterin,BUY,0.7,4.0,2018-09-11 15:21:00+00:00,2018-09-11 17:21:00+00:00,185.49,182.42,-3.0700000000000216,-0.016550757453232,False,False
ETH,360,152,2018-09-11 15:20:39+00:00,vitalikbuterin,BUY,0.7,4.0,2018-09-11 15:21:00+00:00,2018-09-11 21:21:00+00:00,185.49,180.71,-4.780000000000001,-0.0257695832659442,False,False
ETH,720,152,2018-09-11 15:20:39+00:00,vitalikbuterin,BUY,0.7,4.0,2018-09-11 15:21:00+00:00,2018-09-12 03:21:00+00:00,185.49,177.71,-7.780000000000001,-0.0419429618847377,False,False
ETH,1440,152,2018-09-11 15:20:39+00:00,vitalikbuterin,BUY,0.7,4.0,2018-09-11 15:21:00+00:00,2018-09-12 15:21:00+00:00,185.49,172.77,-12.72,-0.0685751253436842,False,False
ETH,1,154,2018-09-18 01:52:55+00:00,vitalikbuterin,BUY,0.9,5.0,2018-09-18 01:53:00+00:00,2018-09-18 01:54:00+00:00,197.75,197.77,0.0200000000000102,0.0001011378002528,False,True
ETH,3,154,2018-09-18 01:52:55+00:00,vitalikbuterin,BUY,0.9,5.0,2018-09-18 01:53:00+00:00,2018-09-18 01:56:00+00:00,197.75,197.69,-0.0600000000000022,-0.0003034134007585,False,False
ETH,5,154,2018-09-18 01:52:55+00:00,vitalikbuterin,BUY,0.9,5.0,2018-09-18 01:53:00+00:00,2018-09-18 01:58:00+00:00,197.75,197.65,-0.0999999999999943,-0.0005056890012641,False,False
ETH,10,154,2018-09-18 01:52:55+00:00,vitalikbuterin,BUY,0.9,5.0,2018-09-18 01:53:00+00:00,2018-09-18 02:03:00+00:00,197.75,196.82,-0.9300000000000068,-0.0047029077117573,False,False
ETH,15,154,2018-09-18 01:52:55+00:00,vitalikbuterin,BUY,0.9,5.0,2018-09-18 01:53:00+00:00,2018-09-18 02:08:00+00:00,197.75,196.55,-1.1999999999999886,-0.0060682680151706,False,False
ETH,30,154,2018-09-18 01:52:55+00:00,vitalikbuterin,BUY,0.9,5.0,2018-09-18 01:53:00+00:00,2018-09-18 02:23:00+00:00,197.75,197.0,-0.75,-0.0037926675094816,False,False
ETH,60,154,2018-09-18 01:52:55+00:00,vitalikbuterin,BUY,0.9,5.0,2018-09-18 01:53:00+00:00,2018-09-18 02:53:00+00:00,197.75,196.71,-1.039999999999992,-0.0052591656131478,False,False
ETH,120,154,2018-09-18 01:52:55+00:00,vitalikbuterin,BUY,0.9,5.0,2018-09-18 01:53:00+00:00,2018-09-18 03:53:00+00:00,197.75,195.64,-2.1100000000000136,-0.0106700379266751,False,False
ETH,360,154,2018-09-18 01:52:55+00:00,vitalikbuterin,BUY,0.9,5.0,2018-09-18 01:53:00+00:00,2018-09-18 07:53:00+00:00,197.75,199.18,1.4300000000000068,0.0072313527180784,False,True
ETH,720,154,2018-09-18 01:52:55+00:00,vitalikbuterin,BUY,0.9,5.0,2018-09-18 01:53:00+00:00,2018-09-18 13:53:00+00:00,197.75,210.26,12.509999999999993,0.0632616940581541,False,True
ETH,1440,154,2018-09-18 01:52:55+00:00,vitalikbuterin,BUY,0.9,5.0,2018-09-18 01:53:00+00:00,2018-09-19 01:53:00+00:00,197.75,211.86,14.110000000000014,0.0713527180783818,False,True
ETH,1,168,2018-11-02 07:06:36+00:00,vitalikbuterin,BUY,0.8,4.0,2018-11-02 07:07:00+00:00,2018-11-02 07:08:00+00:00,200.49,200.44,-0.0500000000000113,-0.0002493889969575,False,False
ETH,3,168,2018-11-02 07:06:36+00:00,vitalikbuterin,BUY,0.8,4.0,2018-11-02 07:07:00+00:00,2018-11-02 07:10:00+00:00,200.49,200.35,-0.1400000000000147,-0.0006982891914809,False,False
ETH,5,168,2018-11-02 07:06:36+00:00,vitalikbuterin,BUY,0.8,4.0,2018-11-02 07:07:00+00:00,2018-11-02 07:12:00+00:00,200.49,200.4,-0.0900000000000034,-0.0004489001945234,False,False
ETH,10,168,2018-11-02 07:06:36+00:00,vitalikbuterin,BUY,0.8,4.0,2018-11-02 07:07:00+00:00,2018-11-02 07:17:00+00:00,200.49,199.97,-0.5200000000000102,-0.0025936455683575,False,False
ETH,15,168,2018-11-02 07:06:36+00:00,vitalikbuterin,BUY,0.8,4.0,2018-11-02 07:07:00+00:00,2018-11-02 07:22:00+00:00,200.49,199.95,-0.5400000000000205,-0.0026934011671406,False,False
ETH,30,168,2018-11-02 07:06:36+00:00,vitalikbuterin,BUY,0.8,4.0,2018-11-02 07:07:00+00:00,2018-11-02 07:37:00+00:00,200.49,200.37,-0.1200000000000045,-0.0005985335926979,False,False
ETH,60,168,2018-11-02 07:06:36+00:00,vitalikbuterin,BUY,0.8,4.0,2018-11-02 07:07:00+00:00,2018-11-02 08:07:00+00:00,200.49,200.39,-0.1000000000000227,-0.000498777993915,False,False
ETH,120,168,2018-11-02 07:06:36+00:00,vitalikbuterin,BUY,0.8,4.0,2018-11-02 07:07:00+00:00,2018-11-02 09:07:00+00:00,200.49,200.19,-0.3000000000000113,-0.0014963339817447,False,False
ETH,360,168,2018-11-02 07:06:36+00:00,vitalikbuterin,BUY,0.8,4.0,2018-11-02 07:07:00+00:00,2018-11-02 13:07:00+00:00,200.49,201.34,0.8499999999999943,0.0042396129482766,False,True
ETH,720,168,2018-11-02 07:06:36+00:00,vitalikbuterin,BUY,0.8,4.0,2018-11-02 07:07:00+00:00,2018-11-02 19:07:00+00:00,200.49,202.06,1.5699999999999932,0.007830814504464,False,True
ETH,1440,168,2018-11-02 07:06:36+00:00,vitalikbuterin,BUY,0.8,4.0,2018-11-02 07:07:00+00:00,2018-11-03 07:07:00+00:00,200.49,201.24,0.75,0.0037408349543618,False,True
ETH,1,182,2019-01-07 17:08:43+00:00,ethereum,BUY,0.8,4.0,2019-01-07 17:09:00+00:00,2019-01-07 17:10:00+00:00,150.89,150.98,0.0900000000000034,0.000596460998078,False,True
ETH,3,182,2019-01-07 17:08:43+00:00,ethereum,BUY,0.8,4.0,2019-01-07 17:09:00+00:00,2019-01-07 17:12:00+00:00,150.89,151.38,0.4900000000000091,0.0032473987673139,False,True
ETH,5,182,2019-01-07 17:08:43+00:00,ethereum,BUY,0.8,4.0,2019-01-07 17:09:00+00:00,2019-01-07 17:14:00+00:00,150.89,150.88,-0.0099999999999909,-6.627344423083641e-05,False,False
ETH,10,182,2019-01-07 17:08:43+00:00,ethereum,BUY,0.8,4.0,2019-01-07 17:09:00+00:00,2019-01-07 17:19:00+00:00,150.89,150.49,-0.3999999999999772,-0.0026509377692357,False,False
ETH,15,182,2019-01-07 17:08:43+00:00,ethereum,BUY,0.8,4.0,2019-01-07 17:09:00+00:00,2019-01-07 17:24:00+00:00,150.89,150.31,-0.5799999999999841,-0.0038438597653919,False,False
ETH,30,182,2019-01-07 17:08:43+00:00,ethereum,BUY,0.8,4.0,2019-01-07 17:09:00+00:00,2019-01-07 17:39:00+00:00,150.89,150.56,-0.3299999999999841,-0.0021870236596194,False,False
ETH,60,182,2019-01-07 17:08:43+00:00,ethereum,BUY,0.8,4.0,2019-01-07 17:09:00+00:00,2019-01-07 18:09:00+00:00,150.89,150.91,0.0200000000000102,0.0001325468884618,False,True
ETH,120,182,2019-01-07 17:08:43+00:00,ethereum,BUY,0.8,4.0,2019-01-07 17:09:00+00:00,2019-01-07 19:09:00+00:00,150.89,151.51,0.6200000000000045,0.0041089535423156,False,True
ETH,360,182,2019-01-07 17:08:43+00:00,ethereum,BUY,0.8,4.0,2019-01-07 17:09:00+00:00,2019-01-07 23:09:00+00:00,150.89,148.45,-2.4399999999999977,-0.0161707203923387,False,False
ETH,720,182,2019-01-07 17:08:43+00:00,ethereum,BUY,0.8,4.0,2019-01-07 17:09:00+00:00,2019-01-08 05:09:00+00:00,150.89,146.5,-4.389999999999986,-0.0290940420173635,False,False
ETH,1440,182,2019-01-07 17:08:43+00:00,ethereum,BUY,0.8,4.0,2019-01-07 17:09:00+00:00,2019-01-08 17:09:00+00:00,150.89,148.5,-2.3899999999999864,-0.0158393531711842,False,False
ETH,1,183,2019-01-08 02:11:37+00:00,vitalikbuterin,BUY,0.8,4.0,2019-01-08 02:12:00+00:00,2019-01-08 02:13:00+00:00,146.56,146.81,0.25,0.0017057860262008,False,True
ETH,3,183,2019-01-08 02:11:37+00:00,vitalikbuterin,BUY,0.8,4.0,2019-01-08 02:12:00+00:00,2019-01-08 02:15:00+00:00,146.56,146.51,-0.0500000000000113,-0.0003411572052402,False,False
ETH,5,183,2019-01-08 02:11:37+00:00,vitalikbuterin,BUY,0.8,4.0,2019-01-08 02:12:00+00:00,2019-01-08 02:17:00+00:00,146.56,146.97,0.4099999999999966,0.0027974890829694,False,True
ETH,10,183,2019-01-08 02:11:37+00:00,vitalikbuterin,BUY,0.8,4.0,2019-01-08 02:12:00+00:00,2019-01-08 02:22:00+00:00,146.56,146.37,-0.1899999999999977,-0.0012963973799126,False,False
ETH,15,183,2019-01-08 02:11:37+00:00,vitalikbuterin,BUY,0.8,4.0,2019-01-08 02:12:00+00:00,2019-01-08 02:27:00+00:00,146.56,146.72,0.1599999999999966,0.0010917030567685,False,True
ETH,30,183,2019-01-08 02:11:37+00:00,vitalikbuterin,BUY,0.8,4.0,2019-01-08 02:12:00+00:00,2019-01-08 02:42:00+00:00,146.56,146.86,0.3000000000000113,0.0020469432314411,False,True
ETH,60,183,2019-01-08 02:11:37+00:00,vitalikbuterin,BUY,0.8,4.0,2019-01-08 02:12:00+00:00,2019-01-08 03:12:00+00:00,146.56,146.9,0.3400000000000034,0.0023198689956332,False,True
ETH,120,183,2019-01-08 02:11:37+00:00,vitalikbuterin,BUY,0.8,4.0,2019-01-08 02:12:00+00:00,2019-01-08 04:12:00+00:00,146.56,146.23,-0.3300000000000125,-0.0022516375545852,False,False
ETH,360,183,2019-01-08 02:11:37+00:00,vitalikbuterin,BUY,0.8,4.0,2019-01-08 02:12:00+00:00,2019-01-08 08:12:00+00:00,146.56,146.87,0.3100000000000023,0.002115174672489,False,True
ETH,720,183,2019-01-08 02:11:37+00:00,vitalikbuterin,BUY,0.8,4.0,2019-01-08 02:12:00+00:00,2019-01-08 14:12:00+00:00,146.56,150.86,4.300000000000011,0.0293395196506551,False,True
ETH,1440,183,2019-01-08 02:11:37+00:00,vitalikbuterin,BUY,0.8,4.0,2019-01-08 02:12:00+00:00,2019-01-09 02:12:00+00:00,146.56,150.56,4.0,0.0272925764192139,False,True
ETH,1,189,2019-01-16 22:29:36+00:00,vitalikbuterin,SELL,0.8,4.0,2019-01-16 22:30:00+00:00,2019-01-16 22:31:00+00:00,121.04,121.15,0.1099999999999994,0.0009087904824851,False,False
ETH,3,189,2019-01-16 22:29:36+00:00,vitalikbuterin,SELL,0.8,4.0,2019-01-16 22:30:00+00:00,2019-01-16 22:33:00+00:00,121.04,121.25,0.2099999999999937,0.0017349636483806,False,False
ETH,5,189,2019-01-16 22:29:36+00:00,vitalikbuterin,SELL,0.8,4.0,2019-01-16 22:30:00+00:00,2019-01-16 22:35:00+00:00,121.04,121.41,0.3699999999999903,0.0030568407138135,False,False
ETH,10,189,2019-01-16 22:29:36+00:00,vitalikbuterin,SELL,0.8,4.0,2019-01-16 22:30:00+00:00,2019-01-16 22:40:00+00:00,121.04,121.35,0.309999999999988,0.0025611368142761,False,False
ETH,15,189,2019-01-16 22:29:36+00:00,vitalikbuterin,SELL,0.8,4.0,2019-01-16 22:30:00+00:00,2019-01-16 22:45:00+00:00,121.04,121.27,0.2299999999999897,0.0019001982815597,False,False
ETH,30,189,2019-01-16 22:29:36+00:00,vitalikbuterin,SELL,0.8,4.0,2019-01-16 22:30:00+00:00,2019-01-16 23:00:00+00:00,121.04,121.47,0.4299999999999926,0.0035525446133508,False,False
ETH,60,189,2019-01-16 22:29:36+00:00,vitalikbuterin,SELL,0.8,4.0,2019-01-16 22:30:00+00:00,2019-01-16 23:30:00+00:00,121.04,122.33,1.289999999999992,0.0106576338400528,False,False
ETH,120,189,2019-01-16 22:29:36+00:00,vitalikbuterin,SELL,0.8,4.0,2019-01-16 22:30:00+00:00,2019-01-17 00:30:00+00:00,121.04,121.58,0.539999999999992,0.004461335095836,False,False
ETH,360,189,2019-01-16 22:29:36+00:00,vitalikbuterin,SELL,0.8,4.0,2019-01-16 22:30:00+00:00,2019-01-17 04:30:00+00:00,121.04,120.34,-0.7000000000000028,-0.005783212161269,False,True
ETH,720,189,2019-01-16 22:29:36+00:00,vitalikbuterin,SELL,0.8,4.0,2019-01-16 22:30:00+00:00,2019-01-17 10:30:00+00:00,121.04,119.17,-1.8700000000000043,-0.0154494382022472,False,True
ETH,1440,189,2019-01-16 22:29:36+00:00,vitalikbuterin,SELL,0.8,4.0,2019-01-16 22:30:00+00:00,2019-01-17 22:30:00+00:00,121.04,120.81,-0.2300000000000039,-0.0019001982815598,False,True
ETH,1,190,2019-01-16 22:34:04+00:00,vitalikbuterin,SELL,0.7,4.0,2019-01-16 22:35:00+00:00,2019-01-16 22:36:00+00:00,121.41,121.33,-0.0799999999999983,-0.0006589243060703,False,True
ETH,3,190,2019-01-16 22:34:04+00:00,vitalikbuterin,SELL,0.7,4.0,2019-01-16 22:35:00+00:00,2019-01-16 22:38:00+00:00,121.41,121.34,-0.0699999999999931,-0.0005765587678114,False,True
ETH,5,190,2019-01-16 22:34:04+00:00,vitalikbuterin,SELL,0.7,4.0,2019-01-16 22:35:00+00:00,2019-01-16 22:40:00+00:00,121.41,121.35,-0.0600000000000022,-0.0004941932295527,False,True
ETH,10,190,2019-01-16 22:34:04+00:00,vitalikbuterin,SELL,0.7,4.0,2019-01-16 22:35:00+00:00,2019-01-16 22:45:00+00:00,121.41,121.27,-0.1400000000000005,-0.0011531175356231,False,True
ETH,15,190,2019-01-16 22:34:04+00:00,vitalikbuterin,SELL,0.7,4.0,2019-01-16 22:35:00+00:00,2019-01-16 22:50:00+00:00,121.41,121.15,-0.2599999999999909,-0.0021415039947285,False,True
ETH,30,190,2019-01-16 22:34:04+00:00,vitalikbuterin,SELL,0.7,4.0,2019-01-16 22:35:00+00:00,2019-01-16 23:05:00+00:00,121.41,121.54,0.1300000000000096,0.0010707519973643,False,False
ETH,60,190,2019-01-16 22:34:04+00:00,vitalikbuterin,SELL,0.7,4.0,2019-01-16 22:35:00+00:00,2019-01-16 23:35:00+00:00,121.41,122.39,0.980000000000004,0.0080718227493617,False,False
ETH,120,190,2019-01-16 22:34:04+00:00,vitalikbuterin,SELL,0.7,4.0,2019-01-16 22:35:00+00:00,2019-01-17 00:35:00+00:00,121.41,121.52,0.1099999999999994,0.0009060209208467,False,False
ETH,360,190,2019-01-16 22:34:04+00:00,vitalikbuterin,SELL,0.7,4.0,2019-01-16 22:35:00+00:00,2019-01-17 04:35:00+00:00,121.41,120.27,-1.1400000000000006,-0.0093896713615023,False,True
ETH,720,190,2019-01-16 22:34:04+00:00,vitalikbuterin,SELL,0.7,4.0,2019-01-16 22:35:00+00:00,2019-01-17 10:35:00+00:00,121.41,119.68,-1.7299999999999898,-0.014249238118771,False,True
ETH,1440,190,2019-01-16 22:34:04+00:00,vitalikbuterin,SELL,0.7,4.0,2019-01-16 22:35:00+00:00,2019-01-17 22:35:00+00:00,121.41,120.9,-0.5099999999999909,-0.0042006424511983,False,True
ETH,1,191,2019-01-25 05:13:55+00:00,vitalikbuterin,BUY,0.9,5.0,2019-01-25 05:14:00+00:00,2019-01-25 05:15:00+00:00,116.17,116.04,-0.1299999999999954,-0.001119049668589,False,False
ETH,3,191,2019-01-25 05:13:55+00:00,vitalikbuterin,BUY,0.9,5.0,2019-01-25 05:14:00+00:00,2019-01-25 05:17:00+00:00,116.17,116.17,0.0,0.0,True,
ETH,5,191,2019-01-25 05:13:55+00:00,vitalikbuterin,BUY,0.9,5.0,2019-01-25 05:14:00+00:00,2019-01-25 05:19:00+00:00,116.17,116.23,0.0600000000000022,0.0005164844624257,False,True
ETH,10,191,2019-01-25 05:13:55+00:00,vitalikbuterin,BUY,0.9,5.0,2019-01-25 05:14:00+00:00,2019-01-25 05:24:00+00:00,116.17,116.12,-0.0499999999999971,-0.0004304037186881,False,False
ETH,15,191,2019-01-25 05:13:55+00:00,vitalikbuterin,BUY,0.9,5.0,2019-01-25 05:14:00+00:00,2019-01-25 05:29:00+00:00,116.17,116.08,-0.0900000000000034,-0.0007747266936386,False,False
ETH,30,191,2019-01-25 05:13:55+00:00,vitalikbuterin,BUY,0.9,5.0,2019-01-25 05:14:00+00:00,2019-01-25 05:44:00+00:00,116.17,116.24,0.0699999999999931,0.0006025652061633,False,True
ETH,60,191,2019-01-25 05:13:55+00:00,vitalikbuterin,BUY,0.9,5.0,2019-01-25 05:14:00+00:00,2019-01-25 06:14:00+00:00,116.17,116.2,0.0300000000000011,0.0002582422312128,False,True
ETH,120,191,2019-01-25 05:13:55+00:00,vitalikbuterin,BUY,0.9,5.0,2019-01-25 05:14:00+00:00,2019-01-25 07:14:00+00:00,116.17,116.17,0.0,0.0,True,
ETH,360,191,2019-01-25 05:13:55+00:00,vitalikbuterin,BUY,0.9,5.0,2019-01-25 05:14:00+00:00,2019-01-25 11:14:00+00:00,116.17,115.36,-0.8100000000000023,-0.0069725402427477,False,False
ETH,720,191,2019-01-25 05:13:55+00:00,vitalikbuterin,BUY,0.9,5.0,2019-01-25 05:14:00+00:00,2019-01-25 17:14:00+00:00,116.17,115.37,-0.7999999999999972,-0.00688645949901,False,False
ETH,1440,191,2019-01-25 05:13:55+00:00,vitalikbuterin,BUY,0.9,5.0,2019-01-25 05:14:00+00:00,2019-01-26 05:14:00+00:00,116.17,115.63,-0.5400000000000063,-0.0046483601618318,False,False
ETH,1,196,2019-03-26 17:25:09+00:00,ethereum,SELL,0.7,4.0,2019-03-26 17:26:00+00:00,2019-03-26 17:27:00+00:00,133.52,133.47,-0.0500000000000113,-0.0003744757339725,False,True
ETH,3,196,2019-03-26 17:25:09+00:00,ethereum,SELL,0.7,4.0,2019-03-26 17:26:00+00:00,2019-03-26 17:29:00+00:00,133.52,133.49,-0.0300000000000011,-0.0002246854403834,False,True
ETH,5,196,2019-03-26 17:25:09+00:00,ethereum,SELL,0.7,4.0,2019-03-26 17:26:00+00:00,2019-03-26 17:31:00+00:00,133.52,133.52,0.0,0.0,True,
ETH,10,196,2019-03-26 17:25:09+00:00,ethereum,SELL,0.7,4.0,2019-03-26 17:26:00+00:00,2019-03-26 17:36:00+00:00,133.52,133.47,-0.0500000000000113,-0.0003744757339725,False,True
ETH,15,196,2019-03-26 17:25:09+00:00,ethereum,SELL,0.7,4.0,2019-03-26 17:26:00+00:00,2019-03-26 17:41:00+00:00,133.52,133.5,-0.0200000000000102,-0.000149790293589,False,True
ETH,30,196,2019-03-26 17:25:09+00:00,ethereum,SELL,0.7,4.0,2019-03-26 17:26:00+00:00,2019-03-26 17:56:00+00:00,133.52,133.35,-0.1700000000000159,-0.0012732174955064,False,True
ETH,60,196,2019-03-26 17:25:09+00:00,ethereum,SELL,0.7,4.0,2019-03-26 17:26:00+00:00,2019-03-26 18:26:00+00:00,133.52,133.48,-0.0400000000000204,-0.0002995805871781,False,True
ETH,120,196,2019-03-26 17:25:09+00:00,ethereum,SELL,0.7,4.0,2019-03-26 17:26:00+00:00,2019-03-26 19:26:00+00:00,133.52,133.68,0.1599999999999966,0.0011983223487117,False,False
ETH,360,196,2019-03-26 17:25:09+00:00,ethereum,SELL,0.7,4.0,2019-03-26 17:26:00+00:00,2019-03-26 23:26:00+00:00,133.52,134.03,0.5099999999999909,0.0038196524865188,False,False
ETH,720,196,2019-03-26 17:25:09+00:00,ethereum,SELL,0.7,4.0,2019-03-26 17:26:00+00:00,2019-03-27 05:26:00+00:00,133.52,137.23,3.709999999999979,0.0277860994607547,False,False
ETH,1440,196,2019-03-26 17:25:09+00:00,ethereum,SELL,0.7,4.0,2019-03-26 17:26:00+00:00,2019-03-27 17:26:00+00:00,133.52,137.95,4.429999999999978,0.0331785500299578,False,False
ETH,1,204,2019-07-10 11:17:28+00:00,ethereum,BUY,0.7,3.0,2019-07-10 11:18:00+00:00,2019-07-10 11:19:00+00:00,308.45,308.36,-0.0899999999999749,-0.0002917814880855,False,False
ETH,3,204,2019-07-10 11:17:28+00:00,ethereum,BUY,0.7,3.0,2019-07-10 11:18:00+00:00,2019-07-10 11:21:00+00:00,308.45,308.3,-0.1499999999999772,-0.0004863024801425,False,False
ETH,5,204,2019-07-10 11:17:28+00:00,ethereum,BUY,0.7,3.0,2019-07-10 11:18:00+00:00,2019-07-10 11:23:00+00:00,308.45,308.53,0.079999999999984,0.0002593613227426,False,True
ETH,10,204,2019-07-10 11:17:28+00:00,ethereum,BUY,0.7,3.0,2019-07-10 11:18:00+00:00,2019-07-10 11:28:00+00:00,308.45,308.84,0.3899999999999863,0.0012643864483708,False,True
ETH,15,204,2019-07-10 11:17:28+00:00,ethereum,BUY,0.7,3.0,2019-07-10 11:18:00+00:00,2019-07-10 11:33:00+00:00,308.45,308.6,0.1500000000000341,0.0004863024801427,False,True
ETH,30,204,2019-07-10 11:17:28+00:00,ethereum,BUY,0.7,3.0,2019-07-10 11:18:00+00:00,2019-07-10 11:48:00+00:00,308.45,309.29,0.8400000000000318,0.0027232938887989,False,True
ETH,60,204,2019-07-10 11:17:28+00:00,ethereum,BUY,0.7,3.0,2019-07-10 11:18:00+00:00,2019-07-10 12:18:00+00:00,308.45,307.81,-0.6399999999999864,-0.0020748905819419,False,False
ETH,120,204,2019-07-10 11:17:28+00:00,ethereum,BUY,0.7,3.0,2019-07-10 11:18:00+00:00,2019-07-10 13:18:00+00:00,308.45,308.37,-0.079999999999984,-0.0002593613227426,False,False
ETH,360,204,2019-07-10 11:17:28+00:00,ethereum,BUY,0.7,3.0,2019-07-10 11:18:00+00:00,2019-07-10 17:18:00+00:00,308.45,286.2,-22.25,-0.0721348678878262,False,False
ETH,720,204,2019-07-10 11:17:28+00:00,ethereum,BUY,0.7,3.0,2019-07-10 11:18:00+00:00,2019-07-10 23:18:00+00:00,308.45,288.46,-19.99000000000001,-0.0648079105203436,False,False
ETH,1440,204,2019-07-10 11:17:28+00:00,ethereum,BUY,0.7,3.0,2019-07-10 11:18:00+00:00,2019-07-11 11:18:00+00:00,308.45,270.78,-37.670000000000016,-0.1221267628464905,False,False
ETH,1,206,2019-07-30 21:56:37+00:00,ethereum,BUY,0.8,4.0,2019-07-30 21:57:00+00:00,2019-07-30 21:58:00+00:00,209.84,209.83,-0.0099999999999909,-4.765535646202299e-05,False,False
ETH,3,206,2019-07-30 21:56:37+00:00,ethereum,BUY,0.8,4.0,2019-07-30 21:57:00+00:00,2019-07-30 22:00:00+00:00,209.84,209.75,-0.0900000000000034,-0.0004288982081586,False,False
ETH,5,206,2019-07-30 21:56:37+00:00,ethereum,BUY,0.8,4.0,2019-07-30 21:57:00+00:00,2019-07-30 22:02:00+00:00,209.84,209.89,0.0499999999999829,0.0002382767823102,False,True
ETH,10,206,2019-07-30 21:56:37+00:00,ethereum,BUY,0.8,4.0,2019-07-30 21:57:00+00:00,2019-07-30 22:07:00+00:00,209.84,209.88,0.039999999999992,0.0001906214258482,False,True
ETH,15,206,2019-07-30 21:56:37+00:00,ethereum,BUY,0.8,4.0,2019-07-30 21:57:00+00:00,2019-07-30 22:12:00+00:00,209.84,210.25,0.4099999999999966,0.0019538696149447,False,True
ETH,30,206,2019-07-30 21:56:37+00:00,ethereum,BUY,0.8,4.0,2019-07-30 21:57:00+00:00,2019-07-30 22:27:00+00:00,209.84,209.92,0.079999999999984,0.0003812428516964,False,True
ETH,60,206,2019-07-30 21:56:37+00:00,ethereum,BUY,0.8,4.0,2019-07-30 21:57:00+00:00,2019-07-30 22:57:00+00:00,209.84,209.88,0.039999999999992,0.0001906214258482,False,True
ETH,120,206,2019-07-30 21:56:37+00:00,ethereum,BUY,0.8,4.0,2019-07-30 21:57:00+00:00,2019-07-30 23:57:00+00:00,209.84,209.64,-0.200000000000017,-0.0009531071292414,False,False
ETH,360,206,2019-07-30 21:56:37+00:00,ethereum,BUY,0.8,4.0,2019-07-30 21:57:00+00:00,2019-07-31 03:57:00+00:00,209.84,211.81,1.9699999999999989,0.009388105223027,False,True
ETH,720,206,2019-07-30 21:56:37+00:00,ethereum,BUY,0.8,4.0,2019-07-30 21:57:00+00:00,2019-07-31 09:57:00+00:00,209.84,212.66,2.819999999999993,0.0134388105223026,False,True
ETH,1440,206,2019-07-30 21:56:37+00:00,ethereum,BUY,0.8,4.0,2019-07-30 21:57:00+00:00,2019-07-31 21:57:00+00:00,209.84,215.89,6.049999999999983,0.02883149065955,False,True
ETH,1,208,2019-08-26 14:04:41+00:00,ethereum,BUY,0.8,4.0,2019-08-26 14:05:00+00:00,2019-08-26 14:06:00+00:00,189.27,189.27,0.0,0.0,True,
ETH,3,208,2019-08-26 14:04:41+00:00,ethereum,BUY,0.8,4.0,2019-08-26 14:05:00+00:00,2019-08-26 14:08:00+00:00,189.27,189.09,-0.1800000000000068,-0.0009510223490252,False,False
ETH,5,208,2019-08-26 14:04:41+00:00,ethereum,BUY,0.8,4.0,2019-08-26 14:05:00+00:00,2019-08-26 14:10:00+00:00,189.27,189.26,-0.0100000000000193,-5.283457494594667e-05,False,False
ETH,10,208,2019-08-26 14:04:41+00:00,ethereum,BUY,0.8,4.0,2019-08-26 14:05:00+00:00,2019-08-26 14:15:00+00:00,189.27,189.08,-0.1899999999999977,-0.001003856923971,False,False
ETH,15,208,2019-08-26 14:04:41+00:00,ethereum,BUY,0.8,4.0,2019-08-26 14:05:00+00:00,2019-08-26 14:20:00+00:00,189.27,189.37,0.0999999999999943,0.0005283457494584,False,True
ETH,30,208,2019-08-26 14:04:41+00:00,ethereum,BUY,0.8,4.0,2019-08-26 14:05:00+00:00,2019-08-26 14:35:00+00:00,189.27,189.07,-0.200000000000017,-0.0010566914989169,False,False
ETH,60,208,2019-08-26 14:04:41+00:00,ethereum,BUY,0.8,4.0,2019-08-26 14:05:00+00:00,2019-08-26 15:05:00+00:00,189.27,188.72,-0.5500000000000114,-0.0029059016220215,False,False
ETH,120,208,2019-08-26 14:04:41+00:00,ethereum,BUY,0.8,4.0,2019-08-26 14:05:00+00:00,2019-08-26 16:05:00+00:00,189.27,188.49,-0.7800000000000011,-0.0041210968457758,False,False
ETH,360,208,2019-08-26 14:04:41+00:00,ethereum,BUY,0.8,4.0,2019-08-26 14:05:00+00:00,2019-08-26 20:05:00+00:00,189.27,187.68,-1.5900000000000034,-0.0084006974163893,False,False
ETH,720,208,2019-08-26 14:04:41+00:00,ethereum,BUY,0.8,4.0,2019-08-26 14:05:00+00:00,2019-08-27 02:05:00+00:00,189.27,187.3,-1.9699999999999989,-0.0104084112643313,False,False
ETH,1440,208,2019-08-26 14:04:41+00:00,ethereum,BUY,0.8,4.0,2019-08-26 14:05:00+00:00,2019-08-27 14:05:00+00:00,189.27,188.8,-0.4699999999999988,-0.0024832250224546,False,False
ETH,1,212,2019-09-26 15:02:13+00:00,ethdotorg,BUY,0.9,4.0,2019-09-26 15:03:00+00:00,2019-09-26 15:04:00+00:00,164.86,164.7,-0.160000000000025,-0.0009705204415869,False,False
ETH,3,212,2019-09-26 15:02:13+00:00,ethdotorg,BUY,0.9,4.0,2019-09-26 15:03:00+00:00,2019-09-26 15:06:00+00:00,164.86,164.67,-0.1900000000000261,-0.0011524930243844,False,False
ETH,5,212,2019-09-26 15:02:13+00:00,ethdotorg,BUY,0.9,4.0,2019-09-26 15:03:00+00:00,2019-09-26 15:08:00+00:00,164.86,164.76,-0.1000000000000227,-0.0006065752759918,False,False
ETH,10,212,2019-09-26 15:02:13+00:00,ethdotorg,BUY,0.9,4.0,2019-09-26 15:03:00+00:00,2019-09-26 15:13:00+00:00,164.86,165.23,0.3699999999999761,0.0022443285211693,False,True
ETH,15,212,2019-09-26 15:02:13+00:00,ethdotorg,BUY,0.9,4.0,2019-09-26 15:03:00+00:00,2019-09-26 15:18:00+00:00,164.86,165.39,0.5299999999999727,0.0032148489627561,False,True
ETH,30,212,2019-09-26 15:02:13+00:00,ethdotorg,BUY,0.9,4.0,2019-09-26 15:03:00+00:00,2019-09-26 15:33:00+00:00,164.86,165.6,0.7399999999999807,0.0044886570423388,False,True
ETH,60,212,2019-09-26 15:02:13+00:00,ethdotorg,BUY,0.9,4.0,2019-09-26 15:03:00+00:00,2019-09-26 16:03:00+00:00,164.86,161.29,-3.5700000000000216,-0.0216547373529056,False,False
ETH,120,212,2019-09-26 15:02:13+00:00,ethdotorg,BUY,0.9,4.0,2019-09-26 15:03:00+00:00,2019-09-26 17:03:00+00:00,164.86,158.93,-5.930000000000007,-0.0359699138663108,False,False
ETH,360,212,2019-09-26 15:02:13+00:00,ethdotorg,BUY,0.9,4.0,2019-09-26 15:03:00+00:00,2019-09-26 21:03:00+00:00,164.86,163.12,-1.740000000000009,-0.0105544098022565,False,False
ETH,720,212,2019-09-26 15:02:13+00:00,ethdotorg,BUY,0.9,4.0,2019-09-26 15:03:00+00:00,2019-09-27 03:03:00+00:00,164.86,165.17,0.3099999999999738,0.0018803833555742,False,True
ETH,1440,212,2019-09-26 15:02:13+00:00,ethdotorg,BUY,0.9,4.0,2019-09-26 15:03:00+00:00,2019-09-27 15:03:00+00:00,164.86,165.23,0.3699999999999761,0.0022443285211693,False,True
ETH,1,223,2019-11-08 12:33:30+00:00,ethereum,BUY,0.8,4.0,2019-11-08 12:34:00+00:00,2019-11-08 12:35:00+00:00,183.92,184.05,0.1300000000000238,0.0007068290561114,False,True
ETH,3,223,2019-11-08 12:33:30+00:00,ethereum,BUY,0.8,4.0,2019-11-08 12:34:00+00:00,2019-11-08 12:37:00+00:00,183.92,184.22,0.3000000000000113,0.0016311439756416,False,True
ETH,5,223,2019-11-08 12:33:30+00:00,ethereum,BUY,0.8,4.0,2019-11-08 12:34:00+00:00,2019-11-08 12:39:00+00:00,183.92,184.34,0.4200000000000159,0.0022836015658983,False,True
ETH,10,223,2019-11-08 12:33:30+00:00,ethereum,BUY,0.8,4.0,2019-11-08 12:34:00+00:00,2019-11-08 12:44:00+00:00,183.92,184.1,0.1800000000000068,0.0009786863853849,False,True
ETH,15,223,2019-11-08 12:33:30+00:00,ethereum,BUY,0.8,4.0,2019-11-08 12:34:00+00:00,2019-11-08 12:49:00+00:00,183.92,184.0,0.0800000000000125,0.0004349717268378,False,True
ETH,30,223,2019-11-08 12:33:30+00:00,ethereum,BUY,0.8,4.0,2019-11-08 12:34:00+00:00,2019-11-08 13:04:00+00:00,183.92,183.57,-0.3499999999999943,-0.0019030013049151,False,False
ETH,60,223,2019-11-08 12:33:30+00:00,ethereum,BUY,0.8,4.0,2019-11-08 12:34:00+00:00,2019-11-08 13:34:00+00:00,183.92,183.07,-0.8499999999999943,-0.0046215745976511,False,False
ETH,120,223,2019-11-08 12:33:30+00:00,ethereum,BUY,0.8,4.0,2019-11-08 12:34:00+00:00,2019-11-08 14:34:00+00:00,183.92,182.64,-1.2800000000000011,-0.006959547629404,False,False
ETH,360,223,2019-11-08 12:33:30+00:00,ethereum,BUY,0.8,4.0,2019-11-08 12:34:00+00:00,2019-11-08 18:34:00+00:00,183.92,184.1,0.1800000000000068,0.0009786863853849,False,True
ETH,720,223,2019-11-08 12:33:30+00:00,ethereum,BUY,0.8,4.0,2019-11-08 12:34:00+00:00,2019-11-09 00:34:00+00:00,183.92,183.87,-0.0499999999999829,-0.0002718573292735,False,False
ETH,1440,223,2019-11-08 12:33:30+00:00,ethereum,BUY,0.8,4.0,2019-11-08 12:34:00+00:00,2019-11-09 12:34:00+00:00,183.92,184.55,0.6300000000000239,0.0034254023488474,False,True
ETH,1,224,2019-11-08 15:08:37+00:00,ethereum,BUY,0.8,3.0,2019-11-08 15:09:00+00:00,2019-11-08 15:10:00+00:00,182.72,182.52,-0.1999999999999886,-0.001094570928196,False,False
ETH,3,224,2019-11-08 15:08:37+00:00,ethereum,BUY,0.8,3.0,2019-11-08 15:09:00+00:00,2019-11-08 15:12:00+00:00,182.72,182.43,-0.289999999999992,-0.0015871278458843,False,False
ETH,5,224,2019-11-08 15:08:37+00:00,ethereum,BUY,0.8,3.0,2019-11-08 15:09:00+00:00,2019-11-08 15:14:00+00:00,182.72,182.43,-0.289999999999992,-0.0015871278458843,False,False
ETH,10,224,2019-11-08 15:08:37+00:00,ethereum,BUY,0.8,3.0,2019-11-08 15:09:00+00:00,2019-11-08 15:19:00+00:00,182.72,182.89,0.1699999999999875,0.0009303852889666,False,True
ETH,15,224,2019-11-08 15:08:37+00:00,ethereum,BUY,0.8,3.0,2019-11-08 15:09:00+00:00,2019-11-08 15:24:00+00:00,182.72,182.5,-0.2199999999999988,-0.0012040280210157,False,False
ETH,30,224,2019-11-08 15:08:37+00:00,ethereum,BUY,0.8,3.0,2019-11-08 15:09:00+00:00,2019-11-08 15:39:00+00:00,182.72,182.33,-0.3899999999999863,-0.0021344133099824,False,False
ETH,60,224,2019-11-08 15:08:37+00:00,ethereum,BUY,0.8,3.0,2019-11-08 15:09:00+00:00,2019-11-08 16:09:00+00:00,182.72,183.47,0.75,0.0041046409807355,False,True
ETH,120,224,2019-11-08 15:08:37+00:00,ethereum,BUY,0.8,3.0,2019-11-08 15:09:00+00:00,2019-11-08 17:09:00+00:00,182.72,183.62,0.9000000000000057,0.0049255691768826,False,True
ETH,360,224,2019-11-08 15:08:37+00:00,ethereum,BUY,0.8,3.0,2019-11-08 15:09:00+00:00,2019-11-08 21:09:00+00:00,182.72,184.51,1.789999999999992,0.0097964098073554,False,True
ETH,720,224,2019-11-08 15:08:37+00:00,ethereum,BUY,0.8,3.0,2019-11-08 15:09:00+00:00,2019-11-09 03:09:00+00:00,182.72,184.68,1.960000000000008,0.0107267950963222,False,True
ETH,1440,224,2019-11-08 15:08:37+00:00,ethereum,BUY,0.8,3.0,2019-11-08 15:09:00+00:00,2019-11-09 15:09:00+00:00,182.72,183.77,1.0500000000000114,0.0057464973730298,False,True
ETH,1,236,2019-12-06 09:29:04+00:00,ethereum,BUY,0.8,3.0,2019-12-06 09:30:00+00:00,2019-12-06 09:31:00+00:00,146.38,146.42,0.039999999999992,0.0002732613745046,False,True
ETH,3,236,2019-12-06 09:29:04+00:00,ethereum,BUY,0.8,3.0,2019-12-06 09:30:00+00:00,2019-12-06 09:33:00+00:00,146.38,146.42,0.039999999999992,0.0002732613745046,False,True
ETH,5,236,2019-12-06 09:29:04+00:00,ethereum,BUY,0.8,3.0,2019-12-06 09:30:00+00:00,2019-12-06 09:35:00+00:00,146.38,146.38,0.0,0.0,True,
ETH,10,236,2019-12-06 09:29:04+00:00,ethereum,BUY,0.8,3.0,2019-12-06 09:30:00+00:00,2019-12-06 09:40:00+00:00,146.38,146.48,0.0999999999999943,0.0006831534362617,False,True
ETH,15,236,2019-12-06 09:29:04+00:00,ethereum,BUY,0.8,3.0,2019-12-06 09:30:00+00:00,2019-12-06 09:45:00+00:00,146.38,147.0,0.6200000000000045,0.004235551304823,False,True
ETH,30,236,2019-12-06 09:29:04+00:00,ethereum,BUY,0.8,3.0,2019-12-06 09:30:00+00:00,2019-12-06 10:00:00+00:00,146.38,147.25,0.8700000000000045,0.0059434348954775,False,True
ETH,60,236,2019-12-06 09:29:04+00:00,ethereum,BUY,0.8,3.0,2019-12-06 09:30:00+00:00,2019-12-06 10:30:00+00:00,146.38,146.88,0.5,0.0034157671813089,False,True
ETH,120,236,2019-12-06 09:29:04+00:00,ethereum,BUY,0.8,3.0,2019-12-06 09:30:00+00:00,2019-12-06 11:30:00+00:00,146.38,146.61,0.2300000000000182,0.0015712529034022,False,True
ETH,360,236,2019-12-06 09:29:04+00:00,ethereum,BUY,0.8,3.0,2019-12-06 09:30:00+00:00,2019-12-06 15:30:00+00:00,146.38,147.58,1.200000000000017,0.0081978412351415,False,True
ETH,720,236,2019-12-06 09:29:04+00:00,ethereum,BUY,0.8,3.0,2019-12-06 09:30:00+00:00,2019-12-06 21:30:00+00:00,146.38,148.17,1.789999999999992,0.0122284465090858,False,True
ETH,1440,236,2019-12-06 09:29:04+00:00,ethereum,BUY,0.8,3.0,2019-12-06 09:30:00+00:00,2019-12-07 09:30:00+00:00,146.38,147.66,1.2800000000000011,0.0087443639841508,False,True
ETH,1,239,2019-12-19 20:50:28+00:00,ethereum,BUY,0.8,4.0,2019-12-19 20:51:00+00:00,2019-12-19 20:52:00+00:00,126.93,126.85,-0.0800000000000125,-0.000630268652013,False,False
ETH,3,239,2019-12-19 20:50:28+00:00,ethereum,BUY,0.8,4.0,2019-12-19 20:51:00+00:00,2019-12-19 20:54:00+00:00,126.93,126.89,-0.0400000000000062,-0.0003151343260065,False,False
ETH,5,239,2019-12-19 20:50:28+00:00,ethereum,BUY,0.8,4.0,2019-12-19 20:51:00+00:00,2019-12-19 20:56:00+00:00,126.93,126.97,0.039999999999992,0.0003151343260063,False,True
ETH,10,239,2019-12-19 20:50:28+00:00,ethereum,BUY,0.8,4.0,2019-12-19 20:51:00+00:00,2019-12-19 21:01:00+00:00,126.93,126.82,-0.1100000000000136,-0.0008666193965178,False,False
ETH,15,239,2019-12-19 20:50:28+00:00,ethereum,BUY,0.8,4.0,2019-12-19 20:51:00+00:00,2019-12-19 21:06:00+00:00,126.93,126.98,0.0499999999999971,0.000393917907508,False,True
ETH,30,239,2019-12-19 20:50:28+00:00,ethereum,BUY,0.8,4.0,2019-12-19 20:51:00+00:00,2019-12-19 21:21:00+00:00,126.93,127.07,0.1399999999999863,0.0011029701410225,False,True
ETH,60,239,2019-12-19 20:50:28+00:00,ethereum,BUY,0.8,4.0,2019-12-19 20:51:00+00:00,2019-12-19 21:51:00+00:00,126.93,126.87,-0.0600000000000022,-0.0004727014890097,False,False
ETH,120,239,2019-12-19 20:50:28+00:00,ethereum,BUY,0.8,4.0,2019-12-19 20:51:00+00:00,2019-12-19 22:51:00+00:00,126.93,127.35,0.4199999999999875,0.0033089104230677,False,True
ETH,360,239,2019-12-19 20:50:28+00:00,ethereum,BUY,0.8,4.0,2019-12-19 20:51:00+00:00,2019-12-20 02:51:00+00:00,126.93,126.97,0.039999999999992,0.0003151343260063,False,True
ETH,720,239,2019-12-19 20:50:28+00:00,ethereum,BUY,0.8,4.0,2019-12-19 20:51:00+00:00,2019-12-20 08:51:00+00:00,126.93,127.01,0.0799999999999983,0.0006302686520129,False,True
ETH,1440,239,2019-12-19 20:50:28+00:00,ethereum,BUY,0.8,4.0,2019-12-19 20:51:00+00:00,2019-12-20 20:51:00+00:00,126.93,128.28,1.3499999999999943,0.0106357835027179,False,True
ETH,1,240,2019-12-21 13:43:34+00:00,vitalikbuterin,SELL,0.9,5.0,2019-12-21 13:44:00+00:00,2019-12-21 13:45:00+00:00,127.11,127.05,-0.0600000000000022,-0.0004720320981826,False,True
ETH,3,240,2019-12-21 13:43:34+00:00,vitalikbuterin,SELL,0.9,5.0,2019-12-21 13:44:00+00:00,2019-12-21 13:47:00+00:00,127.11,127.02,-0.0900000000000034,-0.000708048147274,False,True
ETH,5,240,2019-12-21 13:43:34+00:00,vitalikbuterin,SELL,0.9,5.0,2019-12-21 13:44:00+00:00,2019-12-21 13:49:00+00:00,127.11,126.98,-0.1299999999999954,-0.001022736212729,False,True
ETH,10,240,2019-12-21 13:43:34+00:00,vitalikbuterin,SELL,0.9,5.0,2019-12-21 13:44:00+00:00,2019-12-21 13:54:00+00:00,127.11,126.89,-0.2199999999999988,-0.0017307843600031,False,True
ETH,15,240,2019-12-21 13:43:34+00:00,vitalikbuterin,SELL,0.9,5.0,2019-12-21 13:44:00+00:00,2019-12-21 13:59:00+00:00,127.11,126.93,-0.1799999999999926,-0.0014160962945479,False,True
ETH,30,240,2019-12-21 13:43:34+00:00,vitalikbuterin,SELL,0.9,5.0,2019-12-21 13:44:00+00:00,2019-12-21 14:14:00+00:00,127.11,126.94,-0.1700000000000017,-0.0013374242781842,False,True
ETH,60,240,2019-12-21 13:43:34+00:00,vitalikbuterin,SELL,0.9,5.0,2019-12-21 13:44:00+00:00,2019-12-21 14:44:00+00:00,127.11,127.24,0.1299999999999954,0.001022736212729,False,False
ETH,120,240,2019-12-21 13:43:34+00:00,vitalikbuterin,SELL,0.9,5.0,2019-12-21 13:44:00+00:00,2019-12-21 15:44:00+00:00,127.11,127.33,0.2199999999999988,0.0017307843600031,False,False
ETH,360,240,2019-12-21 13:43:34+00:00,vitalikbuterin,SELL,0.9,5.0,2019-12-21 13:44:00+00:00,2019-12-21 19:44:00+00:00,127.11,126.84,-0.269999999999996,-0.002124144441822,False,True
ETH,720,240,2019-12-21 13:43:34+00:00,vitalikbuterin,SELL,0.9,5.0,2019-12-21 13:44:00+00:00,2019-12-22 01:44:00+00:00,127.11,127.25,0.1400000000000005,0.0011014082290929,False,False
ETH,1440,240,2019-12-21 13:43:34+00:00,vitalikbuterin,SELL,0.9,5.0,2019-12-21 13:44:00+00:00,2019-12-22 13:44:00+00:00,127.11,129.7,2.589999999999989,0.0203760522382187,False,False
ETH,1,242,2019-12-21 21:10:35+00:00,vitalikbuterin,BUY,1.0,5.0,2019-12-21 21:11:00+00:00,2019-12-21 21:12:00+00:00,127.15,127.17,0.019999999999996,0.0001572945340149,False,True
ETH,3,242,2019-12-21 21:10:35+00:00,vitalikbuterin,BUY,1.0,5.0,2019-12-21 21:11:00+00:00,2019-12-21 21:14:00+00:00,127.15,127.16,0.0099999999999909,7.864726700739996e-05,False,True
ETH,5,242,2019-12-21 21:10:35+00:00,vitalikbuterin,BUY,1.0,5.0,2019-12-21 21:11:00+00:00,2019-12-21 21:16:00+00:00,127.15,127.38,0.2299999999999897,0.0018088871411717,False,True
ETH,10,242,2019-12-21 21:10:35+00:00,vitalikbuterin,BUY,1.0,5.0,2019-12-21 21:11:00+00:00,2019-12-21 21:21:00+00:00,127.15,127.39,0.2399999999999948,0.0018875344081792,False,True
ETH,15,242,2019-12-21 21:10:35+00:00,vitalikbuterin,BUY,1.0,5.0,2019-12-21 21:11:00+00:00,2019-12-21 21:26:00+00:00,127.15,127.45,0.2999999999999971,0.0023594180102241,False,True
ETH,30,242,2019-12-21 21:10:35+00:00,vitalikbuterin,BUY,1.0,5.0,2019-12-21 21:11:00+00:00,2019-12-21 21:41:00+00:00,127.15,126.84,-0.3100000000000023,-0.0024380652772316,False,False
ETH,60,242,2019-12-21 21:10:35+00:00,vitalikbuterin,BUY,1.0,5.0,2019-12-21 21:11:00+00:00,2019-12-21 22:11:00+00:00,127.15,127.3,0.1499999999999914,0.001179709005112,False,True
ETH,120,242,2019-12-21 21:10:35+00:00,vitalikbuterin,BUY,1.0,5.0,2019-12-21 21:11:00+00:00,2019-12-21 23:11:00+00:00,127.15,127.22,0.0699999999999931,0.0005505308690522,False,True
ETH,360,242,2019-12-21 21:10:35+00:00,vitalikbuterin,BUY,1.0,5.0,2019-12-21 21:11:00+00:00,2019-12-22 03:11:00+00:00,127.15,127.03,-0.1200000000000045,-0.0009437672040896,False,False
ETH,720,242,2019-12-21 21:10:35+00:00,vitalikbuterin,BUY,1.0,5.0,2019-12-21 21:11:00+00:00,2019-12-22 09:11:00+00:00,127.15,128.96,1.8100000000000025,0.0142351553283523,False,True
ETH,1440,242,2019-12-21 21:10:35+00:00,vitalikbuterin,BUY,1.0,5.0,2019-12-21 21:11:00+00:00,2019-12-22 21:11:00+00:00,127.15,132.33,5.180000000000007,0.0407392843098702,False,True
ETH,1,244,2019-12-25 22:00:29+00:00,vitalikbuterin,BUY,0.9,4.0,2019-12-25 22:01:00+00:00,2019-12-25 22:02:00+00:00,125.03,125.12,0.0900000000000034,0.000719827241462,False,True
ETH,3,244,2019-12-25 22:00:29+00:00,vitalikbuterin,BUY,0.9,4.0,2019-12-25 22:01:00+00:00,2019-12-25 22:04:00+00:00,125.03,125.07,0.039999999999992,0.0003199232184275,False,True
ETH,5,244,2019-12-25 22:00:29+00:00,vitalikbuterin,BUY,0.9,4.0,2019-12-25 22:01:00+00:00,2019-12-25 22:06:00+00:00,125.03,125.27,0.2399999999999948,0.0019195393105654,False,True
ETH,10,244,2019-12-25 22:00:29+00:00,vitalikbuterin,BUY,0.9,4.0,2019-12-25 22:01:00+00:00,2019-12-25 22:11:00+00:00,125.03,125.28,0.25,0.0019995201151723,False,True
ETH,15,244,2019-12-25 22:00:29+00:00,vitalikbuterin,BUY,0.9,4.0,2019-12-25 22:01:00+00:00,2019-12-25 22:16:00+00:00,125.03,125.19,0.1599999999999966,0.0012796928737102,False,True
ETH,30,244,2019-12-25 22:00:29+00:00,vitalikbuterin,BUY,0.9,4.0,2019-12-25 22:01:00+00:00,2019-12-25 22:31:00+00:00,125.03,125.29,0.2600000000000051,0.0020795009197792,False,True
ETH,60,244,2019-12-25 22:00:29+00:00,vitalikbuterin,BUY,0.9,4.0,2019-12-25 22:01:00+00:00,2019-12-25 23:01:00+00:00,125.03,125.36,0.3299999999999983,0.0026393665520275,False,True
ETH,120,244,2019-12-25 22:00:29+00:00,vitalikbuterin,BUY,0.9,4.0,2019-12-25 22:01:00+00:00,2019-12-26 00:01:00+00:00,125.03,125.1,0.0699999999999931,0.0005598656322482,False,True
ETH,360,244,2019-12-25 22:00:29+00:00,vitalikbuterin,BUY,0.9,4.0,2019-12-25 22:01:00+00:00,2019-12-26 04:01:00+00:00,125.03,124.75,-0.2800000000000011,-0.002239462528993,False,False
ETH,720,244,2019-12-25 22:00:29+00:00,vitalikbuterin,BUY,0.9,4.0,2019-12-25 22:01:00+00:00,2019-12-26 10:01:00+00:00,125.03,125.27,0.2399999999999948,0.0019195393105654,False,True
ETH,1440,244,2019-12-25 22:00:29+00:00,vitalikbuterin,BUY,0.9,4.0,2019-12-25 22:01:00+00:00,2019-12-26 22:01:00+00:00,125.03,126.1,1.0699999999999932,0.0085579460929376,False,True
ETH,1,247,2020-01-02 02:16:11+00:00,ethereum,BUY,0.8,4.0,2020-01-02 02:17:00+00:00,2020-01-02 02:18:00+00:00,129.77,129.75,-0.0200000000000102,-0.0001541188256146,False,False
ETH,3,247,2020-01-02 02:16:11+00:00,ethereum,BUY,0.8,4.0,2020-01-02 02:17:00+00:00,2020-01-02 02:20:00+00:00,129.77,129.71,-0.0600000000000022,-0.0004623564768436,False,False
ETH,5,247,2020-01-02 02:16:11+00:00,ethereum,BUY,0.8,4.0,2020-01-02 02:17:00+00:00,2020-01-02 02:22:00+00:00,129.77,129.22,-0.5500000000000114,-0.0042382677044001,False,False
ETH,10,247,2020-01-02 02:16:11+00:00,ethereum,BUY,0.8,4.0,2020-01-02 02:17:00+00:00,2020-01-02 02:27:00+00:00,129.77,129.43,-0.3400000000000034,-0.0026200200354473,False,False
ETH,15,247,2020-01-02 02:16:11+00:00,ethereum,BUY,0.8,4.0,2020-01-02 02:17:00+00:00,2020-01-02 02:32:00+00:00,129.77,129.16,-0.6100000000000136,-0.0047006241812438,False,False
ETH,30,247,2020-01-02 02:16:11+00:00,ethereum,BUY,0.8,4.0,2020-01-02 02:17:00+00:00,2020-01-02 02:47:00+00:00,129.77,129.68,-0.0900000000000034,-0.0006935347152654,False,False
ETH,60,247,2020-01-02 02:16:11+00:00,ethereum,BUY,0.8,4.0,2020-01-02 02:17:00+00:00,2020-01-02 03:17:00+00:00,129.77,129.28,-0.4900000000000091,-0.0037759112275565,False,False
ETH,120,247,2020-01-02 02:16:11+00:00,ethereum,BUY,0.8,4.0,2020-01-02 02:17:00+00:00,2020-01-02 04:17:00+00:00,129.77,129.6,-0.1700000000000159,-0.0013100100177237,False,False
ETH,360,247,2020-01-02 02:16:11+00:00,ethereum,BUY,0.8,4.0,2020-01-02 02:17:00+00:00,2020-01-02 08:17:00+00:00,129.77,129.83,0.0600000000000022,0.0004623564768436,False,True
ETH,720,247,2020-01-02 02:16:11+00:00,ethereum,BUY,0.8,4.0,2020-01-02 02:17:00+00:00,2020-01-02 14:17:00+00:00,129.77,129.3,-0.4699999999999988,-0.0036217924019418,False,False
ETH,1440,247,2020-01-02 02:16:11+00:00,ethereum,BUY,0.8,4.0,2020-01-02 02:17:00+00:00,2020-01-03 02:17:00+00:00,129.77,126.48,-3.2900000000000063,-0.0253525468135933,False,False
ETH,1,249,2020-01-13 11:15:03+00:00,ethereum,BUY,0.8,4.0,2020-01-13 11:16:00+00:00,2020-01-13 11:17:00+00:00,143.73,143.81,0.0800000000000125,0.0005565991790162,False,True
ETH,3,249,2020-01-13 11:15:03+00:00,ethereum,BUY,0.8,4.0,2020-01-13 11:16:00+00:00,2020-01-13 11:19:00+00:00,143.73,143.76,0.0300000000000011,0.000208724692131,False,True
ETH,5,249,2020-01-13 11:15:03+00:00,ethereum,BUY,0.8,4.0,2020-01-13 11:16:00+00:00,2020-01-13 11:21:00+00:00,143.73,143.71,-0.0199999999999818,-0.0001391497947539,False,False
ETH,10,249,2020-01-13 11:15:03+00:00,ethereum,BUY,0.8,4.0,2020-01-13 11:16:00+00:00,2020-01-13 11:26:00+00:00,143.73,143.73,0.0,0.0,True,
ETH,15,249,2020-01-13 11:15:03+00:00,ethereum,BUY,0.8,4.0,2020-01-13 11:16:00+00:00,2020-01-13 11:31:00+00:00,143.73,143.62,-0.1099999999999852,-0.0007653238711471,False,False
ETH,30,249,2020-01-13 11:15:03+00:00,ethereum,BUY,0.8,4.0,2020-01-13 11:16:00+00:00,2020-01-13 11:46:00+00:00,143.73,143.21,-0.5199999999999818,-0.0036178946636052,False,False
ETH,60,249,2020-01-13 11:15:03+00:00,ethereum,BUY,0.8,4.0,2020-01-13 11:16:00+00:00,2020-01-13 12:16:00+00:00,143.73,142.8,-0.9299999999999784,-0.0064704654560633,False,False
ETH,120,249,2020-01-13 11:15:03+00:00,ethereum,BUY,0.8,4.0,2020-01-13 11:16:00+00:00,2020-01-13 13:16:00+00:00,143.73,143.63,-0.0999999999999943,-0.0006957489737702,False,False
ETH,360,249,2020-01-13 11:15:03+00:00,ethereum,BUY,0.8,4.0,2020-01-13 11:16:00+00:00,2020-01-13 17:16:00+00:00,143.73,143.78,0.0500000000000113,0.0003478744868852,False,True
ETH,720,249,2020-01-13 11:15:03+00:00,ethereum,BUY,0.8,4.0,2020-01-13 11:16:00+00:00,2020-01-13 23:16:00+00:00,143.73,143.94,0.2100000000000079,0.0014610728449176,False,True
ETH,1440,249,2020-01-13 11:15:03+00:00,ethereum,BUY,0.8,4.0,2020-01-13 11:16:00+00:00,2020-01-14 11:16:00+00:00,143.73,150.71,6.980000000000018,0.0485632783691645,False,True
ETH,1,254,2020-01-27 12:20:50+00:00,vitalikbuterin,BUY,0.8,4.0,2020-01-27 12:21:00+00:00,2020-01-27 12:22:00+00:00,168.86,169.0,0.1399999999999863,0.0008290891863081,False,True
ETH,3,254,2020-01-27 12:20:50+00:00,vitalikbuterin,BUY,0.8,4.0,2020-01-27 12:21:00+00:00,2020-01-27 12:24:00+00:00,168.86,169.21,0.3499999999999943,0.0020727229657704,False,True
ETH,5,254,2020-01-27 12:20:50+00:00,vitalikbuterin,BUY,0.8,4.0,2020-01-27 12:21:00+00:00,2020-01-27 12:26:00+00:00,168.86,168.95,0.0899999999999749,0.0005329859054836,False,True
ETH,10,254,2020-01-27 12:20:50+00:00,vitalikbuterin,BUY,0.8,4.0,2020-01-27 12:21:00+00:00,2020-01-27 12:31:00+00:00,168.86,169.3,0.4399999999999977,0.0026057088712542,False,True
ETH,15,254,2020-01-27 12:20:50+00:00,vitalikbuterin,BUY,0.8,4.0,2020-01-27 12:21:00+00:00,2020-01-27 12:36:00+00:00,168.86,169.65,0.789999999999992,0.0046784318370247,False,True
ETH,30,254,2020-01-27 12:20:50+00:00,vitalikbuterin,BUY,0.8,4.0,2020-01-27 12:21:00+00:00,2020-01-27 12:51:00+00:00,168.86,169.45,0.589999999999975,0.0034940187137271,False,True
ETH,60,254,2020-01-27 12:20:50+00:00,vitalikbuterin,BUY,0.8,4.0,2020-01-27 12:21:00+00:00,2020-01-27 13:21:00+00:00,168.86,169.95,1.089999999999975,0.0064550515219707,False,True
ETH,120,254,2020-01-27 12:20:50+00:00,vitalikbuterin,BUY,0.8,4.0,2020-01-27 12:21:00+00:00,2020-01-27 14:21:00+00:00,168.86,169.12,0.2599999999999909,0.0015397370602865,False,True
ETH,360,254,2020-01-27 12:20:50+00:00,vitalikbuterin,BUY,0.8,4.0,2020-01-27 12:21:00+00:00,2020-01-27 18:21:00+00:00,168.86,169.23,0.3699999999999761,0.0021911642781,False,True
ETH,720,254,2020-01-27 12:20:50+00:00,vitalikbuterin,BUY,0.8,4.0,2020-01-27 12:21:00+00:00,2020-01-28 00:21:00+00:00,168.86,170.84,1.9799999999999895,0.0117256899206442,False,True
ETH,1440,254,2020-01-27 12:20:50+00:00,vitalikbuterin,BUY,0.8,4.0,2020-01-27 12:21:00+00:00,2020-01-28 12:21:00+00:00,168.86,171.32,2.4599999999999795,0.0145682814165579,False,True
ETH,1,260,2020-02-04 17:31:51+00:00,ethereum,BUY,0.8,4.0,2020-02-04 17:32:00+00:00,2020-02-04 17:33:00+00:00,188.65,188.73,0.079999999999984,0.000424065730188,False,True
ETH,3,260,2020-02-04 17:31:51+00:00,ethereum,BUY,0.8,4.0,2020-02-04 17:32:00+00:00,2020-02-04 17:35:00+00:00,188.65,188.6,-0.0500000000000113,-0.0002650410813676,False,False
ETH,5,260,2020-02-04 17:31:51+00:00,ethereum,BUY,0.8,4.0,2020-02-04 17:32:00+00:00,2020-02-04 17:37:00+00:00,188.65,188.74,0.0900000000000034,0.0004770739464617,False,True
ETH,10,260,2020-02-04 17:31:51+00:00,ethereum,BUY,0.8,4.0,2020-02-04 17:32:00+00:00,2020-02-04 17:42:00+00:00,188.65,188.92,0.2699999999999818,0.001431221839385,False,True
ETH,15,260,2020-02-04 17:31:51+00:00,ethereum,BUY,0.8,4.0,2020-02-04 17:32:00+00:00,2020-02-04 17:47:00+00:00,188.65,188.99,0.3400000000000034,0.0018022793532997,False,True
ETH,30,260,2020-02-04 17:31:51+00:00,ethereum,BUY,0.8,4.0,2020-02-04 17:32:00+00:00,2020-02-04 18:02:00+00:00,188.65,189.59,0.9399999999999976,0.004982772329711,False,True
ETH,60,260,2020-02-04 17:31:51+00:00,ethereum,BUY,0.8,4.0,2020-02-04 17:32:00+00:00,2020-02-04 18:32:00+00:00,188.65,188.91,0.2599999999999909,0.0013782136231115,False,True
ETH,120,260,2020-02-04 17:31:51+00:00,ethereum,BUY,0.8,4.0,2020-02-04 17:32:00+00:00,2020-02-04 19:32:00+00:00,188.65,187.99,-0.6599999999999966,-0.0034985422740524,False,False
ETH,360,260,2020-02-04 17:31:51+00:00,ethereum,BUY,0.8,4.0,2020-02-04 17:32:00+00:00,2020-02-04 23:32:00+00:00,188.65,188.91,0.2599999999999909,0.0013782136231115,False,True
ETH,720,260,2020-02-04 17:31:51+00:00,ethereum,BUY,0.8,4.0,2020-02-04 17:32:00+00:00,2020-02-05 05:32:00+00:00,188.65,190.49,1.8400000000000032,0.0097535117943281,False,True
ETH,1440,260,2020-02-04 17:31:51+00:00,ethereum,BUY,0.8,4.0,2020-02-04 17:32:00+00:00,2020-02-05 17:32:00+00:00,188.65,200.2,11.549999999999985,0.0612244897959182,False,True
ETH,1,263,2020-02-06 14:04:56+00:00,vitalikbuterin,SELL,0.8,4.0,2020-02-06 14:05:00+00:00,2020-02-06 14:06:00+00:00,208.96,209.34,0.3799999999999954,0.0018185298621745,False,False
ETH,3,263,2020-02-06 14:04:56+00:00,vitalikbuterin,SELL,0.8,4.0,2020-02-06 14:05:00+00:00,2020-02-06 14:08:00+00:00,208.96,209.34,0.3799999999999954,0.0018185298621745,False,False
ETH,5,263,2020-02-06 14:04:56+00:00,vitalikbuterin,SELL,0.8,4.0,2020-02-06 14:05:00+00:00,2020-02-06 14:10:00+00:00,208.96,210.6,1.6399999999999864,0.0078483920367533,False,False
ETH,10,263,2020-02-06 14:04:56+00:00,vitalikbuterin,SELL,0.8,4.0,2020-02-06 14:05:00+00:00,2020-02-06 14:15:00+00:00,208.96,211.83,2.8700000000000045,0.0137346860643185,False,False
ETH,15,263,2020-02-06 14:04:56+00:00,vitalikbuterin,SELL,0.8,4.0,2020-02-06 14:05:00+00:00,2020-02-06 14:20:00+00:00,208.96,213.19,4.22999999999999,0.0202431087289432,False,False
ETH,30,263,2020-02-06 14:04:56+00:00,vitalikbuterin,SELL,0.8,4.0,2020-02-06 14:05:00+00:00,2020-02-06 14:35:00+00:00,208.96,214.62,5.659999999999997,0.0270865237366002,False,False
ETH,60,263,2020-02-06 14:04:56+00:00,vitalikbuterin,SELL,0.8,4.0,2020-02-06 14:05:00+00:00,2020-02-06 15:05:00+00:00,208.96,213.17,4.2099999999999795,0.020147396630934,False,False
ETH,120,263,2020-02-06 14:04:56+00:00,vitalikbuterin,SELL,0.8,4.0,2020-02-06 14:05:00+00:00,2020-02-06 16:05:00+00:00,208.96,213.43,4.469999999999999,0.0213916539050535,False,False
ETH,360,263,2020-02-06 14:04:56+00:00,vitalikbuterin,SELL,0.8,4.0,2020-02-06 14:05:00+00:00,2020-02-06 20:05:00+00:00,208.96,212.15,3.1899999999999977,0.0152660796324655,False,False
ETH,720,263,2020-02-06 14:04:56+00:00,vitalikbuterin,SELL,0.8,4.0,2020-02-06 14:05:00+00:00,2020-02-07 02:05:00+00:00,208.96,219.88,10.919999999999987,0.0522588055130167,False,False
ETH,1440,263,2020-02-06 14:04:56+00:00,vitalikbuterin,SELL,0.8,4.0,2020-02-06 14:05:00+00:00,2020-02-07 14:05:00+00:00,208.96,221.43,12.47,0.0596764931087289,False,False
ETH,1,264,2020-02-07 18:57:59+00:00,vitalikbuterin,BUY,1.0,5.0,2020-02-07 18:58:00+00:00,2020-02-07 18:59:00+00:00,222.33,222.29,-0.0400000000000204,-0.00017991274232,False,False
ETH,3,264,2020-02-07 18:57:59+00:00,vitalikbuterin,BUY,1.0,5.0,2020-02-07 18:58:00+00:00,2020-02-07 19:01:00+00:00,222.33,222.16,-0.1700000000000159,-0.0007646291548599,False,False
ETH,5,264,2020-02-07 18:57:59+00:00,vitalikbuterin,BUY,1.0,5.0,2020-02-07 18:58:00+00:00,2020-02-07 19:03:00+00:00,222.33,222.01,-0.3200000000000216,-0.0014393019385598,False,False
ETH,10,264,2020-02-07 18:57:59+00:00,vitalikbuterin,BUY,1.0,5.0,2020-02-07 18:58:00+00:00,2020-02-07 19:08:00+00:00,222.33,221.62,-0.710000000000008,-0.0031934511761795,False,False
ETH,15,264,2020-02-07 18:57:59+00:00,vitalikbuterin,BUY,1.0,5.0,2020-02-07 18:58:00+00:00,2020-02-07 19:13:00+00:00,222.33,221.68,-0.6500000000000057,-0.0029235820626996,False,False
ETH,30,264,2020-02-07 18:57:59+00:00,vitalikbuterin,BUY,1.0,5.0,2020-02-07 18:58:00+00:00,2020-02-07 19:28:00+00:00,222.33,221.5,-0.8300000000000125,-0.0037331894031395,False,False
ETH,60,264,2020-02-07 18:57:59+00:00,vitalikbuterin,BUY,1.0,5.0,2020-02-07 18:58:00+00:00,2020-02-07 19:58:00+00:00,222.33,221.3,-1.0300000000000011,-0.0046327531147393,False,False
ETH,120,264,2020-02-07 18:57:59+00:00,vitalikbuterin,BUY,1.0,5.0,2020-02-07 18:58:00+00:00,2020-02-07 20:58:00+00:00,222.33,219.63,-2.700000000000017,-0.0121441101065983,False,False
ETH,360,264,2020-02-07 18:57:59+00:00,vitalikbuterin,BUY,1.0,5.0,2020-02-07 18:58:00+00:00,2020-02-08 00:58:00+00:00,222.33,220.93,-1.4000000000000057,-0.0062969459811991,False,False
ETH,720,264,2020-02-07 18:57:59+00:00,vitalikbuterin,BUY,1.0,5.0,2020-02-07 18:58:00+00:00,2020-02-08 06:58:00+00:00,222.33,220.47,-1.8600000000000136,-0.0083659425178788,False,False
ETH,1440,264,2020-02-07 18:57:59+00:00,vitalikbuterin,BUY,1.0,5.0,2020-02-07 18:58:00+00:00,2020-02-08 18:58:00+00:00,222.33,223.31,0.9799999999999898,0.0044078621868393,False,True
ETH,1,269,2020-03-24 20:47:32+00:00,vitalikbuterin,BUY,0.9,4.0,2020-03-24 20:48:00+00:00,2020-03-24 20:49:00+00:00,138.6,138.64,0.039999999999992,0.0002886002886002,False,True
ETH,3,269,2020-03-24 20:47:32+00:00,vitalikbuterin,BUY,0.9,4.0,2020-03-24 20:48:00+00:00,2020-03-24 20:51:00+00:00,138.6,139.19,0.5900000000000034,0.0042568542568542,False,True
ETH,5,269,2020-03-24 20:47:32+00:00,vitalikbuterin,BUY,0.9,4.0,2020-03-24 20:48:00+00:00,2020-03-24 20:53:00+00:00,138.6,139.41,0.8100000000000023,0.0058441558441558,False,True
ETH,10,269,2020-03-24 20:47:32+00:00,vitalikbuterin,BUY,0.9,4.0,2020-03-24 20:48:00+00:00,2020-03-24 20:58:00+00:00,138.6,139.3,0.700000000000017,0.0050505050505051,False,True
ETH,15,269,2020-03-24 20:47:32+00:00,vitalikbuterin,BUY,0.9,4.0,2020-03-24 20:48:00+00:00,2020-03-24 21:03:00+00:00,138.6,139.4,0.8000000000000114,0.0057720057720058,False,True
ETH,30,269,2020-03-24 20:47:32+00:00,vitalikbuterin,BUY,0.9,4.0,2020-03-24 20:48:00+00:00,2020-03-24 21:18:00+00:00,138.6,138.79,0.1899999999999977,0.0013708513708513,False,True
ETH,60,269,2020-03-24 20:47:32+00:00,vitalikbuterin,BUY,0.9,4.0,2020-03-24 20:48:00+00:00,2020-03-24 21:48:00+00:00,138.6,136.41,-2.1899999999999977,-0.0158008658008657,False,False
ETH,120,269,2020-03-24 20:47:32+00:00,vitalikbuterin,BUY,0.9,4.0,2020-03-24 20:48:00+00:00,2020-03-24 22:48:00+00:00,138.6,139.53,0.9300000000000068,0.0067099567099567,False,True
ETH,360,269,2020-03-24 20:47:32+00:00,vitalikbuterin,BUY,0.9,4.0,2020-03-24 20:48:00+00:00,2020-03-25 02:48:00+00:00,138.6,137.01,-1.5900000000000034,-0.0114718614718614,False,False
ETH,720,269,2020-03-24 20:47:32+00:00,vitalikbuterin,BUY,0.9,4.0,2020-03-24 20:48:00+00:00,2020-03-25 08:48:00+00:00,138.6,139.16,0.5600000000000023,0.004040404040404,False,True
ETH,1440,269,2020-03-24 20:47:32+00:00,vitalikbuterin,BUY,0.9,4.0,2020-03-24 20:48:00+00:00,2020-03-25 20:48:00+00:00,138.6,135.54,-3.0600000000000023,-0.022077922077922,False,False
ETH,1,270,2020-03-24 20:50:30+00:00,vitalikbuterin,BUY,0.6,3.0,2020-03-24 20:51:00+00:00,2020-03-24 20:52:00+00:00,139.19,139.28,0.0900000000000034,0.0006465981751562,False,True
ETH,3,270,2020-03-24 20:50:30+00:00,vitalikbuterin,BUY,0.6,3.0,2020-03-24 20:51:00+00:00,2020-03-24 20:54:00+00:00,139.19,139.28,0.0900000000000034,0.0006465981751562,False,True
ETH,5,270,2020-03-24 20:50:30+00:00,vitalikbuterin,BUY,0.6,3.0,2020-03-24 20:51:00+00:00,2020-03-24 20:56:00+00:00,139.19,139.33,0.1400000000000147,0.0010058193835765,False,True
ETH,10,270,2020-03-24 20:50:30+00:00,vitalikbuterin,BUY,0.6,3.0,2020-03-24 20:51:00+00:00,2020-03-24 21:01:00+00:00,139.19,139.59,0.4000000000000057,0.0028737696673612,False,True
ETH,15,270,2020-03-24 20:50:30+00:00,vitalikbuterin,BUY,0.6,3.0,2020-03-24 20:51:00+00:00,2020-03-24 21:06:00+00:00,139.19,138.94,-0.25,-0.0017961060421007,False,False
ETH,30,270,2020-03-24 20:50:30+00:00,vitalikbuterin,BUY,0.6,3.0,2020-03-24 20:51:00+00:00,2020-03-24 21:21:00+00:00,139.19,138.68,-0.5099999999999909,-0.0036640563258854,False,False
ETH,60,270,2020-03-24 20:50:30+00:00,vitalikbuterin,BUY,0.6,3.0,2020-03-24 20:51:00+00:00,2020-03-24 21:51:00+00:00,139.19,136.95,-2.240000000000009,-0.0160931101372225,False,False
ETH,120,270,2020-03-24 20:50:30+00:00,vitalikbuterin,BUY,0.6,3.0,2020-03-24 20:51:00+00:00,2020-03-24 22:51:00+00:00,139.19,139.77,0.5800000000000125,0.0041669660176737,False,True
ETH,360,270,2020-03-24 20:50:30+00:00,vitalikbuterin,BUY,0.6,3.0,2020-03-24 20:51:00+00:00,2020-03-25 02:51:00+00:00,139.19,137.01,-2.180000000000007,-0.0156620446871183,False,False
ETH,720,270,2020-03-24 20:50:30+00:00,vitalikbuterin,BUY,0.6,3.0,2020-03-24 20:51:00+00:00,2020-03-25 08:51:00+00:00,139.19,138.98,-0.2100000000000079,-0.0015087290753646,False,False
ETH,1440,270,2020-03-24 20:50:30+00:00,vitalikbuterin,BUY,0.6,3.0,2020-03-24 20:51:00+00:00,2020-03-25 20:51:00+00:00,139.19,135.43,-3.759999999999991,-0.0270134348731948,False,False
ETH,1,271,2020-03-24 21:12:53+00:00,vitalikbuterin,BUY,0.9,4.0,2020-03-24 21:13:00+00:00,2020-03-24 21:14:00+00:00,138.7,138.71,0.0100000000000193,7.209805335269883e-05,False,True
ETH,3,271,2020-03-24 21:12:53+00:00,vitalikbuterin,BUY,0.9,4.0,2020-03-24 21:13:00+00:00,2020-03-24 21:16:00+00:00,138.7,138.97,0.2700000000000102,0.0019466474405191,False,True
ETH,5,271,2020-03-24 21:12:53+00:00,vitalikbuterin,BUY,0.9,4.0,2020-03-24 21:13:00+00:00,2020-03-24 21:18:00+00:00,138.7,138.79,0.0900000000000034,0.000648882480173,False,True
ETH,10,271,2020-03-24 21:12:53+00:00,vitalikbuterin,BUY,0.9,4.0,2020-03-24 21:13:00+00:00,2020-03-24 21:23:00+00:00,138.7,138.7,0.0,0.0,True,
ETH,15,271,2020-03-24 21:12:53+00:00,vitalikbuterin,BUY,0.9,4.0,2020-03-24 21:13:00+00:00,2020-03-24 21:28:00+00:00,138.7,138.7,0.0,0.0,True,
ETH,30,271,2020-03-24 21:12:53+00:00,vitalikbuterin,BUY,0.9,4.0,2020-03-24 21:13:00+00:00,2020-03-24 21:43:00+00:00,138.7,137.36,-1.339999999999975,-0.0096611391492427,False,False
ETH,60,271,2020-03-24 21:12:53+00:00,vitalikbuterin,BUY,0.9,4.0,2020-03-24 21:13:00+00:00,2020-03-24 22:13:00+00:00,138.7,138.52,-0.1799999999999784,-0.0012977649603459,False,False
ETH,120,271,2020-03-24 21:12:53+00:00,vitalikbuterin,BUY,0.9,4.0,2020-03-24 21:13:00+00:00,2020-03-24 23:13:00+00:00,138.7,139.25,0.5500000000000114,0.0039653929343908,False,True
ETH,360,271,2020-03-24 21:12:53+00:00,vitalikbuterin,BUY,0.9,4.0,2020-03-24 21:13:00+00:00,2020-03-25 03:13:00+00:00,138.7,137.56,-1.1399999999999864,-0.0082191780821916,False,False
ETH,720,271,2020-03-24 21:12:53+00:00,vitalikbuterin,BUY,0.9,4.0,2020-03-24 21:13:00+00:00,2020-03-25 09:13:00+00:00,138.7,139.6,0.9000000000000057,0.0064888248017303,False,True
ETH,1440,271,2020-03-24 21:12:53+00:00,vitalikbuterin,BUY,0.9,4.0,2020-03-24 21:13:00+00:00,2020-03-25 21:13:00+00:00,138.7,135.34,-3.359999999999985,-0.0242249459264598,False,False
ETH,1,272,2020-03-26 11:59:14+00:00,vitalikbuterin,BUY,0.9,4.0,2020-03-26 12:00:00+00:00,2020-03-26 12:01:00+00:00,134.25,134.33,0.0800000000000125,0.0005959031657356,False,True
ETH,3,272,2020-03-26 11:59:14+00:00,vitalikbuterin,BUY,0.9,4.0,2020-03-26 12:00:00+00:00,2020-03-26 12:03:00+00:00,134.25,134.54,0.289999999999992,0.0021601489757913,False,True
ETH,5,272,2020-03-26 11:59:14+00:00,vitalikbuterin,BUY,0.9,4.0,2020-03-26 12:00:00+00:00,2020-03-26 12:05:00+00:00,134.25,134.31,0.0600000000000022,0.0004469273743016,False,True
ETH,10,272,2020-03-26 11:59:14+00:00,vitalikbuterin,BUY,0.9,4.0,2020-03-26 12:00:00+00:00,2020-03-26 12:10:00+00:00,134.25,134.16,-0.0900000000000034,-0.0006703910614525,False,False
ETH,15,272,2020-03-26 11:59:14+00:00,vitalikbuterin,BUY,0.9,4.0,2020-03-26 12:00:00+00:00,2020-03-26 12:15:00+00:00,134.25,134.28,0.0300000000000011,0.0002234636871508,False,True
ETH,30,272,2020-03-26 11:59:14+00:00,vitalikbuterin,BUY,0.9,4.0,2020-03-26 12:00:00+00:00,2020-03-26 12:30:00+00:00,134.25,134.57,0.3199999999999932,0.0023836126629422,False,True
ETH,60,272,2020-03-26 11:59:14+00:00,vitalikbuterin,BUY,0.9,4.0,2020-03-26 12:00:00+00:00,2020-03-26 13:00:00+00:00,134.25,134.67,0.4199999999999875,0.0031284916201116,False,True
ETH,120,272,2020-03-26 11:59:14+00:00,vitalikbuterin,BUY,0.9,4.0,2020-03-26 12:00:00+00:00,2020-03-26 14:00:00+00:00,134.25,134.82,0.5699999999999932,0.0042458100558658,False,True
ETH,360,272,2020-03-26 11:59:14+00:00,vitalikbuterin,BUY,0.9,4.0,2020-03-26 12:00:00+00:00,2020-03-26 18:00:00+00:00,134.25,134.37,0.1200000000000045,0.0008938547486033,False,True
ETH,720,272,2020-03-26 11:59:14+00:00,vitalikbuterin,BUY,0.9,4.0,2020-03-26 12:00:00+00:00,2020-03-27 00:00:00+00:00,134.25,138.6,4.349999999999994,0.0324022346368714,False,True
ETH,1440,272,2020-03-26 11:59:14+00:00,vitalikbuterin,BUY,0.9,4.0,2020-03-26 12:00:00+00:00,2020-03-27 12:00:00+00:00,134.25,135.85,1.5999999999999943,0.0119180633147113,False,True
ETH,1,274,2020-03-27 14:28:39+00:00,vitalikbuterin,BUY,0.8,4.0,2020-03-27 14:29:00+00:00,2020-03-27 14:30:00+00:00,135.32,135.07,-0.25,-0.0018474726574046,False,False
ETH,3,274,2020-03-27 14:28:39+00:00,vitalikbuterin,BUY,0.8,4.0,2020-03-27 14:29:00+00:00,2020-03-27 14:32:00+00:00,135.32,135.17,-0.1500000000000056,-0.0011084835944428,False,False
ETH,5,274,2020-03-27 14:28:39+00:00,vitalikbuterin,BUY,0.8,4.0,2020-03-27 14:29:00+00:00,2020-03-27 14:34:00+00:00,135.32,135.04,-0.2800000000000011,-0.0020691693762932,False,False
ETH,10,274,2020-03-27 14:28:39+00:00,vitalikbuterin,BUY,0.8,4.0,2020-03-27 14:29:00+00:00,2020-03-27 14:39:00+00:00,135.32,134.92,-0.4000000000000057,-0.0029559562518475,False,False
ETH,15,274,2020-03-27 14:28:39+00:00,vitalikbuterin,BUY,0.8,4.0,2020-03-27 14:29:00+00:00,2020-03-27 14:44:00+00:00,135.32,134.98,-0.3400000000000034,-0.0025125628140703,False,False
ETH,30,274,2020-03-27 14:28:39+00:00,vitalikbuterin,BUY,0.8,4.0,2020-03-27 14:29:00+00:00,2020-03-27 14:59:00+00:00,135.32,135.3,-0.0199999999999818,-0.0001477978125922,False,False
ETH,60,274,2020-03-27 14:28:39+00:00,vitalikbuterin,BUY,0.8,4.0,2020-03-27 14:29:00+00:00,2020-03-27 15:29:00+00:00,135.32,135.74,0.4200000000000159,0.0031037540644399,False,True
ETH,120,274,2020-03-27 14:28:39+00:00,vitalikbuterin,BUY,0.8,4.0,2020-03-27 14:29:00+00:00,2020-03-27 16:29:00+00:00,135.32,135.65,0.3300000000000125,0.0024386639077742,False,True
ETH,360,274,2020-03-27 14:28:39+00:00,vitalikbuterin,BUY,0.8,4.0,2020-03-27 14:29:00+00:00,2020-03-27 20:29:00+00:00,135.32,136.31,0.9900000000000092,0.0073159917233225,False,True
ETH,720,274,2020-03-27 14:28:39+00:00,vitalikbuterin,BUY,0.8,4.0,2020-03-27 14:29:00+00:00,2020-03-28 02:29:00+00:00,135.32,129.82,-5.5,-0.0406443984629027,False,False
ETH,1440,274,2020-03-27 14:28:39+00:00,vitalikbuterin,BUY,0.8,4.0,2020-03-27 14:29:00+00:00,2020-03-28 14:29:00+00:00,135.32,128.94,-6.3799999999999955,-0.0471475022169671,False,False
ETH,1,276,2020-03-31 10:50:05+00:00,vitalikbuterin,BUY,0.8,4.0,2020-03-31 10:51:00+00:00,2020-03-31 10:52:00+00:00,131.94,131.97,0.0300000000000011,0.0002273760800363,False,True
ETH,3,276,2020-03-31 10:50:05+00:00,vitalikbuterin,BUY,0.8,4.0,2020-03-31 10:51:00+00:00,2020-03-31 10:54:00+00:00,131.94,131.85,-0.0900000000000034,-0.0006821282401091,False,False
ETH,5,276,2020-03-31 10:50:05+00:00,vitalikbuterin,BUY,0.8,4.0,2020-03-31 10:51:00+00:00,2020-03-31 10:56:00+00:00,131.94,132.23,0.289999999999992,0.0021979687736849,False,True
ETH,10,276,2020-03-31 10:50:05+00:00,vitalikbuterin,BUY,0.8,4.0,2020-03-31 10:51:00+00:00,2020-03-31 11:01:00+00:00,131.94,132.19,0.25,0.0018948006669698,False,True
ETH,15,276,2020-03-31 10:50:05+00:00,vitalikbuterin,BUY,0.8,4.0,2020-03-31 10:51:00+00:00,2020-03-31 11:06:00+00:00,131.94,132.37,0.4300000000000068,0.0032590571471881,False,True
ETH,30,276,2020-03-31 10:50:05+00:00,vitalikbuterin,BUY,0.8,4.0,2020-03-31 10:51:00+00:00,2020-03-31 11:21:00+00:00,131.94,131.82,-0.1200000000000045,-0.0009095043201455,False,False
ETH,60,276,2020-03-31 10:50:05+00:00,vitalikbuterin,BUY,0.8,4.0,2020-03-31 10:51:00+00:00,2020-03-31 11:51:00+00:00,131.94,132.17,0.2299999999999897,0.0017432166136121,False,True
ETH,120,276,2020-03-31 10:50:05+00:00,vitalikbuterin,BUY,0.8,4.0,2020-03-31 10:51:00+00:00,2020-03-31 12:51:00+00:00,131.94,132.59,0.6500000000000057,0.0049264817341216,False,True
ETH,360,276,2020-03-31 10:50:05+00:00,vitalikbuterin,BUY,0.8,4.0,2020-03-31 10:51:00+00:00,2020-03-31 16:51:00+00:00,131.94,132.4,0.4600000000000079,0.0034864332272245,False,True
ETH,720,276,2020-03-31 10:50:05+00:00,vitalikbuterin,BUY,0.8,4.0,2020-03-31 10:51:00+00:00,2020-03-31 22:51:00+00:00,131.94,133.61,1.670000000000016,0.0126572684553586,False,True
ETH,1440,276,2020-03-31 10:50:05+00:00,vitalikbuterin,BUY,0.8,4.0,2020-03-31 10:51:00+00:00,2020-04-01 10:51:00+00:00,131.94,131.92,-0.0200000000000102,-0.0001515840533576,False,False
ETH,1,277,2020-03-31 21:53:49+00:00,vitalikbuterin,BUY,0.8,4.0,2020-03-31 21:54:00+00:00,2020-03-31 21:55:00+00:00,134.05,134.07,0.0199999999999818,0.000149198060425,False,True
ETH,3,277,2020-03-31 21:53:49+00:00,vitalikbuterin,BUY,0.8,4.0,2020-03-31 21:54:00+00:00,2020-03-31 21:57:00+00:00,134.05,134.11,0.0600000000000022,0.0004475941812756,False,True
ETH,5,277,2020-03-31 21:53:49+00:00,vitalikbuterin,BUY,0.8,4.0,2020-03-31 21:54:00+00:00,2020-03-31 21:59:00+00:00,134.05,134.05,0.0,0.0,True,
ETH,10,277,2020-03-31 21:53:49+00:00,vitalikbuterin,BUY,0.8,4.0,2020-03-31 21:54:00+00:00,2020-03-31 22:04:00+00:00,134.05,134.25,0.1999999999999886,0.001491980604252,False,True
ETH,15,277,2020-03-31 21:53:49+00:00,vitalikbuterin,BUY,0.8,4.0,2020-03-31 21:54:00+00:00,2020-03-31 22:09:00+00:00,134.05,133.85,-0.200000000000017,-0.0014919806042522,False,False
ETH,30,277,2020-03-31 21:53:49+00:00,vitalikbuterin,BUY,0.8,4.0,2020-03-31 21:54:00+00:00,2020-03-31 22:24:00+00:00,134.05,133.66,-0.3900000000000148,-0.0029093621782917,False,False
ETH,60,277,2020-03-31 21:53:49+00:00,vitalikbuterin,BUY,0.8,4.0,2020-03-31 21:54:00+00:00,2020-03-31 22:54:00+00:00,134.05,133.66,-0.3900000000000148,-0.0029093621782917,False,False
ETH,120,277,2020-03-31 21:53:49+00:00,vitalikbuterin,BUY,0.8,4.0,2020-03-31 21:54:00+00:00,2020-03-31 23:54:00+00:00,134.05,133.42,-0.6300000000000239,-0.0046997389033944,False,False
ETH,360,277,2020-03-31 21:53:49+00:00,vitalikbuterin,BUY,0.8,4.0,2020-03-31 21:54:00+00:00,2020-04-01 03:54:00+00:00,134.05,132.75,-1.3000000000000114,-0.009697873927639,False,False
ETH,720,277,2020-03-31 21:53:49+00:00,vitalikbuterin,BUY,0.8,4.0,2020-03-31 21:54:00+00:00,2020-04-01 09:54:00+00:00,134.05,131.93,-2.1200000000000045,-0.0158149944050727,False,False
ETH,1440,277,2020-03-31 21:53:49+00:00,vitalikbuterin,BUY,0.8,4.0,2020-03-31 21:54:00+00:00,2020-04-01 21:54:00+00:00,134.05,131.48,-2.5700000000000216,-0.0191719507646402,False,False
ETH,1,280,2020-04-01 00:41:07+00:00,vitalikbuterin,BUY,0.8,4.0,2020-04-01 00:42:00+00:00,2020-04-01 00:43:00+00:00,131.57,131.59,0.0200000000000102,0.0001520103367029,False,True
ETH,3,280,2020-04-01 00:41:07+00:00,vitalikbuterin,BUY,0.8,4.0,2020-04-01 00:42:00+00:00,2020-04-01 00:45:00+00:00,131.57,131.59,0.0200000000000102,0.0001520103367029,False,True
ETH,5,280,2020-04-01 00:41:07+00:00,vitalikbuterin,BUY,0.8,4.0,2020-04-01 00:42:00+00:00,2020-04-01 00:47:00+00:00,131.57,132.05,0.4800000000000182,0.0036482480808696,False,True
ETH,10,280,2020-04-01 00:41:07+00:00,vitalikbuterin,BUY,0.8,4.0,2020-04-01 00:42:00+00:00,2020-04-01 00:52:00+00:00,131.57,132.07,0.5,0.0038002584175723,False,True
ETH,15,280,2020-04-01 00:41:07+00:00,vitalikbuterin,BUY,0.8,4.0,2020-04-01 00:42:00+00:00,2020-04-01 00:57:00+00:00,131.57,132.22,0.6500000000000057,0.0049403359428441,False,True
ETH,30,280,2020-04-01 00:41:07+00:00,vitalikbuterin,BUY,0.8,4.0,2020-04-01 00:42:00+00:00,2020-04-01 01:12:00+00:00,131.57,131.9,0.3300000000000125,0.0025081705555978,False,True
ETH,60,280,2020-04-01 00:41:07+00:00,vitalikbuterin,BUY,0.8,4.0,2020-04-01 00:42:00+00:00,2020-04-01 01:42:00+00:00,131.57,131.5,-0.0699999999999931,-0.00053203617846,False,False
ETH,120,280,2020-04-01 00:41:07+00:00,vitalikbuterin,BUY,0.8,4.0,2020-04-01 00:42:00+00:00,2020-04-01 02:42:00+00:00,131.57,132.07,0.5,0.0038002584175723,False,True
ETH,360,280,2020-04-01 00:41:07+00:00,vitalikbuterin,BUY,0.8,4.0,2020-04-01 00:42:00+00:00,2020-04-01 06:42:00+00:00,131.57,132.24,0.6700000000000159,0.0050923462795471,False,True
ETH,720,280,2020-04-01 00:41:07+00:00,vitalikbuterin,BUY,0.8,4.0,2020-04-01 00:42:00+00:00,2020-04-01 12:42:00+00:00,131.57,131.73,0.1599999999999966,0.0012160826936231,False,True
ETH,1440,280,2020-04-01 00:41:07+00:00,vitalikbuterin,BUY,0.8,4.0,2020-04-01 00:42:00+00:00,2020-04-02 00:42:00+00:00,131.57,136.12,4.550000000000011,0.0345823515999088,False,True
ETH,1,282,2020-04-02 21:21:25+00:00,vitalikbuterin,BUY,0.8,3.0,2020-04-02 21:22:00+00:00,2020-04-02 21:23:00+00:00,141.18,141.28,0.0999999999999943,0.0007083156254426,False,True
ETH,3,282,2020-04-02 21:21:25+00:00,vitalikbuterin,BUY,0.8,3.0,2020-04-02 21:22:00+00:00,2020-04-02 21:25:00+00:00,141.18,141.51,0.3299999999999841,0.0023374415639607,False,True
ETH,5,282,2020-04-02 21:21:25+00:00,vitalikbuterin,BUY,0.8,3.0,2020-04-02 21:22:00+00:00,2020-04-02 21:27:00+00:00,141.18,141.56,0.3799999999999954,0.0026915993766822,False,True
ETH,10,282,2020-04-02 21:21:25+00:00,vitalikbuterin,BUY,0.8,3.0,2020-04-02 21:22:00+00:00,2020-04-02 21:32:00+00:00,141.18,142.35,1.1699999999999875,0.0082872928176794,False,True
ETH,15,282,2020-04-02 21:21:25+00:00,vitalikbuterin,BUY,0.8,3.0,2020-04-02 21:22:00+00:00,2020-04-02 21:37:00+00:00,141.18,142.39,1.2099999999999795,0.0085706190678564,False,True
ETH,30,282,2020-04-02 21:21:25+00:00,vitalikbuterin,BUY,0.8,3.0,2020-04-02 21:22:00+00:00,2020-04-02 21:52:00+00:00,141.18,142.34,1.1599999999999966,0.0082164612551352,False,True
ETH,60,282,2020-04-02 21:21:25+00:00,vitalikbuterin,BUY,0.8,3.0,2020-04-02 21:22:00+00:00,2020-04-02 22:22:00+00:00,141.18,141.99,0.8100000000000023,0.0057373565660858,False,True
ETH,120,282,2020-04-02 21:21:25+00:00,vitalikbuterin,BUY,0.8,3.0,2020-04-02 21:22:00+00:00,2020-04-02 23:22:00+00:00,141.18,141.91,0.7299999999999898,0.0051707040657316,False,True
ETH,360,282,2020-04-02 21:21:25+00:00,vitalikbuterin,BUY,0.8,3.0,2020-04-02 21:22:00+00:00,2020-04-03 03:22:00+00:00,141.18,142.53,1.3499999999999943,0.0095622609434763,False,True
ETH,720,282,2020-04-02 21:21:25+00:00,vitalikbuterin,BUY,0.8,3.0,2020-04-02 21:22:00+00:00,2020-04-03 09:22:00+00:00,141.18,143.54,2.359999999999985,0.0167162487604475,False,True
ETH,1440,282,2020-04-02 21:21:25+00:00,vitalikbuterin,BUY,0.8,3.0,2020-04-02 21:22:00+00:00,2020-04-03 21:22:00+00:00,141.18,140.65,-0.5300000000000011,-0.0037540728148463,False,False
ETH,1,285,2020-04-08 21:20:47+00:00,vitalikbuterin,BUY,0.8,4.0,2020-04-08 21:21:00+00:00,2020-04-08 21:22:00+00:00,172.22,172.2,-0.0200000000000102,-0.0001161305307165,False,False
ETH,3,285,2020-04-08 21:20:47+00:00,vitalikbuterin,BUY,0.8,4.0,2020-04-08 21:21:00+00:00,2020-04-08 21:24:00+00:00,172.22,172.05,-0.1699999999999875,-0.0009871095110903,False,False
ETH,5,285,2020-04-08 21:20:47+00:00,vitalikbuterin,BUY,0.8,4.0,2020-04-08 21:21:00+00:00,2020-04-08 21:26:00+00:00,172.22,172.3,0.0800000000000125,0.0004645221228661,False,True
ETH,10,285,2020-04-08 21:20:47+00:00,vitalikbuterin,BUY,0.8,4.0,2020-04-08 21:21:00+00:00,2020-04-08 21:31:00+00:00,172.22,172.33,0.1100000000000136,0.0006387179189409,False,True
ETH,15,285,2020-04-08 21:20:47+00:00,vitalikbuterin,BUY,0.8,4.0,2020-04-08 21:21:00+00:00,2020-04-08 21:36:00+00:00,172.22,172.49,0.2700000000000102,0.0015677621646731,False,True
ETH,30,285,2020-04-08 21:20:47+00:00,vitalikbuterin,BUY,0.8,4.0,2020-04-08 21:21:00+00:00,2020-04-08 21:51:00+00:00,172.22,171.59,-0.6299999999999955,-0.0036581117175705,False,False
ETH,60,285,2020-04-08 21:20:47+00:00,vitalikbuterin,BUY,0.8,4.0,2020-04-08 21:21:00+00:00,2020-04-08 22:21:00+00:00,172.22,172.62,0.4000000000000057,0.0023226106143305,False,True
ETH,120,285,2020-04-08 21:20:47+00:00,vitalikbuterin,BUY,0.8,4.0,2020-04-08 21:21:00+00:00,2020-04-08 23:21:00+00:00,172.22,172.8,0.5800000000000125,0.0033677853907793,False,True
ETH,360,285,2020-04-08 21:20:47+00:00,vitalikbuterin,BUY,0.8,4.0,2020-04-08 21:21:00+00:00,2020-04-09 03:21:00+00:00,172.22,170.87,-1.3499999999999943,-0.0078388108233654,False,False
ETH,720,285,2020-04-08 21:20:47+00:00,vitalikbuterin,BUY,0.8,4.0,2020-04-08 21:21:00+00:00,2020-04-09 09:21:00+00:00,172.22,171.42,-0.8000000000000114,-0.004645221228661,False,False
ETH,1440,285,2020-04-08 21:20:47+00:00,vitalikbuterin,BUY,0.8,4.0,2020-04-08 21:21:00+00:00,2020-04-09 21:21:00+00:00,172.22,169.6,-2.6200000000000045,-0.0152130995238648,False,False
ETH,1,286,2020-04-10 17:43:06+00:00,vitalikbuterin,BUY,0.8,4.0,2020-04-10 17:44:00+00:00,2020-04-10 17:45:00+00:00,157.5,157.3,-0.1999999999999886,-0.0012698412698411,False,False
ETH,3,286,2020-04-10 17:43:06+00:00,vitalikbuterin,BUY,0.8,4.0,2020-04-10 17:44:00+00:00,2020-04-10 17:47:00+00:00,157.5,157.36,-0.1399999999999863,-0.0008888888888888,False,False
ETH,5,286,2020-04-10 17:43:06+00:00,vitalikbuterin,BUY,0.8,4.0,2020-04-10 17:44:00+00:00,2020-04-10 17:49:00+00:00,157.5,157.56,0.0600000000000022,0.0003809523809523,False,True
ETH,10,286,2020-04-10 17:43:06+00:00,vitalikbuterin,BUY,0.8,4.0,2020-04-10 17:44:00+00:00,2020-04-10 17:54:00+00:00,157.5,157.69,0.1899999999999977,0.0012063492063491,False,True
ETH,15,286,2020-04-10 17:43:06+00:00,vitalikbuterin,BUY,0.8,4.0,2020-04-10 17:44:00+00:00,2020-04-10 17:59:00+00:00,157.5,157.38,-0.1200000000000045,-0.0007619047619047,False,False
ETH,30,286,2020-04-10 17:43:06+00:00,vitalikbuterin,BUY,0.8,4.0,2020-04-10 17:44:00+00:00,2020-04-10 18:14:00+00:00,157.5,156.1,-1.4000000000000057,-0.0088888888888889,False,False
ETH,60,286,2020-04-10 17:43:06+00:00,vitalikbuterin,BUY,0.8,4.0,2020-04-10 17:44:00+00:00,2020-04-10 18:44:00+00:00,157.5,157.59,0.0900000000000034,0.0005714285714285,False,True
ETH,120,286,2020-04-10 17:43:06+00:00,vitalikbuterin,BUY,0.8,4.0,2020-04-10 17:44:00+00:00,2020-04-10 19:44:00+00:00,157.5,157.89,0.3899999999999863,0.0024761904761903,False,True
ETH,360,286,2020-04-10 17:43:06+00:00,vitalikbuterin,BUY,0.8,4.0,2020-04-10 17:44:00+00:00,2020-04-10 23:44:00+00:00,157.5,157.02,-0.4799999999999897,-0.0030476190476189,False,False
ETH,720,286,2020-04-10 17:43:06+00:00,vitalikbuterin,BUY,0.8,4.0,2020-04-10 17:44:00+00:00,2020-04-11 05:44:00+00:00,157.5,160.45,2.9499999999999886,0.0187301587301586,False,True
ETH,1440,286,2020-04-10 17:43:06+00:00,vitalikbuterin,BUY,0.8,4.0,2020-04-10 17:44:00+00:00,2020-04-11 17:44:00+00:00,157.5,156.19,-1.3100000000000025,-0.0083174603174603,False,False
ETH,1,288,2020-04-16 21:28:19+00:00,vitalikbuterin,BUY,0.7,3.0,2020-04-16 21:29:00+00:00,2020-04-16 21:30:00+00:00,171.95,171.94,-0.0099999999999909,-5.815644082576857e-05,False,False
ETH,3,288,2020-04-16 21:28:19+00:00,vitalikbuterin,BUY,0.7,3.0,2020-04-16 21:29:00+00:00,2020-04-16 21:32:00+00:00,171.95,171.88,-0.0699999999999931,-0.0004070950857807,False,False
ETH,5,288,2020-04-16 21:28:19+00:00,vitalikbuterin,BUY,0.7,3.0,2020-04-16 21:29:00+00:00,2020-04-16 21:34:00+00:00,171.95,172.2,0.25,0.0014539110206455,False,True
ETH,10,288,2020-04-16 21:28:19+00:00,vitalikbuterin,BUY,0.7,3.0,2020-04-16 21:29:00+00:00,2020-04-16 21:39:00+00:00,171.95,172.69,0.7400000000000091,0.0043035766211108,False,True
ETH,15,288,2020-04-16 21:28:19+00:00,vitalikbuterin,BUY,0.7,3.0,2020-04-16 21:29:00+00:00,2020-04-16 21:44:00+00:00,171.95,172.84,0.8900000000000148,0.0051759232334981,False,True
ETH,30,288,2020-04-16 21:28:19+00:00,vitalikbuterin,BUY,0.7,3.0,2020-04-16 21:29:00+00:00,2020-04-16 21:59:00+00:00,171.95,172.73,0.7800000000000011,0.004536202384414,False,True
ETH,60,288,2020-04-16 21:28:19+00:00,vitalikbuterin,BUY,0.7,3.0,2020-04-16 21:29:00+00:00,2020-04-16 22:29:00+00:00,171.95,171.32,-0.6299999999999955,-0.0036638557720267,False,False
ETH,120,288,2020-04-16 21:28:19+00:00,vitalikbuterin,BUY,0.7,3.0,2020-04-16 21:29:00+00:00,2020-04-16 23:29:00+00:00,171.95,173.31,1.3600000000000136,0.0079092759523118,False,True
ETH,360,288,2020-04-16 21:28:19+00:00,vitalikbuterin,BUY,0.7,3.0,2020-04-16 21:29:00+00:00,2020-04-17 03:29:00+00:00,171.95,171.02,-0.9299999999999784,-0.0054085489968012,False,False
ETH,720,288,2020-04-16 21:28:19+00:00,vitalikbuterin,BUY,0.7,3.0,2020-04-16 21:29:00+00:00,2020-04-17 09:29:00+00:00,171.95,170.8,-1.1499999999999773,-0.0066879906949693,False,False
ETH,1440,288,2020-04-16 21:28:19+00:00,vitalikbuterin,BUY,0.7,3.0,2020-04-16 21:29:00+00:00,2020-04-17 21:29:00+00:00,171.95,170.83,-1.119999999999976,-0.0065135213724918,False,False
ETH,1,296,2020-05-11 15:45:10+00:00,ethereum,BUY,0.8,4.0,2020-05-11 15:46:00+00:00,2020-05-11 15:47:00+00:00,187.93,187.99,0.0600000000000022,0.0003192678124833,False,True
ETH,3,296,2020-05-11 15:45:10+00:00,ethereum,BUY,0.8,4.0,2020-05-11 15:46:00+00:00,2020-05-11 15:49:00+00:00,187.93,188.31,0.3799999999999954,0.0020220294790613,False,True
ETH,5,296,2020-05-11 15:45:10+00:00,ethereum,BUY,0.8,4.0,2020-05-11 15:46:00+00:00,2020-05-11 15:51:00+00:00,187.93,187.99,0.0600000000000022,0.0003192678124833,False,True
ETH,10,296,2020-05-11 15:45:10+00:00,ethereum,BUY,0.8,4.0,2020-05-11 15:46:00+00:00,2020-05-11 15:56:00+00:00,187.93,188.03,0.0999999999999943,0.0005321130208055,False,True
ETH,15,296,2020-05-11 15:45:10+00:00,ethereum,BUY,0.8,4.0,2020-05-11 15:46:00+00:00,2020-05-11 16:01:00+00:00,187.93,188.18,0.25,0.001330282552014,False,True
ETH,30,296,2020-05-11 15:45:10+00:00,ethereum,BUY,0.8,4.0,2020-05-11 15:46:00+00:00,2020-05-11 16:16:00+00:00,187.93,188.67,0.7399999999999807,0.0039376363539614,False,True
ETH,60,296,2020-05-11 15:45:10+00:00,ethereum,BUY,0.8,4.0,2020-05-11 15:46:00+00:00,2020-05-11 16:46:00+00:00,187.93,183.5,-4.430000000000007,-0.0235726068216889,False,False
ETH,120,296,2020-05-11 15:45:10+00:00,ethereum,BUY,0.8,4.0,2020-05-11 15:46:00+00:00,2020-05-11 17:46:00+00:00,187.93,184.15,-3.780000000000001,-0.0201138721864524,False,False
ETH,360,296,2020-05-11 15:45:10+00:00,ethereum,BUY,0.8,4.0,2020-05-11 15:46:00+00:00,2020-05-11 21:46:00+00:00,187.93,185.57,-2.3600000000000136,-0.0125578672910126,False,False
ETH,720,296,2020-05-11 15:45:10+00:00,ethereum,BUY,0.8,4.0,2020-05-11 15:46:00+00:00,2020-05-12 03:46:00+00:00,187.93,188.3,0.3700000000000045,0.0019688181769808,False,True
ETH,1440,296,2020-05-11 15:45:10+00:00,ethereum,BUY,0.8,4.0,2020-05-11 15:46:00+00:00,2020-05-12 15:46:00+00:00,187.93,190.92,2.9899999999999807,0.0159101793220879,False,True
ETH,1,297,2020-05-14 14:17:24+00:00,vitalikbuterin,BUY,0.8,4.0,2020-05-14 14:18:00+00:00,2020-05-14 14:19:00+00:00,202.45,202.51,0.0600000000000022,0.0002963694739441,False,True
ETH,3,297,2020-05-14 14:17:24+00:00,vitalikbuterin,BUY,0.8,4.0,2020-05-14 14:18:00+00:00,2020-05-14 14:21:00+00:00,202.45,202.62,0.1700000000000159,0.0008397135095085,False,True
ETH,5,297,2020-05-14 14:17:24+00:00,vitalikbuterin,BUY,0.8,4.0,2020-05-14 14:18:00+00:00,2020-05-14 14:23:00+00:00,202.45,202.65,0.200000000000017,0.0009878982464806,False,True
ETH,10,297,2020-05-14 14:17:24+00:00,vitalikbuterin,BUY,0.8,4.0,2020-05-14 14:18:00+00:00,2020-05-14 14:28:00+00:00,202.45,202.54,0.0900000000000034,0.0004445542109162,False,True
ETH,15,297,2020-05-14 14:17:24+00:00,vitalikbuterin,BUY,0.8,4.0,2020-05-14 14:18:00+00:00,2020-05-14 14:33:00+00:00,202.45,202.72,0.2700000000000102,0.0013336626327488,False,True
ETH,30,297,2020-05-14 14:17:24+00:00,vitalikbuterin,BUY,0.8,4.0,2020-05-14 14:18:00+00:00,2020-05-14 14:48:00+00:00,202.45,202.62,0.1700000000000159,0.0008397135095085,False,True
ETH,60,297,2020-05-14 14:17:24+00:00,vitalikbuterin,BUY,0.8,4.0,2020-05-14 14:18:00+00:00,2020-05-14 15:18:00+00:00,202.45,202.0,-0.4499999999999886,-0.0022227710545813,False,False
ETH,120,297,2020-05-14 14:17:24+00:00,vitalikbuterin,BUY,0.8,4.0,2020-05-14 14:18:00+00:00,2020-05-14 16:18:00+00:00,202.45,201.14,-1.3100000000000025,-0.006470733514448,False,False
ETH,360,297,2020-05-14 14:17:24+00:00,vitalikbuterin,BUY,0.8,4.0,2020-05-14 14:18:00+00:00,2020-05-14 20:18:00+00:00,202.45,203.44,0.9900000000000092,0.004890096320079,False,True
ETH,720,297,2020-05-14 14:17:24+00:00,vitalikbuterin,BUY,0.8,4.0,2020-05-14 14:18:00+00:00,2020-05-15 02:18:00+00:00,202.45,200.31,-2.1399999999999864,-0.0105705112373424,False,False
ETH,1440,297,2020-05-14 14:17:24+00:00,vitalikbuterin,BUY,0.8,4.0,2020-05-14 14:18:00+00:00,2020-05-15 14:18:00+00:00,202.45,199.92,-2.530000000000001,-0.0124969128179797,False,False
ETH,1,298,2020-05-15 14:14:49+00:00,vitalikbuterin,BUY,0.8,4.0,2020-05-15 14:15:00+00:00,2020-05-15 14:16:00+00:00,200.15,200.18,0.0300000000000011,0.0001498875843117,False,True
ETH,3,298,2020-05-15 14:14:49+00:00,vitalikbuterin,BUY,0.8,4.0,2020-05-15 14:15:00+00:00,2020-05-15 14:18:00+00:00,200.15,199.92,-0.2300000000000182,-0.0011491381463902,False,False
ETH,5,298,2020-05-15 14:14:49+00:00,vitalikbuterin,BUY,0.8,4.0,2020-05-15 14:15:00+00:00,2020-05-15 14:20:00+00:00,200.15,199.91,-0.2400000000000091,-0.0011991006744941,False,False
ETH,10,298,2020-05-15 14:14:49+00:00,vitalikbuterin,BUY,0.8,4.0,2020-05-15 14:15:00+00:00,2020-05-15 14:25:00+00:00,200.15,200.11,-0.039999999999992,-0.0001998501124156,False,False
ETH,15,298,2020-05-15 14:14:49+00:00,vitalikbuterin,BUY,0.8,4.0,2020-05-15 14:15:00+00:00,2020-05-15 14:30:00+00:00,200.15,199.94,-0.2100000000000079,-0.0010492130901824,False,False
ETH,30,298,2020-05-15 14:14:49+00:00,vitalikbuterin,BUY,0.8,4.0,2020-05-15 14:15:00+00:00,2020-05-15 14:45:00+00:00,200.15,200.31,0.1599999999999966,0.0007994004496627,False,True
ETH,60,298,2020-05-15 14:14:49+00:00,vitalikbuterin,BUY,0.8,4.0,2020-05-15 14:15:00+00:00,2020-05-15 15:15:00+00:00,200.15,198.85,-1.3000000000000114,-0.0064951286535099,False,False
ETH,120,298,2020-05-15 14:14:49+00:00,vitalikbuterin,BUY,0.8,4.0,2020-05-15 14:15:00+00:00,2020-05-15 16:15:00+00:00,200.15,197.76,-2.390000000000015,-0.0119410442168374,False,False
ETH,360,298,2020-05-15 14:14:49+00:00,vitalikbuterin,BUY,0.8,4.0,2020-05-15 14:15:00+00:00,2020-05-15 20:15:00+00:00,200.15,195.24,-4.909999999999997,-0.0245316012990257,False,False
ETH,720,298,2020-05-15 14:14:49+00:00,vitalikbuterin,BUY,0.8,4.0,2020-05-15 14:15:00+00:00,2020-05-16 02:15:00+00:00,200.15,197.79,-2.3600000000000136,-0.0117911566325256,False,False
ETH,1440,298,2020-05-15 14:14:49+00:00,vitalikbuterin,BUY,0.8,4.0,2020-05-15 14:15:00+00:00,2020-05-16 14:15:00+00:00,200.15,202.27,2.1200000000000045,0.0105920559580315,False,True
ETH,1,303,2020-05-20 19:11:41+00:00,vitalikbuterin,SELL,0.9,5.0,2020-05-20 19:12:00+00:00,2020-05-20 19:13:00+00:00,209.06,209.18,0.1200000000000045,0.000573997895341,False,False
ETH,3,303,2020-05-20 19:11:41+00:00,vitalikbuterin,SELL,0.9,5.0,2020-05-20 19:12:00+00:00,2020-05-20 19:15:00+00:00,209.06,209.21,0.1500000000000056,0.0007174973691763,False,False
ETH,5,303,2020-05-20 19:11:41+00:00,vitalikbuterin,SELL,0.9,5.0,2020-05-20 19:12:00+00:00,2020-05-20 19:17:00+00:00,209.06,209.27,0.2100000000000079,0.0010044963168468,False,False
ETH,10,303,2020-05-20 19:11:41+00:00,vitalikbuterin,SELL,0.9,5.0,2020-05-20 19:12:00+00:00,2020-05-20 19:22:00+00:00,209.06,209.02,-0.039999999999992,-0.0001913326317803,False,True
ETH,15,303,2020-05-20 19:11:41+00:00,vitalikbuterin,SELL,0.9,5.0,2020-05-20 19:12:00+00:00,2020-05-20 19:27:00+00:00,209.06,208.87,-0.1899999999999977,-0.0009088300009566,False,True
ETH,30,303,2020-05-20 19:11:41+00:00,vitalikbuterin,SELL,0.9,5.0,2020-05-20 19:12:00+00:00,2020-05-20 19:42:00+00:00,209.06,209.4,0.3400000000000034,0.0016263273701329,False,False
ETH,60,303,2020-05-20 19:11:41+00:00,vitalikbuterin,SELL,0.9,5.0,2020-05-20 19:12:00+00:00,2020-05-20 20:12:00+00:00,209.06,209.22,0.1599999999999966,0.0007653305271213,False,False
ETH,120,303,2020-05-20 19:11:41+00:00,vitalikbuterin,SELL,0.9,5.0,2020-05-20 19:12:00+00:00,2020-05-20 21:12:00+00:00,209.06,210.05,0.9900000000000092,0.0047354826365637,False,False
ETH,360,303,2020-05-20 19:11:41+00:00,vitalikbuterin,SELL,0.9,5.0,2020-05-20 19:12:00+00:00,2020-05-21 01:12:00+00:00,209.06,210.97,1.9099999999999968,0.0091361331675117,False,False
ETH,720,303,2020-05-20 19:11:41+00:00,vitalikbuterin,SELL,0.9,5.0,2020-05-20 19:12:00+00:00,2020-05-21 07:12:00+00:00,209.06,208.9,-0.1599999999999966,-0.0007653305271213,False,True
ETH,1440,303,2020-05-20 19:11:41+00:00,vitalikbuterin,SELL,0.9,5.0,2020-05-20 19:12:00+00:00,2020-05-21 19:12:00+00:00,209.06,195.77,-13.289999999999992,-0.0635702669090212,False,True
ETH,1,306,2020-05-21 22:47:34+00:00,vitalikbuterin,SELL,0.7,3.0,2020-05-21 22:48:00+00:00,2020-05-21 22:49:00+00:00,200.5,200.56,0.0600000000000022,0.0002992518703242,False,False
ETH,3,306,2020-05-21 22:47:34+00:00,vitalikbuterin,SELL,0.7,3.0,2020-05-21 22:48:00+00:00,2020-05-21 22:51:00+00:00,200.5,200.5,0.0,0.0,True,
ETH,5,306,2020-05-21 22:47:34+00:00,vitalikbuterin,SELL,0.7,3.0,2020-05-21 22:48:00+00:00,2020-05-21 22:53:00+00:00,200.5,200.63,0.1299999999999954,0.000648379052369,False,False
ETH,10,306,2020-05-21 22:47:34+00:00,vitalikbuterin,SELL,0.7,3.0,2020-05-21 22:48:00+00:00,2020-05-21 22:58:00+00:00,200.5,200.45,-0.0500000000000113,-0.0002493765586035,False,True
ETH,15,306,2020-05-21 22:47:34+00:00,vitalikbuterin,SELL,0.7,3.0,2020-05-21 22:48:00+00:00,2020-05-21 23:03:00+00:00,200.5,200.1,-0.4000000000000057,-0.0019950124688279,False,True
ETH,30,306,2020-05-21 22:47:34+00:00,vitalikbuterin,SELL,0.7,3.0,2020-05-21 22:48:00+00:00,2020-05-21 23:18:00+00:00,200.5,199.8,-0.6999999999999886,-0.0034912718204488,False,True
ETH,60,306,2020-05-21 22:47:34+00:00,vitalikbuterin,SELL,0.7,3.0,2020-05-21 22:48:00+00:00,2020-05-21 23:48:00+00:00,200.5,198.68,-1.8199999999999932,-0.009077306733167,False,True
ETH,120,306,2020-05-21 22:47:34+00:00,vitalikbuterin,SELL,0.7,3.0,2020-05-21 22:48:00+00:00,2020-05-22 00:48:00+00:00,200.5,197.64,-2.8600000000000136,-0.0142643391521197,False,True
ETH,360,306,2020-05-21 22:47:34+00:00,vitalikbuterin,SELL,0.7,3.0,2020-05-21 22:48:00+00:00,2020-05-22 04:48:00+00:00,200.5,197.31,-3.1899999999999977,-0.0159102244389027,False,True
ETH,720,306,2020-05-21 22:47:34+00:00,vitalikbuterin,SELL,0.7,3.0,2020-05-21 22:48:00+00:00,2020-05-22 10:48:00+00:00,200.5,203.13,2.6299999999999955,0.0131172069825436,False,False
ETH,1440,306,2020-05-21 22:47:34+00:00,vitalikbuterin,SELL,0.7,3.0,2020-05-21 22:48:00+00:00,2020-05-22 22:48:00+00:00,200.5,208.02,7.52000000000001,0.0375062344139651,False,False
ETH,1,309,2020-05-26 11:35:09+00:00,vitalikbuterin,BUY,0.8,4.0,2020-05-26 11:36:00+00:00,2020-05-26 11:37:00+00:00,202.39,202.39,0.0,0.0,True,
ETH,3,309,2020-05-26 11:35:09+00:00,vitalikbuterin,BUY,0.8,4.0,2020-05-26 11:36:00+00:00,2020-05-26 11:39:00+00:00,202.39,202.16,-0.2299999999999897,-0.001136419783586,False,False
ETH,5,309,2020-05-26 11:35:09+00:00,vitalikbuterin,BUY,0.8,4.0,2020-05-26 11:36:00+00:00,2020-05-26 11:41:00+00:00,202.39,202.23,-0.1599999999999966,-0.0007905528929294,False,False
ETH,10,309,2020-05-26 11:35:09+00:00,vitalikbuterin,BUY,0.8,4.0,2020-05-26 11:36:00+00:00,2020-05-26 11:46:00+00:00,202.39,202.24,-0.1499999999999772,-0.0007411433371212,False,False
ETH,15,309,2020-05-26 11:35:09+00:00,vitalikbuterin,BUY,0.8,4.0,2020-05-26 11:36:00+00:00,2020-05-26 11:51:00+00:00,202.39,202.56,0.1700000000000159,0.0008399624487376,False,True
ETH,30,309,2020-05-26 11:35:09+00:00,vitalikbuterin,BUY,0.8,4.0,2020-05-26 11:36:00+00:00,2020-05-26 12:06:00+00:00,202.39,202.16,-0.2299999999999897,-0.001136419783586,False,False
ETH,60,309,2020-05-26 11:35:09+00:00,vitalikbuterin,BUY,0.8,4.0,2020-05-26 11:36:00+00:00,2020-05-26 12:36:00+00:00,202.39,200.53,-1.8599999999999852,-0.0091901773803052,False,False
ETH,120,309,2020-05-26 11:35:09+00:00,vitalikbuterin,BUY,0.8,4.0,2020-05-26 11:36:00+00:00,2020-05-26 13:36:00+00:00,202.39,201.68,-0.7099999999999795,-0.0035080784623745,False,False
ETH,360,309,2020-05-26 11:35:09+00:00,vitalikbuterin,BUY,0.8,4.0,2020-05-26 11:36:00+00:00,2020-05-26 17:36:00+00:00,202.39,199.58,-2.809999999999974,-0.013884085182074,False,False
ETH,720,309,2020-05-26 11:35:09+00:00,vitalikbuterin,BUY,0.8,4.0,2020-05-26 11:36:00+00:00,2020-05-26 23:36:00+00:00,202.39,200.64,-1.75,-0.0086466722664163,False,False
ETH,1440,309,2020-05-26 11:35:09+00:00,vitalikbuterin,BUY,0.8,4.0,2020-05-26 11:36:00+00:00,2020-05-27 11:36:00+00:00,202.39,206.22,3.830000000000013,0.0189238598744997,False,True
ETH,1,320,2020-06-18 18:21:32+00:00,ethereum,BUY,0.8,4.0,2020-06-18 18:22:00+00:00,2020-06-18 18:23:00+00:00,231.67,231.65,-0.0199999999999818,-8.632969309786253e-05,False,False
ETH,3,320,2020-06-18 18:21:32+00:00,ethereum,BUY,0.8,4.0,2020-06-18 18:22:00+00:00,2020-06-18 18:25:00+00:00,231.67,231.67,0.0,0.0,True,
ETH,5,320,2020-06-18 18:21:32+00:00,ethereum,BUY,0.8,4.0,2020-06-18 18:22:00+00:00,2020-06-18 18:27:00+00:00,231.67,231.68,0.0100000000000193,4.316484654905394e-05,False,True
ETH,10,320,2020-06-18 18:21:32+00:00,ethereum,BUY,0.8,4.0,2020-06-18 18:22:00+00:00,2020-06-18 18:32:00+00:00,231.67,231.25,-0.4199999999999875,-0.0018129235550567,False,False
ETH,15,320,2020-06-18 18:21:32+00:00,ethereum,BUY,0.8,4.0,2020-06-18 18:22:00+00:00,2020-06-18 18:37:00+00:00,231.67,231.07,-0.5999999999999943,-0.0025898907929382,False,False
ETH,30,320,2020-06-18 18:21:32+00:00,ethereum,BUY,0.8,4.0,2020-06-18 18:22:00+00:00,2020-06-18 18:52:00+00:00,231.67,231.29,-0.3799999999999954,-0.0016402641688608,False,False
ETH,60,320,2020-06-18 18:21:32+00:00,ethereum,BUY,0.8,4.0,2020-06-18 18:22:00+00:00,2020-06-18 19:22:00+00:00,231.67,231.21,-0.4599999999999795,-0.0019855829412525,False,False
ETH,120,320,2020-06-18 18:21:32+00:00,ethereum,BUY,0.8,4.0,2020-06-18 18:22:00+00:00,2020-06-18 20:22:00+00:00,231.67,230.92,-0.75,-0.0032373634911727,False,False
ETH,360,320,2020-06-18 18:21:32+00:00,ethereum,BUY,0.8,4.0,2020-06-18 18:22:00+00:00,2020-06-19 00:22:00+00:00,231.67,230.55,-1.119999999999976,-0.0048344628134845,False,False
ETH,720,320,2020-06-18 18:21:32+00:00,ethereum,BUY,0.8,4.0,2020-06-18 18:22:00+00:00,2020-06-19 06:22:00+00:00,231.67,228.65,-3.019999999999982,-0.013035783657789,False,False
ETH,1440,320,2020-06-18 18:21:32+00:00,ethereum,BUY,0.8,4.0,2020-06-18 18:22:00+00:00,2020-06-19 18:22:00+00:00,231.67,228.69,-2.9799999999999898,-0.0128631242715931,False,False
ETH,1,324,2020-06-24 11:14:54+00:00,vitalikbuterin,BUY,0.9,4.0,2020-06-24 11:15:00+00:00,2020-06-24 11:16:00+00:00,239.55,239.74,0.1899999999999977,0.000793153830098,False,True
ETH,3,324,2020-06-24 11:14:54+00:00,vitalikbuterin,BUY,0.9,4.0,2020-06-24 11:15:00+00:00,2020-06-24 11:18:00+00:00,239.55,239.71,0.1599999999999966,0.0006679190148194,False,True
ETH,5,324,2020-06-24 11:14:54+00:00,vitalikbuterin,BUY,0.9,4.0,2020-06-24 11:15:00+00:00,2020-06-24 11:20:00+00:00,239.55,239.32,-0.2300000000000182,-0.000960133583803,False,False
ETH,10,324,2020-06-24 11:14:54+00:00,vitalikbuterin,BUY,0.9,4.0,2020-06-24 11:15:00+00:00,2020-06-24 11:25:00+00:00,239.55,239.39,-0.160000000000025,-0.0006679190148195,False,False
ETH,15,324,2020-06-24 11:14:54+00:00,vitalikbuterin,BUY,0.9,4.0,2020-06-24 11:15:00+00:00,2020-06-24 11:30:00+00:00,239.55,239.52,-0.0300000000000011,-0.0001252348152786,False,False
ETH,30,324,2020-06-24 11:14:54+00:00,vitalikbuterin,BUY,0.9,4.0,2020-06-24 11:15:00+00:00,2020-06-24 11:45:00+00:00,239.55,238.86,-0.6899999999999977,-0.0028804007514088,False,False
ETH,60,324,2020-06-24 11:14:54+00:00,vitalikbuterin,BUY,0.9,4.0,2020-06-24 11:15:00+00:00,2020-06-24 12:15:00+00:00,239.55,239.39,-0.160000000000025,-0.0006679190148195,False,False
ETH,120,324,2020-06-24 11:14:54+00:00,vitalikbuterin,BUY,0.9,4.0,2020-06-24 11:15:00+00:00,2020-06-24 13:15:00+00:00,239.55,240.61,1.0600000000000025,0.0044249634731788,False,True
ETH,360,324,2020-06-24 11:14:54+00:00,vitalikbuterin,BUY,0.9,4.0,2020-06-24 11:15:00+00:00,2020-06-24 17:15:00+00:00,239.55,234.16,-5.390000000000015,-0.0225005218117303,False,False
ETH,720,324,2020-06-24 11:14:54+00:00,vitalikbuterin,BUY,0.9,4.0,2020-06-24 11:15:00+00:00,2020-06-24 23:15:00+00:00,239.55,235.58,-3.969999999999999,-0.0165727405552076,False,False
ETH,1440,324,2020-06-24 11:14:54+00:00,vitalikbuterin,BUY,0.9,4.0,2020-06-24 11:15:00+00:00,2020-06-25 11:15:00+00:00,239.55,233.99,-5.560000000000002,-0.023210185764976,False,False
ETH,1,325,2020-06-25 18:11:36+00:00,vitalikbuterin,SELL,0.7,4.0,2020-06-25 18:12:00+00:00,2020-06-25 18:13:00+00:00,233.58,233.64,0.0599999999999738,0.0002568713074748,False,False
ETH,3,325,2020-06-25 18:11:36+00:00,vitalikbuterin,SELL,0.7,4.0,2020-06-25 18:12:00+00:00,2020-06-25 18:15:00+00:00,233.58,233.54,-0.0400000000000204,-0.0001712475383167,False,True
ETH,5,325,2020-06-25 18:11:36+00:00,vitalikbuterin,SELL,0.7,4.0,2020-06-25 18:12:00+00:00,2020-06-25 18:17:00+00:00,233.58,233.61,0.0300000000000011,0.0001284356537374,False,False
ETH,10,325,2020-06-25 18:11:36+00:00,vitalikbuterin,SELL,0.7,4.0,2020-06-25 18:12:00+00:00,2020-06-25 18:22:00+00:00,233.58,233.47,-0.1100000000000136,-0.0004709307303708,False,True
ETH,15,325,2020-06-25 18:11:36+00:00,vitalikbuterin,SELL,0.7,4.0,2020-06-25 18:12:00+00:00,2020-06-25 18:27:00+00:00,233.58,233.36,-0.2199999999999988,-0.0009418614607414,False,True
ETH,30,325,2020-06-25 18:11:36+00:00,vitalikbuterin,SELL,0.7,4.0,2020-06-25 18:12:00+00:00,2020-06-25 18:42:00+00:00,233.58,233.18,-0.4000000000000057,-0.0017124753831663,False,True
ETH,60,325,2020-06-25 18:11:36+00:00,vitalikbuterin,SELL,0.7,4.0,2020-06-25 18:12:00+00:00,2020-06-25 19:12:00+00:00,233.58,233.09,-0.4900000000000091,-0.0020977823443788,False,True
ETH,120,325,2020-06-25 18:11:36+00:00,vitalikbuterin,SELL,0.7,4.0,2020-06-25 18:12:00+00:00,2020-06-25 20:12:00+00:00,233.58,233.73,0.1499999999999772,0.0006421782686872,False,False
ETH,360,325,2020-06-25 18:11:36+00:00,vitalikbuterin,SELL,0.7,4.0,2020-06-25 18:12:00+00:00,2020-06-26 00:12:00+00:00,233.58,232.05,-1.5300000000000011,-0.0065502183406113,False,True
ETH,720,325,2020-06-25 18:11:36+00:00,vitalikbuterin,SELL,0.7,4.0,2020-06-25 18:12:00+00:00,2020-06-26 06:12:00+00:00,233.58,231.55,-2.030000000000001,-0.0086908125695693,False,True
ETH,1440,325,2020-06-25 18:11:36+00:00,vitalikbuterin,SELL,0.7,4.0,2020-06-25 18:12:00+00:00,2020-06-26 18:12:00+00:00,233.58,229.59,-3.990000000000009,-0.0170819419470845,False,True
ETH,1,333,2020-07-15 16:37:28+00:00,vitalikbuterin,BUY,0.8,4.0,2020-07-15 16:38:00+00:00,2020-07-15 16:39:00+00:00,238.18,238.11,-0.0699999999999931,-0.000293895373247,False,False
ETH,3,333,2020-07-15 16:37:28+00:00,vitalikbuterin,BUY,0.8,4.0,2020-07-15 16:38:00+00:00,2020-07-15 16:41:00+00:00,238.18,238.0,-0.1800000000000068,-0.0007557309597783,False,False
ETH,5,333,2020-07-15 16:37:28+00:00,vitalikbuterin,BUY,0.8,4.0,2020-07-15 16:38:00+00:00,2020-07-15 16:43:00+00:00,238.18,237.9,-0.2800000000000011,-0.0011755814929885,False,False
ETH,10,333,2020-07-15 16:37:28+00:00,vitalikbuterin,BUY,0.8,4.0,2020-07-15 16:38:00+00:00,2020-07-15 16:48:00+00:00,238.18,237.53,-0.6500000000000057,-0.0027290284658661,False,False
ETH,15,333,2020-07-15 16:37:28+00:00,vitalikbuterin,BUY,0.8,4.0,2020-07-15 16:38:00+00:00,2020-07-15 16:53:00+00:00,238.18,237.64,-0.5400000000000205,-0.002267192879335,False,False
ETH,30,333,2020-07-15 16:37:28+00:00,vitalikbuterin,BUY,0.8,4.0,2020-07-15 16:38:00+00:00,2020-07-15 17:08:00+00:00,238.18,238.18,0.0,0.0,True,
ETH,60,333,2020-07-15 16:37:28+00:00,vitalikbuterin,BUY,0.8,4.0,2020-07-15 16:38:00+00:00,2020-07-15 17:38:00+00:00,238.18,238.15,-0.0300000000000011,-0.000125955159963,False,False
ETH,120,333,2020-07-15 16:37:28+00:00,vitalikbuterin,BUY,0.8,4.0,2020-07-15 16:38:00+00:00,2020-07-15 18:38:00+00:00,238.18,238.11,-0.0699999999999931,-0.000293895373247,False,False
ETH,360,333,2020-07-15 16:37:28+00:00,vitalikbuterin,BUY,0.8,4.0,2020-07-15 16:38:00+00:00,2020-07-15 22:38:00+00:00,238.18,238.54,0.3599999999999852,0.0015114619195565,False,True
ETH,720,333,2020-07-15 16:37:28+00:00,vitalikbuterin,BUY,0.8,4.0,2020-07-15 16:38:00+00:00,2020-07-16 04:38:00+00:00,238.18,238.48,0.2999999999999829,0.0012595515996304,False,True
ETH,1440,333,2020-07-15 16:37:28+00:00,vitalikbuterin,BUY,0.8,4.0,2020-07-15 16:38:00+00:00,2020-07-16 16:38:00+00:00,238.18,232.74,-5.439999999999998,-0.0228398690066336,False,False
ETH,1,334,2020-07-21 15:10:58+00:00,vitalikbuterin,SELL,0.8,4.0,2020-07-21 15:11:00+00:00,2020-07-21 15:12:00+00:00,243.14,243.06,-0.079999999999984,-0.000329028543226,False,True
ETH,3,334,2020-07-21 15:10:58+00:00,vitalikbuterin,SELL,0.8,4.0,2020-07-21 15:11:00+00:00,2020-07-21 15:14:00+00:00,243.14,242.92,-0.2199999999999988,-0.0009048284938718,False,True
ETH,5,334,2020-07-21 15:10:58+00:00,vitalikbuterin,SELL,0.8,4.0,2020-07-21 15:11:00+00:00,2020-07-21 15:16:00+00:00,243.14,243.1,-0.039999999999992,-0.000164514271613,False,True
ETH,10,334,2020-07-21 15:10:58+00:00,vitalikbuterin,SELL,0.8,4.0,2020-07-21 15:11:00+00:00,2020-07-21 15:21:00+00:00,243.14,243.29,0.1500000000000056,0.000616928518549,False,False
ETH,15,334,2020-07-21 15:10:58+00:00,vitalikbuterin,SELL,0.8,4.0,2020-07-21 15:11:00+00:00,2020-07-21 15:26:00+00:00,243.14,243.33,0.1900000000000261,0.0007814427901621,False,False
ETH,30,334,2020-07-21 15:10:58+00:00,vitalikbuterin,SELL,0.8,4.0,2020-07-21 15:11:00+00:00,2020-07-21 15:41:00+00:00,243.14,243.19,0.0500000000000113,0.0002056428395163,False,False
ETH,60,334,2020-07-21 15:10:58+00:00,vitalikbuterin,SELL,0.8,4.0,2020-07-21 15:11:00+00:00,2020-07-21 16:11:00+00:00,243.14,243.69,0.5500000000000114,0.0022620712346796,False,False
ETH,120,334,2020-07-21 15:10:58+00:00,vitalikbuterin,SELL,0.8,4.0,2020-07-21 15:11:00+00:00,2020-07-21 17:11:00+00:00,243.14,243.59,0.450000000000017,0.001850785555647,False,False
ETH,360,334,2020-07-21 15:10:58+00:00,vitalikbuterin,SELL,0.8,4.0,2020-07-21 15:11:00+00:00,2020-07-21 21:11:00+00:00,243.14,245.41,2.2700000000000102,0.0093361849140413,False,False
ETH,720,334,2020-07-21 15:10:58+00:00,vitalikbuterin,SELL,0.8,4.0,2020-07-21 15:11:00+00:00,2020-07-22 03:11:00+00:00,243.14,243.93,0.7900000000000205,0.003249156864358,False,False
ETH,1440,334,2020-07-21 15:10:58+00:00,vitalikbuterin,SELL,0.8,4.0,2020-07-21 15:11:00+00:00,2020-07-22 15:11:00+00:00,243.14,244.15,1.010000000000019,0.0041539853582299,False,False
ETH,1,337,2020-07-30 17:33:17+00:00,ethereum,BUY,1.0,5.0,2020-07-30 17:34:00+00:00,2020-07-30 17:35:00+00:00,322.24,322.45,0.2099999999999795,0.0006516881827208,False,True
ETH,3,337,2020-07-30 17:33:17+00:00,ethereum,BUY,1.0,5.0,2020-07-30 17:34:00+00:00,2020-07-30 17:37:00+00:00,322.24,322.29,0.0500000000000113,0.0001551638530288,False,True
ETH,5,337,2020-07-30 17:33:17+00:00,ethereum,BUY,1.0,5.0,2020-07-30 17:34:00+00:00,2020-07-30 17:39:00+00:00,322.24,322.46,0.2199999999999704,0.0006827209533266,False,True
ETH,10,337,2020-07-30 17:33:17+00:00,ethereum,BUY,1.0,5.0,2020-07-30 17:34:00+00:00,2020-07-30 17:44:00+00:00,322.24,322.41,0.1700000000000159,0.0005275571002979,False,True
ETH,15,337,2020-07-30 17:33:17+00:00,ethereum,BUY,1.0,5.0,2020-07-30 17:34:00+00:00,2020-07-30 17:49:00+00:00,322.24,323.39,1.1499999999999773,0.0035687686196622,False,True
ETH,30,337,2020-07-30 17:33:17+00:00,ethereum,BUY,1.0,5.0,2020-07-30 17:34:00+00:00,2020-07-30 18:04:00+00:00,322.24,326.71,4.46999999999997,0.0138716484607744,False,True
ETH,60,337,2020-07-30 17:33:17+00:00,ethereum,BUY,1.0,5.0,2020-07-30 17:34:00+00:00,2020-07-30 18:34:00+00:00,322.24,328.32,6.079999999999984,0.0188679245283018,False,True
ETH,120,337,2020-07-30 17:33:17+00:00,ethereum,BUY,1.0,5.0,2020-07-30 17:34:00+00:00,2020-07-30 19:34:00+00:00,322.24,330.71,8.46999999999997,0.0262847567030783,False,True
ETH,360,337,2020-07-30 17:33:17+00:00,ethereum,BUY,1.0,5.0,2020-07-30 17:34:00+00:00,2020-07-30 23:34:00+00:00,322.24,336.41,14.170000000000016,0.0439734359483615,False,True
ETH,720,337,2020-07-30 17:33:17+00:00,ethereum,BUY,1.0,5.0,2020-07-30 17:34:00+00:00,2020-07-31 05:34:00+00:00,322.24,332.84,10.599999999999966,0.0328947368421051,False,True
ETH,1440,337,2020-07-30 17:33:17+00:00,ethereum,BUY,1.0,5.0,2020-07-30 17:34:00+00:00,2020-07-31 17:34:00+00:00,322.24,343.48,21.24000000000001,0.0659136047666335,False,True
ETH,1,339,2020-08-04 02:48:39+00:00,vitalikbuterin,BUY,0.8,4.0,2020-08-04 02:49:00+00:00,2020-08-04 02:50:00+00:00,394.1,394.82,0.7199999999999704,0.00182694747526,False,True
ETH,3,339,2020-08-04 02:48:39+00:00,vitalikbuterin,BUY,0.8,4.0,2020-08-04 02:49:00+00:00,2020-08-04 02:52:00+00:00,394.1,394.34,0.2399999999999522,0.0006089824917532,False,True
ETH,5,339,2020-08-04 02:48:39+00:00,vitalikbuterin,BUY,0.8,4.0,2020-08-04 02:49:00+00:00,2020-08-04 02:54:00+00:00,394.1,394.07,-0.0300000000000295,-7.612281146924526e-05,False,False
ETH,10,339,2020-08-04 02:48:39+00:00,vitalikbuterin,BUY,0.8,4.0,2020-08-04 02:49:00+00:00,2020-08-04 02:59:00+00:00,394.1,393.23,-0.8700000000000045,-0.0022075615326059,False,False
ETH,15,339,2020-08-04 02:48:39+00:00,vitalikbuterin,BUY,0.8,4.0,2020-08-04 02:49:00+00:00,2020-08-04 03:04:00+00:00,394.1,393.38,-0.7200000000000273,-0.0018269474752601,False,False
ETH,30,339,2020-08-04 02:48:39+00:00,vitalikbuterin,BUY,0.8,4.0,2020-08-04 02:49:00+00:00,2020-08-04 03:19:00+00:00,394.1,394.57,0.4699999999999704,0.0011925907130169,False,True
ETH,60,339,2020-08-04 02:48:39+00:00,vitalikbuterin,BUY,0.8,4.0,2020-08-04 02:49:00+00:00,2020-08-04 03:49:00+00:00,394.1,390.71,-3.390000000000043,-0.0086018776960163,False,False
ETH,120,339,2020-08-04 02:48:39+00:00,vitalikbuterin,BUY,0.8,4.0,2020-08-04 02:49:00+00:00,2020-08-04 04:49:00+00:00,394.1,392.11,-1.990000000000009,-0.0050494798274549,False,False
ETH,360,339,2020-08-04 02:48:39+00:00,vitalikbuterin,BUY,0.8,4.0,2020-08-04 02:49:00+00:00,2020-08-04 08:49:00+00:00,394.1,393.22,-0.8799999999999955,-0.0022329358030956,False,False
ETH,720,339,2020-08-04 02:48:39+00:00,vitalikbuterin,BUY,0.8,4.0,2020-08-04 02:49:00+00:00,2020-08-04 14:49:00+00:00,394.1,387.84,-6.260000000000048,-0.0158842933265669,False,False
ETH,1440,339,2020-08-04 02:48:39+00:00,vitalikbuterin,BUY,0.8,4.0,2020-08-04 02:49:00+00:00,2020-08-05 02:49:00+00:00,394.1,388.14,-5.960000000000036,-0.0151230652118752,False,False
ETH,1,341,2020-08-04 12:57:35+00:00,ethereum,BUY,0.7,3.0,2020-08-04 12:58:00+00:00,2020-08-04 12:59:00+00:00,388.3,388.13,-0.1700000000000159,-0.0004378058202421,False,False
ETH,3,341,2020-08-04 12:57:35+00:00,ethereum,BUY,0.7,3.0,2020-08-04 12:58:00+00:00,2020-08-04 13:01:00+00:00,388.3,387.36,-0.9399999999999976,-0.0024208086531032,False,False
ETH,5,341,2020-08-04 12:57:35+00:00,ethereum,BUY,0.7,3.0,2020-08-04 12:58:00+00:00,2020-08-04 13:03:00+00:00,388.3,387.58,-0.7200000000000273,-0.001854236415143,False,False
ETH,10,341,2020-08-04 12:57:35+00:00,ethereum,BUY,0.7,3.0,2020-08-04 12:58:00+00:00,2020-08-04 13:08:00+00:00,388.3,386.0,-2.3000000000000114,-0.0059232552150399,False,False
ETH,15,341,2020-08-04 12:57:35+00:00,ethereum,BUY,0.7,3.0,2020-08-04 12:58:00+00:00,2020-08-04 13:13:00+00:00,388.3,385.35,-2.9499999999999886,-0.0075972186453772,False,False
ETH,30,341,2020-08-04 12:57:35+00:00,ethereum,BUY,0.7,3.0,2020-08-04 12:58:00+00:00,2020-08-04 13:28:00+00:00,388.3,381.7,-6.600000000000023,-0.0169971671388102,False,False
ETH,60,341,2020-08-04 12:57:35+00:00,ethereum,BUY,0.7,3.0,2020-08-04 12:58:00+00:00,2020-08-04 13:58:00+00:00,388.3,384.23,-4.069999999999993,-0.0104815864022662,False,False
ETH,120,341,2020-08-04 12:57:35+00:00,ethereum,BUY,0.7,3.0,2020-08-04 12:58:00+00:00,2020-08-04 14:58:00+00:00,388.3,389.67,1.3700000000000043,0.0035281998454803,False,True
ETH,360,341,2020-08-04 12:57:35+00:00,ethereum,BUY,0.7,3.0,2020-08-04 12:58:00+00:00,2020-08-04 18:58:00+00:00,388.3,387.39,-0.910000000000025,-0.0023435488024723,False,False
ETH,720,341,2020-08-04 12:57:35+00:00,ethereum,BUY,0.7,3.0,2020-08-04 12:58:00+00:00,2020-08-05 00:58:00+00:00,388.3,388.6,0.3000000000000113,0.0007725985063095,False,True
ETH,1440,341,2020-08-04 12:57:35+00:00,ethereum,BUY,0.7,3.0,2020-08-04 12:58:00+00:00,2020-08-05 12:58:00+00:00,388.3,398.44,10.139999999999986,0.0261138295132629,False,True
ETH,1,343,2020-08-06 04:03:37+00:00,vitalikbuterin,BUY,0.8,4.0,2020-08-06 04:04:00+00:00,2020-08-06 04:05:00+00:00,394.85,395.03,0.1799999999999499,0.0004558693174622,False,True
ETH,3,343,2020-08-06 04:03:37+00:00,vitalikbuterin,BUY,0.8,4.0,2020-08-06 04:04:00+00:00,2020-08-06 04:07:00+00:00,394.85,394.45,-0.4000000000000341,-0.0010130429276941,False,False
ETH,5,343,2020-08-06 04:03:37+00:00,vitalikbuterin,BUY,0.8,4.0,2020-08-06 04:04:00+00:00,2020-08-06 04:09:00+00:00,394.85,393.7,-1.150000000000034,-0.0029124984171205,False,False
ETH,10,343,2020-08-06 04:03:37+00:00,vitalikbuterin,BUY,0.8,4.0,2020-08-06 04:04:00+00:00,2020-08-06 04:14:00+00:00,394.85,395.08,0.2299999999999613,0.0005824996834239,False,True
ETH,15,343,2020-08-06 04:03:37+00:00,vitalikbuterin,BUY,0.8,4.0,2020-08-06 04:04:00+00:00,2020-08-06 04:19:00+00:00,394.85,394.84,-0.0100000000000477,-2.5326073192472453e-05,False,False
ETH,30,343,2020-08-06 04:03:37+00:00,vitalikbuterin,BUY,0.8,4.0,2020-08-06 04:04:00+00:00,2020-08-06 04:34:00+00:00,394.85,393.47,-1.3799999999999957,-0.0034949981005444,False,False
ETH,60,343,2020-08-06 04:03:37+00:00,vitalikbuterin,BUY,0.8,4.0,2020-08-06 04:04:00+00:00,2020-08-06 05:04:00+00:00,394.85,395.16,0.3100000000000023,0.0007851082689629,False,True
ETH,120,343,2020-08-06 04:03:37+00:00,vitalikbuterin,BUY,0.8,4.0,2020-08-06 04:04:00+00:00,2020-08-06 06:04:00+00:00,394.85,395.7,0.8499999999999659,0.0021527162213497,False,True
ETH,360,343,2020-08-06 04:03:37+00:00,vitalikbuterin,BUY,0.8,4.0,2020-08-06 04:04:00+00:00,2020-08-06 10:04:00+00:00,394.85,396.27,1.419999999999959,0.0035963023933138,False,True
ETH,720,343,2020-08-06 04:03:37+00:00,vitalikbuterin,BUY,0.8,4.0,2020-08-06 04:04:00+00:00,2020-08-06 16:04:00+00:00,394.85,399.72,4.8700000000000045,0.0123337976446752,False,True
ETH,1440,343,2020-08-06 04:03:37+00:00,vitalikbuterin,BUY,0.8,4.0,2020-08-06 04:04:00+00:00,2020-08-07 04:04:00+00:00,394.85,395.66,0.8100000000000023,0.0020514119285804,False,True
ETH,1,347,2020-08-09 00:46:17+00:00,vitalikbuterin,SELL,0.9,5.0,2020-08-09 00:47:00+00:00,2020-08-09 00:48:00+00:00,399.71,399.12,-0.589999999999975,-0.0014760701508593,False,True
ETH,3,347,2020-08-09 00:46:17+00:00,vitalikbuterin,SELL,0.9,5.0,2020-08-09 00:47:00+00:00,2020-08-09 00:50:00+00:00,399.71,398.0,-1.7099999999999795,-0.0042781016236771,False,True
ETH,5,347,2020-08-09 00:46:17+00:00,vitalikbuterin,SELL,0.9,5.0,2020-08-09 00:47:00+00:00,2020-08-09 00:52:00+00:00,399.71,398.1,-1.6099999999999568,-0.0040279202421754,False,True
ETH,10,347,2020-08-09 00:46:17+00:00,vitalikbuterin,SELL,0.9,5.0,2020-08-09 00:47:00+00:00,2020-08-09 00:57:00+00:00,399.71,397.8,-1.909999999999968,-0.0047784643866802,False,True
ETH,15,347,2020-08-09 00:46:17+00:00,vitalikbuterin,SELL,0.9,5.0,2020-08-09 00:47:00+00:00,2020-08-09 01:02:00+00:00,399.71,396.6,-3.109999999999957,-0.0077806409646993,False,True
ETH,30,347,2020-08-09 00:46:17+00:00,vitalikbuterin,SELL,0.9,5.0,2020-08-09 00:47:00+00:00,2020-08-09 01:17:00+00:00,399.71,395.17,-4.539999999999964,-0.011358234720172,False,True
ETH,60,347,2020-08-09 00:46:17+00:00,vitalikbuterin,SELL,0.9,5.0,2020-08-09 00:47:00+00:00,2020-08-09 01:47:00+00:00,399.71,393.65,-6.060000000000002,-0.0151609917189962,False,True
ETH,120,347,2020-08-09 00:46:17+00:00,vitalikbuterin,SELL,0.9,5.0,2020-08-09 00:47:00+00:00,2020-08-09 02:47:00+00:00,399.71,395.72,-3.989999999999952,-0.0099822371219132,False,True
ETH,360,347,2020-08-09 00:46:17+00:00,vitalikbuterin,SELL,0.9,5.0,2020-08-09 00:47:00+00:00,2020-08-09 06:47:00+00:00,399.71,393.22,-6.489999999999952,-0.0162367716594529,False,True
ETH,720,347,2020-08-09 00:46:17+00:00,vitalikbuterin,SELL,0.9,5.0,2020-08-09 00:47:00+00:00,2020-08-09 12:47:00+00:00,399.71,388.35,-11.359999999999957,-0.0284206049385803,False,True
ETH,1440,347,2020-08-09 00:46:17+00:00,vitalikbuterin,SELL,0.9,5.0,2020-08-09 00:47:00+00:00,2020-08-10 00:47:00+00:00,399.71,391.51,-8.199999999999989,-0.0205148732831302,False,True
ETH,1,359,2020-08-30 02:13:28+00:00,vitalikbuterin,BUY,0.8,4.0,2020-08-30 02:14:00+00:00,2020-08-30 02:15:00+00:00,405.32,405.49,0.1700000000000159,0.000419421691503,False,True
ETH,3,359,2020-08-30 02:13:28+00:00,vitalikbuterin,BUY,0.8,4.0,2020-08-30 02:14:00+00:00,2020-08-30 02:17:00+00:00,405.32,405.3,-0.0199999999999818,-4.934372841207394e-05,False,False
ETH,5,359,2020-08-30 02:13:28+00:00,vitalikbuterin,BUY,0.8,4.0,2020-08-30 02:14:00+00:00,2020-08-30 02:19:00+00:00,405.32,405.09,-0.2300000000000182,-0.0005674528767394,False,False
ETH,10,359,2020-08-30 02:13:28+00:00,vitalikbuterin,BUY,0.8,4.0,2020-08-30 02:14:00+00:00,2020-08-30 02:24:00+00:00,405.32,404.7,-0.6200000000000045,-0.0015296555807756,False,False
ETH,15,359,2020-08-30 02:13:28+00:00,vitalikbuterin,BUY,0.8,4.0,2020-08-30 02:14:00+00:00,2020-08-30 02:29:00+00:00,405.32,405.09,-0.2300000000000182,-0.0005674528767394,False,False
ETH,30,359,2020-08-30 02:13:28+00:00,vitalikbuterin,BUY,0.8,4.0,2020-08-30 02:14:00+00:00,2020-08-30 02:44:00+00:00,405.32,405.24,-0.079999999999984,-0.0001973749136484,False,False
ETH,60,359,2020-08-30 02:13:28+00:00,vitalikbuterin,BUY,0.8,4.0,2020-08-30 02:14:00+00:00,2020-08-30 03:14:00+00:00,405.32,405.38,0.0600000000000022,0.0001480311852363,False,True
ETH,120,359,2020-08-30 02:13:28+00:00,vitalikbuterin,BUY,0.8,4.0,2020-08-30 02:14:00+00:00,2020-08-30 04:14:00+00:00,405.32,404.06,-1.259999999999991,-0.0031086548899634,False,False
ETH,360,359,2020-08-30 02:13:28+00:00,vitalikbuterin,BUY,0.8,4.0,2020-08-30 02:14:00+00:00,2020-08-30 08:14:00+00:00,405.32,405.51,0.1899999999999977,0.0004687654199151,False,True
ETH,720,359,2020-08-30 02:13:28+00:00,vitalikbuterin,BUY,0.8,4.0,2020-08-30 02:14:00+00:00,2020-08-30 14:14:00+00:00,405.32,412.49,7.170000000000016,0.0176897266357446,False,True
ETH,1440,359,2020-08-30 02:13:28+00:00,vitalikbuterin,BUY,0.8,4.0,2020-08-30 02:14:00+00:00,2020-08-31 02:14:00+00:00,405.32,425.93,20.610000000000017,0.0508487121286884,False,True
ETH,1,364,2020-09-24 10:33:03+00:00,vitalikbuterin,BUY,0.7,3.0,2020-09-24 10:34:00+00:00,2020-09-24 10:35:00+00:00,328.41,328.19,-0.2200000000000272,-0.0006698943393929,False,False
ETH,3,364,2020-09-24 10:33:03+00:00,vitalikbuterin,BUY,0.7,3.0,2020-09-24 10:34:00+00:00,2020-09-24 10:37:00+00:00,328.41,327.84,-0.57000000000005,-0.0017356353338815,False,False
ETH,5,364,2020-09-24 10:33:03+00:00,vitalikbuterin,BUY,0.7,3.0,2020-09-24 10:34:00+00:00,2020-09-24 10:39:00+00:00,328.41,328.12,-0.2900000000000204,-0.0008830425382906,False,False
ETH,10,364,2020-09-24 10:33:03+00:00,vitalikbuterin,BUY,0.7,3.0,2020-09-24 10:34:00+00:00,2020-09-24 10:44:00+00:00,328.41,328.3,-0.1100000000000136,-0.0003349471696964,False,False
ETH,15,364,2020-09-24 10:33:03+00:00,vitalikbuterin,BUY,0.7,3.0,2020-09-24 10:34:00+00:00,2020-09-24 10:49:00+00:00,328.41,328.24,-0.1700000000000159,-0.0005176456258945,False,False
ETH,30,364,2020-09-24 10:33:03+00:00,vitalikbuterin,BUY,0.7,3.0,2020-09-24 10:34:00+00:00,2020-09-24 11:04:00+00:00,328.41,337.71,9.299999999999956,0.0283182607106968,False,True
ETH,60,364,2020-09-24 10:33:03+00:00,vitalikbuterin,BUY,0.7,3.0,2020-09-24 10:34:00+00:00,2020-09-24 11:34:00+00:00,328.41,337.68,9.269999999999982,0.0282269114825979,False,True
ETH,120,364,2020-09-24 10:33:03+00:00,vitalikbuterin,BUY,0.7,3.0,2020-09-24 10:34:00+00:00,2020-09-24 12:34:00+00:00,328.41,337.2,8.789999999999964,0.0267653238330135,False,True
ETH,360,364,2020-09-24 10:33:03+00:00,vitalikbuterin,BUY,0.7,3.0,2020-09-24 10:34:00+00:00,2020-09-24 16:34:00+00:00,328.41,343.32,14.909999999999968,0.0454005663652141,False,True
ETH,720,364,2020-09-24 10:33:03+00:00,vitalikbuterin,BUY,0.7,3.0,2020-09-24 10:34:00+00:00,2020-09-24 22:34:00+00:00,328.41,349.16,20.75,0.0631832161018239,False,True
ETH,1440,364,2020-09-24 10:33:03+00:00,vitalikbuterin,BUY,0.7,3.0,2020-09-24 10:34:00+00:00,2020-09-25 10:34:00+00:00,328.41,340.69,12.279999999999973,0.0373922840351998,False,True
ETH,1,367,2020-10-01 02:18:19+00:00,vitalikbuterin,BUY,0.8,4.0,2020-10-01 02:19:00+00:00,2020-10-01 02:20:00+00:00,363.29,363.01,-0.2800000000000295,-0.0007707341242534,False,False
ETH,3,367,2020-10-01 02:18:19+00:00,vitalikbuterin,BUY,0.8,4.0,2020-10-01 02:19:00+00:00,2020-10-01 02:22:00+00:00,363.29,362.85,-0.4399999999999977,-0.0012111536238266,False,False
ETH,5,367,2020-10-01 02:18:19+00:00,vitalikbuterin,BUY,0.8,4.0,2020-10-01 02:19:00+00:00,2020-10-01 02:24:00+00:00,363.29,362.91,-0.3799999999999954,-0.0010459963114866,False,False
ETH,10,367,2020-10-01 02:18:19+00:00,vitalikbuterin,BUY,0.8,4.0,2020-10-01 02:19:00+00:00,2020-10-01 02:29:00+00:00,363.29,362.72,-0.5699999999999932,-0.00156899446723,False,False
ETH,15,367,2020-10-01 02:18:19+00:00,vitalikbuterin,BUY,0.8,4.0,2020-10-01 02:19:00+00:00,2020-10-01 02:34:00+00:00,363.29,362.84,-0.4500000000000455,-0.0012386798425501,False,False
ETH,30,367,2020-10-01 02:18:19+00:00,vitalikbuterin,BUY,0.8,4.0,2020-10-01 02:19:00+00:00,2020-10-01 02:49:00+00:00,363.29,362.35,-0.9399999999999976,-0.0025874645599933,False,False
ETH,60,367,2020-10-01 02:18:19+00:00,vitalikbuterin,BUY,0.8,4.0,2020-10-01 02:19:00+00:00,2020-10-01 03:19:00+00:00,363.29,362.19,-1.1000000000000227,-0.0030278840595667,False,False
ETH,120,367,2020-10-01 02:18:19+00:00,vitalikbuterin,BUY,0.8,4.0,2020-10-01 02:19:00+00:00,2020-10-01 04:19:00+00:00,363.29,363.48,0.1899999999999977,0.0005229981557433,False,True
ETH,360,367,2020-10-01 02:18:19+00:00,vitalikbuterin,BUY,0.8,4.0,2020-10-01 02:19:00+00:00,2020-10-01 08:19:00+00:00,363.29,365.68,2.3899999999999864,0.0065787662748767,False,True
ETH,720,367,2020-10-01 02:18:19+00:00,vitalikbuterin,BUY,0.8,4.0,2020-10-01 02:19:00+00:00,2020-10-01 14:19:00+00:00,363.29,365.06,1.7699999999999818,0.00487214071403,False,True
ETH,1440,367,2020-10-01 02:18:19+00:00,vitalikbuterin,BUY,0.8,4.0,2020-10-01 02:19:00+00:00,2020-10-02 02:19:00+00:00,363.29,352.34,-10.950000000000044,-0.0301412095020508,False,False
ETH,1,368,2020-10-02 06:51:14+00:00,vitalikbuterin,BUY,0.8,4.0,2020-10-02 06:52:00+00:00,2020-10-02 06:53:00+00:00,344.18,343.93,-0.25,-0.0007263641118019,False,False
ETH,3,368,2020-10-02 06:51:14+00:00,vitalikbuterin,BUY,0.8,4.0,2020-10-02 06:52:00+00:00,2020-10-02 06:55:00+00:00,344.18,343.94,-0.2400000000000091,-0.0006973095473299,False,False
ETH,5,368,2020-10-02 06:51:14+00:00,vitalikbuterin,BUY,0.8,4.0,2020-10-02 06:52:00+00:00,2020-10-02 06:57:00+00:00,344.18,343.92,-0.2599999999999909,-0.000755418676274,False,False
ETH,10,368,2020-10-02 06:51:14+00:00,vitalikbuterin,BUY,0.8,4.0,2020-10-02 06:52:00+00:00,2020-10-02 07:02:00+00:00,344.18,343.34,-0.8400000000000318,-0.0024405834156546,False,False
ETH,15,368,2020-10-02 06:51:14+00:00,vitalikbuterin,BUY,0.8,4.0,2020-10-02 06:52:00+00:00,2020-10-02 07:07:00+00:00,344.18,343.27,-0.910000000000025,-0.0026439653669592,False,False
ETH,30,368,2020-10-02 06:51:14+00:00,vitalikbuterin,BUY,0.8,4.0,2020-10-02 06:52:00+00:00,2020-10-02 07:22:00+00:00,344.18,343.16,-1.0199999999999818,-0.0029635655761519,False,False
ETH,60,368,2020-10-02 06:51:14+00:00,vitalikbuterin,BUY,0.8,4.0,2020-10-02 06:52:00+00:00,2020-10-02 07:52:00+00:00,344.18,342.03,-2.150000000000034,-0.0062467313614969,False,False
ETH,120,368,2020-10-02 06:51:14+00:00,vitalikbuterin,BUY,0.8,4.0,2020-10-02 06:52:00+00:00,2020-10-02 08:52:00+00:00,344.18,340.68,-3.5,-0.0101690975652274,False,False
ETH,360,368,2020-10-02 06:51:14+00:00,vitalikbuterin,BUY,0.8,4.0,2020-10-02 06:52:00+00:00,2020-10-02 12:52:00+00:00,344.18,338.59,-5.590000000000032,-0.016241501539892,False,False
ETH,720,368,2020-10-02 06:51:14+00:00,vitalikbuterin,BUY,0.8,4.0,2020-10-02 06:52:00+00:00,2020-10-02 18:52:00+00:00,344.18,342.9,-1.2800000000000296,-0.0037189842524261,False,False
ETH,1440,368,2020-10-02 06:51:14+00:00,vitalikbuterin,BUY,0.8,4.0,2020-10-02 06:52:00+00:00,2020-10-03 06:52:00+00:00,344.18,345.63,1.4499999999999886,0.0042129118484513,False,True
ETH,1,372,2020-10-03 13:26:59+00:00,vitalikbuterin,BUY,0.8,4.0,2020-10-03 13:27:00+00:00,2020-10-03 13:28:00+00:00,346.72,346.58,-0.1400000000000432,-0.0004037840332257,False,False
ETH,3,372,2020-10-03 13:26:59+00:00,vitalikbuterin,BUY,0.8,4.0,2020-10-03 13:27:00+00:00,2020-10-03 13:30:00+00:00,346.72,346.27,-0.4500000000000455,-0.001297877249654,False,False
ETH,5,372,2020-10-03 13:26:59+00:00,vitalikbuterin,BUY,0.8,4.0,2020-10-03 13:27:00+00:00,2020-10-03 13:32:00+00:00,346.72,346.22,-0.5,-0.0014420858329487,False,False
ETH,10,372,2020-10-03 13:26:59+00:00,vitalikbuterin,BUY,0.8,4.0,2020-10-03 13:27:00+00:00,2020-10-03 13:37:00+00:00,346.72,346.17,-0.5500000000000114,-0.0015862944162436,False,False
ETH,15,372,2020-10-03 13:26:59+00:00,vitalikbuterin,BUY,0.8,4.0,2020-10-03 13:27:00+00:00,2020-10-03 13:42:00+00:00,346.72,346.18,-0.5400000000000205,-0.0015574526995847,False,False
ETH,30,372,2020-10-03 13:26:59+00:00,vitalikbuterin,BUY,0.8,4.0,2020-10-03 13:27:00+00:00,2020-10-03 13:57:00+00:00,346.72,346.17,-0.5500000000000114,-0.0015862944162436,False,False
ETH,60,372,2020-10-03 13:26:59+00:00,vitalikbuterin,BUY,0.8,4.0,2020-10-03 13:27:00+00:00,2020-10-03 14:27:00+00:00,346.72,347.03,0.3099999999999454,0.000894093216428,False,True
ETH,120,372,2020-10-03 13:26:59+00:00,vitalikbuterin,BUY,0.8,4.0,2020-10-03 13:27:00+00:00,2020-10-03 15:27:00+00:00,346.72,346.87,0.1499999999999772,0.0004326257498845,False,True
ETH,360,372,2020-10-03 13:26:59+00:00,vitalikbuterin,BUY,0.8,4.0,2020-10-03 13:27:00+00:00,2020-10-03 19:27:00+00:00,346.72,350.71,3.989999999999952,0.0115078449469311,False,True
ETH,720,372,2020-10-03 13:26:59+00:00,vitalikbuterin,BUY,0.8,4.0,2020-10-03 13:27:00+00:00,2020-10-04 01:27:00+00:00,346.72,345.35,-1.3700000000000043,-0.0039513151822796,False,False
ETH,1440,372,2020-10-03 13:26:59+00:00,vitalikbuterin,BUY,0.8,4.0,2020-10-03 13:27:00+00:00,2020-10-04 13:27:00+00:00,346.72,348.23,1.509999999999991,0.0043550992155052,False,True
ETH,1,375,2020-10-08 05:31:17+00:00,vitalikbuterin,BUY,0.9,4.0,2020-10-08 05:32:00+00:00,2020-10-08 05:33:00+00:00,339.1,339.14,0.0399999999999636,0.0001179593040399,False,True
ETH,3,375,2020-10-08 05:31:17+00:00,vitalikbuterin,BUY,0.9,4.0,2020-10-08 05:32:00+00:00,2020-10-08 05:35:00+00:00,339.1,338.95,-0.1500000000000341,-0.0004423473901504,False,False
ETH,5,375,2020-10-08 05:31:17+00:00,vitalikbuterin,BUY,0.9,4.0,2020-10-08 05:32:00+00:00,2020-10-08 05:37:00+00:00,339.1,339.04,-0.0600000000000022,-0.0001769389560601,False,False
ETH,10,375,2020-10-08 05:31:17+00:00,vitalikbuterin,BUY,0.9,4.0,2020-10-08 05:32:00+00:00,2020-10-08 05:42:00+00:00,339.1,338.89,-0.2100000000000363,-0.0006192863462106,False,False
ETH,15,375,2020-10-08 05:31:17+00:00,vitalikbuterin,BUY,0.9,4.0,2020-10-08 05:32:00+00:00,2020-10-08 05:47:00+00:00,339.1,339.09,-0.0100000000000477,-2.9489826010167348e-05,False,False
ETH,30,375,2020-10-08 05:31:17+00:00,vitalikbuterin,BUY,0.9,4.0,2020-10-08 05:32:00+00:00,2020-10-08 06:02:00+00:00,339.1,338.7,-0.4000000000000341,-0.0011795930404011,False,False
ETH,60,375,2020-10-08 05:31:17+00:00,vitalikbuterin,BUY,0.9,4.0,2020-10-08 05:32:00+00:00,2020-10-08 06:32:00+00:00,339.1,340.18,1.079999999999984,0.0031849012090828,False,True
ETH,120,375,2020-10-08 05:31:17+00:00,vitalikbuterin,BUY,0.9,4.0,2020-10-08 05:32:00+00:00,2020-10-08 07:32:00+00:00,339.1,336.14,-2.9600000000000364,-0.0087289884989679,False,False
ETH,360,375,2020-10-08 05:31:17+00:00,vitalikbuterin,BUY,0.9,4.0,2020-10-08 05:32:00+00:00,2020-10-08 11:32:00+00:00,339.1,337.58,-1.5200000000000389,-0.0044824535535241,False,False
ETH,720,375,2020-10-08 05:31:17+00:00,vitalikbuterin,BUY,0.9,4.0,2020-10-08 05:32:00+00:00,2020-10-08 17:32:00+00:00,339.1,350.05,10.949999999999989,0.032291359480979,False,True
ETH,1440,375,2020-10-08 05:31:17+00:00,vitalikbuterin,BUY,0.9,4.0,2020-10-08 05:32:00+00:00,2020-10-09 05:32:00+00:00,339.1,349.8,10.699999999999989,0.0315541138307283,False,True
ETH,1,377,2020-10-21 12:56:35+00:00,vitalikbuterin,BUY,1.0,5.0,2020-10-21 12:57:00+00:00,2020-10-21 12:58:00+00:00,382.21,381.42,-0.7899999999999636,-0.002066926558698,False,False
ETH,3,377,2020-10-21 12:56:35+00:00,vitalikbuterin,BUY,1.0,5.0,2020-10-21 12:57:00+00:00,2020-10-21 13:00:00+00:00,382.21,380.44,-1.7699999999999818,-0.0046309620365767,False,False
ETH,5,377,2020-10-21 12:56:35+00:00,vitalikbuterin,BUY,1.0,5.0,2020-10-21 12:57:00+00:00,2020-10-21 13:02:00+00:00,382.21,380.77,-1.4399999999999975,-0.003767562334842,False,False
ETH,10,377,2020-10-21 12:56:35+00:00,vitalikbuterin,BUY,1.0,5.0,2020-10-21 12:57:00+00:00,2020-10-21 13:07:00+00:00,382.21,381.0,-1.2099999999999795,-0.0031657989063603,False,False
ETH,15,377,2020-10-21 12:56:35+00:00,vitalikbuterin,BUY,1.0,5.0,2020-10-21 12:57:00+00:00,2020-10-21 13:12:00+00:00,382.21,381.9,-0.3100000000000023,-0.000811072447084,False,False
ETH,30,377,2020-10-21 12:56:35+00:00,vitalikbuterin,BUY,1.0,5.0,2020-10-21 12:57:00+00:00,2020-10-21 13:27:00+00:00,382.21,380.81,-1.3999999999999773,-0.0036629078255408,False,False
ETH,60,377,2020-10-21 12:56:35+00:00,vitalikbuterin,BUY,1.0,5.0,2020-10-21 12:57:00+00:00,2020-10-21 13:57:00+00:00,382.21,384.46,2.25,0.0058868161481907,False,True
ETH,120,377,2020-10-21 12:56:35+00:00,vitalikbuterin,BUY,1.0,5.0,2020-10-21 12:57:00+00:00,2020-10-21 14:57:00+00:00,382.21,388.19,5.980000000000018,0.0156458491405248,False,True
ETH,360,377,2020-10-21 12:56:35+00:00,vitalikbuterin,BUY,1.0,5.0,2020-10-21 12:57:00+00:00,2020-10-21 18:57:00+00:00,382.21,393.79,11.58000000000004,0.0302974804426886,False,True
ETH,720,377,2020-10-21 12:56:35+00:00,vitalikbuterin,BUY,1.0,5.0,2020-10-21 12:57:00+00:00,2020-10-22 00:57:00+00:00,382.21,395.91,13.700000000000044,0.0358441694356506,False,True
ETH,1440,377,2020-10-21 12:56:35+00:00,vitalikbuterin,BUY,1.0,5.0,2020-10-21 12:57:00+00:00,2020-10-22 12:57:00+00:00,382.21,411.58,29.370000000000005,0.0768425734543837,False,True
ETH,1,378,2020-10-21 15:39:54+00:00,vitalikbuterin,BUY,0.8,4.0,2020-10-21 15:40:00+00:00,2020-10-21 15:41:00+00:00,387.56,387.84,0.2799999999999727,0.0007224687790276,False,True
ETH,3,378,2020-10-21 15:39:54+00:00,vitalikbuterin,BUY,0.8,4.0,2020-10-21 15:40:00+00:00,2020-10-21 15:43:00+00:00,387.56,388.2,0.6399999999999864,0.0016513572092062,False,True
ETH,5,378,2020-10-21 15:39:54+00:00,vitalikbuterin,BUY,0.8,4.0,2020-10-21 15:40:00+00:00,2020-10-21 15:45:00+00:00,387.56,388.04,0.4800000000000182,0.0012385179069047,False,True
ETH,10,378,2020-10-21 15:39:54+00:00,vitalikbuterin,BUY,0.8,4.0,2020-10-21 15:40:00+00:00,2020-10-21 15:50:00+00:00,387.56,389.1,1.5400000000000205,0.0039735782846527,False,True
ETH,15,378,2020-10-21 15:39:54+00:00,vitalikbuterin,BUY,0.8,4.0,2020-10-21 15:40:00+00:00,2020-10-21 15:55:00+00:00,387.56,390.14,2.579999999999984,0.0066570337496129,False,True
ETH,30,378,2020-10-21 15:39:54+00:00,vitalikbuterin,BUY,0.8,4.0,2020-10-21 15:40:00+00:00,2020-10-21 16:10:00+00:00,387.56,395.52,7.9599999999999795,0.0205387552895035,False,True
ETH,60,378,2020-10-21 15:39:54+00:00,vitalikbuterin,BUY,0.8,4.0,2020-10-21 15:40:00+00:00,2020-10-21 16:40:00+00:00,387.56,398.38,10.819999999999991,0.0279182578181442,False,True
ETH,120,378,2020-10-21 15:39:54+00:00,vitalikbuterin,BUY,0.8,4.0,2020-10-21 15:40:00+00:00,2020-10-21 17:40:00+00:00,387.56,396.25,8.689999999999998,0.0224223346062545,False,True
ETH,360,378,2020-10-21 15:39:54+00:00,vitalikbuterin,BUY,0.8,4.0,2020-10-21 15:40:00+00:00,2020-10-21 21:40:00+00:00,387.56,394.15,6.589999999999975,0.0170038187635462,False,True
ETH,720,378,2020-10-21 15:39:54+00:00,vitalikbuterin,BUY,0.8,4.0,2020-10-21 15:40:00+00:00,2020-10-22 03:40:00+00:00,387.56,392.27,4.7099999999999795,0.0121529569615026,False,True
ETH,1440,378,2020-10-21 15:39:54+00:00,vitalikbuterin,BUY,0.8,4.0,2020-10-21 15:40:00+00:00,2020-10-22 15:40:00+00:00,387.56,413.12,25.56,0.0659510785426772,False,True
ETH,1,379,2020-10-22 08:09:24+00:00,vitalikbuterin,BUY,0.9,4.0,2020-10-22 08:10:00+00:00,2020-10-22 08:11:00+00:00,397.0,397.0,0.0,0.0,True,
ETH,3,379,2020-10-22 08:09:24+00:00,vitalikbuterin,BUY,0.9,4.0,2020-10-22 08:10:00+00:00,2020-10-22 08:13:00+00:00,397.0,396.94,-0.0600000000000022,-0.0001511335012594,False,False
ETH,5,379,2020-10-22 08:09:24+00:00,vitalikbuterin,BUY,0.9,4.0,2020-10-22 08:10:00+00:00,2020-10-22 08:15:00+00:00,397.0,396.51,-0.4900000000000091,-0.0012342569269521,False,False
ETH,10,379,2020-10-22 08:09:24+00:00,vitalikbuterin,BUY,0.9,4.0,2020-10-22 08:10:00+00:00,2020-10-22 08:20:00+00:00,397.0,395.78,-1.2200000000000273,-0.0030730478589421,False,False
ETH,15,379,2020-10-22 08:09:24+00:00,vitalikbuterin,BUY,0.9,4.0,2020-10-22 08:10:00+00:00,2020-10-22 08:25:00+00:00,397.0,396.51,-0.4900000000000091,-0.0012342569269521,False,False
ETH,30,379,2020-10-22 08:09:24+00:00,vitalikbuterin,BUY,0.9,4.0,2020-10-22 08:10:00+00:00,2020-10-22 08:40:00+00:00,397.0,397.41,0.410000000000025,0.0010327455919396,False,True
ETH,60,379,2020-10-22 08:09:24+00:00,vitalikbuterin,BUY,0.9,4.0,2020-10-22 08:10:00+00:00,2020-10-22 09:10:00+00:00,397.0,394.76,-2.240000000000009,-0.0056423173803526,False,False
ETH,120,379,2020-10-22 08:09:24+00:00,vitalikbuterin,BUY,0.9,4.0,2020-10-22 08:10:00+00:00,2020-10-22 10:10:00+00:00,397.0,397.14,0.1399999999999863,0.000352644836272,False,True
ETH,360,379,2020-10-22 08:09:24+00:00,vitalikbuterin,BUY,0.9,4.0,2020-10-22 08:10:00+00:00,2020-10-22 14:10:00+00:00,397.0,411.98,14.980000000000018,0.0377329974811083,False,True
ETH,720,379,2020-10-22 08:09:24+00:00,vitalikbuterin,BUY,0.9,4.0,2020-10-22 08:10:00+00:00,2020-10-22 20:10:00+00:00,397.0,416.85,19.850000000000023,0.05,False,True
ETH,1440,379,2020-10-22 08:09:24+00:00,vitalikbuterin,BUY,0.9,4.0,2020-10-22 08:10:00+00:00,2020-10-23 08:10:00+00:00,397.0,414.65,17.649999999999977,0.0444584382871535,False,True
ETH,1,382,2020-11-04 20:34:18+00:00,ethereum,BUY,0.9,5.0,2020-11-04 20:35:00+00:00,2020-11-04 20:36:00+00:00,401.15,400.75,-0.3999999999999772,-0.0009971332419293,False,False
ETH,3,382,2020-11-04 20:34:18+00:00,ethereum,BUY,0.9,5.0,2020-11-04 20:35:00+00:00,2020-11-04 20:38:00+00:00,401.15,400.67,-0.4799999999999613,-0.0011965598903152,False,False
ETH,5,382,2020-11-04 20:34:18+00:00,ethereum,BUY,0.9,5.0,2020-11-04 20:35:00+00:00,2020-11-04 20:40:00+00:00,401.15,401.15,0.0,0.0,True,
ETH,10,382,2020-11-04 20:34:18+00:00,ethereum,BUY,0.9,5.0,2020-11-04 20:35:00+00:00,2020-11-04 20:45:00+00:00,401.15,400.84,-0.3100000000000023,-0.0007727782624953,False,False
ETH,15,382,2020-11-04 20:34:18+00:00,ethereum,BUY,0.9,5.0,2020-11-04 20:35:00+00:00,2020-11-04 20:50:00+00:00,401.15,401.49,0.3400000000000318,0.0008475632556401,False,True
ETH,30,382,2020-11-04 20:34:18+00:00,ethereum,BUY,0.9,5.0,2020-11-04 20:35:00+00:00,2020-11-04 21:05:00+00:00,401.15,402.03,0.8799999999999955,0.0021936931322447,False,True
ETH,60,382,2020-11-04 20:34:18+00:00,ethereum,BUY,0.9,5.0,2020-11-04 20:35:00+00:00,2020-11-04 21:35:00+00:00,401.15,402.11,0.9600000000000364,0.0023931197806307,False,True
ETH,120,382,2020-11-04 20:34:18+00:00,ethereum,BUY,0.9,5.0,2020-11-04 20:35:00+00:00,2020-11-04 22:35:00+00:00,401.15,404.0,2.8500000000000227,0.0071045743487474,False,True
ETH,360,382,2020-11-04 20:34:18+00:00,ethereum,BUY,0.9,5.0,2020-11-04 20:35:00+00:00,2020-11-05 02:35:00+00:00,401.15,403.17,2.0200000000000387,0.0050355228717438,False,True
ETH,720,382,2020-11-04 20:34:18+00:00,ethereum,BUY,0.9,5.0,2020-11-04 20:35:00+00:00,2020-11-05 08:35:00+00:00,401.15,401.12,-0.0299999999999727,-7.478499314464096e-05,False,False
ETH,1440,382,2020-11-04 20:34:18+00:00,ethereum,BUY,0.9,5.0,2020-11-04 20:35:00+00:00,2020-11-05 20:35:00+00:00,401.15,413.05,11.900000000000034,0.0296647139474013,False,True
ETH,1,393,2020-11-25 06:16:52+00:00,vitalikbuterin,BUY,0.8,4.0,2020-11-25 06:17:00+00:00,2020-11-25 06:18:00+00:00,591.04,591.34,0.3000000000000682,0.0005075798592313,False,True
ETH,3,393,2020-11-25 06:16:52+00:00,vitalikbuterin,BUY,0.8,4.0,2020-11-25 06:17:00+00:00,2020-11-25 06:20:00+00:00,591.04,592.71,1.6700000000000728,0.0028255278830537,False,True
ETH,5,393,2020-11-25 06:16:52+00:00,vitalikbuterin,BUY,0.8,4.0,2020-11-25 06:17:00+00:00,2020-11-25 06:22:00+00:00,591.04,592.53,1.490000000000009,0.0025209799675149,False,True
ETH,10,393,2020-11-25 06:16:52+00:00,vitalikbuterin,BUY,0.8,4.0,2020-11-25 06:17:00+00:00,2020-11-25 06:27:00+00:00,591.04,593.5,2.4600000000000364,0.0041621548456957,False,True
ETH,15,393,2020-11-25 06:16:52+00:00,vitalikbuterin,BUY,0.8,4.0,2020-11-25 06:17:00+00:00,2020-11-25 06:32:00+00:00,591.04,594.32,3.2800000000000864,0.0055495397942611,False,True
ETH,30,393,2020-11-25 06:16:52+00:00,vitalikbuterin,BUY,0.8,4.0,2020-11-25 06:17:00+00:00,2020-11-25 06:47:00+00:00,591.04,593.78,2.740000000000009,0.0046358960476448,False,True
ETH,60,393,2020-11-25 06:16:52+00:00,vitalikbuterin,BUY,0.8,4.0,2020-11-25 06:17:00+00:00,2020-11-25 07:17:00+00:00,591.04,595.41,4.3700000000000045,0.0073937466161342,False,True
ETH,120,393,2020-11-25 06:16:52+00:00,vitalikbuterin,BUY,0.8,4.0,2020-11-25 06:17:00+00:00,2020-11-25 08:17:00+00:00,591.04,593.21,2.1700000000000728,0.0036714943151056,False,True
ETH,360,393,2020-11-25 06:16:52+00:00,vitalikbuterin,BUY,0.8,4.0,2020-11-25 06:17:00+00:00,2020-11-25 12:17:00+00:00,591.04,597.64,6.600000000000023,0.0111667569030861,False,True
ETH,720,393,2020-11-25 06:16:52+00:00,vitalikbuterin,BUY,0.8,4.0,2020-11-25 06:17:00+00:00,2020-11-25 18:17:00+00:00,591.04,590.95,-0.0899999999999181,-0.0001522739577692,False,False
ETH,1440,393,2020-11-25 06:16:52+00:00,vitalikbuterin,BUY,0.8,4.0,2020-11-25 06:17:00+00:00,2020-11-26 06:17:00+00:00,591.04,531.29,-59.75,-0.1010929886302111,False,False
ETH,1,395,2020-11-30 01:18:08+00:00,vitalikbuterin,BUY,0.9,5.0,2020-11-30 01:19:00+00:00,2020-11-30 01:20:00+00:00,588.18,587.83,-0.349999999999909,-0.0005950559352577,False,False
ETH,3,395,2020-11-30 01:18:08+00:00,vitalikbuterin,BUY,0.9,5.0,2020-11-30 01:19:00+00:00,2020-11-30 01:22:00+00:00,588.18,586.32,-1.8599999999999,-0.0031622972559418,False,False
ETH,5,395,2020-11-30 01:18:08+00:00,vitalikbuterin,BUY,0.9,5.0,2020-11-30 01:19:00+00:00,2020-11-30 01:24:00+00:00,588.18,585.54,-2.6399999999999864,-0.0044884219116596,False,False
ETH,10,395,2020-11-30 01:18:08+00:00,vitalikbuterin,BUY,0.9,5.0,2020-11-30 01:19:00+00:00,2020-11-30 01:29:00+00:00,588.18,585.61,-2.5699999999999363,-0.004369410724608,False,False
ETH,15,395,2020-11-30 01:18:08+00:00,vitalikbuterin,BUY,0.9,5.0,2020-11-30 01:19:00+00:00,2020-11-30 01:34:00+00:00,588.18,586.14,-2.0399999999999636,-0.003468326022646,False,False
ETH,30,395,2020-11-30 01:18:08+00:00,vitalikbuterin,BUY,0.9,5.0,2020-11-30 01:19:00+00:00,2020-11-30 01:49:00+00:00,588.18,588.16,-0.0199999999999818,-3.400319630042132e-05,False,False
ETH,60,395,2020-11-30 01:18:08+00:00,vitalikbuterin,BUY,0.9,5.0,2020-11-30 01:19:00+00:00,2020-11-30 02:19:00+00:00,588.18,586.59,-1.589999999999918,-0.0027032541058858,False,False
ETH,120,395,2020-11-30 01:18:08+00:00,vitalikbuterin,BUY,0.9,5.0,2020-11-30 01:19:00+00:00,2020-11-30 03:19:00+00:00,588.18,583.11,-5.069999999999936,-0.0086198102621645,False,False
ETH,360,395,2020-11-30 01:18:08+00:00,vitalikbuterin,BUY,0.9,5.0,2020-11-30 01:19:00+00:00,2020-11-30 07:19:00+00:00,588.18,585.49,-2.689999999999941,-0.0045734299024107,False,False
ETH,720,395,2020-11-30 01:18:08+00:00,vitalikbuterin,BUY,0.9,5.0,2020-11-30 01:19:00+00:00,2020-11-30 13:19:00+00:00,588.18,594.85,6.670000000000073,0.0113400659662009,False,True
ETH,1440,395,2020-11-30 01:18:08+00:00,vitalikbuterin,BUY,0.9,5.0,2020-11-30 01:19:00+00:00,2020-12-01 01:19:00+00:00,588.18,606.14,17.960000000000036,0.0305348702778061,False,True
ETH,1,398,2020-12-01 12:05:23+00:00,ethereum,BUY,0.7,3.0,2020-12-01 12:06:00+00:00,2020-12-01 12:07:00+00:00,614.7,613.35,-1.3500000000000227,-0.0021961932650073,False,False
ETH,3,398,2020-12-01 12:05:23+00:00,ethereum,BUY,0.7,3.0,2020-12-01 12:06:00+00:00,2020-12-01 12:09:00+00:00,614.7,614.17,-0.5300000000000864,-0.0008622092077437,False,False
ETH,5,398,2020-12-01 12:05:23+00:00,ethereum,BUY,0.7,3.0,2020-12-01 12:06:00+00:00,2020-12-01 12:11:00+00:00,614.7,610.61,-4.090000000000032,-0.0066536521880592,False,False
ETH,10,398,2020-12-01 12:05:23+00:00,ethereum,BUY,0.7,3.0,2020-12-01 12:06:00+00:00,2020-12-01 12:16:00+00:00,614.7,608.51,-6.190000000000055,-0.0100699528225151,False,False
ETH,15,398,2020-12-01 12:05:23+00:00,ethereum,BUY,0.7,3.0,2020-12-01 12:06:00+00:00,2020-12-01 12:21:00+00:00,614.7,602.82,-11.879999999999995,-0.0193265007320644,False,False
ETH,30,398,2020-12-01 12:05:23+00:00,ethereum,BUY,0.7,3.0,2020-12-01 12:06:00+00:00,2020-12-01 12:36:00+00:00,614.7,587.77,-26.930000000000064,-0.0438099886123313,False,False
ETH,60,398,2020-12-01 12:05:23+00:00,ethereum,BUY,0.7,3.0,2020-12-01 12:06:00+00:00,2020-12-01 13:06:00+00:00,614.7,577.26,-37.440000000000055,-0.0609077598828697,False,False
ETH,120,398,2020-12-01 12:05:23+00:00,ethereum,BUY,0.7,3.0,2020-12-01 12:06:00+00:00,2020-12-01 14:06:00+00:00,614.7,583.68,-31.020000000000095,-0.0504636408003905,False,False
ETH,360,398,2020-12-01 12:05:23+00:00,ethereum,BUY,0.7,3.0,2020-12-01 12:06:00+00:00,2020-12-01 18:06:00+00:00,614.7,594.83,-19.870000000000005,-0.0323247112412559,False,False
ETH,720,398,2020-12-01 12:05:23+00:00,ethereum,BUY,0.7,3.0,2020-12-01 12:06:00+00:00,2020-12-02 00:06:00+00:00,614.7,576.84,-37.860000000000014,-0.0615910200097608,False,False
ETH,1440,398,2020-12-01 12:05:23+00:00,ethereum,BUY,0.7,3.0,2020-12-01 12:06:00+00:00,2020-12-02 12:06:00+00:00,614.7,591.82,-22.879999999999995,-0.0372214088173092,False,False
ETH,1,400,2020-12-01 23:55:11+00:00,vitalikbuterin,BUY,0.8,4.0,2020-12-01 23:56:00+00:00,2020-12-01 23:57:00+00:00,586.47,586.76,0.2899999999999636,0.0004944839463228,False,True
ETH,3,400,2020-12-01 23:55:11+00:00,vitalikbuterin,BUY,0.8,4.0,2020-12-01 23:56:00+00:00,2020-12-01 23:59:00+00:00,586.47,585.26,-1.2100000000000364,-0.002063191638106,False,False
ETH,5,400,2020-12-01 23:55:11+00:00,vitalikbuterin,BUY,0.8,4.0,2020-12-01 23:56:00+00:00,2020-12-02 00:01:00+00:00,586.47,583.22,-3.25,-0.0055416304329292,False,False
ETH,10,400,2020-12-01 23:55:11+00:00,vitalikbuterin,BUY,0.8,4.0,2020-12-01 23:56:00+00:00,2020-12-02 00:06:00+00:00,586.47,576.84,-9.629999999999995,-0.0164202772520333,False,False
ETH,15,400,2020-12-01 23:55:11+00:00,vitalikbuterin,BUY,0.8,4.0,2020-12-01 23:56:00+00:00,2020-12-02 00:11:00+00:00,586.47,581.15,-5.32000000000005,-0.0090712227394411,False,False
ETH,30,400,2020-12-01 23:55:11+00:00,vitalikbuterin,BUY,0.8,4.0,2020-12-01 23:56:00+00:00,2020-12-02 00:26:00+00:00,586.47,589.08,2.6100000000000136,0.0044503555169062,False,True
ETH,60,400,2020-12-01 23:55:11+00:00,vitalikbuterin,BUY,0.8,4.0,2020-12-01 23:56:00+00:00,2020-12-02 00:56:00+00:00,586.47,592.41,5.939999999999941,0.0101283953143382,False,True
ETH,120,400,2020-12-01 23:55:11+00:00,vitalikbuterin,BUY,0.8,4.0,2020-12-01 23:56:00+00:00,2020-12-02 01:56:00+00:00,586.47,594.78,8.309999999999945,0.0141695227377358,False,True
ETH,360,400,2020-12-01 23:55:11+00:00,vitalikbuterin,BUY,0.8,4.0,2020-12-01 23:56:00+00:00,2020-12-02 05:56:00+00:00,586.47,585.0,-1.4700000000000273,-0.0025065220727403,False,False
ETH,720,400,2020-12-01 23:55:11+00:00,vitalikbuterin,BUY,0.8,4.0,2020-12-01 23:56:00+00:00,2020-12-02 11:56:00+00:00,586.47,598.12,11.649999999999975,0.0198646137057308,False,True
ETH,1440,400,2020-12-01 23:55:11+00:00,vitalikbuterin,BUY,0.8,4.0,2020-12-01 23:56:00+00:00,2020-12-02 23:56:00+00:00,586.47,597.9,11.42999999999995,0.0194894879533479,False,True
ETH,1,404,2020-12-14 07:36:47+00:00,vitalikbuterin,SELL,0.9,5.0,2020-12-14 07:37:00+00:00,2020-12-14 07:38:00+00:00,587.5,587.41,-0.0900000000000318,-0.0001531914893617,False,True
ETH,3,404,2020-12-14 07:36:47+00:00,vitalikbuterin,SELL,0.9,5.0,2020-12-14 07:37:00+00:00,2020-12-14 07:40:00+00:00,587.5,587.75,0.25,0.0004255319148936,False,False
ETH,5,404,2020-12-14 07:36:47+00:00,vitalikbuterin,SELL,0.9,5.0,2020-12-14 07:37:00+00:00,2020-12-14 07:42:00+00:00,587.5,587.81,0.3099999999999454,0.0005276595744679,False,False
ETH,10,404,2020-12-14 07:36:47+00:00,vitalikbuterin,SELL,0.9,5.0,2020-12-14 07:37:00+00:00,2020-12-14 07:47:00+00:00,587.5,587.96,0.4600000000000364,0.0007829787234043,False,False
ETH,15,404,2020-12-14 07:36:47+00:00,vitalikbuterin,SELL,0.9,5.0,2020-12-14 07:37:00+00:00,2020-12-14 07:52:00+00:00,587.5,586.84,-0.6599999999999682,-0.001123404255319,False,True
ETH,30,404,2020-12-14 07:36:47+00:00,vitalikbuterin,SELL,0.9,5.0,2020-12-14 07:37:00+00:00,2020-12-14 08:07:00+00:00,587.5,587.4,-0.1000000000000227,-0.0001702127659574,False,True
ETH,60,404,2020-12-14 07:36:47+00:00,vitalikbuterin,SELL,0.9,5.0,2020-12-14 07:37:00+00:00,2020-12-14 08:37:00+00:00,587.5,586.97,-0.5299999999999727,-0.0009021276595744,False,True
ETH,120,404,2020-12-14 07:36:47+00:00,vitalikbuterin,SELL,0.9,5.0,2020-12-14 07:37:00+00:00,2020-12-14 09:37:00+00:00,587.5,587.22,-0.2799999999999727,-0.0004765957446808,False,True
ETH,360,404,2020-12-14 07:36:47+00:00,vitalikbuterin,SELL,0.9,5.0,2020-12-14 07:37:00+00:00,2020-12-14 13:37:00+00:00,587.5,581.5,-6.0,-0.0102127659574468,False,True
ETH,720,404,2020-12-14 07:36:47+00:00,vitalikbuterin,SELL,0.9,5.0,2020-12-14 07:37:00+00:00,2020-12-14 19:37:00+00:00,587.5,585.17,-2.330000000000041,-0.0039659574468085,False,True
ETH,1440,404,2020-12-14 07:36:47+00:00,vitalikbuterin,SELL,0.9,5.0,2020-12-14 07:37:00+00:00,2020-12-15 07:37:00+00:00,587.5,583.33,-4.169999999999959,-0.0070978723404254,False,True
ETH,1,409,2021-01-03 18:02:38+00:00,timbeiko,BUY,0.8,4.0,2021-01-03 18:03:00+00:00,2021-01-03 18:04:00+00:00,930.52,932.77,2.25,0.0024180028371233,False,True
ETH,3,409,2021-01-03 18:02:38+00:00,timbeiko,BUY,0.8,4.0,2021-01-03 18:03:00+00:00,2021-01-03 18:06:00+00:00,930.52,935.5,4.980000000000018,0.0053518462794996,False,True
ETH,5,409,2021-01-03 18:02:38+00:00,timbeiko,BUY,0.8,4.0,2021-01-03 18:03:00+00:00,2021-01-03 18:08:00+00:00,930.52,936.88,6.360000000000014,0.0068348880196019,False,True
ETH,10,409,2021-01-03 18:02:38+00:00,timbeiko,BUY,0.8,4.0,2021-01-03 18:03:00+00:00,2021-01-03 18:13:00+00:00,930.52,937.82,7.300000000000068,0.0078450758715557,False,True
ETH,15,409,2021-01-03 18:02:38+00:00,timbeiko,BUY,0.8,4.0,2021-01-03 18:03:00+00:00,2021-01-03 18:18:00+00:00,930.52,926.97,-3.5499999999999545,-0.0038150711430167,False,False
ETH,30,409,2021-01-03 18:02:38+00:00,timbeiko,BUY,0.8,4.0,2021-01-03 18:03:00+00:00,2021-01-03 18:33:00+00:00,930.52,909.27,-21.25,-0.0228366934617203,False,False
ETH,60,409,2021-01-03 18:02:38+00:00,timbeiko,BUY,0.8,4.0,2021-01-03 18:03:00+00:00,2021-01-03 19:03:00+00:00,930.52,920.94,-9.579999999999927,-0.0102953187465072,False,False
ETH,120,409,2021-01-03 18:02:38+00:00,timbeiko,BUY,0.8,4.0,2021-01-03 18:03:00+00:00,2021-01-03 20:03:00+00:00,930.52,940.37,9.850000000000025,0.0105854790869621,False,True
ETH,360,409,2021-01-03 18:02:38+00:00,timbeiko,BUY,0.8,4.0,2021-01-03 18:03:00+00:00,2021-01-04 00:03:00+00:00,930.52,988.05,57.52999999999997,0.0618256458754244,False,True
ETH,720,409,2021-01-03 18:02:38+00:00,timbeiko,BUY,0.8,4.0,2021-01-03 18:03:00+00:00,2021-01-04 06:03:00+00:00,930.52,1089.71,159.19000000000003,0.1710763873962946,False,True
ETH,1440,409,2021-01-03 18:02:38+00:00,timbeiko,BUY,0.8,4.0,2021-01-03 18:03:00+00:00,2021-01-04 18:03:00+00:00,930.52,1005.03,74.50999999999999,0.0800735072862485,False,True
ETH,1,413,2021-02-15 17:07:36+00:00,vitalikbuterin,BUY,0.9,4.0,2021-02-15 17:08:00+00:00,2021-02-15 17:09:00+00:00,1825.51,1823.8,-1.7100000000000364,-0.0009367245317747,False,False
ETH,3,413,2021-02-15 17:07:36+00:00,vitalikbuterin,BUY,0.9,4.0,2021-02-15 17:08:00+00:00,2021-02-15 17:11:00+00:00,1825.51,1821.72,-3.789999999999963,-0.0020761321493719,False,False
ETH,5,413,2021-02-15 17:07:36+00:00,vitalikbuterin,BUY,0.9,4.0,2021-02-15 17:08:00+00:00,2021-02-15 17:13:00+00:00,1825.51,1820.46,-5.0499999999999545,-0.0027663502254164,False,False
ETH,10,413,2021-02-15 17:07:36+00:00,vitalikbuterin,BUY,0.9,4.0,2021-02-15 17:08:00+00:00,2021-02-15 17:18:00+00:00,1825.51,1816.17,-9.339999999999918,-0.0051163784367107,False,False
ETH,15,413,2021-02-15 17:07:36+00:00,vitalikbuterin,BUY,0.9,4.0,2021-02-15 17:08:00+00:00,2021-02-15 17:23:00+00:00,1825.51,1818.33,-7.180000000000064,-0.003933147449206,False,False
ETH,30,413,2021-02-15 17:07:36+00:00,vitalikbuterin,BUY,0.9,4.0,2021-02-15 17:08:00+00:00,2021-02-15 17:38:00+00:00,1825.51,1815.18,-10.329999999999927,-0.0056586926393171,False,False
ETH,60,413,2021-02-15 17:07:36+00:00,vitalikbuterin,BUY,0.9,4.0,2021-02-15 17:08:00+00:00,2021-02-15 18:08:00+00:00,1825.51,1821.68,-3.8299999999999272,-0.0020980438343257,False,False
ETH,120,413,2021-02-15 17:07:36+00:00,vitalikbuterin,BUY,0.9,4.0,2021-02-15 17:08:00+00:00,2021-02-15 19:08:00+00:00,1825.51,1823.29,-2.2200000000000273,-0.0012160985149355,False,False
ETH,360,413,2021-02-15 17:07:36+00:00,vitalikbuterin,BUY,0.9,4.0,2021-02-15 17:08:00+00:00,2021-02-15 23:08:00+00:00,1825.51,1803.77,-21.74000000000001,-0.0119090007723869,False,False
ETH,720,413,2021-02-15 17:07:36+00:00,vitalikbuterin,BUY,0.9,4.0,2021-02-15 17:08:00+00:00,2021-02-16 05:08:00+00:00,1825.51,1804.3,-21.210000000000036,-0.0116186709467491,False,False
ETH,1440,413,2021-02-15 17:07:36+00:00,vitalikbuterin,BUY,0.9,4.0,2021-02-15 17:08:00+00:00,2021-02-16 17:08:00+00:00,1825.51,1756.77,-68.74000000000001,-0.0376552305930945,False,False
