coin,source_dataset,source_row_number,tweet_id,tweet_url,text,is_tweet_related_to_coin,signal,impact_strength,confidence,reason,ticker,username,influencer_name,created_at_utc
ETH,data/ETH influencer tweets.csv,1,911217371158683649,https://x.com/vitalikbuterin/status/911217371158683649,"@omise_go @KyberNetwork (ii) used to privately fund Ethereum second-layer infrastructure (state channels, multisig wallets etc), or some combination of the two",True,NEUTRAL,2,0.5,The tweet mentions Ethereum and its second-layer infrastructure but does not provide clear short-term market direction.,ETH,vitalikbuterin,Vitalik Buterin,2017-09-22T13:15:25Z
ETH,data/ETH influencer tweets.csv,2,912142669958209537,https://x.com/vitalikbuterin/status/912142669958209537,@Gale_tan Support ethereum :),True,BUY,5,0.9,"The tweet is directly related to ETH and comes from a highly influential account, which suggests strong support for Ethereum.",ETH,vitalikbuterin,Vitalik Buterin,2017-09-25T02:32:13Z
ETH,data/ETH influencer tweets.csv,3,912696247911436289,https://x.com/ethereum/status/912696247911436289,We’re pleased to announce @ethStatus as the exclusive Universal Sponsor of #Devcon3.  https://t.co/ufZ6D8lKzv #Ethereum,True,NEUTRAL,2,0.6,"The tweet mentions Ethereum (ETH) as the sponsor of Devcon3, but it does not provide clear bullish or bearish information for ETH in a short-term market reaction window.",ETH,ethereum,Ethereum official,2017-09-26T15:11:57Z
ETH,data/ETH influencer tweets.csv,4,912861309502476293,https://x.com/ethereum/status/912861309502476293,[Developer Update] Ethereum Core Developers Meeting #25 [9/22/2017] Video and notes are up! #Ethereum #Byzantium  https://t.co/USHcCrwjDK,True,NEUTRAL,1,0.5,"The tweet mentions the Ethereum Core Developers Meeting, but it does not contain clear bullish or bearish information for ETH within a short-term market reaction window.",ETH,ethereum,Ethereum official,2017-09-27T02:07:50Z
ETH,data/ETH influencer tweets.csv,5,914844885886398464,https://x.com/vitalikbuterin/status/914844885886398464,@eric_lombrozo @VladZamfir I still remember when bitcoin maximalists literally thought that users would think like this... :D,False,NEUTRAL,0,0.8,"The tweet does not mention ETH, Ethereum, or its ecosystem, and it gives no market-relevant information for ETH.",ETH,vitalikbuterin,Vitalik Buterin,2017-10-02T13:29:52Z
ETH,data/ETH influencer tweets.csv,6,916828013584453633,https://x.com/vitalikbuterin/status/916828013584453633,"@virgilgr @StopAndDecrypt @ProfFaustus And I'd say he's a net harm, definitely to the bitcoin community and wider crypto community, and probably to big blockerdom as well",True,SELL,4,0.7,"The tweet is related to the Ethereum community and describes Vitalik Buterin's opinion about someone being a 'net harm', which may have a negative impact on ETH price.",ETH,vitalikbuterin,Vitalik Buterin,2017-10-08T00:50:06Z
ETH,data/ETH influencer tweets.csv,7,916920330861428736,https://x.com/vitalikbuterin/status/916920330861428736,"My response to cryptocoinsnews: no, I'm not opposed to *all* ethereum scaling projects doing ICOs. Just many of them  https://t.co/v9G6YbROKH",True,NEUTRAL,2,0.6,"The tweet is directly related to ETH and discusses a response from Vitalik Buterin, but it does not provide clear short-term price direction or market-relevant information for ETH.",ETH,vitalikbuterin,Vitalik Buterin,2017-10-08T06:56:57Z
ETH,data/ETH influencer tweets.csv,8,917388376596111361,https://x.com/vitalikbuterin/status/917388376596111361,"Ethereum DEV Roundup #6, featuring Casper, Byzantium, Geth optimizations, testing, web3, Viper, Solidity and more:   https://t.co/bXpDxOk0Fr",True,NEUTRAL,2,0.6,"The tweet is related to Ethereum and its DEV Roundup, but it does not contain clear bullish or bearish information within a short-term market reaction window.",ETH,vitalikbuterin,Vitalik Buterin,2017-10-09T13:56:47Z
ETH,data/ETH influencer tweets.csv,9,917617707759128581,https://x.com/ethereum/status/917617707759128581,[Blog] #Ethereum Roundup #6: Byzantium  https://t.co/n8TyQrKcuD,True,NEUTRAL,2,0.5,"The tweet mentions Ethereum and links to a blog post, but it doesn't provide clear short-term price direction or context.",ETH,ethereum,Ethereum official,2017-10-10T05:08:04Z
ETH,data/ETH influencer tweets.csv,10,918350499740602368,https://x.com/ethereum/status/918350499740602368,[Blog] Byzantium Hard Fork Announcement. Update your clients!  https://t.co/rlIHvUspjW,True,NEUTRAL,3,0.6,"The tweet is directly related to ETH, but the content is an announcement of a hard fork, which may cause short-term price volatility, but does not provide clear bullish or bearish information.",ETH,ethereum,Ethereum official,2017-10-12T05:39:55Z
ETH,data/ETH influencer tweets.csv,11,918372499091374080,https://x.com/vitalikbuterin/status/918372499091374080,Should ethereum implement a norm that *all* future HFs inplement replay protection regardless of level of perceived contentiousness?,True,NEUTRAL,2,0.4,"The tweet is related to Ethereum, but it does not provide clear bullish or bearish information for the short-term market reaction window.",ETH,vitalikbuterin,Vitalik Buterin,2017-10-12T07:07:20Z
ETH,data/ETH influencer tweets.csv,12,919112238472028160,https://x.com/ethereum/status/919112238472028160,[NEW RELEASE] Mist and Ethereum Wallet 0.9.2 with Electron security fix. Upgrading is highly recommended.  https://t.co/RqoUvcmLXO,True,NEUTRAL,1,0.5,"The tweet mentions Ethereum Wallet and a security fix, but it's not clear if this will have a significant impact on the ETH price.",ETH,ethereum,Ethereum official,2017-10-14T08:06:48Z
ETH,data/ETH influencer tweets.csv,13,919189995772108800,https://x.com/ethereum/status/919189995772108800,[URGENT RELEASE] Update your geth clients to v1.7.2. Fixes a Byzantium EVM DoS vulnerability. Update ASAP!  https://t.co/SyQdbuJ8Td,True,NEUTRAL,5,0.9,"The tweet is directly related to ETH and advises updating geth clients, which may have a significant short-term market effect due to its urgent nature.",ETH,ethereum,Ethereum official,2017-10-14T13:15:47Z
ETH,data/ETH influencer tweets.csv,14,919526972530876416,https://x.com/ethereum/status/919526972530876416,[URGENT] Update your Ethereum clients! Less than 24 hours until the Byzantium hard fork.  https://t.co/rlIHvUspjW,True,NEUTRAL,2,0.5,"The tweet mentions Ethereum and a hard fork, but it is more of an announcement rather than providing clear short-term price direction.",ETH,ethereum,Ethereum official,2017-10-15T11:34:48Z
ETH,data/ETH influencer tweets.csv,15,919893270414614528,https://x.com/vitalikbuterin/status/919893270414614528,"Enjoying the Ethereum Harmony (Java) implementation.  Fast sync support, only 22 GB disk usage, 100% Byzantium compatible.  https://t.co/l1QJHwD6QU",True,NEUTRAL,3,0.6,"The tweet is directly related to ETH and mentions an Ethereum implementation, but it's more of a technical update rather than a clear bullish or bearish signal.",ETH,vitalikbuterin,Vitalik Buterin,2017-10-16T11:50:21Z
ETH,data/ETH influencer tweets.csv,16,920403113433092102,https://x.com/vitalikbuterin/status/920403113433092102,"What the heck is a ""foreign"" or ""domestic"" cryptocurrency? Ethereum is based in *at least* ten of them  https://t.co/iOfzUm6bSk",True,NEUTRAL,1,0.4,"The tweet mentions Ethereum and its presence in multiple countries, but it lacks enough visible context to determine a short-term ETH price direction.",ETH,vitalikbuterin,Vitalik Buterin,2017-10-17T21:36:17Z
ETH,data/ETH influencer tweets.csv,17,920473117255979008,https://x.com/vitalikbuterin/status/920473117255979008,@ToneVays @cryptograffiti @_ty13r @n_benci @decredproject @WorldCryptoNet @jimmysong @theonevortex Isn't bitcoin itself an act of printing one's own money instead of going up to Ben Bernanke and offering to help improve the USD?,False,NEUTRAL,0,0.8,"The tweet is unrelated to ETH and discusses a comparison between Bitcoin and the USD, but does not mention Ethereum or its ecosystem.",ETH,vitalikbuterin,Vitalik Buterin,2017-10-18T02:14:27Z
ETH,data/ETH influencer tweets.csv,18,922182653486469125,https://x.com/vitalikbuterin/status/922182653486469125,Very long and interesting exposition on Harberger taxes by Eric Posner and @glenweyl; ethereum mentioned :)  https://t.co/7rdtFMqRl0,True,NEUTRAL,1,0.4,"The tweet mentions Ethereum, but it is not clear whether the mention of Ethereum is related to market direction or just a casual reference.",ETH,vitalikbuterin,Vitalik Buterin,2017-10-22T19:27:32Z
ETH,data/ETH influencer tweets.csv,19,924461328865136640,https://x.com/ethereum/status/924461328865136640,Devcon3 airport transfer: book group rate  https://t.co/h1CYP13axs #Ethereum #Devcon,True,NEUTRAL,2,0.5,"The tweet mentions Ethereum but only in the context of a dev conference and airport transfers, which is not market-relevant information for the short-term ETH price direction.",ETH,ethereum,Ethereum official,2017-10-29T02:22:11Z
ETH,data/ETH influencer tweets.csv,20,925740922939301889,https://x.com/ethereum/status/925740922939301889,Live Stream of Devcon3:  https://t.co/aChxRbQnfb #Ethereum #Devcon,True,NEUTRAL,1,0.3,"The tweet is directly related to ETH, but it appears to be a link to a live stream of Devcon3 without any market-relevant information.",ETH,ethereum,Ethereum official,2017-11-01T15:06:50Z
ETH,data/ETH influencer tweets.csv,21,925844750837669888,https://x.com/vitalikbuterin/status/925844750837669888,ZoKrates: a programming language that compiles to ethereum ZKPs.  https://t.co/RmzpBlwJxi,True,NEUTRAL,4,0.8,The tweet is directly related to ETH and the mention of ZoKrates compiling to Ethereum ZKPs may indicate a positive development for the Ethereum ecosystem.,ETH,vitalikbuterin,Vitalik Buterin,2017-11-01T21:59:24Z
ETH,data/ETH influencer tweets.csv,22,926484030606004230,https://x.com/vitalikbuterin/status/926484030606004230,@prestonjbyrne Oh ya? Have you read the *dogecoin* whitepaper?,False,NEUTRAL,0,1.0,"The tweet mentions Dogecoin, but it is not the target Coin (ETH).",ETH,vitalikbuterin,Vitalik Buterin,2017-11-03T16:19:40Z
ETH,data/ETH influencer tweets.csv,23,929804867568373760,https://x.com/vitalikbuterin/status/929804867568373760,@JihanWu @rogerkver The very earliest versions of ETH protocol were a counterparty-style metacoin on top of primecoin. Not Bitcoin because the OP_RETURN wars were happening at the time and...,True,NEUTRAL,2,0.6,"The tweet is related to ETH, but it only provides historical context about the development of the protocol and does not contain clear short-term price direction information.",ETH,vitalikbuterin,Vitalik Buterin,2017-11-12T20:15:30Z
ETH,data/ETH influencer tweets.csv,24,929808394487320577,https://x.com/vitalikbuterin/status/929808394487320577,"@JihanWu @rogerkver And OP_RETURN *did* end up getting censored down to 40 bytes. So I think it's fair to say that this willingness to compromise protocol immutability to achieve a desired outcome in a particular application (hmm, sound familiar?) made ETH on BTC even then a nonstarter.",True,SELL,4,0.8,"The tweet is directly related to ETH and mentions that the willingness to compromise protocol immutability made ETH on BTC a nonstarter, which can be seen as bearish for ETH.",ETH,vitalikbuterin,Vitalik Buterin,2017-11-12T20:29:30Z
ETH,data/ETH influencer tweets.csv,25,930276246671450112,https://x.com/vitalikbuterin/status/930276246671450112,"@BitcoinErrorLog @TokenHash @danrobinson @0xstark @VladZamfir @_Kevin_Pham @BitsFromHeaven @ethereumweekly @mikeinspace @CryptoMunger @rogerkver @ethereumproject @ArthurFalls @urbit @blockstack @getongab 1. I consider BCH a legitimate contender for the bitcoin name. I consider bitcoin's *failure* to raise block sizes to keep fees reasonable to be a large (non-consensual) change to the ""original plan"", morally tantamount to a hard fork. 2. Theymos's censorship.",False,NEUTRAL,0,0.5,"The tweet is discussing Bitcoin Cash (BCH) and the original plan of Bitcoin, but it does not mention or refer to Ethereum (ETH) or its ecosystem.",ETH,vitalikbuterin,Vitalik Buterin,2017-11-14T03:28:35Z
ETH,data/ETH influencer tweets.csv,26,930276707730255873,https://x.com/vitalikbuterin/status/930276707730255873,"@BitcoinErrorLog @TokenHash @danrobinson @0xstark @VladZamfir @_Kevin_Pham @BitsFromHeaven @ethereumweekly @mikeinspace @CryptoMunger @rogerkver @ethereumproject @ArthurFalls @urbit @blockstack @getongab That said, *right now*, I think trying to claim ""BCH = bitcoin"" is a bad idea, as it *is* a minority opinion in the ""greater bitcoin community"".",False,NEUTRAL,0,0.9,"The tweet mentions Bitcoin Cash (BCH) and its comparison to Bitcoin, but it does not provide any market-relevant information for ETH.",ETH,vitalikbuterin,Vitalik Buterin,2017-11-14T03:30:25Z
ETH,data/ETH influencer tweets.csv,27,930288421045542913,https://x.com/vitalikbuterin/status/930288421045542913,"Ok, I am going to just stop commenting on bitcoin issues almost entirely and focus on ethereum tech.  I think the community needs to go through *a lot* of healing, and the firebrands on all sides that are *so sure* that their side is righteous and the other evil deeply worry me.",True,NEUTRAL,2,0.5,"The tweet is related to ETH, but it expresses concerns about the community's health and does not provide clear short-term price direction.",ETH,vitalikbuterin,Vitalik Buterin,2017-11-14T04:16:58Z
ETH,data/ETH influencer tweets.csv,28,930289371999232000,https://x.com/vitalikbuterin/status/930289371999232000,"I may implicitly comment indirectly, eg. ""PoS is better than PoW"", but the goal will be to lay out what I think are the goals that ethereum is/should be trying to optimize for. It's up to each user to decide their priorities.",True,NEUTRAL,1,0.5,"The tweet mentions Ethereum and the goals it should be trying to optimize for, but it does not provide a clear short-term price direction.",ETH,vitalikbuterin,Vitalik Buterin,2017-11-14T04:20:44Z
ETH,data/ETH influencer tweets.csv,29,931010064202080256,https://x.com/vitalikbuterin/status/931010064202080256,Congrats to the ethereum classic community on a successful Hong Kong summit  https://t.co/3jCedNnaWH,True,NEUTRAL,1,0.5,"The tweet mentions Ethereum Classic and a summit, but it lacks enough visible context to determine a short-term ETH price direction.",ETH,vitalikbuterin,Vitalik Buterin,2017-11-16T04:04:31Z
ETH,data/ETH influencer tweets.csv,30,931143279080497152,https://x.com/vitalikbuterin/status/931143279080497152,"@SatoshiLite @bobbyclee Not if there's a mass exit attack!  Attacker maliciously exits 10m channels at once, can only challenge 5m of them within 28 days. The systemic risks around these scenarios worry me.  This is part of why despite the various L2s on ethereum I still take sharding very seriously.",True,NEUTRAL,4,0.7,"The tweet is directly related to ETH and discusses potential security risks around its ecosystem, but the information is more focused on the underlying technology rather than a specific short-term price direction.",ETH,vitalikbuterin,Vitalik Buterin,2017-11-16T12:53:52Z
ETH,data/ETH influencer tweets.csv,31,931295583087812608,https://x.com/ethereum/status/931295583087812608,Thanks to @mingchan88 for an amazing Devcon3!  https://t.co/hvBG1bvnsO  #ethereum #devcon,True,NEUTRAL,2,0.5,"The tweet mentions Ethereum and references Devcon3, but it is a thank-you message and lacks clear short-term market direction or relevant information.",ETH,ethereum,Ethereum official,2017-11-16T22:59:04Z
ETH,data/ETH influencer tweets.csv,32,931312212785975296,https://x.com/vitalikbuterin/status/931312212785975296,"@SatoshiLite @bobbyclee @roasbeef That said, I know litecoin already has 4x base capacity compared to BTC, so that approach already is litecoin's roadmap? If so, support!  Though please add some state root commitments so light clients can get better :)",False,NEUTRAL,0,0.8,"The tweet mentions a comparison with Bitcoin (BTC) and Litecoin, but it does not provide any market-relevant information for Ethereum (ETH).",ETH,vitalikbuterin,Vitalik Buterin,2017-11-17T00:05:09Z
ETH,data/ETH influencer tweets.csv,33,931328450492633088,https://x.com/vitalikbuterin/status/931328450492633088,"Range proofs for ethereum using RSA multiplicative groups and a clever ""prove a number is positive by giving its square root"" protocol:   https://t.co/ZmPhSKn2ml",True,BUY,4,0.9,"The tweet is directly related to ETH and it's a technical development, which may be seen as bullish for the coin.",ETH,vitalikbuterin,Vitalik Buterin,2017-11-17T01:09:40Z
ETH,data/ETH influencer tweets.csv,34,931522271788793857,https://x.com/ethereum/status/931522271788793857,[LIVE] Ethereum Core Devs Meeting #28 [11/17/17]   https://t.co/OK0bkahmiR #Ethereum #CoreDevsMeeting,True,NEUTRAL,2,0.4,"The tweet mentions Ethereum and links to a live Core Devs Meeting, but it does not provide clear short-term price direction.",ETH,ethereum,Ethereum official,2017-11-17T13:59:51Z
ETH,data/ETH influencer tweets.csv,35,931650192419405824,https://x.com/ethereum/status/931650192419405824,Notes from Ethereum Core Devs Meeting #28 [11/17/17]  https://t.co/qgpgwfn4cf,True,NEUTRAL,1,0.4,"The tweet mentions the Ethereum Core Devs Meeting and links to a document, but it does not provide clear market-relevant information for ETH.",ETH,ethereum,Ethereum official,2017-11-17T22:28:09Z
ETH,data/ETH influencer tweets.csv,36,934042609428742145,https://x.com/vitalikbuterin/status/934042609428742145,"@tylercowen So-called ""central bank issued digital currencies"" are a quite different beast than BTC, ETH et al. Much more conservative; the ""crypto"" moniker is at least in part a progressive branding strategy.",True,NEUTRAL,2,0.5,"The tweet mentions ETH and its ecosystem, but it does not provide clear bullish or bearish information for the short-term market direction.",ETH,vitalikbuterin,Vitalik Buterin,2017-11-24T12:54:46Z
ETH,data/ETH influencer tweets.csv,37,934236066537545728,https://x.com/vitalikbuterin/status/934236066537545728,"Lane Rettig speaking at Beyond Block Taipei, on ""Ethereum Kawaii"".  https://t.co/zST2Rqtlo2",True,NEUTRAL,1,0.4,"The tweet mentions Ethereum in the context of a conference talk, but it does not provide clear information about ETH's market direction.",ETH,vitalikbuterin,Vitalik Buterin,2017-11-25T01:43:30Z
ETH,data/ETH influencer tweets.csv,38,934236520713633792,https://x.com/vitalikbuterin/status/934236520713633792,"""This is how I visualize Ethereum today""  https://t.co/OyfIBYvXFO",True,NEUTRAL,1,0.5,"The tweet mentions Ethereum, but it is a simple image link and lacks enough context to determine a short-term price direction.",ETH,vitalikbuterin,Vitalik Buterin,2017-11-25T01:45:18Z
ETH,data/ETH influencer tweets.csv,39,934914568228352000,https://x.com/ethereum/status/934914568228352000,#Devcon3 videos now available! See #Ethereum blog post for more info  https://t.co/qEICWngmN2,True,NEUTRAL,1,0.5,"The tweet mentions #Ethereum and #Devcon3 videos, but it does not provide clear market direction or significant information for ETH.",ETH,ethereum,Ethereum official,2017-11-26T22:39:37Z
ETH,data/ETH influencer tweets.csv,40,936497322506166272,https://x.com/vitalikbuterin/status/936497322506166272,"@Jeremy_Cummings Their official videos are effectively promising 1% daily returns and touting this as the primary benefit of the project.  Ethereum and bitcoin, on the other hand, are backed by a proven and consistent record of 200-700k daily txs and $100k-4m daily txfees.",True,SELL,5,0.9,"The tweet is directly related to ETH and describes Ethereum's transaction volume as lower than BTC, which are clear bearish factors.",ETH,vitalikbuterin,Vitalik Buterin,2017-12-01T07:28:55Z
ETH,data/ETH influencer tweets.csv,41,936595036501938177,https://x.com/ethereum/status/936595036501938177,[LIVE] Ethereum Core Devs Meeting #29 [12/01/17]  https://t.co/O5IGTHz987  #Ethereum #CoreDevsMeeting9,True,NEUTRAL,2,0.5,"The tweet mentions the Ethereum Core Devs Meeting, but it is a general meeting announcement and lacks clear short-term market direction.",ETH,ethereum,Ethereum official,2017-12-01T13:57:12Z
ETH,data/ETH influencer tweets.csv,42,936782890280427520,https://x.com/vitalikbuterin/status/936782890280427520,"@getongab @OpenBordersInfo * I still believe it's important for ethereum to not be aligned with ""red tribe"" (ie. how bitcoin is portrayed here  https://t.co/z8dLuZ7FYx) but it should also not be aligned with ""intolerant blue tribe""",True,NEUTRAL,2,0.5,"The tweet mentions Ethereum, but it is a vague and philosophical statement about aligning with certain ideologies rather than providing clear market direction.",ETH,vitalikbuterin,Vitalik Buterin,2017-12-02T02:23:40Z
ETH,data/ETH influencer tweets.csv,43,941537477738815489,https://x.com/ethereum/status/941537477738815489,Come watch the Ethereum Core Developer Meeting #30 in 9 hours! Meeting is live streamed.  https://t.co/yupyqgzPTG,True,NEUTRAL,1,0.4,"The tweet is directly related to ETH, but it does not provide clear information about the short-term price direction.",ETH,ethereum,Ethereum official,2017-12-15T05:16:42Z
ETH,data/ETH influencer tweets.csv,44,941597927692275712,https://x.com/ethereum/status/941597927692275712,[SECURITY ALERT] Warning to users of Mist Browser --  https://t.co/DeUqHJvzDh,True,NEUTRAL,3,0.6,"The tweet is directly related to ETH and mentions a security alert for the Mist Browser, which may increase user caution and short-term price volatility.",ETH,ethereum,Ethereum official,2017-12-15T09:16:54Z
ETH,data/ETH influencer tweets.csv,45,941666676025757696,https://x.com/ethereum/status/941666676025757696,[LIVE] Ethereum Core Devs Meeting #30 [12/15/17]  https://t.co/sKGBGKjRKJ #Ethereum #CoreDevsMeeting30,True,NEUTRAL,1,0.4,"The tweet is related to Ethereum, but it lacks enough visible context to determine a short-term ETH price direction. It appears to be an event announcement without any clear market implications.",ETH,ethereum,Ethereum official,2017-12-15T13:50:05Z
ETH,data/ETH influencer tweets.csv,46,942571540545200128,https://x.com/ethereum/status/942571540545200128,[Developer Update] Ethereum Core Developers Meeting #29 [12/01/17] &amp; #30 [12/15/17]  video and notes are up! #Ethereum  https://t.co/vwLoVmexv9,True,NEUTRAL,2,0.6,"The tweet is related to the Ethereum developer update, but it does not contain clear bullish or bearish information for ETH within a short-term market reaction window.",ETH,ethereum,Ethereum official,2017-12-18T01:45:42Z
ETH,data/ETH influencer tweets.csv,47,942960177036140544,https://x.com/vitalikbuterin/status/942960177036140544,"Even if a node can process hundreds or thousands of tx/sec in a closed simulation, that does not imply that it can support a public blockchain that can process that much.  My Parity node can run &gt;500 tx/sec on my laptop, but Ethereum main chain is only processing 11.5 tx/sec.  https://t.co/H0UCD0FRTR",True,NEUTRAL,2,0.5,"The tweet mentions Ethereum and provides a specific transaction speed comparison between the developer's node and the main chain, but it does not provide clear bullish or bearish information for ETH.",ETH,vitalikbuterin,Vitalik Buterin,2017-12-19T03:30:00Z
ETH,data/ETH influencer tweets.csv,48,945987507941978112,https://x.com/vitalikbuterin/status/945987507941978112,"*All* crypto communities, ethereum included, should heed these words of warning. Need to differentiate between getting hundreds of billions of dollars of digital paper wealth sloshing around and actually achieving something meaningful for society.  https://t.co/aNpEnBNGsA",True,SELL,4,0.7,"The tweet is directly related to ETH and contains a warning about the difference between digital paper wealth and meaningful achievements for society, which may be interpreted as bearish for ETH.",ETH,vitalikbuterin,Vitalik Buterin,2017-12-27T11:59:32Z
ETH,data/ETH influencer tweets.csv,49,945989073390280704,https://x.com/vitalikbuterin/status/945989073390280704,"@Guiller33825956 Proof of stake is part of the solution; it makes ethereum a fundamentally different class of thing, which I think will be healthy in the long run.",True,BUY,4,0.8,"The tweet is directly related to ETH and mentions proof of stake as part of the solution, which Vitalik Buterin believes will be healthy in the long run.",ETH,vitalikbuterin,Vitalik Buterin,2017-12-27T12:05:45Z
ETH,data/ETH influencer tweets.csv,50,945995846461435904,https://x.com/vitalikbuterin/status/945995846461435904,"@Ethereum_AI Agree, that's very fair.",True,NEUTRAL,1,0.5,"The tweet is related to ETH and mentions Ethereum AI, but the visible text lacks enough context to determine a short-term ETH price direction.",ETH,vitalikbuterin,Vitalik Buterin,2017-12-27T12:32:40Z
ETH,data/ETH influencer tweets.csv,51,946222627512709120,https://x.com/vitalikbuterin/status/946222627512709120,@csuwildcat Oh I agree that's nice. But the fact that the front page of /r/bitcoin has 100x more price posts than posts about how Venezuelans are being rescued by crypto and how we can do more to help them is telling.,False,NEUTRAL,0,0.8,The tweet does not mention ETH or Ethereum in a market-relevant context.,ETH,vitalikbuterin,Vitalik Buterin,2017-12-28T03:33:49Z
ETH,data/ETH influencer tweets.csv,52,948218367747358720,https://x.com/vitalikbuterin/status/948218367747358720,Ethereum Q4 Roundup:  https://t.co/FR4oca2hqY,True,NEUTRAL,1,0.4,"The tweet mentions Ethereum's Q4 Roundup, but it lacks enough visible context to determine a short-term ETH price direction.",ETH,vitalikbuterin,Vitalik Buterin,2018-01-02T15:44:10Z
ETH,data/ETH influencer tweets.csv,53,949762484713345024,https://x.com/vitalikbuterin/status/949762484713345024,I won't be at  https://t.co/MZvYz2M4bj but Viper/plasma dev David Knott will be. Great to see more independent ethereum events popping up!,True,NEUTRAL,2,0.6,"The tweet mentions Ethereum (ETH) and an event, but the context is limited to an independent event with a developer speaking, which may not have a direct impact on the short-term price of ETH.",ETH,vitalikbuterin,Vitalik Buterin,2018-01-06T21:59:56Z
ETH,data/ETH influencer tweets.csv,54,954109123884298241,https://x.com/vitalikbuterin/status/954109123884298241,"@adam3us @VinnyLingham @liujackc &gt; dont believe he was ""denied""  Why primecoin and not bitcoin? Bitcoin had OP_RETURN wars happening at that time, with primecoin I thought they could benefit greatly from ethereum being on their platform, and so would not have incentive to censor it.",True,NEUTRAL,2,0.5,"The tweet mentions Ethereum and its relationship with Primecoin, but it does not clearly indicate a short-term price direction for ETH.",ETH,vitalikbuterin,Vitalik Buterin,2018-01-18T21:51:56Z
ETH,data/ETH influencer tweets.csv,55,954111869425369088,https://x.com/vitalikbuterin/status/954111869425369088,"@WhalePanda @VinnyLingham But you can't guarantee data availability unless you use the base chain, and that's going for $55 per kilobyte. Also, bitcoin won't help you calculate state roots for your application.",True,NEUTRAL,2,0.5,"The tweet is related to ETH and mentions the base chain, but it does not provide clear short-term price direction.",ETH,vitalikbuterin,Vitalik Buterin,2018-01-18T22:02:50Z
ETH,data/ETH influencer tweets.csv,56,955296478599303168,https://x.com/ethereum/status/955296478599303168,[Developer Update] Ethereum Core Developers Meeting #31 [1/12/17] video and notes are up! Lots of EWASM news! #Ethereum #EWASM  https://t.co/fwbnaLuvuY,True,BUY,4,0.8,"The tweet is related to ETH and mentions 'Lots of EWASM news!', which could be seen as positive for the Ethereum ecosystem.",ETH,ethereum,Ethereum official,2018-01-22T04:30:03Z
ETH,data/ETH influencer tweets.csv,57,955484722301423617,https://x.com/vitalikbuterin/status/955484722301423617,"And yes, in either PoW or PoS, this WILL happen. The idea that if a 51% spawn camp attack happens, all $190b of bitcoin's users will just pack up their bags and leave is absurd; way too much incentive to coordinate and try to continue the ledger.",True,NEUTRAL,1,0.5,"The tweet mentions ETH and discusses a potential security risk, but it does not contain clear bullish or bearish information for ETH within the short-term market reaction window.",ETH,vitalikbuterin,Vitalik Buterin,2018-01-22T16:58:04Z
ETH,data/ETH influencer tweets.csv,58,956886548976488449,https://x.com/ethereum/status/956886548976488449,[LIVE] Ethereum Core Devs Meeting #32 [1/26/18]  https://t.co/yZcU4fXeNz #Ethereum,True,NEUTRAL,1,0.5,"The tweet mentions the Ethereum Core Devs Meeting, but it lacks enough visible context to determine a short-term ETH price direction.",ETH,ethereum,Ethereum official,2018-01-26T13:48:26Z
ETH,data/ETH influencer tweets.csv,59,957400963148546050,https://x.com/vitalikbuterin/status/957400963148546050,"For example, suppose that we claimed that the Ethereum state was ""the world hard drive"" with a maximum theoretical capacity of 120 terabytes (assume no sharding); you would need to lock up 0.001 ETH to fill up 1 KB of state (now ~$5 for a medium-sized contract).",True,NEUTRAL,2,0.6,"The tweet is related to Ethereum, but it provides a specific example and calculation that may not have a clear short-term price direction.",ETH,vitalikbuterin,Vitalik Buterin,2018-01-27T23:52:31Z
ETH,data/ETH influencer tweets.csv,60,957401088390557698,https://x.com/vitalikbuterin/status/957401088390557698,"If ETH went up by 10x, that would make the system less affordable sure, but then *interest* in ethereum going up by 10x would make fees less affordable by a similar amount anway.",True,NEUTRAL,3,0.5,"The tweet is directly related to ETH, but it presents a neutral view on the potential price impact of a 10x increase in Ethereum's value.",ETH,vitalikbuterin,Vitalik Buterin,2018-01-27T23:53:01Z
ETH,data/ETH influencer tweets.csv,61,957401407325462529,https://x.com/vitalikbuterin/status/957401407325462529,"Before, I discounted this, because what were essentially political pressures (but which I didn't recognize as such at the time) were successfully keeping fees in the $0.01-0.1 range, lobbying miners' mingasprices down every time ETH (or BTC) went up.",True,NEUTRAL,2,0.5,"The tweet is directly related to ETH, but it discusses past market dynamics and does not provide clear information for a short-term price direction.",ETH,vitalikbuterin,Vitalik Buterin,2018-01-27T23:54:17Z
ETH,data/ETH influencer tweets.csv,62,958771887840088064,https://x.com/ethereum/status/958771887840088064,[Blog] To Infinity and Beyond!  https://t.co/OmwmnhGxtR,False,NEUTRAL,0,0.9,The tweet is a link to an article titled 'To Infinity and Beyond!' but it doesn't provide any clear information about ETH or its market direction.,ETH,ethereum,Ethereum official,2018-01-31T18:40:05Z
ETH,data/ETH influencer tweets.csv,63,958805358990057472,https://x.com/ethereum/status/958805358990057472,[Blog] Farewell and Welcome  https://t.co/cImDr8yWoq,False,NEUTRAL,0,0.9,"The tweet mentions a blog link, but it does not provide any context or market-relevant information about ETH.",ETH,ethereum,Ethereum official,2018-01-31T20:53:05Z
ETH,data/ETH influencer tweets.csv,64,960776599795879936,https://x.com/vitalikbuterin/status/960776599795879936,"Internet archive continues to accept and expand accepting crypto for donations (now it's taking BTC, BCH, ZEC, ETH). Donation link here:  https://t.co/1bzERHLAl7  https://t.co/NwqwknRgYD",True,NEUTRAL,2,0.5,"The tweet mentions Ethereum (ETH) as one of the cryptocurrencies accepted for donations, but it does not provide clear information about its market direction or impact.",ETH,vitalikbuterin,Vitalik Buterin,2018-02-06T07:26:06Z
ETH,data/ETH influencer tweets.csv,65,961960721578897409,https://x.com/ethereum/status/961960721578897409,[LIVE] Ethereum Core Devs Meeting #33 [2/9/18]  https://t.co/2mXk5wPxvm #Ethereum,True,NEUTRAL,2,0.5,"The tweet mentions Ethereum in a live meeting and link, but it does not provide clear short-term price direction or market-relevant information.",ETH,ethereum,Ethereum official,2018-02-09T13:51:23Z
ETH,data/ETH influencer tweets.csv,66,963207430594207745,https://x.com/vitalikbuterin/status/963207430594207745,@CobraBitcoin @JihanWu Would you be interested in considering hybrid proof of stake? I recognize full PoS is unrealistic for BTC community but I'm happy to suggest hybrid options I think are best.,False,NEUTRAL,0,0.3,The tweet mentions 'hybrid proof of stake' but does not directly relate to ETH or its market direction.,ETH,vitalikbuterin,Vitalik Buterin,2018-02-13T00:25:21Z
ETH,data/ETH influencer tweets.csv,67,970204828537315329,https://x.com/vitalikbuterin/status/970204828537315329,"Myth: blockchains should only do ""verification"", and not ""transaction execution"", because tx execution is much slower than verification  Fact: Ethereum uncle rate correlates far more strongly with simple tx count than it does with the complexity of the transactions (ie. gas used)  https://t.co/0ccJbGqNWB",True,NEUTRAL,3,0.6,"The tweet mentions Ethereum and provides an academic explanation of its uncle rate, but the information is not clear enough to determine a short-term ETH price direction.",ETH,vitalikbuterin,Vitalik Buterin,2018-03-04T07:50:31Z
ETH,data/ETH influencer tweets.csv,68,970247438563917824,https://x.com/vitalikbuterin/status/970247438563917824,Or BTC. Or BCH. Or DOGE. Or Wild Beast Block. Yall are getting nothing.,False,NEUTRAL,0,0.8,"The tweet mentions multiple cryptocurrencies (BTC, BCH, DOGE), but it does not provide any clear market direction or relevant information about ETH.",ETH,vitalikbuterin,Vitalik Buterin,2018-03-04T10:39:50Z
ETH,data/ETH influencer tweets.csv,69,977062670141554688,https://x.com/ethereum/status/977062670141554688,Ethereum Core Developer Meeting in 8 Hours! #Ethereum #CoreDevMeeting  https://t.co/CJI8uu8ddo,True,NEUTRAL,2,0.5,"The tweet mentions the Ethereum Core Developer Meeting, but it lacks enough context to determine a short-term ETH price direction.",ETH,ethereum,Ethereum official,2018-03-23T06:01:08Z
ETH,data/ETH influencer tweets.csv,70,977181735560597505,https://x.com/ethereum/status/977181735560597505,[LIVE] Ethereum Core Developer Meeting #35 [3/23/18]  https://t.co/1sDC1v2d4a #Ethereum,True,NEUTRAL,2,0.5,"The tweet mentions the Ethereum Core Developer Meeting and includes a link to the meeting minutes, but it does not provide clear bullish or bearish information for ETH in the short-term market reaction window.",ETH,ethereum,Ethereum official,2018-03-23T13:54:15Z
ETH,data/ETH influencer tweets.csv,71,980446142113644544,https://x.com/ethereum/status/980446142113644544,[BLOG] Announcing World Trade Francs: The Official Ethereum Stablecoin #ethereum  https://t.co/yEmEuC8ghK,True,BUY,5,0.9,"The tweet is directly related to ETH and announces an official Ethereum stablecoin, which is a bullish factor for the short-term market direction.",ETH,ethereum,Ethereum official,2018-04-01T14:05:50Z
ETH,data/ETH influencer tweets.csv,72,981069924255739904,https://x.com/vitalikbuterin/status/981069924255739904,"I'm going to live tweet comments on the ""Bitcoin, Controversy over Principle"" section of Deconomy for fun.",False,NEUTRAL,0,0.9,"The tweet does not mention ETH, Ethereum, or its ecosystem, and it gives no market-relevant information for ETH.",ETH,vitalikbuterin,Vitalik Buterin,2018-04-03T07:24:31Z
ETH,data/ETH influencer tweets.csv,73,981070252019662849,https://x.com/vitalikbuterin/status/981070252019662849,"1. It's interesting how much times have changed by 2018; even @Excellion (Blockstream CSO)'s presentation explicitly makes concessions to the non-maximalist multi-blockchain reality (""lightning compatible with Litecoin"", ""Simplicity will be usable on Bitcoin+ other blockchains"")",False,NEUTRAL,0,0.9,"The tweet mentions Blockstream and Litecoin in the context of a multi-blockchain reality, but it does not directly mention ETH or its ecosystem.",ETH,vitalikbuterin,Vitalik Buterin,2018-04-03T07:25:50Z
ETH,data/ETH influencer tweets.csv,74,981070574137962496,https://x.com/vitalikbuterin/status/981070574137962496,"2. The whole ""collectibles, then gold, then fiat, then bitcoin"" narrative is only one way of understanding the history of money, and in many significant ways an incorrect way. See: David Graeber's ""Debt, The First 5000 Years""",False,NEUTRAL,0,0.8,The tweet does not provide clear information about the market direction of ETH and only mentions David Graeber's book.,ETH,vitalikbuterin,Vitalik Buterin,2018-04-03T07:27:06Z
ETH,data/ETH influencer tweets.csv,75,981072307056553984,https://x.com/vitalikbuterin/status/981072307056553984,"5. ""Why Bitcoin is Better than Gold"" - I actually agree Bitcoin is better than gold as an SoV both individually and socially; I harp on bitcoin PoW mining wrecking the environment a lot, but gold is worse.  https://t.co/3GNPECdMYo",False,NEUTRAL,0,0.9,"The tweet does not mention ETH, Ethereum, or its ecosystem, and it gives no market-relevant information for ETH.",ETH,vitalikbuterin,Vitalik Buterin,2018-04-03T07:34:00Z
ETH,data/ETH influencer tweets.csv,76,981073361714364417,https://x.com/vitalikbuterin/status/981073361714364417,"7. ""Bitcoin is divisible and spendable"".... umm, I don't think it's possible to spend less than ~10000 satoshis. Sure, you can use lightning channels, but entering a channel itself costs that amount, so you can't collect a payment *for the first time* if it's smaller",False,NEUTRAL,0,0.8,"The tweet does not mention ETH, Ethereum, or its ecosystem, and it gives no market-relevant information for ETH.",ETH,vitalikbuterin,Vitalik Buterin,2018-04-03T07:38:11Z
ETH,data/ETH influencer tweets.csv,77,981073902414647297,https://x.com/vitalikbuterin/status/981073902414647297,"8. The discourse on ""the four primitives"" and layer 2 scaling solutions as the sole domain of innovation is clearly well developed now. Eh, bitcoin forked now and so it's clear that everyone on the core side actually has bought into the vision, and I guess we'll see how it goes.",True,NEUTRAL,1,0.5,"The tweet mentions Ethereum's layer 2 scaling solutions and the core side of the ETH ecosystem, but it does not provide clear short-term price direction or market-relevant information.",ETH,vitalikbuterin,Vitalik Buterin,2018-04-03T07:40:20Z
ETH,data/ETH influencer tweets.csv,78,981074493769637888,https://x.com/vitalikbuterin/status/981074493769637888,"10. ""Bitcoin is a really big shift on par with the internet and the internal combustion engine""; even if you replace ""bitcoin"" with ""cryptoeconomics in general"", I don't think it's fair to go quite that far. The tech is important, but imo better not to oversell it.",False,NEUTRAL,1,0.3,"The tweet mentions Bitcoin in a broader context of technology and economics, but it does not provide clear information about ETH's market direction or influence the short-term price.",ETH,vitalikbuterin,Vitalik Buterin,2018-04-03T07:42:41Z
ETH,data/ETH influencer tweets.csv,79,981077367585062912,https://x.com/vitalikbuterin/status/981077367585062912,"15. Though the general ""more economic freedom = good"" idea is certainly one that I subscribe to. That said, there is a difference between the kind of economic freedom that is the difference between Cuba and HK, and the kind that bitcoin/crypto enables...",True,NEUTRAL,2,0.5,The tweet mentions Ethereum but does not provide clear information about its market direction.,ETH,vitalikbuterin,Vitalik Buterin,2018-04-03T07:54:06Z
ETH,data/ETH influencer tweets.csv,80,981077602294050818,https://x.com/vitalikbuterin/status/981077602294050818,"16. And here comes the anti-small-block speech, ""What would I do if I wanted to stop bitcoin? Advocate for 1 MB blocks to intentionally create high fees, slow confirmations, unreliable transactions""",False,NEUTRAL,0,1.0,"The tweet mentions Bitcoin and its ecosystem, but it is not related to ETH or its market direction.",ETH,vitalikbuterin,Vitalik Buterin,2018-04-03T07:55:02Z
ETH,data/ETH influencer tweets.csv,81,981078082248261632,https://x.com/vitalikbuterin/status/981078082248261632,"18. ""This will result in fewer users ... less financial privacy ... less censorship resistance"". The financial privacy bit may actually be true; I heard from third-party sources that bitcoin tumblers were the first type of transaction to stop taking place as fees started going up",True,NEUTRAL,1,0.4,"The tweet mentions Bitcoin and Ethereum in the context of potential privacy implications, but it lacks clear market direction or a direct reference to ETH.",ETH,vitalikbuterin,Vitalik Buterin,2018-04-03T07:56:57Z
ETH,data/ETH influencer tweets.csv,82,981078979191844865,https://x.com/vitalikbuterin/status/981078979191844865,"19. Roger provides chart of bitcoin usage going up linearly, then hitting the 1 MB limit, and losing out on projected adoption beyond that. Losses somewhat overstated as txs crowded out by fees were lower value than txs that stay, but still serious.",False,NEUTRAL,0,0.9,"The tweet mentions Bitcoin and its ecosystem, but it lacks enough visible context to determine a short-term ETH price direction.",ETH,vitalikbuterin,Vitalik Buterin,2018-04-03T08:00:30Z
ETH,data/ETH influencer tweets.csv,83,981080570456190976,https://x.com/vitalikbuterin/status/981080570456190976,"22. The next lie according to craig is that ""Bitcoin needs to be fixed"", and that ""technocrats need to make it better"".",False,NEUTRAL,0,0.9,"The tweet mentions Craig's statement about Bitcoin needing to be fixed, but it does not provide any information relevant to the Ethereum (ETH) market direction.",ETH,vitalikbuterin,Vitalik Buterin,2018-04-03T08:06:50Z
ETH,data/ETH influencer tweets.csv,84,981080886656380928,https://x.com/vitalikbuterin/status/981080886656380928,"23. Shows a slide containing 6 diagrams of network topologies, and just claims that Bitcoin is less decentralized because ""it has more centrality"", and does not elaborate further.",False,NEUTRAL,0,0.3,"The tweet mentions a slide about Bitcoin network topologies, but it does not provide any clear market-relevant information or context for ETH.",ETH,vitalikbuterin,Vitalik Buterin,2018-04-03T08:08:05Z
ETH,data/ETH influencer tweets.csv,85,981081223219965952,https://x.com/vitalikbuterin/status/981081223219965952,"24. ""You don't actually do anything as a node, unless it's a full node, which is a miner, which is now ASICs"".  ""Bitcoin works because of these squiggly lines called math"", pointing to more non-sequiturs.  Double facepalm....",False,NEUTRAL,0,0.5,The tweet is unrelated to ETH and does not provide any market-relevant information for the coin.,ETH,vitalikbuterin,Vitalik Buterin,2018-04-03T08:09:25Z
ETH,data/ETH influencer tweets.csv,86,981083123445243905,https://x.com/vitalikbuterin/status/981083123445243905,"27. The Bitcoin network is highly connected, and therefore a transaction gets broadcasted across the network very quickly. Therefore double spending is not worth worrying about. True in some cases (many consumer-merchant payments), false in others; the distinction matters.",False,NEUTRAL,0,0.8,"The tweet discusses the Bitcoin network, but does not mention Ethereum or its ecosystem.",ETH,vitalikbuterin,Vitalik Buterin,2018-04-03T08:16:58Z
ETH,data/ETH influencer tweets.csv,87,981083341347672064,https://x.com/vitalikbuterin/status/981083341347672064,"28. ""When you're talking about miners, Bitcoin is sub-linear. It actually gets better the bigger the network is. That's some of the stuff people don't want you to know"" - what does that even mean?",True,NEUTRAL,1,0.5,"The tweet is directly related to Ethereum (ETH), but it asks a question and does not provide clear information about ETH's short-term market direction.",ETH,vitalikbuterin,Vitalik Buterin,2018-04-03T08:17:50Z
ETH,data/ETH influencer tweets.csv,88,981088220187303937,https://x.com/vitalikbuterin/status/981088220187303937,38. Bitcoin core devs' work in making the node more efficient over time so it can handle and efficiently process larger and larger blocks is indeed admirable.,False,NEUTRAL,0,1.0,"The tweet mentions Bitcoin Core devs and block efficiency, but does not mention ETH, Ethereum, or its ecosystem.",ETH,vitalikbuterin,Vitalik Buterin,2018-04-03T08:37:14Z
ETH,data/ETH influencer tweets.csv,89,981090555697405952,https://x.com/vitalikbuterin/status/981090555697405952,"44. Roger: what is Bitcoin to you, Samson?  Samson: a new form of money.  Roger: with $50 fees?  Samson: well, what are fees now?  Roger: $0.20, but only because the users were driven away.  FYI, I'm on Roger's side here; $50 fees should IMO count as a de-facto liveness failure",False,NEUTRAL,0,0.8,"The tweet does not directly mention ETH, Ethereum, or its ecosystem, and it gives no market-relevant information for ETH.",ETH,vitalikbuterin,Vitalik Buterin,2018-04-03T08:46:30Z
ETH,data/ETH influencer tweets.csv,90,981090878490951681,https://x.com/vitalikbuterin/status/981090878490951681,"45. ""It's easier to migrate from bitcoin core to altcoins than to migrate from bitcoin core to lightning"" - this is actually a very interesting point: lightning only benefits from bitcoin's *currency* network effect, NOT *tech/development* network effect.",True,NEUTRAL,2,0.6,"The tweet is related to ETH, but it mentions a point about the difference between Bitcoin's network effect and Lightning Network's benefit from Bitcoin's currency network effect, which does not provide clear short-term price direction for Ethereum.",ETH,vitalikbuterin,Vitalik Buterin,2018-04-03T08:47:47Z
ETH,data/ETH influencer tweets.csv,91,981091329479356416,https://x.com/vitalikbuterin/status/981091329479356416,"47. Samson: ""If you're accepting payments in altcoins, there's very little liquidity""  IMO not true since ~2015 for the top ~10-50 coins. Just use the altcoins as a payment channel; when your balance gets to ~$100 convert to bitcoin through shapeshift and sell to fiat from there",True,NEUTRAL,2,0.6,"The tweet is related to ETH, but it's a discussion about altcoin liquidity and payment channels, which doesn't provide clear short-term price direction.",ETH,vitalikbuterin,Vitalik Buterin,2018-04-03T08:49:35Z
ETH,data/ETH influencer tweets.csv,92,981094138710933504,https://x.com/vitalikbuterin/status/981094138710933504,"52. Samson: ""Bitcoin Cash does not have Segwit. Lightning requires Segwit"" Roger: ""It does not""  To be clear, I think what Roger means is that Lightning requires *any* tx malleability fix, not Segwit specifically. BCH has Flexible Transactions, which also fixes malleability.",False,NEUTRAL,0,0.8,"The tweet is about Bitcoin Cash and its relationship to Segwit, but it does not mention ETH or provide any market-relevant information for ETH.",ETH,vitalikbuterin,Vitalik Buterin,2018-04-03T09:00:45Z
ETH,data/ETH influencer tweets.csv,93,981096767713263616,https://x.com/vitalikbuterin/status/981096767713263616,"59. ""Bitcoin Core is some science project for people who live in first world countries...""  One line I think I saw on /r/buttcoin is ""Bitcoin has turned into a bizarro ICO for the lightning network""",False,NEUTRAL,0,0.8,"The tweet does not mention ETH or its ecosystem, and it gives a negative comment about Bitcoin Core, but no market-relevant information for ETH.",ETH,vitalikbuterin,Vitalik Buterin,2018-04-03T09:11:11Z
ETH,data/ETH influencer tweets.csv,94,981099888044777472,https://x.com/vitalikbuterin/status/981099888044777472,61. Samson did then attack bitcoin cash'ers for calling it bitcoin cash. That seems unfair; we for example have no issue with Ethereum Classic.,True,NEUTRAL,2,0.6,"The tweet mentions Ethereum Classic and compares it to Ethereum, but the context is about how they name their forks, rather than a clear short-term price direction for ETH.",ETH,vitalikbuterin,Vitalik Buterin,2018-04-03T09:23:35Z
ETH,data/ETH influencer tweets.csv,95,982083932144525312,https://x.com/ethereum/status/982083932144525312,11.5 hours until Ethereum Core Developer Meeting #36! Lots of interesting agenda items. Tune in live! #ethereum  https://t.co/bWTGqzh8DK,True,NEUTRAL,2,0.5,"The tweet is related to ETH and mentions the upcoming Ethereum Core Developer Meeting, which may be of interest to ETH holders or enthusiasts.",ETH,ethereum,Ethereum official,2018-04-06T02:33:50Z
ETH,data/ETH influencer tweets.csv,96,982256308555403266,https://x.com/ethereum/status/982256308555403266,[LIVE] Ethereum Core Developer Meeting #36 [04/06/18]  https://t.co/NEfytsGM8K,True,NEUTRAL,1,0.5,"The tweet mentions the Ethereum Core Developer Meeting, which is related to ETH, but it does not provide clear information about a short-term market direction.",ETH,ethereum,Ethereum official,2018-04-06T13:58:48Z
ETH,data/ETH influencer tweets.csv,97,983183179539398658,https://x.com/vitalikbuterin/status/983183179539398658,This is a chart of ethereum hashrate divided by 100-day EMA of dollar value of block rewards paid.  (100-day EMA because price changes take time to propagate to hashrate due to hardware sunk costs)  We're still well within historical norms.  https://t.co/LURYuloLKz,True,NEUTRAL,3,0.8,"The tweet is directly related to ETH and describes its hashrate divided by the 100-day EMA of dollar value of block rewards paid, but it lacks a clear short-term price direction.",ETH,vitalikbuterin,Vitalik Buterin,2018-04-09T03:21:51Z
ETH,data/ETH influencer tweets.csv,98,986104490402066432,https://x.com/vitalikbuterin/status/986104490402066432,Ways they are inadequate today include:  * Lack of available options * Lack of oracle providers for the semi-centralized options * Lack of standardized support across wallets * Lack of good first-class-citizen support for multisig in ethereum (will be fixed soon),True,NEUTRAL,2,0.6,"The tweet is directly related to ETH, but it mentions issues with Ethereum's ecosystem and does not provide a clear short-term price direction.",ETH,vitalikbuterin,Vitalik Buterin,2018-04-17T04:50:06Z
ETH,data/ETH influencer tweets.csv,99,986104674229960704,https://x.com/vitalikbuterin/status/986104674229960704,The ethereum foundation grant program is absolutely willing to fund projects that try to tackle these problems.,True,BUY,4,0.8,"The tweet is directly related to ETH and mentions the Ethereum Foundation grant program, which may fund projects that try to tackle problems affecting ETH, creating a bullish factor.",ETH,vitalikbuterin,Vitalik Buterin,2018-04-17T04:50:49Z
ETH,data/ETH influencer tweets.csv,100,986277369903222785,https://x.com/vitalikbuterin/status/986277369903222785,"@_Kevin_Pham You call that centralized? It's fundamentally very similar to the ""if you miners try to force 2X we'll hard fork the PoW"" drama that bitcoin went through last year.",True,NEUTRAL,1,0.5,"The tweet is related to ETH, but the context about Bitcoin's hard fork drama does not provide clear short-term price direction for ETH.",ETH,vitalikbuterin,Vitalik Buterin,2018-04-17T16:17:03Z
ETH,data/ETH influencer tweets.csv,101,987318817348046849,https://x.com/vitalikbuterin/status/987318817348046849,"@JohnLilic @_Kevin_Pham @StopAndDecrypt @derekGUMB The fact that bitcoin maximalism is now considered ""contrarian"" just shows how the pluralist multi-currency vision has already won 😊",False,NEUTRAL,0,0.9,"The tweet mentions Bitcoin maximalism and a pluralist multi-currency vision, but it does not provide any clear context or information about Ethereum (ETH) that would influence its short-term price direction.",ETH,vitalikbuterin,Vitalik Buterin,2018-04-20T13:15:24Z
ETH,data/ETH influencer tweets.csv,102,987683992336973824,https://x.com/vitalikbuterin/status/987683992336973824,@getongab Mainstream media is not the sole arbiter of truth. Vitalik Buterin controls Ethereum because FT says so. Pick one.,True,NEUTRAL,1,0.5,"The tweet mentions Ethereum, but the context is ambiguous and does not provide a clear short-term price direction.",ETH,vitalikbuterin,Vitalik Buterin,2018-04-21T13:26:28Z
ETH,data/ETH influencer tweets.csv,103,988488660453609475,https://x.com/vitalikbuterin/status/988488660453609475,"@_Kevin_Pham Theory: Kevin Pham is secretly paid by the Chinese to say crazy things to make the bitcoin community look like hyper-individualist insane gun nuts, thereby encouraging its replacement by centralized cryptocurrencies that the Chinese gov can more easily influence.",False,NEUTRAL,0,0.3,The tweet mentions Ethereum in a context that is unrelated to its market direction.,ETH,vitalikbuterin,Vitalik Buterin,2018-04-23T18:43:56Z
ETH,data/ETH influencer tweets.csv,104,990412246256836608,https://x.com/vitalikbuterin/status/990412246256836608,"@bascule If tumblers can contribute to bitcoin's GDP then I think it's fair for the US GDP to include ""The $1.6 Quadrillion Derivatives Market!!!1!!1!"".",False,NEUTRAL,0,1.0,"The tweet does not mention ETH, Ethereum, or its ecosystem.",ETH,vitalikbuterin,Vitalik Buterin,2018-04-29T02:07:35Z
ETH,data/ETH influencer tweets.csv,105,991062978131738624,https://x.com/vitalikbuterin/status/991062978131738624,"@_Kevin_Pham Sorry, I would order @ethereumJoseph not to do this, but he doesn't listen. These days I can't even get the guy to kick Deepak Chopra out of his conference. How dare he keep disobeying me like that... what does he think Ethereum is, a decentralized ecosystem?",False,NEUTRAL,1,0.4,"The tweet mentions the Ethereum founder Vitalik Buterin, but it is a joke and does not contain any market-relevant information for ETH.",ETH,vitalikbuterin,Vitalik Buterin,2018-04-30T21:13:21Z
ETH,data/ETH influencer tweets.csv,106,991762299999477760,https://x.com/ethereum/status/991762299999477760,[BLOG] Announcing May 2018 Cohort of EF Grants #ethereum #buidl  https://t.co/PeuSYTMPvr,True,NEUTRAL,3,0.6,"The tweet mentions the Ethereum ecosystem and EF Grants, but it lacks enough visible context to determine a short-term ETH price direction.",ETH,ethereum,Ethereum official,2018-05-02T19:32:13Z
ETH,data/ETH influencer tweets.csv,107,993824944525135873,https://x.com/vitalikbuterin/status/993824944525135873,"@jeetsidhu_ @bitcoinclegane @bhec39 @EconomicHustle @_Kevin_Pham Oh I'm not saying Monero isn't serious about privacy. I'm saying that Zcash is also serious about privacy, and I feel its privacy is less likely to break (most technical risk re SNARKs is concentrated around soundness, which affects hodlers, not users)",False,NEUTRAL,0,0.8,"The tweet is unrelated to ETH and only mentions Zcash and Monero, which are other cryptocurrencies.",ETH,vitalikbuterin,Vitalik Buterin,2018-05-08T12:08:25Z
ETH,data/ETH influencer tweets.csv,108,994301429014769665,https://x.com/vitalikbuterin/status/994301429014769665,"@Lisergiko &gt; And the 20% of coins that devs receive is a big no-no!!  It's 10% of coins. Second, the premine is ~10% of coins in Ethereum too, so I'm not sure what credibility I had in your eyes in the first place.",True,NEUTRAL,2,0.5,"The tweet is directly related to ETH, but it does not provide a clear short-term price direction.",ETH,vitalikbuterin,Vitalik Buterin,2018-05-09T19:41:48Z
ETH,data/ETH influencer tweets.csv,109,994649314340294656,https://x.com/vitalikbuterin/status/994649314340294656,@eosnewyork @ethereum @bytemaster7 Thanks for the support!,False,NEUTRAL,0,0.8,"The tweet does not mention ETH, Ethereum, or its ecosystem in a way that provides clear market-relevant information for ETH.",ETH,vitalikbuterin,Vitalik Buterin,2018-05-10T18:44:10Z
ETH,data/ETH influencer tweets.csv,110,994950871652978688,https://x.com/ethereum/status/994950871652978688,[Blog] Devcon4 Announcement. Join us in Prague Oct 30 - Nov 2!  https://t.co/upwjnnyCGa #ethereum #devcon4,True,NEUTRAL,1,0.5,"The tweet mentions Ethereum in the context of an upcoming event, but it lacks clear short-term market direction information.",ETH,ethereum,Ethereum official,2018-05-11T14:42:27Z
ETH,data/ETH influencer tweets.csv,111,995017128074928128,https://x.com/vitalikbuterin/status/995017128074928128,@dogecoin Sure :),False,NEUTRAL,0,0.5,"The tweet mentions @dogecoin, but it is not related to the specified Coin, which is ETH.",ETH,vitalikbuterin,Vitalik Buterin,2018-05-11T19:05:44Z
ETH,data/ETH influencer tweets.csv,112,996731215662239744,https://x.com/ethereum/status/996731215662239744,Remix IDE 0.6.3 Released!  https://t.co/cm97F8ca14,True,NEUTRAL,1,0.5,"The tweet mentions the Remix IDE, which is related to Ethereum's ecosystem.",ETH,ethereum,Ethereum official,2018-05-16T12:36:54Z
ETH,data/ETH influencer tweets.csv,113,997237462886965248,https://x.com/ethereum/status/997237462886965248,16 hours until the Ethereum Core Devs Meeting #38. Excited to announce this will be live streamed via both YouTube and @LivepeerTV! Check out the agenda.  https://t.co/LBJVMZSa8E #ethereum #coredevsmeeting,True,NEUTRAL,2,0.6,"The tweet is related to Ethereum and announces the upcoming live stream of the Core Devs Meeting, which may increase visibility but lacks clear bullish or bearish information for ETH in a short-term market reaction window.",ETH,ethereum,Ethereum official,2018-05-17T22:08:33Z
ETH,data/ETH influencer tweets.csv,114,997476949302923264,https://x.com/ethereum/status/997476949302923264,[LIVE] Ethereum Core Developer Meeting #38 [05/18/18]  https://t.co/TQ7deO2Q90 #ethereum #allcoredevs  https://t.co/VmJuxG0l5f,True,NEUTRAL,3,0.4,"The tweet mentions Ethereum and links to a Core Developer Meeting, which may be relevant for developers or enthusiasts, but the content is not immediately clear in terms of short-term market direction.",ETH,ethereum,Ethereum official,2018-05-18T14:00:11Z
ETH,data/ETH influencer tweets.csv,115,997487947820740608,https://x.com/vitalikbuterin/status/997487947820740608, https://t.co/yt58zEPBG4  This is very sad. A potentially very useful service in the ethereum ecosystem discontinued due to GDPR issues.,True,NEUTRAL,2,0.5,"The tweet mentions a service in the Ethereum ecosystem being discontinued due to GDPR issues, but it's not clear how this will affect the short-term ETH price direction.",ETH,vitalikbuterin,Vitalik Buterin,2018-05-18T14:43:53Z
ETH,data/ETH influencer tweets.csv,116,997965470362812416,https://x.com/vitalikbuterin/status/997965470362812416,"Wow, @etherscan has a lot of really cool new tools lately:  * DEX tracker:  https://t.co/kvVjFlxkgv * DEX order books:  https://t.co/8p6mF34B7l * Gas tracker:  https://t.co/TetcmaXAnX * Swarm search:  https://t.co/7SdyUj9HhR  Glad to see ethereum growing such a robust DEX ecosystem!",True,BUY,4,0.9,"The tweet is directly related to ETH and praises the growing robust DEX ecosystem, which is a clear bullish factor.",ETH,vitalikbuterin,Vitalik Buterin,2018-05-19T22:21:24Z
ETH,data/ETH influencer tweets.csv,117,1001882642449616896,https://x.com/ethereum/status/1001882642449616896,ethereumJS client development has officially started! Learn how you can contribute:  https://t.co/ipMf0CFpwS #ethereum #ethereumJS,True,BUY,5,0.8,"The tweet is directly related to ETH and announces the start of EthereumJS client development, which may increase developer interest and demand for ETH.",ETH,ethereum,Ethereum official,2018-05-30T17:46:50Z
ETH,data/ETH influencer tweets.csv,118,1006026764341014530,https://x.com/vitalikbuterin/status/1006026764341014530,"@TezosFoundation This seems backwards. Why can't third parties just run a script to scan the BTC/ETH blockchains, see how much everyone contributed, calculate how much XTZ everyone should get, and generate the genesis block without Tezos Co involvement?  That's how the Ethereum launch worked.",True,NEUTRAL,2,0.6,The tweet mentions Ethereum (ETH) but does not provide clear information about its market direction or price.,ETH,vitalikbuterin,Vitalik Buterin,2018-06-11T04:14:06Z
ETH,data/ETH influencer tweets.csv,119,1007442806707818497,https://x.com/ethereum/status/1007442806707818497,12 hours until the Ethereum Core Developer Meeting #40. Check out the agenda -  https://t.co/n2M3pCuWoN,True,NEUTRAL,1,0.5,"The tweet mentions the Ethereum Core Developer Meeting and provides a link to the agenda, but it does not contain clear bullish or bearish information for ETH within a short-term market reaction window.",ETH,ethereum,Ethereum official,2018-06-15T02:00:57Z
ETH,data/ETH influencer tweets.csv,120,1007575392645890048,https://x.com/vitalikbuterin/status/1007575392645890048,"@JayCockburn I wrote hundreds of articles for bitcoin magazine for far below minimum wage, if not free, before starting ethereum. So if you want to talk about my own experience as an example, IMO it perfectly confirms that shooting for social capital is a totally fine incentive.",True,NEUTRAL,2,0.5,"The tweet mentions Ethereum (ETH) and the author's past work on it, but it does not contain clear short-term price direction or market-relevant information.",ETH,vitalikbuterin,Vitalik Buterin,2018-06-15T10:47:48Z
ETH,data/ETH influencer tweets.csv,121,1007622548211884032,https://x.com/ethereum/status/1007622548211884032,[LIVE] Ethereum Core Developer Meeting #40 [06/15/18]  https://t.co/iqucGaNi15  #ethereum #allcoredevs  https://t.co/bDvhIpd2n4,True,NEUTRAL,0,0.4,"The tweet mentions Ethereum Core Developer Meeting, but it does not provide clear information about the meeting's outcome or its impact on the market.",ETH,ethereum,Ethereum official,2018-06-15T13:55:10Z
ETH,data/ETH influencer tweets.csv,122,1009982855697649664,https://x.com/ethereum/status/1009982855697649664,[Blog] Announcing Swarm Proof-of-Concept Release 3 #swarm  https://t.co/hrxZhgAHac  https://t.co/OcMPSbHiCG,True,NEUTRAL,2,0.5,"The tweet mentions Swarm and Ethereum, but the context is about a proof-of-concept release and does not provide clear short-term price direction for ETH.",ETH,ethereum,Ethereum official,2018-06-22T02:14:12Z
ETH,data/ETH influencer tweets.csv,123,1012696130998734848,https://x.com/ethereum/status/1012696130998734848,[LIVE] Ethereum Core Developer Meeting #41 [06/29/18]  https://t.co/CxqxC6pSYl,True,NEUTRAL,1,0.4,"The tweet mentions the Ethereum Core Developer Meeting, but it lacks enough visible context to determine a short-term ETH price direction.",ETH,ethereum,Ethereum official,2018-06-29T13:55:47Z
ETH,data/ETH influencer tweets.csv,124,1014256375726305280,https://x.com/ethereum/status/1014256375726305280,Mark your calendars! Devcon4 tickets go on sale at 8AM PDT on July 9. Read about our Devcon4 ticketing process here:  https://t.co/boxEitOOB1  https://t.co/2BNFr2x1va,True,NEUTRAL,1,0.5,"The tweet mentions the Devcon4 ticketing process for Ethereum, but it is about an event and not a market-relevant development.",ETH,ethereum,Ethereum official,2018-07-03T21:15:38Z
ETH,data/ETH influencer tweets.csv,125,1014256986454667267,https://x.com/ethereum/status/1014256986454667267,Follow @EFDevcon for the latest &amp; greatest Devcon4 news!,False,NEUTRAL,0,1.0,"The tweet is related to a Devcon4 news, which is not directly relevant to ETH market direction.",ETH,ethereum,Ethereum official,2018-07-03T21:18:04Z
ETH,data/ETH influencer tweets.csv,126,1016224550688878592,https://x.com/vitalikbuterin/status/1016224550688878592,"I do wish @elonmusk's first tweet about ethereum was about the tech rather than the twitter scambots........  @jack help us please? Or someone from the ETH community make a layer 2 scam filtering solution, please?  https://t.co/biVRshZmne",True,NEUTRAL,1,0.6,"The tweet is related to ETH, but it asks for a solution from the ETH community and does not provide clear information about the market direction.",ETH,vitalikbuterin,Vitalik Buterin,2018-07-09T07:36:28Z
ETH,data/ETH influencer tweets.csv,127,1017769772547747841,https://x.com/ethereum/status/1017769772547747841,[LIVE] Ethereum Core Developer Meeting #42 [07/13/18]  https://t.co/3voznB1L69,True,NEUTRAL,2,0.4,"The tweet is related to Ethereum, but the link provided is a meeting announcement and does not contain any market-relevant information for ETH.",ETH,ethereum,Ethereum official,2018-07-13T13:56:37Z
ETH,data/ETH influencer tweets.csv,128,1019248281707319298,https://x.com/ethereum/status/1019248281707319298,[Blog] An Update on Devcon4 Ticket Allocations &amp; Sales  https://t.co/wVo6AQaFcZ,True,NEUTRAL,1,0.5,"The tweet mentions Devcon4, which is related to ETH, but it's more about event organization and ticket sales rather than providing clear market-relevant information for ETH.",ETH,ethereum,Ethereum official,2018-07-17T15:51:41Z
ETH,data/ETH influencer tweets.csv,129,1019959612353777664,https://x.com/vitalikbuterin/status/1019959612353777664,"What's with almost every single ETH giveaway scam page having a slider of ETH remaining with the caption ""Left Ethereum""? Are the scams all run by one group? Are they pirating each other's scamware? Some kind of white labeling arrangement?",True,NEUTRAL,2,0.4,"The tweet mentions ETH and describes a potential issue with scams, but it lacks clear context to determine the short-term price direction.",ETH,vitalikbuterin,Vitalik Buterin,2018-07-19T14:58:16Z
ETH,data/ETH influencer tweets.csv,130,1020124725316550656,https://x.com/ethereum/status/1020124725316550656,"Devcon4 applications for discounts, scholarships, and sponsorships close Tuesday July 24th! Visit  https://t.co/kij7MZWU1s to apply! Read more about the deadline in this blog post:  https://t.co/5maXGmQwEg",True,NEUTRAL,1,0.4,"The tweet mentions ETH and contains information about Devcon4, but it lacks enough context to determine a short-term price direction.",ETH,ethereum,Ethereum official,2018-07-20T01:54:22Z
ETH,data/ETH influencer tweets.csv,131,1022506386369011717,https://x.com/vitalikbuterin/status/1022506386369011717,"@Bitcoin Their arguments seem to criticize 2011-era PoS algorithms with ""nothing at stake"" flaws and say little about the security deposit-based Casper CBC/FFG/Tendermint family. I reached out to them and will see what they say :)",False,NEUTRAL,0,1.0,"The tweet does not mention ETH or its ecosystem, but it mentions Bitcoin (BTC) and seems to be discussing a different topic.",ETH,vitalikbuterin,Vitalik Buterin,2018-07-26T15:38:14Z
ETH,data/ETH influencer tweets.csv,132,1022842930548092928,https://x.com/ethereum/status/1022842930548092928,[LIVE] Ethereum Core Devs Meeting #43 [07/27/18]   https://t.co/R36DNXq6fP,True,NEUTRAL,1,0.4,"The tweet is related to Ethereum and mentions an upcoming meeting, but it lacks enough visible context to determine a short-term ETH price direction.",ETH,ethereum,Ethereum official,2018-07-27T13:55:32Z
ETH,data/ETH influencer tweets.csv,133,1022934174540484608,https://x.com/ethereum/status/1022934174540484608,[Blog] Answers to your top 3 Devcon4 questions  https://t.co/DxLJ512iCo,True,NEUTRAL,1,0.4,"The tweet mentions the Ethereum account, but it only links to a blog post without visible market-relevant information for ETH.",ETH,ethereum,Ethereum official,2018-07-27T19:58:07Z
ETH,data/ETH influencer tweets.csv,134,1023571651865137152,https://x.com/vitalikbuterin/status/1023571651865137152,"I think there's too much emphasis on BTC/ETH/whatever ETFs, and not enough emphasis on making it easier for people to buy $5 to $100 in cryptocurrency via cards at corner stores. The former is better for pumping price, but the latter is much better for actual adoption.",True,NEUTRAL,2,0.5,"The tweet mentions ETH in a context that is related to its market and adoption, but does not provide clear short-term price direction.",ETH,vitalikbuterin,Vitalik Buterin,2018-07-29T14:11:13Z
ETH,data/ETH influencer tweets.csv,135,1023618151320301568,https://x.com/ethereum/status/1023618151320301568,"SCAM ALERT! ""Ethereum Funds Recovery for ETH Losers"" is an attempt to steal your private key and ether. Be safe out there!  https://t.co/NlFtmrtjnq",True,NEUTRAL,3,0.8,"The tweet mentions a scam alert related to ETH, but the tone is cautionary and does not provide clear short-term price direction.",ETH,ethereum,Ethereum official,2018-07-29T17:15:59Z
ETH,data/ETH influencer tweets.csv,136,1024077001500622848,https://x.com/ethereum/status/1024077001500622848,"[Blog] Devcon4 Call for Participation! Apply to be a speaker, workshop lead, or breakout room host  https://t.co/Atq511ukmj",True,NEUTRAL,1,0.4,"The tweet is directly related to ETH and calls for participation in Devcon4, which may increase interest in the Ethereum ecosystem.",ETH,ethereum,Ethereum official,2018-07-30T23:39:18Z
ETH,data/ETH influencer tweets.csv,137,1027617213824479233,https://x.com/vitalikbuterin/status/1027617213824479233,"Poll for Bitcoin Core supporters. Suppose you had to flip a coin, and if it handed heads the bitcoin block size becomes one value and if it landed tails the bitcoin block size becomes another value. Which of the following would you choose?",False,NEUTRAL,0,0.8,"The tweet does not mention ETH, Ethereum, or its ecosystem, and it gives no market-relevant information for ETH.",ETH,vitalikbuterin,Vitalik Buterin,2018-08-09T18:06:50Z
ETH,data/ETH influencer tweets.csv,138,1027916378555207680,https://x.com/ethereum/status/1027916378555207680,[LIVE] Ethereum Core Devs Meeting #44 [08/10/18]  https://t.co/05nXTRsObh,True,NEUTRAL,2,0.5,"The tweet mentions an Ethereum Core Devs Meeting, which is a relevant event for the Ethereum community, but it lacks specific information about market direction or price movements.",ETH,ethereum,Ethereum official,2018-08-10T13:55:37Z
ETH,data/ETH influencer tweets.csv,139,1029900695925706753,https://x.com/vitalikbuterin/status/1029900695925706753,"1. Today I am going to make a tweet storm explaining the history and state of Ethereum's Casper research, including the FFG vs CBC wars, the hybrid =&gt; full switch, the role of randomness, mechanism design issues, and more.",True,NEUTRAL,3,0.5,"The tweet is directly related to ETH and mentions the history and state of Ethereum's Casper research, but it lacks specific market-relevant information or a clear short-term price direction.",ETH,vitalikbuterin,Vitalik Buterin,2018-08-16T01:20:35Z
ETH,data/ETH influencer tweets.csv,140,1029900794353483776,https://x.com/vitalikbuterin/status/1029900794353483776,"2. Ethereum proof of stake research began in Jan 2014 with Slasher ( https://t.co/ENIJsun6zn). Though the algorithm is highly suboptimal, it introduced some important ideas, most particularly the use of penalties to solve the nothing at stake problem ( https://t.co/CbMXgQt0TI).",True,NEUTRAL,2,0.5,"The tweet mentions Ethereum proof of stake research and provides a link to an article about the Slasher algorithm, which is relevant to ETH's ecosystem.",ETH,vitalikbuterin,Vitalik Buterin,2018-08-16T01:20:58Z
ETH,data/ETH influencer tweets.csv,141,1030097329997508608,https://x.com/vitalikbuterin/status/1030097329997508608,"@WhalePanda I just listened through the presentation to get my actual words, they were ""get 5 dollars of Bitcoin, Bitcoin Cash, ether or whatever"".",False,NEUTRAL,0,0.9,"The tweet does not provide clear information about the ETH market direction, and it only mentions a quote from Vitalik Buterin mentioning various cryptocurrencies.",ETH,vitalikbuterin,Vitalik Buterin,2018-08-16T14:21:56Z
ETH,data/ETH influencer tweets.csv,142,1030562766963318785,https://x.com/ethereum/status/1030562766963318785,[Blog] Ethereum Foundation Grants Update - Wave 3 #ethereum #grants  https://t.co/9bcFBkOxjX  https://t.co/hLNv6UMPbB,True,NEUTRAL,2,0.5,"The tweet mentions the Ethereum Foundation Grants Update, but it is unclear what this update means for the ETH price in the short-term.",ETH,ethereum,Ethereum official,2018-08-17T21:11:25Z
ETH,data/ETH influencer tweets.csv,143,1032075153788817408,https://x.com/vitalikbuterin/status/1032075153788817408,"The BCH community should NOT compromise with Craig Wright to ""avoid a split"" and should embrace it as an opportunity to conclusively ostracize and reject him. Bitcoin Craig (BCC) can go take the ticker symbol from the now-defunct cryptocurrency to which it is a fitting successor.",False,NEUTRAL,0,0.9,"The tweet does not mention ETH, Ethereum, or its ecosystem, and it gives no market-relevant information for ETH.",ETH,vitalikbuterin,Vitalik Buterin,2018-08-22T01:21:06Z
ETH,data/ETH influencer tweets.csv,144,1032712975906418688,https://x.com/ethereum/status/1032712975906418688,Come build on top of Ethereum @ETHSanFrancisco Oct. 5-7! Find out more by visiting  https://t.co/nukPaEmoAV.,True,BUY,4,0.8,"The tweet is directly related to ETH and invites developers to build on top of Ethereum, which may increase interest and demand for the coin.",ETH,ethereum,Ethereum official,2018-08-23T19:35:34Z
ETH,data/ETH influencer tweets.csv,145,1032989723944517632,https://x.com/ethereum/status/1032989723944517632,[LIVE] Ethereum Core Devs Meeting #45 [08/23/18] #ethereum  https://t.co/OLRe0Tg2ux,True,NEUTRAL,0,0.3,"The tweet mentions Ethereum and a live meeting with Core Devs, but it lacks enough visible context to determine a short-term ETH price direction.",ETH,ethereum,Ethereum official,2018-08-24T13:55:16Z
ETH,data/ETH influencer tweets.csv,146,1033715456027369473,https://x.com/vitalikbuterin/status/1033715456027369473,"@el33th4xor import random; rc = lambda x: random.choice(x.split("";""))+"" "" print(rc(""Global;North American;European;Asia"")+rc(""Bitcoin;Blockchain;Ethereum;Cryptoeconomic"")+rc(""Scaling;Regulation;Industry;Innovation;Development;Financial Inclusion"")+rc(""Summit;Conference;Convention""))",False,NEUTRAL,0,1.0,The tweet is a humorous code snippet and does not mention ETH or its ecosystem.,ETH,vitalikbuterin,Vitalik Buterin,2018-08-26T13:59:04Z
ETH,data/ETH influencer tweets.csv,147,1034540751609196545,https://x.com/vitalikbuterin/status/1034540751609196545,"@mattblaze @ofnumbers Calling blockchains a ""data structure"" is missing the point. It's cryptography, economics and distributed systems and the way these fields interact in systems like BTC, ETH, etc that's interesting.",True,NEUTRAL,3,0.4,"The tweet is related to ETH and mentions its ecosystem, but the tone seems more informative or philosophical than market-relevant.",ETH,vitalikbuterin,Vitalik Buterin,2018-08-28T20:38:30Z
ETH,data/ETH influencer tweets.csv,148,1035526464135942145,https://x.com/ethereum/status/1035526464135942145,[LIVE] Ethereum Core Devs Constantinople Session #1 [08/31/18]  https://t.co/Jm4v8mecmL,True,NEUTRAL,1,0.5,"The tweet is directly related to Ethereum, but it appears to be a link to an event session without any market-relevant information or clear short-term price direction.",ETH,ethereum,Ethereum official,2018-08-31T13:55:22Z
ETH,data/ETH influencer tweets.csv,149,1036852275648421888,https://x.com/vitalikbuterin/status/1036852275648421888,"@lopp @JeremyRubin I think I've been pretty consistent about my view that (i) every present-day existing blockchain, including ETH and BTC, sucks, and (ii) PoS is necessary. Not sure why anyone surprised.",True,NEUTRAL,1,0.4,"The tweet mentions ETH and criticizes existing blockchains, but the context is ambiguous and lacks a clear short-term price direction.",ETH,vitalikbuterin,Vitalik Buterin,2018-09-04T05:43:40Z
ETH,data/ETH influencer tweets.csv,150,1037641721948123137,https://x.com/ethereum/status/1037641721948123137,"If you're in the San Francisco area Oct 5-7, consider volunteering at @ETHsanfrancisco! Great way to get involved in the Ethereum community even if you don't want to hack:  https://t.co/VFtzgq0fJv",True,NEUTRAL,1,0.5,"The tweet mentions the Ethereum community and a volunteering opportunity, but it does not provide clear market direction or relevant information for ETH.",ETH,ethereum,Ethereum official,2018-09-06T10:00:39Z
ETH,data/ETH influencer tweets.csv,151,1037940716016558080,https://x.com/vitalikbuterin/status/1037940716016558080,Ethereum 2.0: Who's building it?   https://t.co/GTcCzfr9ja,True,NEUTRAL,2,0.5,The tweet mentions Ethereum (ETH) but lacks enough visible context to determine a short-term ETH price direction.,ETH,vitalikbuterin,Vitalik Buterin,2018-09-07T05:48:45Z
ETH,data/ETH influencer tweets.csv,152,1039534193263296512,https://x.com/vitalikbuterin/status/1039534193263296512,"@joonian @matthewde_silva So I realized that the argument that ""there's no value for ETH in ethereum as of today"" is even wronger than I thought.",True,BUY,4,0.7,"The tweet is directly related to ETH and the response from Vitalik Buterin, a well-known Ethereum developer, suggests that his previous concerns about ETH's value were misplaced, which may be seen as bullish for ETH.",ETH,vitalikbuterin,Vitalik Buterin,2018-09-11T15:20:39Z
ETH,data/ETH influencer tweets.csv,153,1040599900000591872,https://x.com/ethereum/status/1040599900000591872,[LIVE] Ethereum Core Devs Meeting #46 [09/14/18] #ethereum  https://t.co/kvnoF8tVnf,True,NEUTRAL,3,0.5,"The tweet mentions the Ethereum Core Devs Meeting, which is a scheduled event related to ETH, but it doesn't contain clear bullish or bearish information for the short-term market direction.",ETH,ethereum,Ethereum official,2018-09-14T13:55:24Z
ETH,data/ETH influencer tweets.csv,154,1041867634222936064,https://x.com/vitalikbuterin/status/1041867634222936064,"Lighthouse: an open-source Ethereum 2.0 client, written in Rust   https://t.co/qA4wQuHuRh",True,BUY,5,0.9,"The tweet is directly related to ETH and announces an open-source Ethereum 2.0 client, which may be a positive development for the Ethereum ecosystem.",ETH,vitalikbuterin,Vitalik Buterin,2018-09-18T01:52:55Z
ETH,data/ETH influencer tweets.csv,155,1044177025211215873,https://x.com/vitalikbuterin/status/1044177025211215873,Rocket Pool continues humming along implementing and making tests for ethereum stake pools:   https://t.co/NGfJQ6TfFb,True,NEUTRAL,3,0.7,"The tweet is directly related to ETH as it mentions Ethereum stake pools, but the content is more technical and less market-relevant, making it harder to predict a short-term price direction.",ETH,vitalikbuterin,Vitalik Buterin,2018-09-24T10:49:37Z
ETH,data/ETH influencer tweets.csv,156,1045673367066546176,https://x.com/ethereum/status/1045673367066546176,[LIVE] Ethereum Core Devs Meeting #47 [09/28/18] #ethereum  https://t.co/2nEeCrkbmF,True,NEUTRAL,0,0.5,"The tweet mentions the Ethereum Core Devs meeting, but it does not provide enough market-relevant information to determine a short-term price direction for ETH.",ETH,ethereum,Ethereum official,2018-09-28T13:55:33Z
ETH,data/ETH influencer tweets.csv,157,1045770126430212096,https://x.com/vitalikbuterin/status/1045770126430212096,@zooko @JaEsf I hope Zcash can learn from all of the fun stuff that's coming soon down the ethereum pipeline!,True,NEUTRAL,1,0.4,"The tweet mentions Ethereum and Zcash, but the context is vague and does not provide a clear short-term price direction for ETH.",ETH,vitalikbuterin,Vitalik Buterin,2018-09-28T20:20:02Z
ETH,data/ETH influencer tweets.csv,158,1046497685967183872,https://x.com/vitalikbuterin/status/1046497685967183872,"@ofnumbers I believe LTC, Monero and Grin are the party-line approved alts. Not sure though; I know it changes from time to time.",False,NEUTRAL,0,0.9,"The tweet does not mention ETH, Ethereum, or its ecosystem, and it gives no market-relevant information for ETH.",ETH,vitalikbuterin,Vitalik Buterin,2018-09-30T20:31:05Z
ETH,data/ETH influencer tweets.csv,159,1048088444637855744,https://x.com/vitalikbuterin/status/1048088444637855744,@suprraz @paul_btc @matt_odell @ofnumbers @faboualfa @colingplatt @nic__carter @prestonjbyrne @pierre_rochard @BobSummerwill @lawmaster @La__Cuen @DCGco @starkness @VitalklButerin @dannyryan @drakefjustin @icebearhww I think ethereum can absolutely survive me spontaneously combusting tomorrow at this point.,True,NEUTRAL,2,0.4,"The tweet is directly related to ETH and mentions the possibility of the account owner 'spontaneously combusting', but it lacks clear market direction or context.",ETH,vitalikbuterin,Vitalik Buterin,2018-10-05T05:52:12Z
ETH,data/ETH influencer tweets.csv,160,1048598284250435589,https://x.com/vitalikbuterin/status/1048598284250435589,"@_jefflau @BobSummerwill @LachlanCraigie @suprraz @paul_btc @matt_odell @ofnumbers @faboualfa @colingplatt @nic__carter @prestonjbyrne @pierre_rochard @lawmaster @La__Cuen @DCGco @starkness @VitalklButerin @dannyryan @drakefjustin @icebearhww 1. Casper/sharding spec roughly finished, now in refinement stages 2. 4+ implementations of the spec well underway 3. Many implementations of plasma well underway 4. ZK-SNARK-based layer 2 scaling and privacy well underway  It's a night-and-day difference from 2017.",True,NEUTRAL,3,0.6,"The tweet mentions Ethereum's Casper and sharding spec being roughly finished, but lacks a clear short-term price direction.",ETH,vitalikbuterin,Vitalik Buterin,2018-10-06T15:38:07Z
ETH,data/ETH influencer tweets.csv,161,1049440807206313984,https://x.com/vitalikbuterin/status/1049440807206313984,"@Nouriel I don't think that's a fair characterization; if you look more deeply at the actual processes of ethereum governance you'll find that while a technical elite does exist (as in all cryptocurrencies), my own involvement is much less pivotal than it seems from the outside.",True,NEUTRAL,2,0.5,"The tweet is directly related to ETH, but it describes Vitalik's involvement in Ethereum governance and does not provide a clear short-term price direction.",ETH,vitalikbuterin,Vitalik Buterin,2018-10-08T23:26:00Z
ETH,data/ETH influencer tweets.csv,162,1050746816487145472,https://x.com/ethereum/status/1050746816487145472,[LIVE] Ethereum Core Devs Meeting #48 [10/12/18]  https://t.co/7sdcKOHYHU,True,NEUTRAL,0,0.4,"The tweet mentions the Ethereum Core Devs Meeting, but it does not provide a clear short-term price direction or market-relevant information for ETH.",ETH,ethereum,Ethereum official,2018-10-12T13:55:37Z
ETH,data/ETH influencer tweets.csv,163,1051886425753436166,https://x.com/ethereum/status/1051886425753436166,[Blog] Ethereum Foundation Grants Update - Wave IV #ethereum #grants  https://t.co/Xw39mmIX93  https://t.co/gu0csjFlNk,True,NEUTRAL,3,0.5,"The tweet mentions the Ethereum Foundation Grants Update, which is related to ETH, but it's a routine update and doesn't provide clear short-term price direction.",ETH,ethereum,Ethereum official,2018-10-15T17:24:01Z
ETH,data/ETH influencer tweets.csv,164,1051915858010927105,https://x.com/vitalikbuterin/status/1051915858010927105,"@Nouriel &gt; At that time your arguments were irrelevant as exchanges were barely having users.  When MtGox got hacked spring 2014, total user balances were 850,000 BTC. One exchange, which lost ~7% of all BTC at the time. So the idea that exchanges barely had users in 2014 is just false.",False,NEUTRAL,0,0.9,"The tweet is a discussion between Vitalik Buterin and Nouriel about Bitcoin's user balances in 2014, but it does not provide any market-relevant information for Ethereum (ETH).",ETH,vitalikbuterin,Vitalik Buterin,2018-10-15T19:20:58Z
ETH,data/ETH influencer tweets.csv,165,1053067656016859137,https://x.com/ethereum/status/1053067656016859137,[Blog] Announcing Our dc⟠ıv Sponsors and Supporters! #devcon4 #ethereum  https://t.co/9ZqbBx6CzH,True,NEUTRAL,1,0.5,"The tweet mentions Ethereum in the context of Devcon4 sponsors and supporters, but it lacks clear market-relevant information or a short-term price direction.",ETH,ethereum,Ethereum official,2018-10-18T23:37:48Z
ETH,data/ETH influencer tweets.csv,166,1055332504620711942,https://x.com/ethereum/status/1055332504620711942,[Blog] How the Ethereum Foundation grants program makes decisions #ethereum #grants #EFGrants  https://t.co/EWRHsMFbee,True,NEUTRAL,1,0.5,"The tweet is related to ETH and mentions the Ethereum Foundation grants program, but it does not provide clear short-term price direction or relevant information for a market reaction.",ETH,ethereum,Ethereum official,2018-10-25T05:37:30Z
ETH,data/ETH influencer tweets.csv,167,1056157016153092096,https://x.com/ethereum/status/1056157016153092096,"As we set off for Prague, we wanted to thank our Serenity Sponsors once more for helping us to push this ecosystem forward!  SERENITY: AdEx, BlockAsset Ventures, Blockchains LLC, Blockfolio, Colony, ConsenSys, OmiseGO, Sparkpool, and Status!",False,NEUTRAL,1,0.5,"The tweet mentions several projects and sponsors, but it does not provide any clear market-relevant information for ETH or its ecosystem.",ETH,ethereum,Ethereum official,2018-10-27T12:13:49Z
ETH,data/ETH influencer tweets.csv,168,1058254026725195781,https://x.com/vitalikbuterin/status/1058254026725195781,"@ToneVays @DanLarimer 1. I am not leaving. No plans to stop or reduce blog posts / ethresearch posts / github commits. 2. Vitalik is ""in charge"": ETH is centralized! Vitalik is not ""in charge"": Vitalik is pulling a Dan Larimer! This is why BTC maximalists have zero credibility.",True,BUY,4,0.8,The tweet is directly related to ETH and Vitalik's reassurance on his involvement may increase short-term buying interest because it comes from a highly influential account.,ETH,vitalikbuterin,Vitalik Buterin,2018-11-02T07:06:36Z
ETH,data/ETH influencer tweets.csv,169,1060121523640565761,https://x.com/vitalikbuterin/status/1060121523640565761,@virgilgr I feel like we need someone to explicitly do a survey of applications being built on ethereum by/for people in emerging economies (especially those closer to seeing actual users) and do a special track or section about them next year or sooner.,True,NEUTRAL,2,0.6,"The tweet mentions Ethereum and suggests a survey or special section for emerging economy applications, but it's more of an idea or suggestion rather than market-relevant information.",ETH,vitalikbuterin,Vitalik Buterin,2018-11-07T10:47:21Z
ETH,data/ETH influencer tweets.csv,170,1060893944886804483,https://x.com/ethereum/status/1060893944886804483,[LIVE] Ethereum Core Devs Meeting #49 [11/09/18]  https://t.co/Ic8Jdldzap #ethereum,True,NEUTRAL,0,0.5,"The tweet mentions the Ethereum Core Devs Meeting, but it does not provide clear information about the meeting's content or its potential impact on ETH's short-term price direction.",ETH,ethereum,Ethereum official,2018-11-09T13:56:41Z
ETH,data/ETH influencer tweets.csv,171,1069592454003855361,https://x.com/vitalikbuterin/status/1069592454003855361,"@VladZamfir But V, what do you think of $ETH's chance of survival given the new revoltionary patented twisted tangle graph technology coming out of Solidcoin $SC?",True,NEUTRAL,2,0.5,"The tweet mentions ETH and Solidcoin, but it is unclear whether the 'twisted tangle graph technology' has a significant impact on ETH's survival or market direction.",ETH,vitalikbuterin,Vitalik Buterin,2018-12-03T14:01:27Z
ETH,data/ETH influencer tweets.csv,172,1072163461386260481,https://x.com/vitalikbuterin/status/1072163461386260481,"13. Another interesting thing that blockchains give is the value of permanence. For example, an ERC721 collectible that you hold in your ethereum wallet is ""yours"" in a very real cryptographic sense that would not be the case if it was just stored in a centralized server.",True,NEUTRAL,1,0.5,"The tweet mentions Ethereum and an ERC721 collectible, but it's more about the concept of permanence in blockchains rather than a direct market-related announcement.",ETH,vitalikbuterin,Vitalik Buterin,2018-12-10T16:17:43Z
ETH,data/ETH influencer tweets.csv,173,1072288420704210945,https://x.com/ethereum/status/1072288420704210945,[Blog] Devcon4 Videos and Pictures Released!  https://t.co/fio6S4Ifwh #ethereum #Devcon4,True,NEUTRAL,2,0.5,"The tweet is directly related to ETH as it mentions 'ethereum' in the context of Devcon4, but it lacks specific market-related information.",ETH,ethereum,Ethereum official,2018-12-11T00:34:16Z
ETH,data/ETH influencer tweets.csv,174,1072289782301044736,https://x.com/vitalikbuterin/status/1072289782301044736,"@AnselLindner Sure, they can build on ethereum. What's the problem?",True,NEUTRAL,1,0.5,"The tweet is directly related to ETH as it mentions 'ethereum', but it lacks clear context for a short-term price direction.",ETH,vitalikbuterin,Vitalik Buterin,2018-12-11T00:39:40Z
ETH,data/ETH influencer tweets.csv,175,1073035213066792960,https://x.com/vitalikbuterin/status/1073035213066792960,"@whalepool In a sea of coins based on elliptic curve cryptography, how does Bitcoin even plan to stick out?",False,NEUTRAL,0,0.9,"The tweet mentions Bitcoin (BTC) and asks a rhetorical question about how it will stick out from other coins, but does not provide any information or context relevant to ETH's market direction.",ETH,vitalikbuterin,Vitalik Buterin,2018-12-13T02:01:45Z
ETH,data/ETH influencer tweets.csv,176,1075460563126374400,https://x.com/ethereum/status/1075460563126374400,"The Ethereum Foundation is surveying projects and dApps already using #Ethereum to solve real-world issues. We're interested in hearing about apps at all stages of development, and we'd love to hear about your work! Click to take part:  https://t.co/Z4NIdIRRG3 #BUIDL",True,NEUTRAL,2,0.5,"The tweet is related to Ethereum and mentions its ecosystem, but it lacks clear bullish or bearish information for ETH in the short-term market reaction window.",ETH,ethereum,Ethereum official,2018-12-19T18:39:13Z
ETH,data/ETH influencer tweets.csv,177,1077713739942522882,https://x.com/vitalikbuterin/status/1077713739942522882,"@SatoshiVisions @TuurDemeester Yeah no, I have my disagreements with the bitcoin roadmap, PoW, etc but they're trying to do something that's genuinely cool tech. BSV is a pure dumpster fire.",False,NEUTRAL,0,0.9,The tweet is about Bitcoin (BTC) and not directly related to ETH or its market direction.,ETH,vitalikbuterin,Vitalik Buterin,2018-12-25T23:52:33Z
ETH,data/ETH influencer tweets.csv,178,1079687506696769536,https://x.com/vitalikbuterin/status/1079687506696769536,"1. Many in the Bitcoin community legitimately care about non-cryptocurrency ""freedom tech"" that I think is very important and valuable and that much of the crypto space has a tendency to forget about, eg. open hardware:  https://t.co/C3r0ceSJ43",False,NEUTRAL,0,0.5,"The tweet mentions 'Bitcoin community' and 'freedom tech', but it does not provide clear information about ETH or its market direction.",ETH,vitalikbuterin,Vitalik Buterin,2018-12-31T10:35:35Z
ETH,data/ETH influencer tweets.csv,179,1079687683314761729,https://x.com/vitalikbuterin/status/1079687683314761729,"2. Bitcoin culture is definitely on the ""survive"" side of Slatestarcodex's thrive/survive dichotomy ( https://t.co/uUHSLFxW7N) and this has genuine benefits...",False,NEUTRAL,0,0.9,"The tweet does not mention ETH or its ecosystem directly, and the text only refers to Bitcoin culture.",ETH,vitalikbuterin,Vitalik Buterin,2018-12-31T10:36:17Z
ETH,data/ETH influencer tweets.csv,180,1080915329298194433,https://x.com/vitalikbuterin/status/1080915329298194433,Happy 10th birthday Bitcoin!,False,NEUTRAL,0,0.5,"The tweet is unrelated to ETH, it only mentions a happy birthday message to Bitcoin.",ETH,vitalikbuterin,Vitalik Buterin,2019-01-03T19:54:31Z
ETH,data/ETH influencer tweets.csv,181,1082078289508909058,https://x.com/vitalikbuterin/status/1082078289508909058,@CryptoN_T @SatoshiLite Congrats on following my path @SatoshiLite! Do you want to go further and convince Litecoin to move to proof of stake? 😊😊😊,False,NEUTRAL,0,0.9,"The tweet mentions @SatoshiLite and Litecoin, but it does not provide clear information about Ethereum (ETH) or its market direction.",ETH,vitalikbuterin,Vitalik Buterin,2019-01-07T00:55:42Z
ETH,data/ETH influencer tweets.csv,182,1082323156264718339,https://x.com/ethereum/status/1082323156264718339,The #Ethereum Foundation announces major grant to @ParityTech.  https://t.co/mkLGaidz3d #BUIDL,True,BUY,4,0.8,"The tweet is directly related to ETH and mentions a major grant from the Ethereum Foundation, which may have a positive effect on the price.",ETH,ethereum,Ethereum official,2019-01-07T17:08:43Z
ETH,data/ETH influencer tweets.csv,183,1082459780751405057,https://x.com/vitalikbuterin/status/1082459780751405057,I actually think ultra-high-assurance storage of very small but high-value files is a totally legitimate use case for public blockchains. Great to see Nevada experimenting with ethereum for this.   https://t.co/esq26rQ6HW  https://t.co/C2QAssQgT5,True,BUY,4,0.8,"The tweet is directly related to ETH as it mentions a legitimate use case for public blockchains, specifically mentioning Ethereum.",ETH,vitalikbuterin,Vitalik Buterin,2019-01-08T02:11:37Z
ETH,data/ETH influencer tweets.csv,184,1082848690824306688,https://x.com/vitalikbuterin/status/1082848690824306688,"@bmargaca @eth_classic @ethereum @VladZamfir @AFDudley0 I don't think the 51% attack on ETC proves that ETH *engineering* is competent per se; the only relevant diff between the two is that ETH hashpower is 20x higher. Though it does prove ETH *philosophy* is competent, because it validates our decision to move to proof of stake 😃",True,NEUTRAL,2,0.5,"The tweet is directly related to ETH, but the context is more about proving a point and validating the decision to move to proof of stake rather than providing clear short-term market direction.",ETH,vitalikbuterin,Vitalik Buterin,2019-01-09T03:57:00Z
ETH,data/ETH influencer tweets.csv,185,1083450179347394560,https://x.com/vitalikbuterin/status/1083450179347394560,"IMO the Ethereum community should consider adopting @zcashco's terminology of calling things like Constantinople ""network upgrades"" and reserve ""fork"" for splits that leave 2+ viable chains. Too many people asking me lately where they can dump their non-Constantinople coins...",True,NEUTRAL,2,0.6,"The tweet is related to Ethereum and its community, but it proposes a terminology change for 'network upgrades' and mentions non-Constantinople coins in a neutral manner.",ETH,vitalikbuterin,Vitalik Buterin,2019-01-10T19:47:06Z
ETH,data/ETH influencer tweets.csv,186,1083765147225604096,https://x.com/vitalikbuterin/status/1083765147225604096,@Noahpinion In mine they're all in on Bitcoin Private.,False,NEUTRAL,0,1.0,"The tweet mentions Bitcoin Private, but it does not mention ETH, Ethereum, or its ecosystem.",ETH,vitalikbuterin,Vitalik Buterin,2019-01-11T16:38:41Z
ETH,data/ETH influencer tweets.csv,187,1083789405427589120,https://x.com/ethereum/status/1083789405427589120,Ethereum's Constantinople network upgrade is less than a week away! Click this post for more info and what you need to do to prepare. #Constantinople #Ethereum  https://t.co/INdaaMF9iQ,True,NEUTRAL,2,0.6,"The tweet mentions Ethereum's Constantinople network upgrade, but the tone is informational and lacks clear short-term price direction.",ETH,ethereum,Ethereum official,2019-01-11T18:15:04Z
ETH,data/ETH influencer tweets.csv,188,1085291959390998534,https://x.com/ethereum/status/1085291959390998534,"[SECURITY ALERT] #Constantinople upgrade is temporarily postponed out of caution following a consensus decision by #Ethereum developers, security professionals and other community members. More information and instructions are below.  https://t.co/p2znO8HGxf",True,NEUTRAL,1,0.6,"The tweet mentions the Constantinople upgrade and its postponement due to security concerns, but it does not contain clear short-term price direction information.",ETH,ethereum,Ethereum official,2019-01-15T21:45:41Z
ETH,data/ETH influencer tweets.csv,189,1085665399197159425,https://x.com/vitalikbuterin/status/1085665399197159425,@ProofofResearch Myself and the ethereum foundation both sold some of our eth over the last few years.,True,SELL,4,0.8,"The tweet is directly related to ETH and the fact that the Ethereum Foundation sold some of its ETH may indicate a decrease in supply, which can be bearish.",ETH,vitalikbuterin,Vitalik Buterin,2019-01-16T22:29:36Z
ETH,data/ETH influencer tweets.csv,190,1085666524981977088,https://x.com/vitalikbuterin/status/1085666524981977088,@ProofofResearch @shill_tyson &gt;  how much $ETH he’s liquidated down for himself personally.   https://t.co/yLfy39gwB5  It's literally in the outgoing transaction logs.,True,SELL,4,0.7,"The tweet is directly related to ETH and mentions a high-profile user (Vitalik Buterin) asking about liquidated amounts, which may imply bearish sentiment or decreased confidence in the coin.",ETH,vitalikbuterin,Vitalik Buterin,2019-01-16T22:34:04Z
ETH,data/ETH influencer tweets.csv,191,1088666249830096896,https://x.com/vitalikbuterin/status/1088666249830096896,"@jeffehh Whatever you're building, support login via ethereum wallet! 😊😊😊",True,BUY,5,0.9,"The tweet is directly related to ETH and mentions supporting login via Ethereum wallet, which may increase adoption and usage of the Ethereum ecosystem.",ETH,vitalikbuterin,Vitalik Buterin,2019-01-25T05:13:55Z
ETH,data/ETH influencer tweets.csv,192,1089380251480731649,https://x.com/vitalikbuterin/status/1089380251480731649,"@stevennerayoff @rogerkver @silviomicali @zooko @fluffypony @zcoinofficial @monero @grincouncil Because really we all have things we would prefer to hide and that's fine. Your life is there for you to enjoy, not to be forced to turn into a performance for the world in an effort to seek its approval.",False,NEUTRAL,0,0.9,"The tweet does not mention ETH, Ethereum, or its ecosystem in a way that suggests it is related to the market direction of ETH.",ETH,vitalikbuterin,Vitalik Buterin,2019-01-27T04:31:06Z
ETH,data/ETH influencer tweets.csv,193,1098616562938834946,https://x.com/ethereum/status/1098616562938834946,Announcing the first round of Ethereum Foundation grantees in 2019!  https://t.co/WFk8tEsF2r,True,NEUTRAL,2,0.6,"The tweet is related to the Ethereum Foundation and its grantees, but it does not provide clear bullish or bearish information for ETH within a short-term market reaction window.",ETH,ethereum,Ethereum official,2019-02-21T16:12:54Z
ETH,data/ETH influencer tweets.csv,194,1099108394126987264,https://x.com/ethereum/status/1099108394126987264,Ethereum's Constantinople and St. Petersburg network upgrades are less than a week away! Click this post for more info and what you need to do to prepare #Constantinople #StPetersburg #Ethereum  https://t.co/ZMuHjgiGWj,True,NEUTRAL,2,0.6,"The tweet mentions Ethereum and its upcoming network upgrades, but it does not provide a clear short-term price direction or market-relevant information.",ETH,ethereum,Ethereum official,2019-02-23T00:47:16Z
ETH,data/ETH influencer tweets.csv,195,1101297319411097601,https://x.com/ethereum/status/1101297319411097601,[LIVE] Ethereum Core Devs Meeting #56 [2019-03-01] (starts at 9AM EST)  https://t.co/Q7NFnBVUDQ,False,NEUTRAL,0,0.8,The tweet mentions Ethereum but it is about a meeting and lacks enough visible context to determine a short-term ETH price direction.,ETH,ethereum,Ethereum official,2019-03-01T01:45:16Z
ETH,data/ETH influencer tweets.csv,196,1110593544572538882,https://x.com/ethereum/status/1110593544572538882,[BUG] #Solidity Optimizer and ABIEncoderV2 Bug Announcement Blog Post  https://t.co/09a4I9CHXD,True,SELL,4,0.7,"The tweet announces a bug in the Solidity Optimizer and ABIEncoderV2, which may lead to potential losses for Ethereum users and thus negatively impact its price.",ETH,ethereum,Ethereum official,2019-03-26T17:25:09Z
ETH,data/ETH influencer tweets.csv,197,1118450225029496832,https://x.com/ethereum/status/1118450225029496832,[LIVE] #Ethereum Core Developer Istanbul &amp; ETH 1.X Roadmap Planning Meeting in Berlin [04/17/19]  https://t.co/EQVnmNqdCP,True,NEUTRAL,0,0.5,"The tweet mentions Ethereum and the roadmap planning meeting, but it lacks enough visible context to determine a short-term ETH price direction.",ETH,ethereum,Ethereum official,2019-04-17T09:44:48Z
ETH,data/ETH influencer tweets.csv,198,1118795201202532353,https://x.com/ethereum/status/1118795201202532353,[LIVE] #Ethereum Core Developer Istanbul &amp; ETH 1.X Roadmap Planning Meeting in Berlin (Day 2) [04/18/19]  https://t.co/4At8XKl9a6,True,NEUTRAL,2,0.4,"The tweet mentions the Ethereum Core Developer Istanbul & ETH 1.X Roadmap Planning Meeting, which is related to Ethereum development and planning.",ETH,ethereum,Ethereum official,2019-04-18T08:35:36Z
ETH,data/ETH influencer tweets.csv,199,1126963587761737730,https://x.com/ethereum/status/1126963587761737730,See you in #Osaka! #devcon #Japan  https://t.co/BUTEHHy1TS   https://t.co/g0FvkotZyD,True,NEUTRAL,1,0.4,"The tweet mentions Ethereum, but it lacks enough visible context to determine a short-term ETH price direction.",ETH,ethereum,Ethereum official,2019-05-10T21:33:51Z
ETH,data/ETH influencer tweets.csv,200,1130927270972022784,https://x.com/ethereum/status/1130927270972022784,"The #Ethereum Foundation is excited to share our plans for the next year, and more.   https://t.co/FxJTMsFWGQ",True,NEUTRAL,2,0.5,"The tweet mentions the Ethereum Foundation's plans for the next year, but it does not provide clear short-term price direction or market-relevant information.",ETH,ethereum,Ethereum official,2019-05-21T20:04:07Z
ETH,data/ETH influencer tweets.csv,201,1140952763431604224,https://x.com/ethereum/status/1140952763431604224,"The Ethereum Foundation is proud to lend our support to the efforts of both the @EntEthAlliance and @Hyperledger through our membership today. Together, we'll continue to drive forward #Ethereum's progress and adoption.",True,NEUTRAL,2,0.7,"The tweet is directly related to Ethereum and mentions the Ethereum Foundation's support for the EntEthAlliance, but it does not contain clear bullish or bearish information for ETH.",ETH,ethereum,Ethereum official,2019-06-18T12:01:51Z
ETH,data/ETH influencer tweets.csv,202,1142037423301582849,https://x.com/ethereum/status/1142037423301582849,"Action: Today, our team update series returns with the latest from researchers and developers supported by the Ethereum Foundation:  https://t.co/Orpd0UXekf",True,NEUTRAL,2,0.5,"The tweet mentions the Ethereum Foundation and an update series, but it lacks enough visible context to determine a short-term ETH price direction.",ETH,ethereum,Ethereum official,2019-06-21T11:51:54Z
ETH,data/ETH influencer tweets.csv,203,1143643231034531840,https://x.com/ethereum/status/1143643231034531840,"[SECURITY] For Solidity smart contract developers - ""Solidity Storage Array Bugs"" blog post  https://t.co/jYlMlkQ92V",True,NEUTRAL,2,0.5,"The tweet mentions a security-related issue for Solidity smart contract developers, which is relevant to Ethereum's ecosystem and development.",ETH,ethereum,Ethereum official,2019-06-25T22:12:48Z
ETH,data/ETH influencer tweets.csv,204,1148914126036570112,https://x.com/ethereum/status/1148914126036570112,Meet Geth v1.9.0 (Full Biotic Kick)   https://t.co/SN6fy5egM7,True,BUY,3,0.7,"The tweet is directly related to ETH and mentions a new version of the Geth client, which may indicate a development milestone or improvement for the Ethereum network.",ETH,ethereum,Ethereum official,2019-07-10T11:17:28Z
ETH,data/ETH influencer tweets.csv,205,1150729256567226369,https://x.com/ethereum/status/1150729256567226369,The Eth 2.0 Research Team AMA starts in 1.5 hours! Post your questions now!  https://t.co/MKuVIwN9i1,True,NEUTRAL,1,0.5,"The tweet mentions Ethereum (Eth) and its upcoming AMA event, but it does not provide clear information on the short-term price direction.",ETH,ethereum,Ethereum official,2019-07-15T11:30:08Z
ETH,data/ETH influencer tweets.csv,206,1156322733279633408,https://x.com/ethereum/status/1156322733279633408,"🎉 Happy 4th birthday, #Ethereum! Four years ago today, Ethereum came to life, and the future is now brighter than ever before. 🎉  To everyone who has worked to advance the protocol, the community, and our ever-growing ecosystem: Thank you, and let's keep building together!",True,BUY,4,0.8,"The tweet is directly related to ETH and celebrates its 4th birthday, which may create short-term buying interest due to nostalgia and anniversary hype.",ETH,ethereum,Ethereum official,2019-07-30T21:56:37Z
ETH,data/ETH influencer tweets.csv,207,1163797142298869761,https://x.com/ethereum/status/1163797142298869761,Translating Ethereum for our Global Community   https://t.co/cKF5GhbQLd,True,NEUTRAL,1,0.4,"The tweet mentions Ethereum, but it is a promotional link and lacks enough visible context to determine a short-term ETH price direction.",ETH,ethereum,Ethereum official,2019-08-20T12:57:15Z
ETH,data/ETH influencer tweets.csv,208,1165988439969411073,https://x.com/ethereum/status/1165988439969411073,Approaching Serenity: Announcing Ethereum Foundation and Co-Funded Grants!   https://t.co/ImJ3MrHre3,True,BUY,4,0.8,"The tweet is directly related to ETH and announces Ethereum Foundation grants, which may increase interest and demand for ETH.",ETH,ethereum,Ethereum official,2019-08-26T14:04:41Z
ETH,data/ETH influencer tweets.csv,209,1173980880601268225,https://x.com/ethereum/status/1173980880601268225,"The @Ethereum Foundation is excited to announce #Devcon Sponsorship and Scholarship supporters. Leaders from across industries have lent overwhelming support to the #Ethereum community, and we’re pleased to introduce them today at  https://t.co/Ls0eFZ15dR",True,NEUTRAL,2,0.6,"The tweet is directly related to ETH and mentions the Ethereum Foundation, but it only provides information about sponsorship and scholarship supporters without any clear short-term price direction.",ETH,ethereum,Ethereum official,2019-09-17T15:23:48Z
ETH,data/ETH influencer tweets.csv,210,1174674949950377984,https://x.com/ethereum/status/1174674949950377984,"Last week, all #Eth2 clients under active development succeeded in marking the major milestone of moving toward multi-client testnets at the “Interop Lock-in”. Read the latest here!   https://t.co/Aqw9pq32A7",True,NEUTRAL,2,0.5,"The tweet mentions #Eth2 and progress toward multi-client testnets, but it is more of a development update rather than a market-relevant factor.",ETH,ethereum,Ethereum official,2019-09-19T13:21:47Z
ETH,data/ETH influencer tweets.csv,211,1174752634374410240,https://x.com/ethdotorg/status/1174752634374410240,ethereum .org is now available in Chinese (Simplified)   https://t.co/FFpwXEKS9L,True,NEUTRAL,1,0.4,"The tweet mentions the Ethereum website in Chinese, but it does not provide clear market-relevant information for ETH.",ETH,ethdotorg,ethereum.org,2019-09-19T18:30:28Z
ETH,data/ETH influencer tweets.csv,212,1177236940749451264,https://x.com/ethdotorg/status/1177236940749451264,🌏 ethereum .org is now available in Japanese    https://t.co/JyOPrIMx8j,True,BUY,4,0.9,The tweet is directly related to ETH and the launch of ethereum.org in Japanese may increase global adoption and interest.,ETH,ethdotorg,ethereum.org,2019-09-26T15:02:13Z
ETH,data/ETH influencer tweets.csv,213,1178310864992161793,https://x.com/ethdotorg/status/1178310864992161793,ethereum. org is now available in French  👋🇫🇷  https://t.co/h8iuRuYceK,True,NEUTRAL,2,0.5,"The tweet mentions Ethereum's website being available in French, but it doesn't contain any clear market-relevant information for ETH within a short-term market reaction window.",ETH,ethdotorg,ethereum.org,2019-09-29T14:09:36Z
ETH,data/ETH influencer tweets.csv,214,1178596244270092289,https://x.com/vitalikbuterin/status/1178596244270092289,@TrustlessState @Foobazzler @alexgausman @ameensol I don't think the ethereum community should decide to ostracize traditional religion,False,NEUTRAL,0,0.8,The tweet does not provide a clear short-term price direction for ETH and only mentions the Ethereum community in a non-market relevant context.,ETH,vitalikbuterin,Vitalik Buterin,2019-09-30T09:03:36Z
ETH,data/ETH influencer tweets.csv,215,1179614263213584386,https://x.com/vitalikbuterin/status/1179614263213584386,"@lanceriannucci Example in the crypto space: Bitcoin prints &gt;$100m into the hands of miners weekly, whereas printing $100m even once into the hands of developers would greatly accelerate dev. Why not do this? Certainly reasons much more subtle than an extra $100m printed causing hyperinflation.",True,NEUTRAL,2,0.5,"The tweet mentions Ethereum's dev fund and compares it to Bitcoin's miner revenue, but the context is more educational than market-relevant.",ETH,vitalikbuterin,Vitalik Buterin,2019-10-03T04:28:51Z
ETH,data/ETH influencer tweets.csv,216,1179872233008709632,https://x.com/ethereum/status/1179872233008709632,Welcome to #Devcon: Everything you need to know to be ready for @EFDevcon in #Osaka  https://t.co/zMdMmqPUFo,True,NEUTRAL,1,0.5,The tweet mentions Ethereum's Devcon event but lacks clear information about the Coin's price direction.,ETH,ethereum,Ethereum official,2019-10-03T21:33:55Z
ETH,data/ETH influencer tweets.csv,217,1181039872791834624,https://x.com/ethereum/status/1181039872791834624,"Just in time for #Devcon, ethereum .org is now available in 11 languages!   简体中文, 日本語, 한국어, Español, Français, Pусский, Deutsch, Italiano, Slovenský, Ελληνικά, and English.  Select a language or to contribute to a new language project here!  https://t.co/sFyUT9mZv2",True,NEUTRAL,1,0.5,The tweet mentions ETH but is about a non-market related announcement (language support) and lacks enough visible context to determine a short-term ETH price direction.,ETH,ethereum,Ethereum official,2019-10-07T02:53:42Z
ETH,data/ETH influencer tweets.csv,218,1181721143150964736,https://x.com/vitalikbuterin/status/1181721143150964736,@La__Cuen @_prestwich @DeanEigenmann &gt; Ethereum’s creators now acknowledge the blockchain wasn’t built to scale  This was NOT a new revelation. I have been talking about how we need to revamp the blockchain using sharding to scale since 2014.,True,NEUTRAL,2,0.5,"The tweet mentions Ethereum's creators acknowledging the blockchain wasn't built to scale, but this is not new information and Vitalik Buterin has been talking about it since 2014.",ETH,vitalikbuterin,Vitalik Buterin,2019-10-09T00:00:50Z
ETH,data/ETH influencer tweets.csv,219,1181732527343407105,https://x.com/ethereum/status/1181732527343407105,Tune to the Devcon5 Keynote Livestream in a few minutes! (10AM JST)   https://t.co/DCkrF8LmYW,True,NEUTRAL,1,0.5,"The tweet is directly related to ETH as it mentions Devcon5, a conference related to Ethereum, but lacks enough context to determine a short-term price direction.",ETH,ethereum,Ethereum official,2019-10-09T00:46:04Z
ETH,data/ETH influencer tweets.csv,220,1181920801731170307,https://x.com/vitalikbuterin/status/1181920801731170307,"@TuurDemeester That quote was clearly sarcastic in context, it was making fun of people who complain to me that I'm too open about ethereum's shortcomings.",True,NEUTRAL,2,0.6,"The tweet is related to ETH, but the context is about Vitalik making fun of people who complain about ETH's shortcomings and it does not provide a clear short-term price direction.",ETH,vitalikbuterin,Vitalik Buterin,2019-10-09T13:14:12Z
ETH,data/ETH influencer tweets.csv,221,1185537347753922560,https://x.com/vitalikbuterin/status/1185537347753922560,"Bitcoin is sound money, Litecoin is lite money, Ether is",True,NEUTRAL,2,0.5,"The tweet is directly related to ETH and mentions 'Ether' but lacks a clear statement of market direction or sentiment, making it difficult to determine the short-term price effect.",ETH,vitalikbuterin,Vitalik Buterin,2019-10-19T12:45:04Z
ETH,data/ETH influencer tweets.csv,222,1192397458552360960,https://x.com/ethereum/status/1192397458552360960,"The European Union #Horizon2020-backed #NGI project, @LedgerEu, is offering up to €200K equity-free for decentralized solutions addressing Privacy-by-design and Decentralized Data Governance.   Call is open now and through 31st January 2020  https://t.co/ILCrTtYFdL",False,NEUTRAL,0,1.0,"The tweet does not mention ETH, Ethereum, or its ecosystem, and it gives no market-relevant information for ETH.",ETH,ethereum,Ethereum official,2019-11-07T11:04:42Z
ETH,data/ETH influencer tweets.csv,223,1192782194554605570,https://x.com/ethereum/status/1192782194554605570,Upgrade and be ready for Istanbul!,True,BUY,4,0.8,"The tweet is directly related to ETH and mentions 'Upgrade' followed by a specific event 'Istanbul!', which may increase short-term interest in the Coin.",ETH,ethereum,Ethereum official,2019-11-08T12:33:30Z
ETH,data/ETH influencer tweets.csv,224,1192821231021707267,https://x.com/ethereum/status/1192821231021707267,Eager to read the latest news from the #Eth2 Research Team? Make sure to catch up with the weekly Eth2 Quick Update!   https://t.co/9j8EgbXQKM,True,BUY,3,0.8,"The tweet is directly related to ETH and mentions the #Eth2 Research Team, which may be considered bullish for ETH within a short-term market reaction window.",ETH,ethereum,Ethereum official,2019-11-08T15:08:37Z
ETH,data/ETH influencer tweets.csv,225,1192908820680466433,https://x.com/ethdotorg/status/1192908820680466433,👋 hey Ethereum!  Meet  https://t.co/0jKqc96xbz : )  A beginner friendly IDE that lets any visitor to ethereum .org get started building within minutes.,True,NEUTRAL,2,0.6,"The tweet mentions Ethereum and links to a beginner-friendly IDE, but it does not provide clear market direction or relevant information for the short-term price of ETH.",ETH,ethdotorg,ethereum.org,2019-11-08T20:56:40Z
ETH,data/ETH influencer tweets.csv,226,1194291107468845056,https://x.com/ethereum/status/1194291107468845056,"The latest from the @ethdotorg team is here, featuring Ethereum Studio, a persona re-org, bounties and more!   https://t.co/BstjAnTla5",True,NEUTRAL,2,0.5,The tweet mentions @ethdotorg and ETH but lacks enough visible context to determine a short-term ETH price direction.,ETH,ethereum,Ethereum official,2019-11-12T16:29:23Z
ETH,data/ETH influencer tweets.csv,227,1194756325571547137,https://x.com/ethereum/status/1194756325571547137,Announcing a Taiwan-specific Wave of Grants!   https://t.co/SmdcOp75NI,True,NEUTRAL,2,0.6,"The tweet mentions a grant program in Taiwan, which may have some relation to Ethereum's ecosystem. However, it lacks enough context to determine a short-term price direction.",ETH,ethereum,Ethereum official,2019-11-13T23:18:00Z
ETH,data/ETH influencer tweets.csv,228,1196900744642932736,https://x.com/ethereum/status/1196900744642932736,The Ecosystem Support Program issues a call for applications:   https://t.co/UXzhvWb8lx,True,NEUTRAL,3,0.6,"The tweet is directly related to ETH and mentions the Ecosystem Support Program, which may be relevant to ETH but does not necessarily provide clear bullish or bearish information for a short-term market reaction.",ETH,ethereum,Ethereum official,2019-11-19T21:19:09Z
ETH,data/ETH influencer tweets.csv,229,1197022601329201153,https://x.com/ethereum/status/1197022601329201153,Ethereum is upgrading soon! Click below to learn more about the coming improvements and on preparing for the Istanbul network upgrade.   https://t.co/2E0XRwZCVQ  https://t.co/wEtuvZftvs,True,NEUTRAL,2,0.5,"The tweet mentions Ethereum and an upcoming network upgrade, but the information is not clear or specific enough to determine a short-term price direction.",ETH,ethereum,Ethereum official,2019-11-20T05:23:22Z
ETH,data/ETH influencer tweets.csv,230,1199704176458108929,https://x.com/ethereum/status/1199704176458108929,Are you interested in becoming an eth2 validator? Check out the first post on staking from #ethereum researcher @carlbeek!   https://t.co/En5N4q5WxT,True,NEUTRAL,1,0.5,"The tweet is directly related to ETH, but the context provided is vague and does not give a clear short-term price direction.",ETH,ethereum,Ethereum official,2019-11-27T14:58:59Z
ETH,data/ETH influencer tweets.csv,231,1199820134275145728,https://x.com/vitalikbuterin/status/1199820134275145728,"Anyone claiming ethereum is ""reckless"" and bitcoin maximalism is somehow ""responsible"", I invite you to find even one tweet where I say anything remotely like this wrt ETH.",True,NEUTRAL,2,0.5,The tweet mentions Ethereum but does not contain clear bullish or bearish information for the short-term market direction.,ETH,vitalikbuterin,Vitalik Buterin,2019-11-27T22:39:46Z
ETH,data/ETH influencer tweets.csv,232,1201182907194318848,https://x.com/vitalikbuterin/status/1201182907194318848,"2. And in fact, this virtue of his has paid off in multiple other contexts; improved relations with Ethereum Classic, Hyperledger, and others. All orgs much milder than DPRK, but the point still stands.",True,NEUTRAL,1,0.5,"The tweet mentions Ethereum Classic and Hyperledger, but the context is about improved relations between these organizations and Ethereum Classic is a fork of ETH.",ETH,vitalikbuterin,Vitalik Buterin,2019-12-01T16:54:56Z
ETH,data/ETH influencer tweets.csv,233,1202045603322191872,https://x.com/ethereum/status/1202045603322191872,"Ahead of #Istanbul, check out the latest big updates from many key teams and projects driving #Ethereum and its ecosystem forward.   Read: EF Supported Teams: Research and Development Update, 2019 Pt. 2   https://t.co/erZ0ZK3gYe",True,NEUTRAL,2,0.5,"The tweet mentions #Ethereum and its ecosystem, but the content appears to be more of a general update rather than providing clear short-term price direction.",ETH,ethereum,Ethereum official,2019-12-04T02:02:59Z
ETH,data/ETH influencer tweets.csv,234,1202316892657971200,https://x.com/ethdotorg/status/1202316892657971200,"👋 hey @ethereum!   Our translation community is trying something new!  📝 We're going to begin translating not just the website, but valuable community-created content like blog posts, guides, and more!  👉 Want to contribute? You can sign up here:  https://t.co/dBEcC61TAj",True,NEUTRAL,2,0.5,"The tweet mentions Ethereum (ETH) directly and mentions a community-related activity, but the context is vague and does not provide clear short-term market direction.",ETH,ethdotorg,ethereum.org,2019-12-04T20:00:59Z
ETH,data/ETH influencer tweets.csv,235,1202619566066741248,https://x.com/vitalikbuterin/status/1202619566066741248,The ethereum 2.0 pie-in-the-sky vaporware platform now has a working block explorer from @etherscan for its testnet!   https://t.co/AjPY2gjQZT,True,NEUTRAL,3,0.6,"The tweet is directly related to ETH and mentions the Ethereum 2.0 testnet, which may have some impact on the market, but it does not provide clear short-term price direction.",ETH,vitalikbuterin,Vitalik Buterin,2019-12-05T16:03:42Z
ETH,data/ETH influencer tweets.csv,236,1202882641734832128,https://x.com/ethereum/status/1202882641734832128,ATTENTION: If you are running Parity please update your nodes! There was an emergency patch issued yesterday. Prepare for Istanbul!  https://t.co/PrRLLnhUgY,True,BUY,3,0.8,"The tweet is directly related to ETH and mentions an emergency patch issued for Parity nodes, which may cause short-term price increase due to the upcoming Istanbul update.",ETH,ethereum,Ethereum official,2019-12-06T09:29:04Z
ETH,data/ETH influencer tweets.csv,237,1203474242425241600,https://x.com/ethereum/status/1203474242425241600,#Ethereum's #Istanbul network upgrade is now live!  Congratulations to everyone who worked to make it happen.  Want to learn more?  Check out details on Istanbul's included changes here:  https://t.co/KIMLb0ujce,True,NEUTRAL,2,0.6,"The tweet is directly related to ETH and mentions the Istanbul network upgrade, but it lacks clear information on its market impact.",ETH,ethereum,Ethereum official,2019-12-08T00:39:53Z
ETH,data/ETH influencer tweets.csv,238,1206324940653223936,https://x.com/vitalikbuterin/status/1206324940653223936,"@notgrubles @anthemhayek @AriDavidPaul @Blockstream @ethereum &gt; Vitalik himself called Ethereum a joke for not scaling  True but quite out of context. When I say such things I usually criticize BTC too.  And there's nothing wrong with this! The tech of the present is always inadequate to realize our dreams, that's why we build better tech.",True,NEUTRAL,3,0.6,"Vitalik Buterin himself is tweeting about Ethereum, which could be market-relevant. However, the tweet is somewhat vague and lacks a clear short-term price direction.",ETH,vitalikbuterin,Vitalik Buterin,2019-12-15T21:27:32Z
ETH,data/ETH influencer tweets.csv,239,1207765161278410752,https://x.com/ethereum/status/1207765161278410752,A new #eth2 quick update is here! Get it while it's hot.,True,BUY,4,0.8,"The tweet is directly related to ETH and mentions a new update for eth2, which may create short-term buying interest due to its positive tone.",ETH,ethereum,Ethereum official,2019-12-19T20:50:28Z
ETH,data/ETH influencer tweets.csv,240,1208382506388611072,https://x.com/vitalikbuterin/status/1208382506388611072,"@WhiteRabbitBTC @BastardSuprstar Oh I'm pro- silly dances, the part I think is silly is criticizing ethereum for being centralized and enabling ICOs and then turning around and promoting using a centralized token on top of a permissioned consortium chain that is doing an ICO",True,SELL,5,0.9,"The tweet is directly related to ETH and criticizes a centralised token on top of a permissioned consortium chain that is doing an ICO, which are clear bearish factors.",ETH,vitalikbuterin,Vitalik Buterin,2019-12-21T13:43:34Z
ETH,data/ETH influencer tweets.csv,241,1208454938755551234,https://x.com/vitalikbuterin/status/1208454938755551234,"@LinaSeiche @WhiteRabbitBTC @BastardSuprstar The binance DEX claims to be a DEX right in the name, but it's hardly decentralized. Seems like a way better target than ethereum, which merely has a few governance values that some BTC people don't like.",True,NEUTRAL,2,0.4,"The tweet is directly related to ETH, but it criticizes the binance DEX and compares it unfavorably to ETH without providing clear bullish or bearish information for ETH within a short-term market reaction window.",ETH,vitalikbuterin,Vitalik Buterin,2019-12-21T18:31:24Z
ETH,data/ETH influencer tweets.csv,242,1208495000549568514,https://x.com/vitalikbuterin/status/1208495000549568514,"@BTSEcom @BTSEJonathan @infsqrwell @fluffypony And Ethereum offers BTC trading!  See  https://t.co/wHdtsMbvGB, or just buy some on @UniswapExchange",True,BUY,5,1.0,"The tweet is directly related to ETH and mentions its trading services, making it a clear bullish factor.",ETH,vitalikbuterin,Vitalik Buterin,2019-12-21T21:10:35Z
ETH,data/ETH influencer tweets.csv,243,1208968505971945472,https://x.com/ethereum/status/1208968505971945472,"[IMPORTANT] Upgrade your nodes for the Muir Glacier upgrade happening on Jan. 1, 2020! See more here:  https://t.co/hJRTHY9Gj1",True,NEUTRAL,3,0.5,"The tweet is directly related to ETH and mentions an upcoming upgrade, but the context does not provide a clear short-term price direction.",ETH,ethereum,Ethereum official,2019-12-23T04:32:08Z
ETH,data/ETH influencer tweets.csv,244,1209957108990521344,https://x.com/vitalikbuterin/status/1209957108990521344,"@manofaction_ab I think ethereum has made lots of awesome concrete progress this yeah, including now becoming the second major chain to have live ZKP-based apps on mainnet, and eth2 is closer than ever.",True,BUY,4,0.9,"The tweet is directly related to ETH and mentions 'lots of awesome concrete progress' made by Ethereum, including live ZKP-based apps on mainnet, which are clear bullish factors.",ETH,vitalikbuterin,Vitalik Buterin,2019-12-25T22:00:29Z
ETH,data/ETH influencer tweets.csv,245,1210028097996820481,https://x.com/vitalikbuterin/status/1210028097996820481,"Huh?  I know that poem says that speaking up when they come for me is already too late, but still, censoring an ethereum roadmap Q&amp;A is just.... weird  Looks like we need alternatives to youtube.",True,NEUTRAL,2,0.4,"The tweet mentions Ethereum and YouTube, but the context is about censorship and alternatives to YouTube, which may not have a direct short-term impact on ETH price.",ETH,vitalikbuterin,Vitalik Buterin,2019-12-26T02:42:34Z
ETH,data/ETH influencer tweets.csv,246,1211861543677300736,https://x.com/ethereum/status/1211861543677300736,[SECURITY] Please update your clients if you are running a Parity node.,True,NEUTRAL,2,0.5,"The tweet mentions Ethereum (the user's handle is 'ethereum') and advises users to update their Parity nodes, but it doesn't provide clear bullish or bearish information for ETH.",ETH,ethereum,Ethereum official,2019-12-31T04:08:01Z
ETH,data/ETH influencer tweets.csv,247,1212558174114500610,https://x.com/ethereum/status/1212558174114500610,Join the fun as #Ethereum upgrades in a few hours!,True,BUY,4,0.8,"The tweet is directly related to ETH and mentions its upcoming upgrade in a few hours, which may increase short-term interest and demand.",ETH,ethereum,Ethereum official,2020-01-02T02:16:11Z
ETH,data/ETH influencer tweets.csv,248,1214087379595612161,https://x.com/vitalikbuterin/status/1214087379595612161,"Blast from the past: my piece defending ""alternative cryptocurrencies"" in 2013  (Note to trolls: this was 2 months *before* I started thinking about ethereum)   https://t.co/BN7MNUpJir",True,NEUTRAL,1,0.4,"The tweet mentions Ethereum in a historical context, but it lacks enough visible context to determine a short-term ETH price direction.",ETH,vitalikbuterin,Vitalik Buterin,2020-01-06T07:32:42Z
ETH,data/ETH influencer tweets.csv,249,1216680048889155584,https://x.com/ethereum/status/1216680048889155584,"Check out the latest on validating on #ethererum with @carlbeek's new post, which covers incentives, clarifications on slashing in #eth2 and more!",True,BUY,4,0.8,"The tweet is directly related to ETH and mentions validating on #ethererum, which may indicate a positive development for the Ethereum network.",ETH,ethereum,Ethereum official,2020-01-13T11:15:03Z
ETH,data/ETH influencer tweets.csv,250,1217822401003692032,https://x.com/ethereum/status/1217822401003692032,"Hot off the press: #Phase0 spec v.0.10.0, news on client testnets, resources, audits and what's left before launch!  #eth2 quick update #7 from @dannyryan is here.   https://t.co/ZRCC0LHSrZ",True,NEUTRAL,2,0.6,"The tweet mentions ETH but only provides an update on the Ethereum 2.0 (eth2) phase, which is a long-term development and not directly related to the short-term price direction.",ETH,ethereum,Ethereum official,2020-01-16T14:54:21Z
ETH,data/ETH influencer tweets.csv,251,1219600159849336832,https://x.com/vitalikbuterin/status/1219600159849336832,"@Cryptofaith1 @Ninjascalp @justinsuntron @udiWertheimer @YouTube I'm sure the developers of ZK rollup, optimistic rollup,  https://t.co/f8JT3wnLeu, Uniswap, Plasma, Nethermind, ethereum studio, multi-collateral DAI, payment streams, smart contract wallets and much more will be happy to learn that their work can be classified as ""fuck all""!",False,NEUTRAL,0,0.8,"The tweet mentions various Ethereum-related projects, but it uses a derogatory phrase 'fuck all' which does not provide clear market-relevant information for ETH.",ETH,vitalikbuterin,Vitalik Buterin,2020-01-21T12:38:31Z
ETH,data/ETH influencer tweets.csv,252,1220019753152106497,https://x.com/ethereum/status/1220019753152106497,What a year it was!,False,NEUTRAL,0,0.5,The tweet mentions 'ethereum' but only as a username and lacks enough visible context to determine a short-term ETH price direction.,ETH,ethereum,Ethereum official,2020-01-22T16:25:50Z
ETH,data/ETH influencer tweets.csv,253,1220764042786222080,https://x.com/ethdotorg/status/1220764042786222080,🎉 say hello to our new community page!  👉  https://t.co/4hZTFvCRAl  🦄 an easy landing page to help people get involved with the @Ethereum community,True,NEUTRAL,1,0.4,"The tweet mentions the Ethereum community and includes a link to a new community page, but it does not provide clear information about ETH's market direction.",ETH,ethdotorg,ethereum.org,2020-01-24T17:43:23Z
ETH,data/ETH influencer tweets.csv,254,1221770033916862465,https://x.com/vitalikbuterin/status/1221770033916862465,@whaleteamm In what way is ethereum bleeding? It's been looking stronger than ever to me!,True,BUY,4,0.8,"The tweet is directly related to ETH and Vitalik Buterin's response is bullish, suggesting that Ethereum is 'looking stronger than ever'. This implies a positive sentiment for the coin.",ETH,vitalikbuterin,Vitalik Buterin,2020-01-27T12:20:50Z
ETH,data/ETH influencer tweets.csv,255,1221967573853429761,https://x.com/vitalikbuterin/status/1221967573853429761,@jadler0 @cyber_hokie @_JohnWhelan @Blockstream The idea that non-bitcoin things taking place on Liquid benefit from any substantive connection to bitcoin needs to be challenged more.  Liquid is just a consortium chain that happens to run a BTC pegged asset as one of its apps.,False,NEUTRAL,0,1.0,The tweet is related to the Bitcoin ecosystem (Liquid and BTC) but does not provide any information or context about Ethereum.,ETH,vitalikbuterin,Vitalik Buterin,2020-01-28T01:25:47Z
ETH,data/ETH influencer tweets.csv,256,1222172979037114369,https://x.com/ethdotorg/status/1222172979037114369,"👋 hey ethereum!  This Thursday, we are going to have our first ethereum .org COMMUNITY CALL!  Anyone is welcome to join - come ask questions and give feedback!  📆 Thursday, January 30 ⏰ 1:30 - 2:30 PM ET  👉 DM @ethdotorg for call info!",True,NEUTRAL,2,0.5,"The tweet mentions Ethereum (.org) and invites the community to join a call, but it lacks clear market direction or influence.",ETH,ethdotorg,ethereum.org,2020-01-28T15:01:59Z
ETH,data/ETH influencer tweets.csv,257,1223571233947582464,https://x.com/vitalikbuterin/status/1223571233947582464,@bradmillscan Bitcoin cash is not bitcoin.,False,NEUTRAL,0,0.8,"The tweet mentions Bitcoin and Cash, but it does not provide any information about Ethereum (ETH) or its market direction.",ETH,vitalikbuterin,Vitalik Buterin,2020-02-01T11:38:09Z
ETH,data/ETH influencer tweets.csv,258,1224671984283537409,https://x.com/vitalikbuterin/status/1224671984283537409,"Important tech question about these CBDCs that are starting to pop up (CC @mg0314a): will transactions be cryptographically provable? That is, if I send you N coins, can I generate a cryptographic proof that this happened that can be verified on the ethereum chain? ...",False,NEUTRAL,1,0.6,"The tweet mentions CBDCs and Ethereum, but it's asking a technical question that doesn't directly affect the short-term price of ETH.",ETH,vitalikbuterin,Vitalik Buterin,2020-02-04T12:32:09Z
ETH,data/ETH influencer tweets.csv,259,1224680513291653121,https://x.com/vitalikbuterin/status/1224680513291653121,"@shadders333 @mg0314a ""verifiable on ethereum"" != ""use ethereum"".  Bitcoin transactions for example are totally verifiable on ethereum, as there are BTC light clients that can run inside the ETH chain.",True,NEUTRAL,2,0.6,"The tweet is related to Ethereum, but the mention of 'Bitcoin transactions' and a comparison with Ethereum may not have an immediate short-term effect on ETH price direction.",ETH,vitalikbuterin,Vitalik Buterin,2020-02-04T13:06:02Z
ETH,data/ETH influencer tweets.csv,260,1224747406434164740,https://x.com/ethereum/status/1224747406434164740,The latest #eth2 quick update from @dannyryan is here! &lt;3,True,BUY,4,0.8,"The tweet is directly related to ETH and mentions the latest #eth2 quick update, which may indicate progress and improvement in the Ethereum ecosystem.",ETH,ethereum,Ethereum official,2020-02-04T17:31:51Z
ETH,data/ETH influencer tweets.csv,261,1224836781088133121,https://x.com/ethereum/status/1224836781088133121,"[AMA] Join us tomorrow at 1PM UTC for the 3rd installment of the Eth 2.0 Reddit AMA featuring @dannyryan, @VitalikButerin, @icebearhww, @drakefjustin, and others from the Eth 2.0 team!  https://t.co/leZIoK4N6Q",True,NEUTRAL,2,0.5,"The tweet is related to ETH as it mentions the Eth 2.0 Reddit AMA, but the information provided does not clearly indicate a short-term price direction.",ETH,ethereum,Ethereum official,2020-02-04T23:26:59Z
ETH,data/ETH influencer tweets.csv,262,1225042608742961152,https://x.com/ethereum/status/1225042608742961152,The Eth 2.0 AMA (Round 3) has begun! Post your questions here:  https://t.co/bgo4asHsFK,True,NEUTRAL,2,0.6,"The tweet mentions Eth 2.0, which is a part of the Ethereum ecosystem. However, it does not provide clear information about the price direction or any bullish/bearish factors.",ETH,ethereum,Ethereum official,2020-02-05T13:04:52Z
ETH,data/ETH influencer tweets.csv,263,1225420110036381698,https://x.com/vitalikbuterin/status/1225420110036381698,"@mayazi @C1aranMurray @Noahpinion Interesting. I would rate internal pressure more highly, eg. I'd claim Tron's scamminess is a huge factor limiting their ability to get top quality R&amp;D talent.",True,SELL,4,0.8,"The tweet is directly related to ETH and mentions Tron's scamminess as a limiting factor for their R&D talent, implying that ETH may gain competitive advantage over Tron.",ETH,vitalikbuterin,Vitalik Buterin,2020-02-06T14:04:56Z
ETH,data/ETH influencer tweets.csv,264,1225856246307311616,https://x.com/vitalikbuterin/status/1225856246307311616,Happy to have participated as AZTEC Ignition trusted setup ceremony participant #1!  Ethereum Address: 0xdbbbef6a9db7ae52e73673747ece3407d8540307 Transcript Hash: 0xa3138886ebdae51010e1c24d4ba7e3da66a9ac7ccffc980871f3b91847fadb81   https://t.co/2xSY8UQgEc,True,BUY,5,1.0,"The tweet is directly related to ETH and the author, Vitalik Buterin, participated in an Ethereum-related event as a trusted setup ceremony participant.",ETH,vitalikbuterin,Vitalik Buterin,2020-02-07T18:57:59Z
ETH,data/ETH influencer tweets.csv,265,1233348990911025153,https://x.com/ethereum/status/1233348990911025153,First time building on #Ethereum at @ETHGlobal's #ETHLondon this weekend? Dive into the ultimate #ETH hackathon survival guide from the team at @ConsenSys for tools and tips to help make the most of the experience!    https://t.co/5lp1n0PJEz,True,NEUTRAL,2,0.5,"The tweet mentions ETH but is a promotion for the Ethereum hackathon and survival guide, which does not directly impact the short-term market direction.",ETH,ethereum,Ethereum official,2020-02-28T11:11:28Z
ETH,data/ETH influencer tweets.csv,266,1234537996868653056,https://x.com/vitalikbuterin/status/1234537996868653056,My understanding of events leading up to the takeover:  1. Tron buys steem:  https://t.co/Wo6RV166MA 2. Steem delegates move to limit Steem co account's voting rights:  https://t.co/rpDsr1Ce1h 3. Justin Sun not impress:  https://t.co/hKLIKeV2Zh 4. This:  https://t.co/INeN2fnNrJ,False,NEUTRAL,0,0.8,The tweet is not directly related to ETH and does not provide clear market-relevant information for the short-term price direction.,ETH,vitalikbuterin,Vitalik Buterin,2020-03-02T17:56:09Z
ETH,data/ETH influencer tweets.csv,267,1239852858675277829,https://x.com/ethereum/status/1239852858675277829,The latest 'eth2 quick update' is here from @dannyryan!    https://t.co/2ewn6M0Hqf,True,NEUTRAL,1,0.5,"The tweet mentions 'eth2 quick update', which is related to ETH, but it lacks enough visible context to determine a short-term ETH price direction.",ETH,ethereum,Ethereum official,2020-03-17T09:55:31Z
ETH,data/ETH influencer tweets.csv,268,1240607135324610560,https://x.com/vitalikbuterin/status/1240607135324610560,"@jimmysong @Bitcoin ""If companies can just raise capital by issuing shares, why do they need revenue?""  (insert joke about how this is actually the SV model here)",False,NEUTRAL,0,0.9,"The tweet mentions Bitcoin and Ethereum in the context of a joke, but it does not provide clear information about ETH market direction or any relevant market factors.",ETH,vitalikbuterin,Vitalik Buterin,2020-03-19T11:52:45Z
ETH,data/ETH influencer tweets.csv,269,1242553658195271681,https://x.com/vitalikbuterin/status/1242553658195271681,"We should put resources toward a proper (trustless, serverless, maximally Uniswap-like UX) ETH &lt;-&gt; BTC decentralized exchange. It's embarrassing that we still can't easily move between the two largest crypto ecosystems trustlessly.",True,BUY,4,0.9,"The tweet is directly related to ETH and expresses a desire for a trustless, serverless decentralized exchange between ETH and BTC, which are clear bullish factors.",ETH,vitalikbuterin,Vitalik Buterin,2020-03-24T20:47:32Z
ETH,data/ETH influencer tweets.csv,270,1242554405062422529,https://x.com/vitalikbuterin/status/1242554405062422529,"We should also be building DEX bridges between ethereum and other crypto ecosystems. I've talked to @zooko about this re Zcash, though I think we can both work harder to translate the talk into action. Would love to see more.",True,BUY,3,0.6,"The tweet is directly related to ETH and mentions building DEX bridges between Ethereum and other crypto ecosystems, which could be a positive development for the market.",ETH,vitalikbuterin,Vitalik Buterin,2020-03-24T20:50:30Z
ETH,data/ETH influencer tweets.csv,271,1242560037320605697,https://x.com/vitalikbuterin/status/1242560037320605697,"@IgorBerezovsky The ability to use applications based on ethereum, including makerdao,  https://t.co/f8JT3wFmD4, smart contract wallets, prediction markets, status....?  Also ETH is a great cryptocurrency in its own right.",True,BUY,4,0.9,"The tweet is directly related to ETH and the mention of Ethereum and its ecosystem applications, along with a positive statement about ETH being 'a great cryptocurrency in its own right', are clear bullish factors.",ETH,vitalikbuterin,Vitalik Buterin,2020-03-24T21:12:53Z
ETH,data/ETH influencer tweets.csv,272,1243145484505620486,https://x.com/vitalikbuterin/status/1243145484505620486,"This is important groundwork by @gballet and co in making Ethereum #stateless friendly, and at the same time creating an opportunity to considerably simplify the protocol.  Look forward to more excellent hard work and results from 1.x devs in the months to come.",True,BUY,4,0.9,"The tweet is directly related to ETH and describes important groundwork by @gballet and co in making Ethereum stateless friendly, which is a clear bullish factor.",ETH,vitalikbuterin,Vitalik Buterin,2020-03-26T11:59:14Z
ETH,data/ETH influencer tweets.csv,273,1243284318987878401,https://x.com/vitalikbuterin/status/1243284318987878401,"Gitcoin grants quadratic funding is not just for funds allocation, it's also a great signaling tool!  For the last few rounds, going to  https://t.co/F4VFg2s7LJ (sort by top match) has led me to discover a lot of really cool Ethereum projects I previously did not know about.",True,NEUTRAL,2,0.5,"The tweet is related to ETH, but it does not provide a clear short-term price direction as it discusses the quadratic funding mechanism's signaling tool and discovering Ethereum projects.",ETH,vitalikbuterin,Vitalik Buterin,2020-03-26T21:10:55Z
ETH,data/ETH influencer tweets.csv,274,1243545471433482244,https://x.com/vitalikbuterin/status/1243545471433482244,"Things Ethereum has in 2020 that it did not in 2017:  * Uniswap *  https://t.co/wwBUgU78ob * Status * MakerDAO * ZK Rollups (eg. Loopring), &gt;2k TPS capacity * PoS testnets * Uncle rates &lt; 10% with 10m gas blocks * Gitcoin grants  Move the goalposts faster, or else we'll catch up!",True,BUY,4,0.8,"The tweet is directly related to ETH and mentions several significant advancements in the Ethereum ecosystem, which are clear bullish factors.",ETH,vitalikbuterin,Vitalik Buterin,2020-03-27T14:28:39Z
ETH,data/ETH influencer tweets.csv,275,1244428095706316801,https://x.com/vitalikbuterin/status/1244428095706316801,@ljxie &gt; needing an oracle  Chainlink? 😄,False,NEUTRAL,0,0.5,"The tweet mentions Chainlink, but it is in the context of needing an oracle, and there's no clear information about ETH.",ETH,vitalikbuterin,Vitalik Buterin,2020-03-30T00:55:53Z
ETH,data/ETH influencer tweets.csv,276,1244940021272064000,https://x.com/vitalikbuterin/status/1244940021272064000,The  https://t.co/KSm7V48P4y website is now on IPFS and accessible via ENS at ethereum.eth.,True,BUY,4,0.8,"The tweet is directly related to ETH and the fact that a highly influential account, Vitalik Buterin, is announcing Ethereum-related news may increase short-term buying interest.",ETH,vitalikbuterin,Vitalik Buterin,2020-03-31T10:50:05Z
ETH,data/ETH influencer tweets.csv,277,1245107056849358850,https://x.com/vitalikbuterin/status/1245107056849358850,@jeffreyatucker You should look into ethereum 2's sharding. High scalability but without the centralization that relying solely on increasing block sizes to a very high level would entail.   https://t.co/NzJPbD3MCr,True,BUY,4,0.8,"The tweet is directly related to ETH and mentions Ethereum's scalability improvement through sharding, which may increase investor interest in the long term.",ETH,vitalikbuterin,Vitalik Buterin,2020-03-31T21:53:49Z
ETH,data/ETH influencer tweets.csv,278,1245131348320358408,https://x.com/vitalikbuterin/status/1245131348320358408,"Ethereum has a lot of promising applications, but you can use ETH as a plain old cryptocurrency too. It works great.",True,NEUTRAL,3,0.6,"The tweet is directly related to ETH and mentions its usage as a plain old cryptocurrency, but it lacks strong context for a clear short-term price direction.",ETH,vitalikbuterin,Vitalik Buterin,2020-03-31T23:30:21Z
ETH,data/ETH influencer tweets.csv,279,1245145374190428163,https://x.com/vitalikbuterin/status/1245145374190428163,@zackvoell @Daniel_Jourdan I joined bitcoin land in 2011 and back then I remember a clear vibe that bitcoin was p2p cash first and gold second.  https://t.co/jSdkXPwSiE,False,NEUTRAL,0,0.8,"The tweet mentions 'bitcoin land', but it does not mention ETH, Ethereum, or its ecosystem. It is a nostalgic statement from Vitalik Buterin and lacks market-relevant information for ETH.",ETH,vitalikbuterin,Vitalik Buterin,2020-04-01T00:26:05Z
ETH,data/ETH influencer tweets.csv,280,1245149156043350016,https://x.com/vitalikbuterin/status/1245149156043350016,Next step in improving ethereum's privacy (in addition to ongoing improvements to  https://t.co/f8JT3wFmD4 and the like): some clean easy-to-use stealth-address-like scheme to send coins to an ENS name without publishing to the world that they got coins.,True,BUY,4,0.8,"The tweet is directly related to ETH and discusses ongoing improvements to Ethereum's privacy, which may be seen as bullish for the coin.",ETH,vitalikbuterin,Vitalik Buterin,2020-04-01T00:41:07Z
ETH,data/ETH influencer tweets.csv,281,1245379753084944388,https://x.com/vitalikbuterin/status/1245379753084944388,@VladZamfir What if BSV is the real Tron?,False,NEUTRAL,0,0.8,"The tweet mentions BSV and Tron, but it does not provide any relevant information about ETH.",ETH,vitalikbuterin,Vitalik Buterin,2020-04-01T15:57:25Z
ETH,data/ETH influencer tweets.csv,282,1245823678543257603,https://x.com/vitalikbuterin/status/1245823678543257603,"Three years ago, I was close to the only one writing updates and explainers. Now, half the research team is doing it.  Yet another clear sign of just how far the ethereum ecosystem has come in the last few years.",True,BUY,3,0.8,"The tweet is directly related to ETH and describes the growth of its ecosystem, which may increase investor confidence and interest.",ETH,vitalikbuterin,Vitalik Buterin,2020-04-02T21:21:25Z
ETH,data/ETH influencer tweets.csv,283,1246245059386912769,https://x.com/vitalikbuterin/status/1246245059386912769,Enterprise applications of all kinds are increasingly exploring the ethereum mainnet:  https://t.co/uQ6CBdBYkd  There's great value in a public neutral place to store messages and application logic. But this also highlights why our work on privacy and scaling is so important.,True,NEUTRAL,3,0.5,"The tweet is related to Ethereum and mentions its mainnet, but it also highlights the importance of privacy and scaling work, which could be seen as bearish or neutral factors.",ETH,vitalikbuterin,Vitalik Buterin,2020-04-04T01:15:50Z
ETH,data/ETH influencer tweets.csv,284,1247689074821025792,https://x.com/vitalikbuterin/status/1247689074821025792,@RyanSAdams I do have an impression that in non-Western countries ethereum and bitcoin communities tend to be closer together.,True,NEUTRAL,2,0.5,"The tweet mentions Ethereum (ETH) and its community in non-Western countries, but the comment is vague and does not provide clear information about the short-term price direction of ETH.",ETH,vitalikbuterin,Vitalik Buterin,2020-04-08T00:53:51Z
ETH,data/ETH influencer tweets.csv,285,1247997846290198528,https://x.com/vitalikbuterin/status/1247997846290198528,ENS continues to be very valuable and important ethereum infrastructure. 👍👍👍,True,BUY,4,0.8,"The tweet is directly related to ETH and describes ENS as valuable and important Ethereum infrastructure, which may increase demand for ETH.",ETH,vitalikbuterin,Vitalik Buterin,2020-04-08T21:20:47Z
ETH,data/ETH influencer tweets.csv,286,1248667838988025866,https://x.com/vitalikbuterin/status/1248667838988025866,My favorite proposal for a simple meaningful ethereum integration @reddit could do was one of @virgilgr's ideas: they should allow subreddits to set an arbitrary smart contract address as their moderator  This would allow unbounded experimentation in DAO-like moderation policies.,True,BUY,4,0.8,"The tweet is directly related to ETH and discusses a potential integration proposal, which may be viewed positively by the market.",ETH,vitalikbuterin,Vitalik Buterin,2020-04-10T17:43:06Z
ETH,data/ETH influencer tweets.csv,287,1250065539399069702,https://x.com/ethereum/status/1250065539399069702,The latest research &amp; development update from many EF-supported teams is here. It's big and full of updates from a whole host of talented builders. Enjoy!   https://t.co/f5bb2QbSMw,True,NEUTRAL,3,0.5,"The tweet is directly related to ETH, but it does not contain clear short-term price direction information.",ETH,ethereum,Ethereum official,2020-04-14T14:17:04Z
ETH,data/ETH influencer tweets.csv,288,1250898841844486145,https://x.com/vitalikbuterin/status/1250898841844486145,".@evan_van_ness on Ethereum's decentralized ecosystem.  Nobody pushes everyone into a room and tells everyone what to do. You see something you think needs to be done, you go ahead and do it.  ""It's decentralized, messy but it's been working so far""  https://t.co/zaISyt4W1M",True,BUY,3,0.7,The tweet is directly related to ETH as it mentions Ethereum's decentralized ecosystem and describes its operational mode.,ETH,vitalikbuterin,Vitalik Buterin,2020-04-16T21:28:19Z
ETH,data/ETH influencer tweets.csv,289,1252931823170129922,https://x.com/vitalikbuterin/status/1252931823170129922,Unitimes continues to do excellent Chinese translations of all sorts of ethereum-related content:  https://t.co/83nFapbS2K,True,NEUTRAL,2,0.7,"The tweet is related to ETH, but it only mentions translations of ethereum-related content without providing a clear short-term price direction.",ETH,vitalikbuterin,Vitalik Buterin,2020-04-22T12:06:39Z
ETH,data/ETH influencer tweets.csv,290,1253412053215088640,https://x.com/vitalikbuterin/status/1253412053215088640,"Bitfly @etherchain_org, mother company of  https://t.co/SF8idzr6jM,  https://t.co/66TEHr1FSi and much more has been doing a great job visualizing and making the ethereum network understandable. 💪💪",True,NEUTRAL,2,0.5,"The tweet mentions Etherchain.org and Ethereum network visualization, but it lacks clear short-term price direction.",ETH,vitalikbuterin,Vitalik Buterin,2020-04-23T19:54:55Z
ETH,data/ETH influencer tweets.csv,291,1255852443050655744,https://x.com/timbeiko/status/1255852443050655744,The first @ethereum EIP-1559 call is happening in ~30 minutes 🎉  We'll have different client teams working on the EIP come together to share progress and potential next steps. There will also be a counter-proposal presented ( https://t.co/pAOTlUuZjf) 👀,True,NEUTRAL,2,0.5,"The tweet mentions Ethereum (ETH) and an upcoming EIP-1559 call, but it does not provide clear short-term price direction or any market-relevant information.",ETH,timbeiko,Tim Beiko,2020-04-30T13:32:09Z
ETH,data/ETH influencer tweets.csv,292,1258793806624940033,https://x.com/vitalikbuterin/status/1258793806624940033,"@hcarpach @safetyth1rd I really and truly think it's the opposite. BTC people seem happy to have lots of centralized middlemen (bitmex, tether, liquid....) and it's the ETH community that's trying to decentralize these functions with smart contract constructions.",True,NEUTRAL,2,0.6,"The tweet is related to ETH, but it discusses a comparison between BTC and ETH communities regarding decentralization, which may not have a clear short-term price direction.",ETH,vitalikbuterin,Vitalik Buterin,2020-05-08T16:20:05Z
ETH,data/ETH influencer tweets.csv,293,1258803976172113921,https://x.com/vitalikbuterin/status/1258803976172113921,"@danheld @safetyth1rd My original post criticizing maximalism  https://t.co/wr6BHYjXfB explicitly said that maximalism is not the same thing as ""a simple desire to support Bitcoin and make it better"".  (2) and (3) are attempts to claim big-blockerdom is anti-bitcoin, as predicted",True,NEUTRAL,2,0.5,"The tweet is related to Ethereum as it mentions Vitalik Buterin, the co-founder of Ethereum, and references maximalism which is a topic relevant to Ethereum's market direction.",ETH,vitalikbuterin,Vitalik Buterin,2020-05-08T17:00:30Z
ETH,data/ETH influencer tweets.csv,294,1259092749195923458,https://x.com/vitalikbuterin/status/1259092749195923458,"The ""purist"" side of the ethereum community, trying to build fully decentralized applications (I sometimes say ""serverless"", though not having any admin backdoors once a project is out of beta is also important), is stronger than many people realize.",True,NEUTRAL,2,0.5,"The tweet is related to the Ethereum community and mentions decentralized applications, but it does not contain clear bullish or bearish information for ETH within a short-term market reaction window.",ETH,vitalikbuterin,Vitalik Buterin,2020-05-09T12:07:58Z
ETH,data/ETH influencer tweets.csv,295,1259441528604327936,https://x.com/vitalikbuterin/status/1259441528604327936,The ethereum ecosystem (+ crypto more broadly) is definitely at the stage where implementing the existing ideas well matters more than coming up with new and better ideas. This was not the case 3 years ago!  Today the role of idea people is to assist the execution process.,True,NEUTRAL,2,0.6,"The tweet is directly related to Ethereum and suggests that executing existing ideas well matters more than coming up with new ones, but it lacks clear short-term market direction.",ETH,vitalikbuterin,Vitalik Buterin,2020-05-10T11:13:54Z
ETH,data/ETH influencer tweets.csv,296,1259872183226073090,https://x.com/ethereum/status/1259872183226073090,Congratulations to @OpenEthereumOrg!,True,BUY,4,0.8,The tweet is directly related to ETH and the congratulatory message may increase short-term interest in ETH.,ETH,ethereum,Ethereum official,2020-05-11T15:45:10Z
ETH,data/ETH influencer tweets.csv,297,1260937261337673728,https://x.com/vitalikbuterin/status/1260937261337673728,@argentHQ @reddit Honestly they should be enabling ethereum social recovery / guardians *as a strategy for recovering your entire Reddit account*,True,BUY,4,0.8,"The tweet is directly related to ETH and suggests using Ethereum social recovery/guardians as a strategy for recovering a Reddit account, which may increase adoption and demand for ETH.",ETH,vitalikbuterin,Vitalik Buterin,2020-05-14T14:17:24Z
ETH,data/ETH influencer tweets.csv,298,1261298996871651328,https://x.com/vitalikbuterin/status/1261298996871651328,"If I were designing a new chain to live alongside bitcoin and ethereum, I would take *all* the political tradeoffs that BTC and ETH aren't willing to take.  * On-chain gov w QV * On-chain oracles for not just prices but arbitrary events * All the built-in cryptographic operations",True,BUY,4,0.8,"The tweet is directly related to ETH and describes new features that Vitalik, the co-founder of Ethereum, would implement in a new chain alongside ETH, which are clear bullish factors.",ETH,vitalikbuterin,Vitalik Buterin,2020-05-15T14:14:49Z
ETH,data/ETH influencer tweets.csv,299,1261381610710036482,https://x.com/vitalikbuterin/status/1261381610710036482,@decryptmedia There's a big misunderstanding here. Ethereum did in fact launch in Jul 2015. My point was that I do not regret the delay; rather I regret the original protocol's technical deficiencies.,True,NEUTRAL,2,0.5,"The tweet is directly related to ETH and Vitalik Buterin's statement may provide context for Ethereum's history, but it does not contain clear short-term price direction or market-relevant information.",ETH,vitalikbuterin,Vitalik Buterin,2020-05-15T19:43:05Z
ETH,data/ETH influencer tweets.csv,300,1262147520735719427,https://x.com/vitalikbuterin/status/1262147520735719427,"For the last week ethereum tx fee revenue has exceeded most estimates of what PoS validator rewards will be.  Rollups+sharding are coming (@loopringorg zk rollup already on mainnet!) to increase capacity, but even today this is an important milestone for economic sustainability.  https://t.co/hxJQILq6Pe",True,NEUTRAL,3,0.7,"The tweet is directly related to ETH and mentions the tx fee revenue exceeding estimates, which could be seen as a positive development for the Ethereum ecosystem. However, it also mentions rollups+sharding as a future solution, so the impact on short-term price direction is unclear.",ETH,vitalikbuterin,Vitalik Buterin,2020-05-17T22:26:33Z
ETH,data/ETH influencer tweets.csv,301,1262748707960676353,https://x.com/ethereum/status/1262748707960676353,Looking to learn more about the #Ethereum Foundation and what we've been working on? The 'EF 2020 Spring Update' has arrived.   Read more:  https://t.co/lhLuL2LjeW,True,NEUTRAL,1,0.6,"The tweet is related to the Ethereum Foundation, but it does not provide clear short-term price direction information.",ETH,ethereum,Ethereum official,2020-05-19T14:15:27Z
ETH,data/ETH influencer tweets.csv,302,1263184973990973442,https://x.com/vitalikbuterin/status/1263184973990973442,@udiWertheimer I'd recommend breaking it up into two questions:  1. Why is Ethereum better than a single-node ETH private chain run as a hypothetical new Google service? 2. Why is a single-node ETH private chain run by Google better than Google Spreadsheets?  I presume you care more about (1)?,True,NEUTRAL,1,0.5,"The tweet is related to ETH, but the context does not provide a clear short-term price direction.",ETH,vitalikbuterin,Vitalik Buterin,2020-05-20T19:09:01Z
ETH,data/ETH influencer tweets.csv,303,1263185647981953031,https://x.com/vitalikbuterin/status/1263185647981953031,@udiWertheimer GoogThereum has 3 risks that Ethereum doesn't:  1. GoogThereum may censor or interfere with your application because of pressure from the USA gov 2. GoogThereum may censor... because of Google's strategic interests 3. GoogThereum may get hacked or otherwise break involuntarily,True,SELL,5,0.9,"The tweet directly compares Google's proposed cryptocurrency (GoogThereum) to Ethereum and highlights three potential risks for GoogThereum that do not apply to Ethereum, effectively framing Ethereum as a safer choice.",ETH,vitalikbuterin,Vitalik Buterin,2020-05-20T19:11:41Z
ETH,data/ETH influencer tweets.csv,304,1263209528423825422,https://x.com/vitalikbuterin/status/1263209528423825422,@mhluongo I think tBTC is cool and appreciate its efforts in making a trust-minimized BTC-on-ethereum token!,False,NEUTRAL,0,1.0,"The tweet is about tBTC, which is a token related to Bitcoin (BTC) on Ethereum, but it does not mention ETH directly and the context is not clear for a short-term price direction of ETH.",ETH,vitalikbuterin,Vitalik Buterin,2020-05-20T20:46:35Z
ETH,data/ETH influencer tweets.csv,305,1263446919420010497,https://x.com/vitalikbuterin/status/1263446919420010497,"People often complain that the Ethereum narrative ""keeps changing"". This is false. Rather, the Ethereum narrative is inherently pluralist, containing bets that at least one of many kinds of applications will grow and prosper.",True,NEUTRAL,3,0.5,"The tweet is directly related to ETH and discusses the Ethereum narrative, which may provide context for ETH market direction, but does not contain clear short-term price information.",ETH,vitalikbuterin,Vitalik Buterin,2020-05-21T12:29:53Z
ETH,data/ETH influencer tweets.csv,306,1263602364373745664,https://x.com/vitalikbuterin/status/1263602364373745664,@0xstark @Blockstream I'm worried about the trust models of some of these tokens. It would be sad if there ends up being $5b of BTC on ethereum and the keys are held by a single institution.,True,SELL,3,0.7,"The tweet is directly related to ETH and expresses concern about the trust models of some tokens, which may lead to a decrease in demand or price.",ETH,vitalikbuterin,Vitalik Buterin,2020-05-21T22:47:34Z
ETH,data/ETH influencer tweets.csv,307,1263973052875976709,https://x.com/vitalikbuterin/status/1263973052875976709,@AkhNathan @champak747 @SatoZILnakamoto @IOHK_Charles @zilliqa Ethereum has a lot of room to succeed and prosper.  Zilliqa has a lot of room to succeed and prosper.,True,NEUTRAL,3,0.6,"The tweet mentions both ETH and Zilliqa, but it lacks clear bullish or bearish information for ETH within a short-term market reaction window.",ETH,vitalikbuterin,Vitalik Buterin,2020-05-22T23:20:33Z
ETH,data/ETH influencer tweets.csv,308,1264197751455309825,https://x.com/vitalikbuterin/status/1264197751455309825,"I want to publicly thank @TheBlock__ for their actually very decent reporting on crypto and ethereum.  When you see what passes for median crypto media, you realize that doing it well is actually a pretty rare and valuable skill.  Compare left (The Block) and right (someone else)  https://t.co/Jmi96Nuk7u",True,NEUTRAL,2,0.5,"The tweet mentions Ethereum (ETH) positively, but the context is more about reporting quality rather than market direction or price impact.",ETH,vitalikbuterin,Vitalik Buterin,2020-05-23T14:13:26Z
ETH,data/ETH influencer tweets.csv,309,1265245084452294656,https://x.com/vitalikbuterin/status/1265245084452294656,"@BenDiFrancesco @GeorgeAHallam Do not underestimate the Ethereum ecosystem. For every big story already out there, there are five more lurking beneath the surface.",True,BUY,4,0.8,The tweet is directly related to ETH and the statement by @vitalikbuterin may increase short-term buying interest because it comes from an influential account.,ETH,vitalikbuterin,Vitalik Buterin,2020-05-26T11:35:09Z
ETH,data/ETH influencer tweets.csv,310,1265989911225798662,https://x.com/timbeiko/status/1265989911225798662,.@ethereum EIP-1559 Implementers' call #2 starting in ~1h 🎉  I'll share some high-level takeaways here after the call and we'll have a full transcript available a few days after.   Agenda:  https://t.co/bFn6uxtlYb,True,NEUTRAL,2,0.6,"The tweet mentions Ethereum (ETH) and EIP-1559, which is a relevant topic for the Ethereum ecosystem. However, it's more of an event announcement and lacks clear bullish or bearish information.",ETH,timbeiko,Tim Beiko,2020-05-28T12:54:50Z
ETH,data/ETH influencer tweets.csv,311,1267435534407827456,https://x.com/vitalikbuterin/status/1267435534407827456,"@cyber_hokie @TheBlock__ @paoloardoino @StarkWareLtd OMG network is a plasma chain on ethereum; it's not some kind of ""eth killer™""",True,NEUTRAL,3,0.8,"The tweet is directly related to ETH as it mentions 'OMG network' and its relation to Ethereum, but the context does not provide a clear short-term price direction.",ETH,vitalikbuterin,Vitalik Buterin,2020-06-01T12:39:13Z
ETH,data/ETH influencer tweets.csv,312,1267464298919534593,https://x.com/vitalikbuterin/status/1267464298919534593,"While everyone wasn't looking, the initial deployment of ethereum's layer 2 scaling strategy has *basically* succeeded. What's left is refinement and deployment. A thread:",True,NEUTRAL,2,0.6,"The tweet is directly related to ETH and mentions the successful deployment of Ethereum's layer 2 scaling strategy, but it lacks clear short-term price direction information.",ETH,vitalikbuterin,Vitalik Buterin,2020-06-01T14:33:31Z
ETH,data/ETH influencer tweets.csv,313,1267805709309263872,https://x.com/ethereum/status/1267805709309263872,Where does #eth2 stand today? The latest comprehensive take from @dannyryan is here.  Read more:  https://t.co/fYbIk6rR8E,True,NEUTRAL,1,0.4,"The tweet mentions #eth2, but it is a link to a comprehensive take from @dannyryan and does not provide clear short-term market direction for ETH.",ETH,ethereum,Ethereum official,2020-06-02T13:10:10Z
ETH,data/ETH influencer tweets.csv,314,1268320256906473480,https://x.com/vitalikbuterin/status/1268320256906473480,"New NY Democratic congressional candidate: supports UBI, civil rights issues, carbon tax, and of course.... BTC/ETH/crypto.",True,NEUTRAL,2,0.5,"The tweet mentions ETH as one of several coins, but it does not provide clear information about its market direction or a specific event that would affect its price.",ETH,vitalikbuterin,Vitalik Buterin,2020-06-03T23:14:48Z
ETH,data/ETH influencer tweets.csv,315,1270480977152798721,https://x.com/vitalikbuterin/status/1270480977152798721,@softlinkie @VladZamfir @RyanSAdams I do not hate chainlink.,False,NEUTRAL,0,0.5,"The tweet mentions Vitalik Buterin, but it does not provide any clear market-relevant information about Ethereum (ETH). The mention of Chainlink in a negative context is irrelevant to ETH's short-term price direction.",ETH,vitalikbuterin,Vitalik Buterin,2020-06-09T22:20:44Z
ETH,data/ETH influencer tweets.csv,316,1272240013363855361,https://x.com/vitalikbuterin/status/1272240013363855361,"The ""halvings cause BTC price rises"" theory is unfalsifiable:  Was the peak before the halving? Then it ""rose in anticipation of the halving"" During? ""Because of the halving"" After? ""Because of...""  The last $20k peak was near the halfway point between the 2016 and 2020 halvings.  https://t.co/dhVxhmECQS",False,NEUTRAL,0,0.9,"The tweet mentions BTC multiple times and discusses a theory about halvings and price movements, but it does not provide any information relevant to the short-term market direction of ETH.",ETH,vitalikbuterin,Vitalik Buterin,2020-06-14T18:50:30Z
ETH,data/ETH influencer tweets.csv,317,1273026944007680007,https://x.com/vitalikbuterin/status/1273026944007680007,@maxkeiser Interesting! Would love to know what made you think I don't get bitcoin.,False,NEUTRAL,0,0.8,"The tweet does not mention ETH, Ethereum, or its ecosystem, and it gives no market-relevant information for ETH.",ETH,vitalikbuterin,Vitalik Buterin,2020-06-16T22:57:29Z
ETH,data/ETH influencer tweets.csv,318,1273224124882657280,https://x.com/vitalikbuterin/status/1273224124882657280,ETH supply that the whitepaper says we would have today: 150.8 million Actual ETH supply today: 111.3 million  So please don't try to claim that ethereum is run by inflationist technocrats.  https://t.co/6CuPngDbHY,True,NEUTRAL,2,0.6,"The tweet compares actual and theoretical ETH supply, implying a potentially positive or neutral view on Ethereum's inflation dynamics.",ETH,vitalikbuterin,Vitalik Buterin,2020-06-17T12:01:01Z
ETH,data/ETH influencer tweets.csv,319,1273280775476183040,https://x.com/vitalikbuterin/status/1273280775476183040,This part of my 2014 article on bitcoin maximalism and currency network effects seems to be holding up quite well!   https://t.co/wr6BHYjXfB  https://t.co/Bqyt2EzLcz,True,NEUTRAL,2,0.6,"The tweet mentions Ethereum (ETH) and links to a relevant article from 2014, but it does not contain clear short-term price direction information.",ETH,vitalikbuterin,Vitalik Buterin,2020-06-17T15:46:07Z
ETH,data/ETH influencer tweets.csv,320,1273682275348017152,https://x.com/ethereum/status/1273682275348017152,"Calling All Builders: The @Reddit team's new Community Points system is built on #Ethereum, and you can help bring it to mainnet!   Read more:  https://t.co/354qtvw661",True,BUY,4,0.8,"The tweet is directly related to ETH and mentions the Community Points system built on Ethereum, which may create short-term buying interest due to increased adoption and use of the Ethereum network.",ETH,ethereum,Ethereum official,2020-06-18T18:21:32Z
ETH,data/ETH influencer tweets.csv,321,1273742863688499203,https://x.com/vitalikbuterin/status/1273742863688499203,"Things I'm excited about (incomplete list)  * Cryptography+blockchains esp @ethereum family * Life extension @SENSResearchFou * New governance/""social tech"" @RadxChange * Better online education of all types * Building cities @CCIdotCity * Ongoing global poverty reduction * Space",True,NEUTRAL,2,0.5,The tweet mentions Ethereum (@ethereum family) but the mention is part of a longer list and does not provide clear context about short-term market direction.,ETH,vitalikbuterin,Vitalik Buterin,2020-06-18T22:22:18Z
ETH,data/ETH influencer tweets.csv,322,1273763131278450688,https://x.com/ethereum/status/1273763131278450688,"The #Ethereum Foundation is thrilled to support @UNICEFinnovate, the @UNICEF Crypto Fund, and each of these new recipients.",True,NEUTRAL,2,0.5,"The tweet mentions the Ethereum Foundation supporting UNICEF's Crypto Fund, but it does not provide clear information about the short-term price direction of ETH.",ETH,ethereum,Ethereum official,2020-06-18T23:42:50Z
ETH,data/ETH influencer tweets.csv,323,1275076678998343686,https://x.com/ethereum/status/1275076678998343686,Thinking of participating in the @reddit scaling bake-off? The #Ethereum Foundation is looking to provide some support!  Please fill in the form below to tell us about your plans:   https://t.co/SMSsJYvo7L,True,NEUTRAL,2,0.5,"The tweet is related to the Ethereum ecosystem as it mentions the Ethereum Foundation, but it lacks clear short-term price direction information.",ETH,ethereum,Ethereum official,2020-06-22T14:42:24Z
ETH,data/ETH influencer tweets.csv,324,1275749234675978240,https://x.com/vitalikbuterin/status/1275749234675978240,"Ethereum gaming projects should absolutely be looking into rollups for short-term scaling *today*. They really need cheap txs, and it's safer to use highly experimental technology as the value at stake is much lower.",True,BUY,4,0.9,"The tweet is directly related to ETH and mentions the use of rollups for short-term scaling, which is a clear bullish factor.",ETH,vitalikbuterin,Vitalik Buterin,2020-06-24T11:14:54Z
ETH,data/ETH influencer tweets.csv,325,1276216486772826113,https://x.com/vitalikbuterin/status/1276216486772826113,"@LUKACACIC @ethereum Not the best marketing strategy imo.... we should stick to our strengths, not make dumb ads that scamcoin/shitcoin peddlers are 10x better than us at making in any case",True,SELL,4,0.7,"The tweet is directly related to Ethereum (ETH) and Vitalik Buterin's criticism of Ethereum's marketing strategy may be bearish for ETH, indicating that he thinks it should not compete with scamcoin/shitcoin peddlers.",ETH,vitalikbuterin,Vitalik Buterin,2020-06-25T18:11:36Z
ETH,data/ETH influencer tweets.csv,326,1276526964954849280,https://x.com/vitalikbuterin/status/1276526964954849280,"Ethereum accounts are the decentralized competition to this.  Of course you could just use plain private keys, but (i) ethereum already has the tooling and distribution, and (ii) ethereum smart contract wallets allow social recovery and other ""what if things go wrong"" features.",True,NEUTRAL,2,0.5,"The tweet mentions Ethereum and its features, but it does not provide clear bullish or bearish information for ETH within a short-term market reaction window.",ETH,vitalikbuterin,Vitalik Buterin,2020-06-26T14:45:19Z
ETH,data/ETH influencer tweets.csv,327,1276588518001840131,https://x.com/vitalikbuterin/status/1276588518001840131,@AriDavidPaul Where's the break? It's really nice but I definitely don't think ethereum would come close to *failing* without it.,True,NEUTRAL,2,0.6,"The tweet is directly related to ETH, but the visible text does not contain clear bullish or bearish information for a short-term market reaction.",ETH,vitalikbuterin,Vitalik Buterin,2020-06-26T18:49:55Z
ETH,data/ETH influencer tweets.csv,328,1278850851768020992,https://x.com/vitalikbuterin/status/1278850851768020992,"@briandgoldberg @ethereum Dunno, ask the people paying $500k/day in txfees why they value a few math problems so highly.",True,NEUTRAL,2,0.5,"The tweet mentions Ethereum, but it is more focused on asking a question about transaction fees and the value of 'a few math problems', which may not directly impact the short-term price direction.",ETH,vitalikbuterin,Vitalik Buterin,2020-07-03T00:39:37Z
ETH,data/ETH influencer tweets.csv,329,1280536131566809089,https://x.com/vitalikbuterin/status/1280536131566809089,Look forward to talking about layer 1 and layer 2 scaling and the future of ethereum!,True,NEUTRAL,2,0.6,"The tweet is related to ETH, but it lacks enough visible context to determine a short-term ETH price direction.",ETH,vitalikbuterin,Vitalik Buterin,2020-07-07T16:16:19Z
ETH,data/ETH influencer tweets.csv,330,1280982952629993472,https://x.com/vitalikbuterin/status/1280982952629993472,@0xstark 2016 - Year of Ethereum's trial-by-fire adolescence?,True,NEUTRAL,2,0.5,The tweet mentions Ethereum's past but does not provide clear information about the current market direction of ETH.,ETH,vitalikbuterin,Vitalik Buterin,2020-07-08T21:51:50Z
ETH,data/ETH influencer tweets.csv,331,1281572363801436161,https://x.com/ethereum/status/1281572363801436161,"Wow, that's in just a few minutes! Ready? Join here:   https://t.co/KYPLO17553",False,NEUTRAL,0,1.0,The tweet mentions a link to join something but does not clearly refer to ETH or its market direction.,ETH,ethereum,Ethereum official,2020-07-10T12:53:56Z
ETH,data/ETH influencer tweets.csv,332,1283165753789812742,https://x.com/vitalikbuterin/status/1283165753789812742,"So I randomly came upon this article from non-ethereum circles (@mwiyas) and was delighted to discover that in addition to the piece being an interesting window into Nigerian (and other) culture and language, the site accepts ETH for tips and has an ethereum-based comment system!",True,NEUTRAL,2,0.7,"The tweet is directly related to ETH and mentions its use for tipping and comment system, but the context is more cultural than market-related.",ETH,vitalikbuterin,Vitalik Buterin,2020-07-14T22:25:30Z
ETH,data/ETH influencer tweets.csv,333,1283440558288056321,https://x.com/vitalikbuterin/status/1283440558288056321,@cburniske @ethereum @Polkadot @Libra_ Ethereum optimistic rollups.,True,BUY,4,0.8,"The tweet is directly related to ETH and mentions 'Ethereum optimistic rollups', which may be a positive development for the Ethereum ecosystem.",ETH,vitalikbuterin,Vitalik Buterin,2020-07-15T16:37:28Z
ETH,data/ETH influencer tweets.csv,334,1285593115672358912,https://x.com/vitalikbuterin/status/1285593115672358912,Transaction fee revenue is now nearing half as high as block reward revenue. This actually risks making ethereum *less* secure because of  https://t.co/Dase8SL30z. Fee market reform (ie. EIP 1559) fixes this; another reason why that EIP is important.  https://t.co/eqU3tAMh67,True,SELL,4,0.8,"The tweet is directly related to ETH and states that transaction fee revenue nearing half as high as block reward revenue may risk making ethereum *less* secure, which is a clear bearish factor.",ETH,vitalikbuterin,Vitalik Buterin,2020-07-21T15:10:58Z
ETH,data/ETH influencer tweets.csv,335,1286294729139933184,https://x.com/ethereum/status/1286294729139933184,"Meet Medalla.   The latest #eth2 quick update from @dannyryan is here.  Read more on the multi-client testnet, attacknets, and the eth1+eth2 merger below!",True,NEUTRAL,3,0.7,"The tweet is related to the Ethereum (ETH) ecosystem, specifically mentioning eth2 and a quick update from @dannyryan.",ETH,ethereum,Ethereum official,2020-07-23T13:38:56Z
ETH,data/ETH influencer tweets.csv,336,1287744751547158530,https://x.com/ethereum/status/1287744751547158530,Announcing the #eth2 validator launchpad (testnet version).   https://t.co/G0y4itoJzA,True,NEUTRAL,2,0.5,"The tweet is related to ETH and announces the testnet version of the #eth2 validator launchpad, but it lacks enough context to determine a short-term price direction.",ETH,ethereum,Ethereum official,2020-07-27T13:40:48Z
ETH,data/ETH influencer tweets.csv,337,1288890420316053504,https://x.com/ethereum/status/1288890420316053504,"Happy 5th Birthday, #Ethereum!   https://t.co/HK3kdpIwhU  https://t.co/gzx3FkcTlE",True,BUY,5,1.0,"The tweet is directly related to ETH and celebrates its 5th birthday, which may increase the community's morale and interest in the coin.",ETH,ethereum,Ethereum official,2020-07-30T17:33:17Z
ETH,data/ETH influencer tweets.csv,338,1289817511945355267,https://x.com/vitalikbuterin/status/1289817511945355267,"One important problem in ethereum that has not yet seen enough love is decentralized marketplaces for providing historical information (logs, txs... basically anything other than current state).",True,NEUTRAL,2,0.5,"The tweet mentions Ethereum and highlights a potential issue with decentralized marketplaces, but it lacks enough context to determine a short-term price direction.",ETH,vitalikbuterin,Vitalik Buterin,2020-08-02T06:57:13Z
ETH,data/ETH influencer tweets.csv,339,1290479734309101577,https://x.com/vitalikbuterin/status/1290479734309101577,"@Abu9ala7 @EthereumMemes IMO ethereum isn't anti-Satoshi, it's a continuation of Satoshi's vision.",True,BUY,4,0.8,"The tweet is directly related to ETH and describes it as a continuation of Satoshi's vision, which may be interpreted as bullish for the Ethereum ecosystem.",ETH,vitalikbuterin,Vitalik Buterin,2020-08-04T02:48:39Z
ETH,data/ETH influencer tweets.csv,340,1290499146860736513,https://x.com/vitalikbuterin/status/1290499146860736513,"@ChrisPacia I don't understand BCH people care so much about difficulty adjustment minutiae.... I would say ""just use ethereum's"" but honestly your algo is fine as is.....",False,NEUTRAL,0,0.8,The tweet is not related to ETH market direction and lacks context to determine a short-term price direction.,ETH,vitalikbuterin,Vitalik Buterin,2020-08-04T04:05:47Z
ETH,data/ETH influencer tweets.csv,341,1290632979711234049,https://x.com/ethereum/status/1290632979711234049,3 minutes until the Eth 2.0 Medella multi-client testnet launch! Tune in live here:  https://t.co/sMDoVxCfKB,True,BUY,3,0.7,"The tweet directly mentions the upcoming Eth 2.0 Medella multi-client testnet launch, which is a significant event for ETH and may attract buying interest.",ETH,ethereum,Ethereum official,2020-08-04T12:57:35Z
ETH,data/ETH influencer tweets.csv,342,1290672472921120768,https://x.com/ethereum/status/1290672472921120768,"Medalla is live! 🏅  Get involved with the EthStaker community on Reddit (r/ethstaker) and Discord ( https://t.co/k8xFfB7qVL), and follow along ( https://t.co/ijM3Z3VyHG,  https://t.co/fURuvJuzp3).  It's like Olympic all over again. #eth2",True,NEUTRAL,2,0.6,The tweet mentions the Ethereum ecosystem (EthStaker community) but does not provide clear information about its impact on ETH price.,ETH,ethereum,Ethereum official,2020-08-04T15:34:31Z
ETH,data/ETH influencer tweets.csv,343,1291223375667326976,https://x.com/vitalikbuterin/status/1291223375667326976,"Reciting tired old propaganda is becoming less and less effective every day. Ethereum is rising, proof of stake and sharding are rising, and rollups are here, all through a large distributed ecosystem working in parallel. The tides of history will not be favorable to maximalism.",True,BUY,4,0.8,"The tweet is directly related to ETH and mentions Ethereum's rising adoption of proof of stake, sharding, and rollups, which are clear bullish factors for the short-term market.",ETH,vitalikbuterin,Vitalik Buterin,2020-08-06T04:03:37Z
ETH,data/ETH influencer tweets.csv,344,1291393021473206273,https://x.com/vitalikbuterin/status/1291393021473206273,"@Narodism @musalbas @MPtherealMVP @NickSzabo4 So you dislike the aesthetics of some people in the ethereum community (btw I've never done a burner party, LSD or a sex orgy) therefore ethereum has lost the plot? If I wanted to I could make similar caricatures about the whole ""rah rah I'm manly because I eat steak"" thing.",True,NEUTRAL,2,0.5,"The tweet mentions Ethereum and Vitalik Buterin, the founder of Ethereum, but it does not provide clear bullish or bearish information for ETH in the short-term market reaction window.",ETH,vitalikbuterin,Vitalik Buterin,2020-08-06T15:17:43Z
ETH,data/ETH influencer tweets.csv,345,1291869925863129088,https://x.com/vitalikbuterin/status/1291869925863129088,"I love how people have been so awkwardly trying to press ethereum on its lack of a preset ""21 million""-like hard cap, when transaction fees the past 2 months have been high enough to more than fully cancel out PoS rewards post-EIP 1559.  https://t.co/TuyZMotacu",True,NEUTRAL,3,0.7,"The tweet is directly related to ETH and mentions transaction fees, PoS rewards post-EIP 1559, but lacks clear short-term price direction.",ETH,vitalikbuterin,Vitalik Buterin,2020-08-07T22:52:46Z
ETH,data/ETH influencer tweets.csv,346,1292218588246339584,https://x.com/vitalikbuterin/status/1292218588246339584,@zooko Bitcoin maximalism has no live players.   https://t.co/ZcMHZO1iLQ,False,NEUTRAL,0,0.9,"The tweet mentions Bitcoin maximalism, but it does not mention ETH, Ethereum, or its ecosystem, and it gives no market-relevant information for ETH.",ETH,vitalikbuterin,Vitalik Buterin,2020-08-08T21:58:14Z
ETH,data/ETH influencer tweets.csv,347,1292260881040986113,https://x.com/vitalikbuterin/status/1292260881040986113,@VladZamfir Surely you mean an Ethereum Forked maximalist? Ethereum is only worth a few dollars these days.,True,SELL,5,0.9,"The tweet is directly related to ETH and describes it as 'worth a few dollars these days', which is a clear bearish factor.",ETH,vitalikbuterin,Vitalik Buterin,2020-08-09T00:46:17Z
ETH,data/ETH influencer tweets.csv,348,1292963203530362881,https://x.com/vitalikbuterin/status/1292963203530362881,"@AlexSaundersAU @RaoulGMI @RealVision @AshBennington @hudsonjameson @TrustlessState @kaiynne @pbrody @NuggetsNewsAU @ethereum @BlockGeekDima I was honestly not aware you were trying to reach out to me! Whatever channel you used, I do get lots of messages so very often things slip past me just by random chance.",False,NEUTRAL,0,1.0,The tweet mentions the Ethereum address of 'ethereum' but it is a generic mention and lacks enough visible context to determine a short-term ETH price direction.,ETH,vitalikbuterin,Vitalik Buterin,2020-08-10T23:17:04Z
ETH,data/ETH influencer tweets.csv,349,1293315354131705857,https://x.com/vitalikbuterin/status/1293315354131705857,@Hodl_Lambo @ErikVoorhees @danheld @Kizami_Z Hi @ErikVoorhees I think it's totally cool if you like bitcoin as well as ethereum,True,NEUTRAL,2,0.6,"The tweet is directly related to ETH and Vitalik Buterin, the founder of Ethereum, mentions it in a neutral context.",ETH,vitalikbuterin,Vitalik Buterin,2020-08-11T22:36:23Z
ETH,data/ETH influencer tweets.csv,350,1293317390613110785,https://x.com/vitalikbuterin/status/1293317390613110785,Support Ethereum ecosystem client diversity!  Consider running:  * Nethermind  https://t.co/8A3bkliGAy or Besu  https://t.co/RNPpIXrVX3 for an ethereum mainnet node  * Nimbus  https://t.co/8LWdsGEuKi or Teku  https://t.co/mXUWTxKlPu if you're on the eth2 Medalla testnet,True,NEUTRAL,3,0.7,The tweet is directly related to ETH as it mentions Ethereum ecosystem client diversity and provides information about various Ethereum clients.,ETH,vitalikbuterin,Vitalik Buterin,2020-08-11T22:44:29Z
ETH,data/ETH influencer tweets.csv,351,1294183084640759815,https://x.com/vitalikbuterin/status/1294183084640759815,"Reminder: you do NOT have to participate in ""the latest hot defi thing"" to be in ethereum. In fact, unless you *really* understand what's going on, it's likely best to sit out or participate only with very small amounts.  There are many other kinds of ETH dapps, explore them!",True,NEUTRAL,4,0.8,"The tweet is directly related to ETH and advises users not to participate in 'the latest hot defi thing' unless they fully understand it, promoting exploration of other ETH dapps.",ETH,vitalikbuterin,Vitalik Buterin,2020-08-14T08:04:26Z
ETH,data/ETH influencer tweets.csv,352,1294461236680130560,https://x.com/vitalikbuterin/status/1294461236680130560,"An article I wrote in 2017: Engineering Security Through Coordination Problems   https://t.co/dKve547Yof  This is a big part of my viewpoint for why full nodes and verification are important, though the arguments are quite different than what you often hear from eg. the BTC camp.  https://t.co/fZwiO8vftT",True,NEUTRAL,2,0.5,"The tweet is related to Ethereum, but it mentions an old article and does not provide clear short-term price direction.",ETH,vitalikbuterin,Vitalik Buterin,2020-08-15T02:29:43Z
ETH,data/ETH influencer tweets.csv,353,1294740442370564096,https://x.com/vitalikbuterin/status/1294740442370564096,"It's interesting how in the last few weeks I've argued with both pro-BTC *and* anti-BTC people who think BTC will utterly cripple nation state funding (pro-BTC ppl wanting to defund the militaries), while I disagree with both: I just don't think it will have that kind of effect.",False,NEUTRAL,0,0.9,"The tweet mentions BTC and discusses its potential effect on nation state funding, but it does not provide any clear market-relevant information or direction for ETH.",ETH,vitalikbuterin,Vitalik Buterin,2020-08-15T20:59:11Z
ETH,data/ETH influencer tweets.csv,354,1295164286054981632,https://x.com/vitalikbuterin/status/1295164286054981632,@JackMallers @PeterMcCormack @Excellion @SEC_Enforcement Hmm. I want to try my best to improve ethereum and do better. Is there any specific thing that you found ridiculous and absurd that you'd be willing to share?,False,NEUTRAL,0,1.0,The tweet asks for feedback on improving Ethereum and does not provide any market-relevant information or context that would affect the short-term price direction of ETH.,ETH,vitalikbuterin,Vitalik Buterin,2020-08-17T01:03:23Z
ETH,data/ETH influencer tweets.csv,355,1295225641713901570,https://x.com/vitalikbuterin/status/1295225641713901570,"I would actually love to have a more technical discussion with bitcoin people around things like parallelizability, execution vs dependency checking, fast syncing, MEV, gas schedules, stateless clients/utreexo etc etc at some point. Soooo much there to discuss.",False,NEUTRAL,0,0.8,"The tweet does not mention ETH, Ethereum, or its ecosystem directly and gives no clear market-relevant information for a short-term price direction.",ETH,vitalikbuterin,Vitalik Buterin,2020-08-17T05:07:11Z
ETH,data/ETH influencer tweets.csv,356,1295252403558559746,https://x.com/vitalikbuterin/status/1295252403558559746,I continue to be worried about the fact that these wrapped BTC bridges are trusted.....  I hope that they can all *at least* move to a decently sized multisig,False,NEUTRAL,0,1.0,The tweet is unrelated to ETH and does not mention Ethereum or its ecosystem.,ETH,vitalikbuterin,Vitalik Buterin,2020-08-17T06:53:32Z
ETH,data/ETH influencer tweets.csv,357,1295902695899795456,https://x.com/vitalikbuterin/status/1295902695899795456,"@_prestwich @antiprosynth @paddypisa @josephjpeters &gt; ""It's ok to lock user funds for weeks or months""  Meanwhile, in the bitcoin lightning network, your counterparty (a SINGLE party) can force your funds to be locked away for a long duration.",False,NEUTRAL,0,0.8,"The tweet mentions a comparison with the Bitcoin Lightning Network, but it does not provide clear market-relevant information about Ethereum (ETH).",ETH,vitalikbuterin,Vitalik Buterin,2020-08-19T01:57:34Z
ETH,data/ETH influencer tweets.csv,358,1295905344812539904,https://x.com/vitalikbuterin/status/1295905344812539904,"@_prestwich @antiprosynth @paddypisa @josephjpeters One of the main flaws of bitcoin maximalism is binary thinking. Either you can do everything yourself, or there is ""trust"", and any degree of trust is baaaaasically like trusting infura.",False,NEUTRAL,0,0.5,"The tweet mentions Bitcoin maximalism and trust in Infura, but it does not provide clear information about the Ethereum market direction.",ETH,vitalikbuterin,Vitalik Buterin,2020-08-19T02:08:05Z
ETH,data/ETH influencer tweets.csv,359,1299892964160749570,https://x.com/vitalikbuterin/status/1299892964160749570,"I actually really love this visualization of ethereum:   https://t.co/ZgBFRPJcds  Both because it's memorizing, but also because there's something poignant about the metaphor of ethereum as a city.",True,BUY,4,0.8,The tweet is directly related to ETH and Vitalik Buterin's positive comment on the Ethereum visualization may increase short-term buying interest.,ETH,vitalikbuterin,Vitalik Buterin,2020-08-30T02:13:28Z
ETH,data/ETH influencer tweets.csv,360,1303397661811322882,https://x.com/ethdotorg/status/1303397661811322882,"Have you written an Ethereum dev tutorial? Something on smart contracts, clients or anything else a builder would benefit from? Send it over if you’d like it on  https://t.co/FVvSiRzgE4 — we’re working on something new and would 💓 to show off as many community tutorials as we can",True,NEUTRAL,2,0.4,The tweet is related to Ethereum (ETH) as it mentions the official Ethereum website and invites contributors to submit tutorials for a new project.,ETH,ethdotorg,ethereum.org,2020-09-08T18:19:53Z
ETH,data/ETH influencer tweets.csv,361,1305117580550520834,https://x.com/vitalikbuterin/status/1305117580550520834,Let me try a correlation poll.  1. Do you hold any BTC? (Y/N) 2. Do the ideas that I promote and seem to hold tend to be more capitalist (C) or socialist (S)?,False,NEUTRAL,0,0.8,"The tweet is unrelated to ETH, as it asks for correlation poll on BTC and ideology.",ETH,vitalikbuterin,Vitalik Buterin,2020-09-13T12:14:13Z
ETH,data/ETH influencer tweets.csv,362,1306804161221074946,https://x.com/vitalikbuterin/status/1306804161221074946,Amazing to see so many projects in the defi family proactively contributing to support public goods in the Ethereum ecosystem.  Hope that the support continues in future rounds!,True,NEUTRAL,4,0.7,"The tweet mentions Ethereum and its ecosystem, but it doesn't contain clear bullish or bearish information for the short-term market direction.",ETH,vitalikbuterin,Vitalik Buterin,2020-09-18T03:56:05Z
ETH,data/ETH influencer tweets.csv,363,1308775512651726851,https://x.com/ethereum/status/1308775512651726851,"Looking to learn all about EIP-1559, a proposed change to Ethereum's fee market? For an overview, a status update and more on next steps, @TimBeiko's new blog series is worth a read.",True,NEUTRAL,2,0.6,"The tweet mentions EIP-1559, a proposed change to Ethereum's fee market, which may be of interest to ETH holders, but it does not provide clear information on the price direction.",ETH,ethereum,Ethereum official,2020-09-23T14:29:32Z
ETH,data/ETH influencer tweets.csv,364,1309078385369460741,https://x.com/vitalikbuterin/status/1309078385369460741,Honestly prediction markets may be the one of the most underrated categories of ethereum dapps right now. Omen and Augur v2 are both running and have active markets with pretty decent liquidity; go ahead and try them!   https://t.co/BKp28ujJyG  https://t.co/DGaNisQQhR,True,BUY,3,0.7,"The tweet is directly related to ETH and mentions prediction markets, which are a subset of Ethereum dapps.",ETH,vitalikbuterin,Vitalik Buterin,2020-09-24T10:33:03Z
ETH,data/ETH influencer tweets.csv,365,1311157303588970497,https://x.com/vitalikbuterin/status/1311157303588970497,Amazing long read (exposé of the inner workings of post-takeover BitTorrent + Tron),False,NEUTRAL,0,0.9,"The tweet mentions BitTorrent and Tron, but it does not mention ETH directly or provide market-relevant information for its price direction.",ETH,vitalikbuterin,Vitalik Buterin,2020-09-30T04:13:55Z
ETH,data/ETH influencer tweets.csv,366,1311172292160843787,https://x.com/vitalikbuterin/status/1311172292160843787,"That was the worst thing I've ever seen, and I wrote ethereum's hexary RLP-encoded patricia tree specification.",True,NEUTRAL,2,0.4,"The tweet mentions Ethereum in a negative context, but it is not clear if this will have a short-term effect on the price.",ETH,vitalikbuterin,Vitalik Buterin,2020-09-30T05:13:29Z
ETH,data/ETH influencer tweets.csv,367,1311490598445019137,https://x.com/vitalikbuterin/status/1311490598445019137,"More people should support ethereum for payments. The nice thing about supporting ethereum is that you're not just accepting ETH, you also get support for MKR, UNI, WBTC, and every stablecoin for free. And there's already like three working layer-2 scaling solutions on mainnet.",True,BUY,4,0.8,"The tweet is directly related to ETH and promotes it as a payment option with additional benefits, which are clear bullish factors.",ETH,vitalikbuterin,Vitalik Buterin,2020-10-01T02:18:19Z
ETH,data/ETH influencer tweets.csv,368,1311921668005060608,https://x.com/vitalikbuterin/status/1311921668005060608,A rollup-centric ethereum roadmap:   https://t.co/11vxsD0XsJ,True,BUY,4,0.8,"The tweet is directly related to ETH and a rollup-centric roadmap may indicate potential growth, development, or future price increase for Ethereum.",ETH,vitalikbuterin,Vitalik Buterin,2020-10-02T06:51:14Z
ETH,data/ETH influencer tweets.csv,369,1312013636529946625,https://x.com/ethereum/status/1312013636529946625,That's TODAY! Head over to  https://t.co/YrOHOmkMK6 and sign up. :),True,NEUTRAL,0,0.4,The tweet mentions Ethereum but lacks enough visible context to determine a short-term ETH price direction.,ETH,ethereum,Ethereum official,2020-10-02T12:56:41Z
ETH,data/ETH influencer tweets.csv,370,1312074997381373952,https://x.com/ethereum/status/1312074997381373952,*it's happening*,False,NEUTRAL,0,1.0,The tweet is a vague statement with no visible context to determine a short-term ETH price direction.,ETH,ethereum,Ethereum official,2020-10-02T17:00:31Z
ETH,data/ETH influencer tweets.csv,371,1312318724020428802,https://x.com/vitalikbuterin/status/1312318724020428802,"@knutsvanholm Hmm, that was back in 2013, I kinda forgot whether or not stealing everyone's bitcoin was my sole intention in starting ethereum.  @mattleising @CamiRusso you recently wrote books about this, any chance either of you remember?",False,NEUTRAL,0,0.8,"The tweet mentions Ethereum but the context is about Vitalik Buterin's intentions when starting Ethereum, which does not provide a clear short-term price direction.",ETH,vitalikbuterin,Vitalik Buterin,2020-10-03T09:09:00Z
ETH,data/ETH influencer tweets.csv,372,1312383651078782977,https://x.com/vitalikbuterin/status/1312383651078782977,"Has anyone else ever accidentally used ""sanc"" as a past tense of ""sync""?  ""I just sanc an ethereum node from scratch in 12 hours""",True,BUY,4,0.8,"The tweet is directly related to ETH and a well-known developer, Vitalik Buterin, mentioning Ethereum in the context of development.",ETH,vitalikbuterin,Vitalik Buterin,2020-10-03T13:26:59Z
ETH,data/ETH influencer tweets.csv,373,1312905882330521600,https://x.com/vitalikbuterin/status/1312905882330521600,"A quick recap of the short and medium term of Ethereum scaling.  TLDR:  1. Ultra-high scaling with sharding + rollups will be possible *in phase 1* 2. Sharding is NOT ""cancelled"" 3. Get on a rollup asap; you get 100x scaling even without eth2  https://t.co/fXW0Q3iAxu",True,NEUTRAL,3,0.7,"The tweet is directly related to ETH and discusses Ethereum scaling, but it does not contain clear bullish or bearish information for the short-term market direction.",ETH,vitalikbuterin,Vitalik Buterin,2020-10-05T00:02:09Z
ETH,data/ETH influencer tweets.csv,374,1313987999898595328,https://x.com/timbeiko/status/1313987999898595328,"Over the past couple weeks, the @EthCatHerders have been doing community outreach for EIP-1559 🔥  We got feedback from 25 projects on Ethereum and just put out a report summarizing it all 😺:  https://t.co/7ehV7MVnMO",True,NEUTRAL,1,0.5,"The tweet mentions the @EthCatHerders and EIP-1559, which is related to Ethereum (ETH), but it does not contain clear bullish or bearish information for ETH within a short-term market reaction window.",ETH,timbeiko,Tim Beiko,2020-10-07T23:42:06Z
ETH,data/ETH influencer tweets.csv,375,1314075873302069249,https://x.com/vitalikbuterin/status/1314075873302069249,Great work from Guillaume Ballet on moving ethereum to binary tries!   https://t.co/lwk3o5mPyK,True,BUY,4,0.9,"The tweet is directly related to ETH and Guillaume Ballet's work on moving Ethereum to binary tries may be a positive development, especially since it comes from an influential account.",ETH,vitalikbuterin,Vitalik Buterin,2020-10-08T05:31:17Z
ETH,data/ETH influencer tweets.csv,376,1318491818909003779,https://x.com/vitalikbuterin/status/1318491818909003779,"Bitcoin is 'Worse is Better' by @gwern:   https://t.co/KX98UkXPm3  The appropriate sequel for 2020 may well be ""automated market makers like @UniswapProtocol are Worse is Better"".  https://t.co/EB6zNGjowg",True,NEUTRAL,3,0.6,"The tweet mentions Ethereum indirectly and the author is @vitalikbuterin, a well-known figure in the Ethereum ecosystem.",ETH,vitalikbuterin,Vitalik Buterin,2020-10-20T09:58:40Z
ETH,data/ETH influencer tweets.csv,377,1318898980026118145,https://x.com/vitalikbuterin/status/1318898980026118145,"PayPal customers will be able to use BTC, ETH and other cryptos to pay merchants.   https://t.co/6qhkVuEyF4  Welcome to the @ethereum ecosystem, @PayPal!",True,BUY,5,1.0,"The tweet directly mentions Ethereum (ETH) and its ecosystem, and the news of PayPal customers being able to use BTC, ETH, and other cryptos to pay merchants is a clear positive factor for ETH.",ETH,vitalikbuterin,Vitalik Buterin,2020-10-21T12:56:35Z
ETH,data/ETH influencer tweets.csv,378,1318940081869131776,https://x.com/vitalikbuterin/status/1318940081869131776,"In plain language everyone can hopefully understand:  In 2020, continuing to refer to ethereum as an ""alt"" is as outdated as referring to a lambo as a ""horseless carriage"".",True,BUY,4,0.8,"The tweet is directly related to ETH and refers to it as a major blockchain, implying growth and increasing relevance.",ETH,vitalikbuterin,Vitalik Buterin,2020-10-21T15:39:54Z
ETH,data/ETH influencer tweets.csv,379,1319189097718558725,https://x.com/vitalikbuterin/status/1319189097718558725,"Considerations on using Kate commitments to commit to ethereum contract code to reduce witness sizes:   https://t.co/wldkVFvtsL  Note that the ""accelerated data-availability-focused phase 1"" plan also uses Kate commitments.",True,BUY,4,0.9,"The tweet is directly related to ETH and mentions a potential improvement in the Ethereum ecosystem with Kate commitments, which may be positive for ETH price.",ETH,vitalikbuterin,Vitalik Buterin,2020-10-22T08:09:24Z
ETH,data/ETH influencer tweets.csv,380,1320770975500304386,https://x.com/ethdotorg/status/1320770975500304386,"Want to learn more about the tech behind Ethereum? Or want to share your wisdom with the next generation of builders? Check out our new developer portal, complete with docs, tutorials, and more! Here's a little about what's included and why we built it...  https://t.co/aEtgXGvF5e",True,NEUTRAL,2,0.5,"The tweet is related to Ethereum and its developer portal, but it does not provide clear information about a short-term price direction.",ETH,ethdotorg,ethereum.org,2020-10-26T16:55:13Z
ETH,data/ETH influencer tweets.csv,381,1323830506534825984,https://x.com/vitalikbuterin/status/1323830506534825984,"Trying out @PolymarketHQ now. It's unique in that it lives directly on @maticnetwork, an ethereum sidechain, and its UI is optimized for attracting users from outside crypto: it has a ""buy USDC with a credit card"" interface, and it uses the  https://t.co/oZaKeSWdlJ login service",False,NEUTRAL,0,0.9,"The tweet mentions @maticnetwork and an ethereum sidechain, but it does not provide clear information about ETH market direction.",ETH,vitalikbuterin,Vitalik Buterin,2020-11-04T03:32:42Z
ETH,data/ETH influencer tweets.csv,382,1324087600349696002,https://x.com/ethereum/status/1324087600349696002,"An essential piece of #Ethereum’s Serenity upgrade, the Beacon Chain’s deposit contract, is live. This begins a transition to #Eth2.  @EthDotOrg Guide:  https://t.co/PkKwLnXKS4 Launchpad:  https://t.co/CFgFwAs46f Deposit Contract Address: 0x00000000219ab540356cBB839Cbe05303d7705Fa",True,BUY,5,0.9,"The tweet is directly related to ETH and describes a major upgrade, the Beacon Chain's deposit contract, which begins a transition to Eth2. This is clear bullish information for ETH.",ETH,ethereum,Ethereum official,2020-11-04T20:34:18Z
ETH,data/ETH influencer tweets.csv,383,1326178888024776704,https://x.com/ethdotorg/status/1326178888024776704,So it's seeing those deposits roll in that makes doge so happy...  https://t.co/xsqNdIAwc4,False,NEUTRAL,0,0.8,The tweet mentions 'doge' but it's unclear what the context is or how it relates to ETH.,ETH,ethdotorg,ethereum.org,2020-11-10T15:04:20Z
ETH,data/ETH influencer tweets.csv,384,1327958544218427393,https://x.com/vitalikbuterin/status/1327958544218427393,@PeterMcCormack You don't have to stay silent. Just keep being you.  Consider also that you're probably helping make Bitcoin more palatable to people who think Trump is crazy.,False,NEUTRAL,0,0.8,"The tweet does not mention ETH, Ethereum, or its ecosystem, and it gives no market-relevant information for ETH.",ETH,vitalikbuterin,Vitalik Buterin,2020-11-15T12:56:03Z
ETH,data/ETH influencer tweets.csv,385,1328680855393353728,https://x.com/vitalikbuterin/status/1328680855393353728,"@cryptonews @novogratz @ethereum It was the Ethereum Foundation, not me as an individual!  I'm grateful to @novogratz and other early purchasers of the EF's ETH. If it weren't for them, perhaps the EF would not have survived financially and ethereum would have had a harder time growing to where it is today!",True,NEUTRAL,2,0.6,"The tweet mentions the Ethereum Foundation and ETH, but it's a statement of gratitude and doesn't provide clear short-term price direction.",ETH,vitalikbuterin,Vitalik Buterin,2020-11-17T12:46:16Z
ETH,data/ETH influencer tweets.csv,386,1328742903557087233,https://x.com/ethereum/status/1328742903557087233,"Less than 24 hours until a special #Eth2 Genesis Edition of the EF Eth 2.0 Research team's AMA series.  The AMA begins at 1PM UTC (8AM ET / 2PM CET) on 18 Nov, but your Genesis questions can be posted ahead of time here:   https://t.co/EJ9Gx6oEeX",True,NEUTRAL,2,0.5,"The tweet mentions Eth2 Genesis Edition and the EF Eth 2.0 Research team's AMA series, but it lacks clear bullish or bearish information for ETH.",ETH,ethereum,Ethereum official,2020-11-17T16:52:49Z
ETH,data/ETH influencer tweets.csv,387,1329044095155789826,https://x.com/ethereum/status/1329044095155789826,Eth2 AMA in 10 minutes over on r/ethereum:    https://t.co/EJ9Gx6oEeX,True,NEUTRAL,1,0.4,"The tweet is related to ETH and mentions an AMA, but it lacks enough visible context to determine a short-term ETH price direction.",ETH,ethereum,Ethereum official,2020-11-18T12:49:39Z
ETH,data/ETH influencer tweets.csv,388,1330355474672267265,https://x.com/vitalikbuterin/status/1330355474672267265,@PrestonPysh @tim1546 @adam3us @Excellion The point of the node is verifying that the blocks actually update the state according to the state transition function. Ethereum full nodes do in fact do this.,True,NEUTRAL,2,0.6,"The tweet mentions Ethereum and a point about node verification, but it lacks clear context for short-term price direction.",ETH,vitalikbuterin,Vitalik Buterin,2020-11-22T03:40:36Z
ETH,data/ETH influencer tweets.csv,389,1330355762430820352,https://x.com/vitalikbuterin/status/1330355762430820352,@PrestonPysh @tim1546 @adam3us @Excellion Total supply is only one of many possible statistics that you could calculate; should I start saying that Bitcoin full nodes are worthless because they do not help you compute the Gini coefficient?,False,NEUTRAL,0,0.8,"The tweet mentions the Gini coefficient, which is a statistical concept, but does not directly relate to Ethereum (ETH) or its market direction.",ETH,vitalikbuterin,Vitalik Buterin,2020-11-22T03:41:45Z
ETH,data/ETH influencer tweets.csv,390,1330403226101841920,https://x.com/vitalikbuterin/status/1330403226101841920,"@Excellion Dude, you're literally part of a company that created a proprietary consortium chain for people to stick their tokens onto that only needs to exist because BTC (and even trustless L2s on top of it) don't have the scalability or functionality to do so natively.",True,NEUTRAL,3,0.6,"The tweet mentions ETH and criticizes a proprietary consortium chain, implying that ETH has scalability or functionality advantages over BTC (L2s). However, the tone is somewhat vague and sarcastic, making it difficult to determine the short-term price direction.",ETH,vitalikbuterin,Vitalik Buterin,2020-11-22T06:50:21Z
ETH,data/ETH influencer tweets.csv,391,1331443970971353090,https://x.com/vitalikbuterin/status/1331443970971353090,"@gladstein @deeeedle @lopp @twobitidiot @HRF I would say it's more like ""why do Bitcoin's unique features matter given that any wide adoption scenario will lead to base chain fees pricing out most of those users and it's proving hard to extend those features to the L2s intended to circumvent those limitations?""",False,NEUTRAL,0,0.8,"The tweet is a discussion between Vitalik Buterin and other influencers, but it does not provide clear information about Ethereum or its market direction.",ETH,vitalikbuterin,Vitalik Buterin,2020-11-25T03:45:54Z
ETH,data/ETH influencer tweets.csv,392,1331444354636869634,https://x.com/vitalikbuterin/status/1331444354636869634,"@gladstein @deeeedle @lopp @twobitidiot @HRF Also there is a systemic concern: if the bulk of BTC economic activity is institutional then those institutions may well become a de facto governance layer and could be co-opted by nation state actors. Dissenters could fork off, but keep what percent of the value of their assets?",False,NEUTRAL,0,0.9,"The tweet mentions BTC and its ecosystem, but the conversation is about a systemic concern related to BTC's governance layer and does not provide any clear market-relevant information for ETH.",ETH,vitalikbuterin,Vitalik Buterin,2020-11-25T03:47:25Z
ETH,data/ETH influencer tweets.csv,393,1331481962276524040,https://x.com/vitalikbuterin/status/1331481962276524040,"One of the weirdest anti-ethereum arguments I see is ""Vitalik said high fees are bad but look how high ETH fees went in 2020!!!""  Like.. we have *multiple* massive multi-year efforts to solve that exact problem, and the first phase of one of them is literally launching next week.",True,BUY,4,0.8,The tweet is directly related to ETH and Vitalik Buterin's statement about the progress on solving high fees is a clear bullish factor.,ETH,vitalikbuterin,Vitalik Buterin,2020-11-25T06:16:52Z
ETH,data/ETH influencer tweets.csv,394,1332463791951413249,https://x.com/vitalikbuterin/status/1332463791951413249,@cz_binance Bitcoin is cool!,False,NEUTRAL,0,0.8,"The tweet does not mention ETH, Ethereum, or its ecosystem, and it gives no market-relevant information for ETH.",ETH,vitalikbuterin,Vitalik Buterin,2020-11-27T23:18:18Z
ETH,data/ETH influencer tweets.csv,395,1333218726070534145,https://x.com/vitalikbuterin/status/1333218726070534145,@hasufl @raulitojordan The work gone into building phase 0 itself is much greater than the work needed to integrate the ethereum execution engine into it. So it already brings us quite close to moving eth1 to proof of stake. Sharding is also increasingly simple with the rollup-centric approach.,True,BUY,5,0.9,"The tweet is directly related to ETH and describes the progress towards moving eth1 to proof of stake, which are clear bullish factors.",ETH,vitalikbuterin,Vitalik Buterin,2020-11-30T01:18:08Z
ETH,data/ETH influencer tweets.csv,396,1333233401835360257,https://x.com/vitalikbuterin/status/1333233401835360257,"@jimjoe_1997 @hasufl @raulitojordan Ethereum's PoS had much stronger properties than most existing schemes. The complexity goes up a bit further because it's been designed to be ""ready to be plugged into sharding"" (ie. a lot of work that's *really* sharding work is already done)",True,NEUTRAL,2,0.5,"The tweet mentions Ethereum's PoS, which is a topic relevant to the ETH market. However, it doesn't contain clear bullish or bearish information for a short-term market reaction.",ETH,vitalikbuterin,Vitalik Buterin,2020-11-30T02:16:27Z
ETH,data/ETH influencer tweets.csv,397,1333349737097879552,https://x.com/vitalikbuterin/status/1333349737097879552,"Is it necessarily a bad thing if a protocol optimizes a little bit for being theatrical?  (Thinking about Bitcoin's sudden halvings every 4 years, as opposed to the smooth exponential decay curve that a mathematician would have made)",False,NEUTRAL,0,1.0,"The tweet mentions Bitcoin's halvings, but it does not directly relate to ETH or its market direction.",ETH,vitalikbuterin,Vitalik Buterin,2020-11-30T09:58:44Z
ETH,data/ETH influencer tweets.csv,398,1333743998637400073,https://x.com/ethereum/status/1333743998637400073,"Genesis, again. #eth2    https://t.co/teiIbNy0oO",True,BUY,3,0.7,The tweet is directly related to ETH and mentions #eth2 which refers to the Ethereum 2.0 upgrade. This could be seen as a positive development for the network.,ETH,ethereum,Ethereum official,2020-12-01T12:05:23Z
ETH,data/ETH influencer tweets.csv,399,1333744735735795712,https://x.com/vitalikbuterin/status/1333744735735795712,"Normal people: we should really put something profound in the first block of the ethereum PoS chain, something about giant leaps for mankind or whatever.  Ethereum community:  https://t.co/cOu94fUPE9",True,NEUTRAL,2,0.5,"The tweet is related to ETH, but the mention of putting something profound in the first block of the Ethereum PoS chain is vague and does not provide clear short-term price direction.",ETH,vitalikbuterin,Vitalik Buterin,2020-12-01T12:08:19Z
ETH,data/ETH influencer tweets.csv,400,1333922625194663937,https://x.com/vitalikbuterin/status/1333922625194663937,"Oh, and @algo_class just published his long-awaited EIP 1559 review! Let's work hard and get this important economic upgrade into ethereum soon.   https://t.co/36bVGSVhDM",True,BUY,4,0.8,"The tweet is related to Ethereum (ETH) and mentions an important economic upgrade (EIP 1559), which may increase demand for ETH.",ETH,vitalikbuterin,Vitalik Buterin,2020-12-01T23:55:11Z
ETH,data/ETH influencer tweets.csv,401,1335729572633923584,https://x.com/vitalikbuterin/status/1335729572633923584,1% of all ETH is now in the deposit contract!  Updated stats; the decentralization numbers are a bit worse than last time but only because they now properly treat Bitcoin Suisse with their multiple addresses as a single unit. Still doing far better than I expected!  https://t.co/B0ck5YGTUk,True,NEUTRAL,2,0.5,"The tweet is directly related to ETH, but it provides updated stats and a comparison with Bitcoin Suisse, which is not a clear bullish or bearish factor.",ETH,vitalikbuterin,Vitalik Buterin,2020-12-06T23:35:21Z
ETH,data/ETH influencer tweets.csv,402,1336747250454835211,https://x.com/ethereum/status/1336747250454835211,"While #eth2 has been on our minds, incredible progress has been made in recent months by all EF-supported teams. We might’ve missed quite a bit from each other while apart this year, so we’re excited to share a *long* report detailing their updates today.   https://t.co/Epb65FhFb3",True,NEUTRAL,1,0.6,"The tweet mentions #eth2 and Ethereum, but the context is about progress updates and a report, which may not directly affect ETH price in the short term.",ETH,ethereum,Ethereum official,2020-12-09T18:59:14Z
ETH,data/ETH influencer tweets.csv,403,1338385950305624064,https://x.com/vitalikbuterin/status/1338385950305624064,I can barely read what the bitcoin maximalists are saying about me on twitter because so many of them have just blocked me without provocation😢. The cancel culture is out of control on this website.  https://t.co/3KNfemsi29,False,NEUTRAL,0,0.9,"The tweet does not mention ETH, Ethereum, or its ecosystem, and it gives no market-relevant information for ETH.",ETH,vitalikbuterin,Vitalik Buterin,2020-12-14T07:30:51Z
ETH,data/ETH influencer tweets.csv,404,1338387446690549760,https://x.com/vitalikbuterin/status/1338387446690549760,Please don't do things like this. I would NEVER recommend anyone take out a personal loan to buy ETH or other ethereum assets.  https://t.co/zCbbtUlvtQ,True,SELL,5,0.9,"The tweet is directly related to ETH and advises against taking out personal loans to buy ETH or other Ethereum assets, which are clear bearish factors.",ETH,vitalikbuterin,Vitalik Buterin,2020-12-14T07:36:47Z
ETH,data/ETH influencer tweets.csv,405,1338391068073578497,https://x.com/vitalikbuterin/status/1338391068073578497,@harrycanuck Isn't the microstrategy thing just them trying to turn their company into a de-facto bitcoin ETF for regulatory arbitrage purposes?,False,NEUTRAL,0,0.8,The tweet mentions MicroStrategy's Bitcoin ETF but does not provide any information about ETH or its market direction.,ETH,vitalikbuterin,Vitalik Buterin,2020-12-14T07:51:11Z
ETH,data/ETH influencer tweets.csv,406,1338394465954754560,https://x.com/vitalikbuterin/status/1338394465954754560,"@BitcoinMoon11 7 years ago, before ethereum even began, I had only a few thousand dollars of net worth. I nevertheless sold half my bitcoin to make sure that I would not be broke if BTC went to zero.",False,NEUTRAL,0,0.9,"The tweet does not mention ETH or its ecosystem, and it gives no market-relevant information for ETH.",ETH,vitalikbuterin,Vitalik Buterin,2020-12-14T08:04:41Z
ETH,data/ETH influencer tweets.csv,407,1341219519545556992,https://x.com/vitalikbuterin/status/1341219519545556992,"Looks like the Ripple/XRP team is sinking to new levels of strangeness. They're claiming that their shitcoin should not be called a security for *public policy reasons*, namely because Bitcoin and Ethereum are ""Chinese-controlled"". 😂😂   https://t.co/ts02JqrTrB  https://t.co/mKwEzGIetk",False,NEUTRAL,0,0.9,The tweet is unrelated to ETH and does not provide any market-relevant information for the Coin.,ETH,vitalikbuterin,Vitalik Buterin,2020-12-22T03:10:26Z
ETH,data/ETH influencer tweets.csv,408,1343690455435730945,https://x.com/vitalikbuterin/status/1343690455435730945,"A much more detailed explanation of my data-availability-based proposal for adding sharding to the ethereum PoS chain.   https://t.co/laVMhX1QnL  See also, the github spec PR:   https://t.co/1xCPaeOCK3",True,NEUTRAL,3,0.7,"The tweet is directly related to ETH, but the explanation of the proposal and links do not contain clear short-term market direction.",ETH,vitalikbuterin,Vitalik Buterin,2020-12-28T22:49:03Z
ETH,data/ETH influencer tweets.csv,409,1345792702340767745,https://x.com/timbeiko/status/1345792702340767745,"100% agreed, and EIP-1559 is the bit that's missing to create a positive feedback loop between the ""Ethereum Economy"" and ETH 🔥",True,BUY,4,0.8,"The tweet is directly related to ETH and mentions EIP-1559, which may be a positive development for the Ethereum ecosystem.",ETH,timbeiko,Tim Beiko,2021-01-03T18:02:38Z
ETH,data/ETH influencer tweets.csv,410,1351537338137112579,https://x.com/ethereum/status/1351537338137112579,"Now this is something that we can all get behind. Stay safe out there, thanks @ethdotorg team!",True,NEUTRAL,1,0.5,"The tweet mentions @ethdotorg team, which is related to ETH ecosystem but the message itself does not provide clear short-term market direction.",ETH,ethereum,Ethereum official,2021-01-19T14:29:46Z
ETH,data/ETH influencer tweets.csv,411,1351931001535135744,https://x.com/ethereum/status/1351931001535135744,"It's a new year, and a new day.   Get some new perspective from @dannyryan on the state of #eth2 in today's update.   Available in English and Mandarin (thanks @ETHPlanet!)   https://t.co/fjWD5vt98G",True,NEUTRAL,2,0.5,"The tweet mentions #eth2 and provides a link to an update, but the content is not clearly visible from the text alone, so we cannot determine if it's bullish or bearish.",ETH,ethereum,Ethereum official,2021-01-20T16:34:03Z
ETH,data/ETH influencer tweets.csv,412,1356177116744839169,https://x.com/vitalikbuterin/status/1356177116744839169,I sent some!  https://t.co/mfYrz35zjF  You should too! GiveDirectly is doing great work in distributing funds directly to the world's poorest.  They take crypto:  https://t.co/AdcMVRNmyx (they don't yet take DOGE directly but maybe that can change☺️☺️),False,NEUTRAL,0,0.8,"The tweet does not mention ETH, Ethereum, or its ecosystem in a market-relevant way.",ETH,vitalikbuterin,Vitalik Buterin,2021-02-01T09:46:35Z
ETH,data/ETH influencer tweets.csv,413,1361361530969858048,https://x.com/vitalikbuterin/status/1361361530969858048,"A doc detailing a proposal for the first hard fork (tentatively named ""HF1"", better name pending) of the Ethereum beacon chain. Adds light client support, simplifies the spec, improves efficiency and introduces a less punitive inactivity leak mechanism.   https://t.co/lICffChJsG",True,BUY,4,0.9,"The tweet is directly related to ETH and describes a proposal for the first hard fork of the Ethereum beacon chain, which adds new features, improves efficiency, and introduces a less punitive inactivity leak mechanism.",ETH,vitalikbuterin,Vitalik Buterin,2021-02-15T17:07:36Z
ETH,data/ETH influencer tweets.csv,414,1362763004882817027,https://x.com/timbeiko/status/1362763004882817027,".@ethereum #AllCoreDevs starting in ~5 minutes.  We've changed how we track the agenda, you can now find it here, with separate issues for each discussion topic:  https://t.co/Hz0GDzqEJl  Stream:  https://t.co/bBiyIg9pus",True,NEUTRAL,1,0.4,"The tweet is related to Ethereum, but the content is about a meeting with software developers and doesn't provide clear market-relevant information for ETH.",ETH,timbeiko,Tim Beiko,2021-02-19T13:56:33Z
